# Blender 4.4.0
# www.blender.org
mtllib OverFont.mtl
o テキスト
v -22.611336 0.757992 -0.499998
v -22.631336 0.757992 -0.499998
v -22.743425 0.945984 -0.499998
v -22.854713 1.115260 -0.499998
v -22.965240 1.266273 -0.499998
v -23.075037 1.399473 -0.499998
v -23.184143 1.515312 -0.499998
v -23.292583 1.614242 -0.499998
v -23.400402 1.696713 -0.499998
v -23.507629 1.763177 -0.499998
v -23.614302 1.814086 -0.499998
v -23.720455 1.849890 -0.499998
v -23.826122 1.871042 -0.499998
v -23.931335 1.877992 -0.499998
v -24.020948 1.874445 -0.499998
v -24.109901 1.863779 -0.499998
v -24.198370 1.845961 -0.499998
v -24.286522 1.820955 -0.499998
v -24.374538 1.788727 -0.499998
v -24.462585 1.749242 -0.499998
v -24.550842 1.702465 -0.499998
v -24.639482 1.648362 -0.499998
v -24.728680 1.586898 -0.499998
v -24.818602 1.518038 -0.499998
v -24.909430 1.441748 -0.499998
v -25.001335 1.357992 -0.499998
v -24.531336 0.587992 -0.499998
v -24.462299 0.651268 -0.499998
v -24.390694 0.710863 -0.499998
v -24.317280 0.766430 -0.499998
v -24.242821 0.817622 -0.499998
v -24.168087 0.864092 -0.499998
v -24.093838 0.905492 -0.499998
v -24.020840 0.941476 -0.499998
v -23.949856 0.971696 -0.499998
v -23.881649 0.995805 -0.499998
v -23.816986 1.013455 -0.499998
v -23.756628 1.024300 -0.499998
v -23.701340 1.027992 -0.499998
v -23.551746 1.015544 -0.499998
v -23.408791 0.979242 -0.499998
v -23.273678 0.920648 -0.499998
v -23.147631 0.841325 -0.499998
v -23.031860 0.742836 -0.499998
v -22.927586 0.626742 -0.499998
v -22.836018 0.494606 -0.499998
v -22.758373 0.347992 -0.499998
v -22.695869 0.188461 -0.499998
v -22.649717 0.017575 -0.499998
v -22.621136 -0.163102 -0.499998
v -22.611336 -0.352008 -0.499998
v -22.611336 -2.702008 -0.499998
v -21.721334 -2.702008 -0.499998
v -21.721334 1.787992 -0.499998
v -22.611336 1.787992 -0.499998
v -20.487198 -2.348061 -0.499998
v -20.354027 -2.426267 -0.499998
v -20.220718 -2.496696 -0.499998
v -20.086155 -2.559416 -0.499998
v -19.949230 -2.614497 -0.499998
v -19.808836 -2.662008 -0.499998
v -19.663858 -2.702020 -0.499998
v -19.513187 -2.734601 -0.499998
v -19.355713 -2.759821 -0.499998
v -19.190319 -2.777749 -0.499998
v -19.015896 -2.788455 -0.499998
v -18.831337 -2.792008 -0.499998
v -18.494347 -2.768663 -0.499998
v -18.183744 -2.701082 -0.499998
v -17.900085 -2.592945 -0.499998
v -17.643929 -2.447934 -0.499998
v -17.415827 -2.269728 -0.499998
v -17.216335 -2.062008 -0.499998
v -17.046011 -1.828455 -0.499998
v -16.905407 -1.572749 -0.499998
v -16.795084 -1.298571 -0.499998
v -16.715593 -1.009601 -0.499998
v -16.667492 -0.709520 -0.499999
v -16.651335 -0.402008 -0.499999
v -16.668976 -0.071453 -0.499999
v -16.720781 0.239103 -0.499999
v -16.805086 0.527992 -0.499999
v -16.920225 0.793547 -0.499999
v -17.064531 1.034103 -0.499999
v -17.236338 1.247992 -0.499999
v -17.433977 1.433547 -0.499999
v -17.655783 1.589103 -0.499999
v -17.900087 1.712992 -0.499999
v -18.165226 1.803547 -0.499998
v -18.449532 1.859103 -0.499998
v -18.751335 1.877992 -0.499998
v -19.039684 1.861094 -0.499998
v -19.308971 1.810307 -0.499998
v -19.558052 1.725492 -0.499998
v -19.785782 1.606511 -0.499998
v -19.991007 1.453223 -0.499998
v -20.172586 1.265492 -0.499998
v -20.329376 1.043177 -0.499998
v -20.460224 0.786140 -0.499998
v -20.563993 0.494242 -0.499998
v -20.639534 0.167344 -0.499998
v -20.685696 -0.194693 -0.499998
v -20.701336 -0.592008 -0.499998
v -17.541336 -0.592008 -0.499998
v -17.584034 -0.805532 -0.499998
v -17.642076 -1.001036 -0.499998
v -17.715397 -1.178414 -0.499998
v -17.803926 -1.337564 -0.499998
v -17.907597 -1.478380 -0.499998
v -18.026333 -1.600758 -0.499998
v -18.160072 -1.704595 -0.499998
v -18.308739 -1.789786 -0.499998
v -18.472271 -1.856227 -0.499998
v -18.650593 -1.903814 -0.499998
v -18.843639 -1.932442 -0.499998
v -19.051338 -1.942008 -0.499998
v -19.185732 -1.937876 -0.499998
v -19.319019 -1.925619 -0.499998
v -19.451334 -1.905446 -0.499998
v -19.582815 -1.877564 -0.499998
v -19.713602 -1.842182 -0.499998
v -19.843836 -1.799508 -0.499998
v -19.973650 -1.749751 -0.499998
v -20.103188 -1.693119 -0.499998
v -20.232586 -1.629821 -0.499998
v -20.361986 -1.560064 -0.499998
v -20.491524 -1.484057 -0.499998
v -20.621338 -1.402008 -0.499998
v -20.621338 -2.262008 -0.499998
v -19.806395 0.162679 -0.499998
v -19.776882 0.316325 -0.499998
v -19.733204 0.458304 -0.499998
v -19.675774 0.587991 -0.499998
v -19.605011 0.704762 -0.499998
v -19.521332 0.807992 -0.499998
v -19.425154 0.897054 -0.499998
v -19.316891 0.971325 -0.499998
v -19.196960 1.030179 -0.499998
v -19.065781 1.072992 -0.499998
v -18.923767 1.099138 -0.499998
v -18.771336 1.107992 -0.499998
v -18.606968 1.099711 -0.499998
v -18.453924 1.075076 -0.499998
v -18.312271 1.034399 -0.499998
v -18.182076 0.977992 -0.499998
v -18.063408 0.906169 -0.499998
v -17.956335 0.819242 -0.499998
v -17.860929 0.717523 -0.499998
v -17.777262 0.601325 -0.499998
v -17.705399 0.470961 -0.499998
v -17.645409 0.326742 -0.499998
v -17.597366 0.168982 -0.499998
v -17.561337 -0.002008 -0.499998
v -19.821335 -0.002008 -0.499998
v -12.861336 1.787992 -0.499999
v -14.071336 -0.972008 -0.499999
v -15.251336 1.787992 -0.499999
v -16.201336 1.787992 -0.499999
v -14.221336 -2.792008 -0.499999
v -13.921337 -2.792008 -0.499999
v -11.891336 1.787992 -0.499999
v -8.286204 4.175411 -0.499999
v -8.794439 4.080678 -0.499999
v -9.263992 3.928305 -0.499999
v -9.692817 3.722807 -0.499999
v -10.078864 3.468698 -0.499999
v -10.420086 3.170492 -0.499999
v -10.714434 2.832702 -0.499999
v -10.959856 2.459843 -0.499999
v -11.154306 2.056429 -0.499999
v -11.295736 1.626973 -0.499999
v -11.382095 1.175990 -0.499999
v -11.411338 0.707992 -0.499999
v -11.382849 0.252598 -0.499999
v -11.298423 -0.190156 -0.499999
v -11.159620 -0.615133 -0.499999
v -10.968006 -1.017193 -0.499999
v -10.725141 -1.391198 -0.499999
v -10.432589 -1.732008 -0.499999
v -10.091913 -2.034485 -0.499999
v -9.704674 -2.293489 -0.499999
v -9.272432 -2.503883 -0.499999
v -8.796754 -2.660527 -0.499999
v -8.279202 -2.758281 -0.499999
v -7.721336 -2.792008 -0.499999
v -7.181261 -2.758472 -0.499999
v -6.677401 -2.661221 -0.499999
v -6.211805 -2.505289 -0.499999
v -5.786521 -2.295712 -0.499999
v -5.403600 -2.037523 -0.499999
v -5.065088 -1.735758 -0.499999
v -4.773035 -1.395451 -0.500000
v -4.529488 -1.021638 -0.500000
v -4.336495 -0.619352 -0.500000
v -4.196107 -0.193628 -0.500000
v -4.110372 0.250498 -0.500000
v -4.081337 0.707992 -0.500000
v -4.111147 1.173888 -0.500000
v -4.198978 1.623501 -0.500000
v -4.342432 2.052211 -0.500000
v -4.539115 2.455399 -0.500000
v -4.786632 2.828449 -0.500000
v -5.082586 3.166742 -0.500000
v -5.424583 3.465660 -0.500000
v -5.810225 3.720585 -0.500000
v -6.237118 3.926898 -0.500000
v -6.702864 4.079983 -0.500000
v -7.205069 4.175220 -0.500000
v -7.741337 4.207992 -0.499999
v -8.115082 -1.869305 -0.499999
v -8.469625 -1.802887 -0.499999
v -8.802431 -1.695289 -0.499999
v -9.110966 -1.549045 -0.499999
v -9.392695 -1.366689 -0.499999
v -9.645085 -1.150758 -0.499999
v -9.865601 -0.903785 -0.499999
v -10.051706 -0.628304 -0.499999
v -10.200868 -0.326852 -0.499999
v -10.310550 -0.001962 -0.499999
v -10.378218 0.343831 -0.499999
v -10.401337 0.707992 -0.499999
v -10.378218 1.074254 -0.499999
v -10.310550 1.421418 -0.499999
v -10.200868 1.747055 -0.499999
v -10.051706 2.048733 -0.499999
v -9.865601 2.324022 -0.499999
v -9.645085 2.570492 -0.499999
v -9.392695 2.785712 -0.499999
v -9.110966 2.967251 -0.499999
v -8.802431 3.112679 -0.499999
v -8.469625 3.219566 -0.499999
v -8.115082 3.285480 -0.499999
v -7.741337 3.307992 -0.499999
v -7.369890 3.285480 -0.499999
v -7.017262 3.219565 -0.500000
v -6.686025 3.112679 -0.500000
v -6.378744 2.967251 -0.500000
v -6.097991 2.785712 -0.500000
v -5.846336 2.570492 -0.500000
v -5.626347 2.324022 -0.500000
v -5.440595 2.048733 -0.500000
v -5.291648 1.747054 -0.500000
v -5.182076 1.421418 -0.500000
v -5.114448 1.074254 -0.500000
v -5.091336 0.707992 -0.500000
v -5.114448 0.343831 -0.500000
v -5.182076 -0.001962 -0.500000
v -5.291648 -0.326852 -0.500000
v -5.440595 -0.628304 -0.499999
v -5.626347 -0.903785 -0.499999
v -5.846336 -1.150758 -0.499999
v -6.097991 -1.366690 -0.499999
v -6.378744 -1.549045 -0.499999
v -6.686025 -1.695289 -0.499999
v -7.017262 -1.802888 -0.499999
v -7.369890 -1.869306 -0.499999
v -7.741337 -1.892008 -0.499999
v -3.087194 -2.348061 -0.500000
v -2.954023 -2.426267 -0.500000
v -2.820714 -2.496696 -0.500000
v -2.686152 -2.559416 -0.500000
v -2.549231 -2.614497 -0.500000
v -2.408838 -2.662008 -0.500000
v -2.263861 -2.702020 -0.500000
v -2.113190 -2.734601 -0.500000
v -1.955712 -2.759821 -0.500000
v -1.790318 -2.777749 -0.500000
v -1.615896 -2.788455 -0.500000
v -1.431336 -2.792008 -0.500000
v -1.094346 -2.768663 -0.500000
v -0.783744 -2.701082 -0.500000
v -0.500088 -2.592945 -0.500000
v -0.243931 -2.447934 -0.500000
v -0.015829 -2.269728 -0.500000
v 0.183661 -2.062008 -0.500000
v 0.353985 -1.828455 -0.500000
v 0.494587 -1.572749 -0.500000
v 0.604912 -1.298571 -0.500000
v 0.684403 -1.009601 -0.500000
v 0.732505 -0.709520 -0.500000
v 0.748663 -0.402008 -0.500000
v 0.731020 -0.071453 -0.500000
v 0.679214 0.239103 -0.500000
v 0.594908 0.527992 -0.500000
v 0.479770 0.793547 -0.500000
v 0.335464 1.034103 -0.500000
v 0.163660 1.247992 -0.500000
v -0.033979 1.433547 -0.500000
v -0.255785 1.589103 -0.500000
v -0.500090 1.712992 -0.500000
v -0.765228 1.803547 -0.500000
v -1.049533 1.859103 -0.500000
v -1.351337 1.877992 -0.500000
v -1.639686 1.861094 -0.500000
v -1.908975 1.810307 -0.500000
v -2.158055 1.725492 -0.500000
v -2.385781 1.606511 -0.500000
v -2.591007 1.453223 -0.500000
v -2.772586 1.265492 -0.500000
v -2.929375 1.043177 -0.500000
v -3.060226 0.786140 -0.500000
v -3.163993 0.494242 -0.500000
v -3.239532 0.167344 -0.500000
v -3.285694 -0.194693 -0.500000
v -3.301337 -0.592008 -0.500000
v -0.141337 -0.592008 -0.500000
v -0.184033 -0.805532 -0.500000
v -0.242076 -1.001036 -0.500000
v -0.315397 -1.178414 -0.500000
v -0.403926 -1.337564 -0.500000
v -0.507596 -1.478380 -0.500000
v -0.626335 -1.600758 -0.500000
v -0.760074 -1.704595 -0.500000
v -0.908742 -1.789786 -0.500000
v -1.072273 -1.856227 -0.500000
v -1.250596 -1.903814 -0.500000
v -1.443641 -1.932442 -0.500000
v -1.651337 -1.942008 -0.500000
v -1.785734 -1.937876 -0.500000
v -1.919022 -1.925619 -0.500000
v -2.051337 -1.905446 -0.500000
v -2.182817 -1.877564 -0.500000
v -2.313604 -1.842182 -0.500000
v -2.443836 -1.799508 -0.500000
v -2.573650 -1.749751 -0.500000
v -2.703187 -1.693119 -0.500000
v -2.832587 -1.629821 -0.500000
v -2.961986 -1.560064 -0.500000
v -3.091524 -1.484057 -0.500000
v -3.221338 -1.402008 -0.500000
v -3.221338 -2.262008 -0.500000
v -2.406404 0.162679 -0.500000
v -2.376890 0.316325 -0.500000
v -2.333210 0.458304 -0.500000
v -2.275779 0.587991 -0.500000
v -2.205017 0.704762 -0.500000
v -2.121336 0.807992 -0.500000
v -2.025156 0.897054 -0.500000
v -1.916893 0.971325 -0.500000
v -1.796961 1.030179 -0.500000
v -1.665781 1.072992 -0.500000
v -1.523767 1.099138 -0.500000
v -1.371336 1.107992 -0.500000
v -1.206970 1.099711 -0.500000
v -1.053927 1.075076 -0.500000
v -0.912273 1.034399 -0.500000
v -0.782077 0.977992 -0.500000
v -0.663409 0.906169 -0.500000
v -0.556338 0.819242 -0.500000
v -0.460932 0.717523 -0.500000
v -0.377264 0.601325 -0.500000
v -0.305400 0.470961 -0.500000
v -0.245411 0.326742 -0.500000
v -0.197368 0.168982 -0.500000
v -0.161338 -0.002008 -0.500000
v -2.421336 -0.002008 -0.500000
v 7.388663 1.197992 -0.500001
v 7.274277 1.308004 -0.500001
v 7.161071 1.408085 -0.500001
v 7.048976 1.498305 -0.500001
v 6.937923 1.578733 -0.500001
v 6.827842 1.649439 -0.500001
v 6.718664 1.710492 -0.500001
v 6.610320 1.761962 -0.500001
v 6.502738 1.803918 -0.500001
v 6.395851 1.836430 -0.500001
v 6.289589 1.859566 -0.500001
v 6.183883 1.873397 -0.500001
v 6.078663 1.877992 -0.500001
v 5.938287 1.872176 -0.500001
v 5.802320 1.854798 -0.500001
v 5.671006 1.825961 -0.500001
v 5.544589 1.785770 -0.500001
v 5.423310 1.734329 -0.500001
v 5.307413 1.671742 -0.500001
v 5.197141 1.598114 -0.500001
v 5.092738 1.513548 -0.500001
v 4.994445 1.418148 -0.500000
v 4.902506 1.312020 -0.500000
v 4.817164 1.195266 -0.500000
v 4.738664 1.067992 -0.500000
v 4.639444 1.176360 -0.500000
v 4.536580 1.280770 -0.500000
v 4.429756 1.380180 -0.500000
v 4.318663 1.473547 -0.500000
v 4.202986 1.559832 -0.500000
v 4.082413 1.637992 -0.500000
v 3.956631 1.706985 -0.500000
v 3.825330 1.765770 -0.500000
v 3.688195 1.813305 -0.500000
v 3.544914 1.848548 -0.500000
v 3.395174 1.870458 -0.500000
v 3.238664 1.877992 -0.500000
v 3.018183 1.863606 -0.500000
v 2.812320 1.821233 -0.500000
v 2.621944 1.752055 -0.500000
v 2.447922 1.657251 -0.500000
v 2.291123 1.538004 -0.500000
v 2.152413 1.395492 -0.500000
v 2.032661 1.230897 -0.500000
v 1.932737 1.045399 -0.500000
v 1.853507 0.840179 -0.500000
v 1.795839 0.616418 -0.500000
v 1.760602 0.375295 -0.500000
v 1.748663 0.117992 -0.500000
v 1.748663 -2.702008 -0.500000
v 2.638663 -2.702008 -0.500000
v 2.638663 0.077992 -0.500000
v 2.647222 0.241499 -0.500000
v 2.672136 0.391881 -0.500000
v 2.712257 0.528930 -0.500000
v 2.766441 0.652437 -0.500000
v 2.833542 0.762194 -0.500000
v 2.912413 0.857992 -0.500000
v 3.001909 0.939624 -0.500000
v 3.100885 1.006881 -0.500000
v 3.208194 1.059555 -0.500000
v 3.322691 1.097437 -0.500000
v 3.443229 1.120318 -0.500000
v 3.568664 1.127992 -0.500000
v 3.643149 1.125179 -0.500000
v 3.721210 1.112158 -0.500000
v 3.802257 1.089554 -0.500000
v 3.885700 1.057992 -0.500000
v 3.970948 1.018096 -0.500000
v 4.057412 0.970492 -0.500000
v 4.144502 0.915804 -0.500000
v 4.231626 0.854658 -0.500000
v 4.318194 0.787679 -0.500000
v 4.403616 0.715492 -0.500000
v 4.487302 0.638721 -0.500000
v 4.568663 0.557992 -0.500000
v 4.568663 -2.702008 -0.500000
v 5.458663 -2.702008 -0.500000
v 5.458663 0.087992 -0.500000
v 5.466198 0.261806 -0.500000
v 5.488107 0.418501 -0.500000
v 5.523350 0.558461 -0.500001
v 5.570885 0.682066 -0.500001
v 5.629669 0.789699 -0.500001
v 5.698663 0.881742 -0.500001
v 5.776823 0.958577 -0.500001
v 5.863108 1.020585 -0.500001
v 5.956476 1.068148 -0.500001
v 6.055885 1.101649 -0.500001
v 6.160295 1.121470 -0.500001
v 6.268663 1.127992 -0.500001
v 6.378165 1.124989 -0.500001
v 6.482182 1.115631 -0.500001
v 6.581476 1.099399 -0.500001
v 6.676811 1.075770 -0.500001
v 6.768952 1.044225 -0.500001
v 6.858664 1.004242 -0.500001
v 6.946708 0.955301 -0.500001
v 7.033849 0.896881 -0.500001
v 7.120852 0.828461 -0.500001
v 7.208478 0.749520 -0.500001
v 7.297494 0.659537 -0.500001
v 7.388663 0.557992 -0.500001
v 7.388663 -2.702008 -0.500001
v 8.278664 -2.702008 -0.500001
v 8.278664 1.787992 -0.500001
v 7.388663 1.787992 -0.500001
v 9.126366 -2.505614 -0.500001
v 9.215283 -2.561684 -0.500001
v 9.296632 -2.610602 -0.500001
v 9.371626 -2.652749 -0.500001
v 9.441482 -2.688507 -0.500001
v 9.507413 -2.718258 -0.500001
v 9.570637 -2.742384 -0.500001
v 9.632367 -2.761267 -0.500001
v 9.693819 -2.775290 -0.500001
v 9.756210 -2.784832 -0.500001
v 9.820752 -2.790278 -0.500001
v 9.888663 -2.792008 -0.500001
v 9.982442 -2.789068 -0.500001
v 10.068894 -2.780156 -0.500001
v 10.148195 -2.765133 -0.500001
v 10.220516 -2.743860 -0.500001
v 10.286031 -2.716198 -0.500001
v 10.344914 -2.682008 -0.500001
v 10.397339 -2.641152 -0.500001
v 10.443479 -2.593490 -0.500001
v 10.483508 -2.538883 -0.500001
v 10.517599 -2.477193 -0.500001
v 10.545926 -2.408281 -0.500001
v 10.568665 -2.332008 -0.500001
v 10.666570 -2.406181 -0.500001
v 10.765238 -2.473721 -0.500001
v 10.864601 -2.534665 -0.500001
v 10.964590 -2.589045 -0.500001
v 11.065135 -2.636898 -0.500001
v 11.166164 -2.678258 -0.500001
v 11.267611 -2.713160 -0.500001
v 11.369405 -2.741638 -0.500001
v 11.471477 -2.763727 -0.500001
v 11.573755 -2.779462 -0.500001
v 11.676176 -2.788877 -0.500001
v 11.778664 -2.792008 -0.500001
v 11.938953 -2.781441 -0.500001
v 12.089312 -2.750805 -0.500001
v 12.228975 -2.701696 -0.500001
v 12.357183 -2.635712 -0.500001
v 12.473166 -2.554450 -0.500001
v 12.576162 -2.459508 -0.500001
v 12.665411 -2.352483 -0.500001
v 12.740145 -2.234971 -0.500001
v 12.799602 -2.108571 -0.500001
v 12.843016 -1.974879 -0.500001
v 12.869624 -1.835492 -0.500001
v 12.878664 -1.692008 -0.500001
v 12.862309 -1.482072 -0.500001
v 12.815331 -1.295851 -0.500001
v 12.740850 -1.131227 -0.500001
v 12.641997 -0.986082 -0.500001
v 12.521893 -0.858299 -0.500001
v 12.383663 -0.745758 -0.500001
v 12.230434 -0.646343 -0.500001
v 12.065330 -0.557934 -0.500001
v 11.891476 -0.478414 -0.500001
v 11.711997 -0.405666 -0.500001
v 11.530018 -0.337569 -0.500001
v 11.348663 -0.272008 -0.500001
v 10.558663 0.007992 -0.500001
v 10.558663 0.247992 -0.500001
v 10.564290 0.381175 -0.500001
v 10.581164 0.500955 -0.500001
v 10.609291 0.607680 -0.500001
v 10.648665 0.701696 -0.500001
v 10.699289 0.783351 -0.500001
v 10.761165 0.852992 -0.500001
v 10.834289 0.910967 -0.500001
v 10.918665 0.957622 -0.500001
v 11.014290 0.993305 -0.500001
v 11.121163 1.018362 -0.500001
v 11.239289 1.033143 -0.500001
v 11.368664 1.037992 -0.500001
v 11.491325 1.033172 -0.500001
v 11.614127 1.018594 -0.500001
v 11.736789 0.994086 -0.500001
v 11.859035 0.959474 -0.500001
v 11.980586 0.914584 -0.500001
v 12.101164 0.859242 -0.500001
v 12.220492 0.793276 -0.500001
v 12.338293 0.716510 -0.500001
v 12.454288 0.628773 -0.500001
v 12.568201 0.529890 -0.500001
v 12.679750 0.419688 -0.500001
v 12.788663 0.297992 -0.500001
v 12.788663 1.267992 -0.500001
v 12.698236 1.366123 -0.500001
v 12.601905 1.455538 -0.500001
v 12.499601 1.536273 -0.500001
v 12.391256 1.608362 -0.500001
v 12.276800 1.671841 -0.500001
v 12.156163 1.726742 -0.500001
v 12.029277 1.773102 -0.500001
v 11.896071 1.810955 -0.500001
v 11.756476 1.840336 -0.500001
v 11.610422 1.861279 -0.500001
v 11.457842 1.873820 -0.500001
v 11.298664 1.877992 -0.500001
v 11.075431 1.868351 -0.500001
v 10.861952 1.839196 -0.500001
v 10.660071 1.790180 -0.500001
v 10.471629 1.720955 -0.500001
v 10.298463 1.631175 -0.500001
v 10.142416 1.520492 -0.500001
v 10.005326 1.388559 -0.500001
v 9.889035 1.235029 -0.500001
v 9.795383 1.059555 -0.500001
v 9.726211 0.861788 -0.500001
v 9.683357 0.641383 -0.500001
v 9.668664 0.397992 -0.500001
v 9.668664 -1.912008 -0.500001
v 9.667418 -1.952245 -0.500001
v 9.663708 -1.988073 -0.500001
v 9.657568 -2.019664 -0.500001
v 9.649033 -2.047193 -0.500001
v 9.638136 -2.070833 -0.500001
v 9.624911 -2.090758 -0.500001
v 9.609396 -2.107141 -0.500001
v 9.591625 -2.120156 -0.500001
v 9.571630 -2.129977 -0.500001
v 9.549450 -2.136777 -0.500001
v 9.525116 -2.140729 -0.500001
v 9.498663 -2.142008 -0.500001
v 9.474330 -2.140151 -0.500001
v 9.446488 -2.134647 -0.500001
v 9.415383 -2.125602 -0.500001
v 9.381257 -2.113119 -0.500001
v 9.344354 -2.097303 -0.500001
v 9.304914 -2.078258 -0.500001
v 9.263184 -2.056088 -0.500001
v 9.219406 -2.030897 -0.500001
v 9.173821 -2.002789 -0.500001
v 9.126674 -1.971869 -0.500001
v 9.078207 -1.938241 -0.500001
v 9.028664 -1.902008 -0.500001
v 9.028664 -2.442008 -0.500001
v 10.746258 -0.547164 -0.500001
v 10.927738 -0.613258 -0.500001
v 11.101164 -0.681227 -0.500001
v 11.264589 -0.752008 -0.500001
v 11.416071 -0.826539 -0.500001
v 11.553664 -0.905758 -0.500001
v 11.675423 -0.990602 -0.500001
v 11.779404 -1.082008 -0.500001
v 11.863663 -1.180914 -0.500001
v 11.926256 -1.288258 -0.500001
v 11.965238 -1.404977 -0.500001
v 11.978664 -1.532008 -0.500001
v 11.973138 -1.622130 -0.500001
v 11.956951 -1.707147 -0.500001
v 11.930695 -1.786539 -0.500001
v 11.894960 -1.859786 -0.500001
v 11.850337 -1.926366 -0.500001
v 11.797414 -1.985758 -0.500001
v 11.736784 -2.037442 -0.500001
v 11.669035 -2.080897 -0.500001
v 11.594758 -2.115602 -0.500001
v 11.514544 -2.141036 -0.500001
v 11.428982 -2.156678 -0.500001
v 11.338663 -2.162008 -0.500001
v 11.269081 -2.159121 -0.500001
v 11.200331 -2.150573 -0.500001
v 11.132414 -2.136539 -0.500001
v 11.065331 -2.117193 -0.500001
v 10.999081 -2.092708 -0.500001
v 10.933664 -2.063258 -0.500001
v 10.869081 -2.029016 -0.500001
v 10.805330 -1.990156 -0.500001
v 10.742414 -1.946852 -0.500001
v 10.680330 -1.899277 -0.500001
v 10.619080 -1.847604 -0.500001
v 10.558663 -1.792008 -0.500001
v 10.558663 -0.482008 -0.500001
v 14.032843 -2.327055 -0.500001
v 14.251256 -2.412379 -0.500001
v 14.465227 -2.488258 -0.500001
v 14.676071 -2.554971 -0.500001
v 14.885111 -2.612795 -0.500001
v 15.093664 -2.662008 -0.500001
v 15.303050 -2.702888 -0.500001
v 15.514589 -2.735712 -0.500001
v 15.729601 -2.760758 -0.500001
v 15.949404 -2.778305 -0.500001
v 16.175320 -2.788629 -0.500001
v 16.408665 -2.792008 -0.500001
v 16.919132 -2.762123 -0.500001
v 17.403248 -2.674600 -0.500001
v 17.857571 -2.532632 -0.500001
v 18.278664 -2.339415 -0.500001
v 18.663090 -2.098142 -0.500002
v 19.007414 -1.812008 -0.500002
v 19.308195 -1.484207 -0.500002
v 19.561998 -1.117934 -0.500002
v 19.765383 -0.716383 -0.500002
v 19.914915 -0.282749 -0.500002
v 20.007153 0.179774 -0.500002
v 20.038664 0.667992 -0.500002
v 20.006372 1.159884 -0.500002
v 19.911997 1.628131 -0.500002
v 19.759289 2.069086 -0.500002
v 19.551998 2.479104 -0.500002
v 19.293873 2.854538 -0.500002
v 18.988665 3.191743 -0.500002
v 18.640121 3.487072 -0.500002
v 18.251997 3.736881 -0.500002
v 17.828039 3.937524 -0.500002
v 17.371998 4.085353 -0.500002
v 16.887623 4.176725 -0.500002
v 16.378664 4.207992 -0.500002
v 16.183229 4.205174 -0.500002
v 15.995192 4.196280 -0.500002
v 15.811944 4.180649 -0.500002
v 15.630885 4.157622 -0.500002
v 15.449409 4.126540 -0.500002
v 15.264914 4.086743 -0.500001
v 15.074792 4.037570 -0.500001
v 14.876442 3.978363 -0.500001
v 14.667257 3.908461 -0.500001
v 14.444635 3.827205 -0.500001
v 14.205973 3.733935 -0.500001
v 13.948664 3.627992 -0.500001
v 13.948664 2.637992 -0.500001
v 14.149265 2.743606 -0.500001
v 14.350978 2.840400 -0.500001
v 14.553663 2.928304 -0.500001
v 14.757181 3.007251 -0.500001
v 14.961395 3.077171 -0.500001
v 15.166163 3.137992 -0.500001
v 15.371349 3.189647 -0.500001
v 15.576812 3.232066 -0.500001
v 15.782413 3.265180 -0.500002
v 15.988016 3.288918 -0.500002
v 16.193478 3.303212 -0.500002
v 16.398663 3.307992 -0.500002
v 16.761314 3.284902 -0.500002
v 17.107368 3.217437 -0.500002
v 17.433975 3.108305 -0.500002
v 17.738293 2.960215 -0.500002
v 18.017471 2.775874 -0.500002
v 18.268663 2.557993 -0.500002
v 18.489021 2.309277 -0.500002
v 18.675701 2.032437 -0.500002
v 18.825851 1.730180 -0.500002
v 18.936626 1.405214 -0.500002
v 19.005180 1.060249 -0.500002
v 19.028664 0.697992 -0.500002
v 19.005297 0.327725 -0.500002
v 18.936720 -0.021638 -0.500002
v 18.825228 -0.347946 -0.500002
v 18.673109 -0.649045 -0.500002
v 18.482658 -0.922784 -0.500002
v 18.256165 -1.167008 -0.500002
v 17.995922 -1.379566 -0.500001
v 17.704220 -1.558304 -0.500001
v 17.383350 -1.701071 -0.500001
v 17.035608 -1.805712 -0.500001
v 16.663282 -1.870075 -0.500001
v 16.268663 -1.892008 -0.500001
v 16.137182 -1.889560 -0.500001
v 16.007645 -1.882425 -0.500001
v 15.879913 -1.870914 -0.500001
v 15.753849 -1.855341 -0.500001
v 15.629312 -1.836019 -0.500001
v 15.506164 -1.813258 -0.500001
v 15.384266 -1.787373 -0.500001
v 15.263479 -1.758675 -0.500001
v 15.143663 -1.727477 -0.500001
v 15.024682 -1.694092 -0.500001
v 14.906395 -1.658831 -0.500001
v 14.788664 -1.622008 -0.500001
v 14.788664 -0.222008 -0.500001
v 16.098663 -0.222008 -0.500001
v 16.098663 0.657992 -0.500001
v 13.808662 0.657992 -0.500001
v 13.808662 -2.232008 -0.500001
v -22.611336 0.757992 0.500002
v -22.631336 0.757992 0.500002
v -22.743425 0.945984 0.500002
v -22.854713 1.115260 0.500002
v -22.965240 1.266273 0.500002
v -23.075037 1.399473 0.500002
v -23.184143 1.515312 0.500002
v -23.292583 1.614242 0.500002
v -23.400402 1.696713 0.500002
v -23.507629 1.763177 0.500002
v -23.614302 1.814086 0.500002
v -23.720455 1.849890 0.500002
v -23.826122 1.871042 0.500002
v -23.931335 1.877992 0.500002
v -24.020948 1.874445 0.500002
v -24.109901 1.863779 0.500002
v -24.198370 1.845961 0.500002
v -24.286522 1.820955 0.500002
v -24.374538 1.788727 0.500002
v -24.462585 1.749242 0.500002
v -24.550842 1.702465 0.500002
v -24.639482 1.648362 0.500002
v -24.728680 1.586898 0.500002
v -24.818602 1.518038 0.500002
v -24.909430 1.441748 0.500002
v -25.001335 1.357992 0.500002
v -24.531336 0.587992 0.500002
v -24.462299 0.651268 0.500002
v -24.390694 0.710863 0.500002
v -24.317280 0.766430 0.500002
v -24.242821 0.817622 0.500002
v -24.168087 0.864092 0.500002
v -24.093838 0.905492 0.500002
v -24.020840 0.941476 0.500002
v -23.949856 0.971696 0.500002
v -23.881649 0.995805 0.500002
v -23.816986 1.013455 0.500002
v -23.756628 1.024300 0.500002
v -23.701340 1.027992 0.500002
v -23.551746 1.015544 0.500002
v -23.408791 0.979242 0.500002
v -23.273678 0.920648 0.500002
v -23.147631 0.841325 0.500002
v -23.031860 0.742836 0.500002
v -22.927586 0.626742 0.500002
v -22.836018 0.494607 0.500002
v -22.758373 0.347992 0.500002
v -22.695869 0.188461 0.500002
v -22.649717 0.017575 0.500002
v -22.621136 -0.163102 0.500002
v -22.611336 -0.352008 0.500002
v -22.611336 -2.702008 0.500002
v -21.721334 -2.702008 0.500002
v -21.721334 1.787992 0.500002
v -22.611336 1.787992 0.500002
v -20.487198 -2.348061 0.500002
v -20.354027 -2.426267 0.500002
v -20.220718 -2.496696 0.500002
v -20.086155 -2.559416 0.500002
v -19.949230 -2.614497 0.500002
v -19.808836 -2.662008 0.500002
v -19.663858 -2.702020 0.500002
v -19.513187 -2.734601 0.500002
v -19.355713 -2.759821 0.500002
v -19.190319 -2.777749 0.500002
v -19.015896 -2.788455 0.500002
v -18.831337 -2.792008 0.500002
v -18.494347 -2.768663 0.500002
v -18.183744 -2.701082 0.500002
v -17.900085 -2.592945 0.500002
v -17.643929 -2.447934 0.500002
v -17.415827 -2.269728 0.500002
v -17.216335 -2.062008 0.500002
v -17.046011 -1.828455 0.500002
v -16.905407 -1.572749 0.500002
v -16.795084 -1.298571 0.500002
v -16.715593 -1.009601 0.500001
v -16.667492 -0.709520 0.500001
v -16.651335 -0.402008 0.500001
v -16.668976 -0.071453 0.500001
v -16.720781 0.239103 0.500001
v -16.805086 0.527992 0.500001
v -16.920225 0.793547 0.500001
v -17.064531 1.034103 0.500001
v -17.236338 1.247992 0.500001
v -17.433977 1.433547 0.500001
v -17.655783 1.589103 0.500001
v -17.900087 1.712992 0.500001
v -18.165226 1.803547 0.500001
v -18.449532 1.859103 0.500002
v -18.751335 1.877992 0.500002
v -19.039684 1.861094 0.500002
v -19.308971 1.810307 0.500002
v -19.558052 1.725492 0.500002
v -19.785782 1.606511 0.500002
v -19.991007 1.453223 0.500002
v -20.172586 1.265492 0.500002
v -20.329376 1.043177 0.500002
v -20.460224 0.786140 0.500002
v -20.563993 0.494242 0.500002
v -20.639534 0.167344 0.500002
v -20.685696 -0.194693 0.500002
v -20.701336 -0.592008 0.500002
v -17.541336 -0.592008 0.500002
v -17.584034 -0.805532 0.500002
v -17.642076 -1.001036 0.500002
v -17.715397 -1.178414 0.500002
v -17.803926 -1.337564 0.500002
v -17.907597 -1.478380 0.500002
v -18.026333 -1.600758 0.500002
v -18.160072 -1.704595 0.500002
v -18.308739 -1.789786 0.500002
v -18.472271 -1.856227 0.500002
v -18.650593 -1.903814 0.500002
v -18.843639 -1.932442 0.500002
v -19.051338 -1.942008 0.500002
v -19.185732 -1.937876 0.500002
v -19.319019 -1.925619 0.500002
v -19.451334 -1.905446 0.500002
v -19.582815 -1.877564 0.500002
v -19.713602 -1.842182 0.500002
v -19.843836 -1.799508 0.500002
v -19.973650 -1.749751 0.500002
v -20.103188 -1.693119 0.500002
v -20.232586 -1.629821 0.500002
v -20.361986 -1.560064 0.500002
v -20.491524 -1.484057 0.500002
v -20.621338 -1.402008 0.500002
v -20.621338 -2.262008 0.500002
v -19.806395 0.162679 0.500002
v -19.776882 0.316325 0.500002
v -19.733204 0.458304 0.500002
v -19.675774 0.587991 0.500002
v -19.605011 0.704762 0.500002
v -19.521332 0.807992 0.500002
v -19.425154 0.897054 0.500002
v -19.316891 0.971325 0.500002
v -19.196960 1.030179 0.500002
v -19.065781 1.072992 0.500002
v -18.923767 1.099138 0.500002
v -18.771336 1.107992 0.500002
v -18.606968 1.099711 0.500002
v -18.453924 1.075076 0.500002
v -18.312271 1.034399 0.500002
v -18.182076 0.977992 0.500002
v -18.063408 0.906169 0.500002
v -17.956335 0.819242 0.500002
v -17.860929 0.717523 0.500002
v -17.777262 0.601325 0.500002
v -17.705399 0.470961 0.500002
v -17.645409 0.326742 0.500002
v -17.597366 0.168982 0.500002
v -17.561337 -0.002008 0.500002
v -19.821335 -0.002008 0.500002
v -12.861336 1.787992 0.500001
v -14.071336 -0.972008 0.500001
v -15.251336 1.787992 0.500001
v -16.201336 1.787992 0.500001
v -14.221336 -2.792008 0.500001
v -13.921337 -2.792008 0.500001
v -11.891336 1.787992 0.500001
v -8.286204 4.175411 0.500001
v -8.794439 4.080678 0.500001
v -9.263992 3.928305 0.500001
v -9.692817 3.722807 0.500001
v -10.078864 3.468698 0.500001
v -10.420086 3.170492 0.500001
v -10.714434 2.832702 0.500001
v -10.959856 2.459843 0.500001
v -11.154306 2.056429 0.500001
v -11.295736 1.626973 0.500001
v -11.382095 1.175990 0.500001
v -11.411338 0.707992 0.500001
v -11.382849 0.252599 0.500001
v -11.298423 -0.190156 0.500001
v -11.159620 -0.615133 0.500001
v -10.968006 -1.017193 0.500001
v -10.725141 -1.391198 0.500001
v -10.432589 -1.732008 0.500001
v -10.091913 -2.034485 0.500001
v -9.704674 -2.293489 0.500001
v -9.272432 -2.503883 0.500001
v -8.796754 -2.660527 0.500001
v -8.279202 -2.758281 0.500001
v -7.721336 -2.792008 0.500001
v -7.181261 -2.758472 0.500001
v -6.677401 -2.661221 0.500001
v -6.211805 -2.505289 0.500001
v -5.786521 -2.295712 0.500001
v -5.403600 -2.037523 0.500001
v -5.065088 -1.735758 0.500001
v -4.773035 -1.395451 0.500000
v -4.529488 -1.021638 0.500000
v -4.336495 -0.619352 0.500000
v -4.196107 -0.193628 0.500000
v -4.110372 0.250498 0.500000
v -4.081337 0.707992 0.500000
v -4.111147 1.173888 0.500000
v -4.198978 1.623501 0.500000
v -4.342432 2.052211 0.500000
v -4.539115 2.455399 0.500000
v -4.786632 2.828449 0.500000
v -5.082586 3.166742 0.500000
v -5.424583 3.465660 0.500000
v -5.810225 3.720585 0.500000
v -6.237118 3.926898 0.500000
v -6.702864 4.079983 0.500000
v -7.205069 4.175220 0.500000
v -7.741337 4.207992 0.500000
v -8.115082 -1.869305 0.500001
v -8.469625 -1.802887 0.500001
v -8.802431 -1.695289 0.500001
v -9.110966 -1.549045 0.500001
v -9.392695 -1.366689 0.500001
v -9.645085 -1.150758 0.500001
v -9.865601 -0.903785 0.500001
v -10.051706 -0.628304 0.500001
v -10.200868 -0.326852 0.500001
v -10.310550 -0.001962 0.500001
v -10.378218 0.343831 0.500001
v -10.401337 0.707992 0.500001
v -10.378218 1.074254 0.500001
v -10.310550 1.421418 0.500001
v -10.200868 1.747055 0.500001
v -10.051706 2.048733 0.500001
v -9.865601 2.324022 0.500001
v -9.645085 2.570492 0.500001
v -9.392695 2.785712 0.500001
v -9.110966 2.967251 0.500001
v -8.802431 3.112679 0.500001
v -8.469625 3.219566 0.500001
v -8.115082 3.285480 0.500001
v -7.741337 3.307992 0.500001
v -7.369890 3.285480 0.500000
v -7.017262 3.219565 0.500000
v -6.686025 3.112679 0.500000
v -6.378744 2.967251 0.500000
v -6.097991 2.785712 0.500000
v -5.846336 2.570492 0.500000
v -5.626347 2.324022 0.500000
v -5.440595 2.048733 0.500000
v -5.291648 1.747054 0.500000
v -5.182076 1.421418 0.500000
v -5.114448 1.074254 0.500000
v -5.091336 0.707992 0.500000
v -5.114448 0.343831 0.500000
v -5.182076 -0.001962 0.500000
v -5.291648 -0.326852 0.500000
v -5.440595 -0.628304 0.500000
v -5.626347 -0.903785 0.500001
v -5.846336 -1.150758 0.500001
v -6.097991 -1.366690 0.500001
v -6.378744 -1.549045 0.500001
v -6.686025 -1.695289 0.500001
v -7.017262 -1.802888 0.500001
v -7.369890 -1.869306 0.500001
v -7.741337 -1.892008 0.500001
v -3.087194 -2.348061 0.500000
v -2.954023 -2.426267 0.500000
v -2.820714 -2.496696 0.500000
v -2.686152 -2.559416 0.500000
v -2.549231 -2.614497 0.500000
v -2.408838 -2.662008 0.500000
v -2.263861 -2.702020 0.500000
v -2.113190 -2.734601 0.500000
v -1.955712 -2.759821 0.500000
v -1.790318 -2.777749 0.500000
v -1.615896 -2.788455 0.500000
v -1.431336 -2.792008 0.500000
v -1.094346 -2.768663 0.500000
v -0.783744 -2.701082 0.500000
v -0.500088 -2.592945 0.500000
v -0.243931 -2.447934 0.500000
v -0.015829 -2.269728 0.500000
v 0.183661 -2.062008 0.500000
v 0.353985 -1.828455 0.500000
v 0.494587 -1.572749 0.500000
v 0.604912 -1.298571 0.500000
v 0.684403 -1.009601 0.500000
v 0.732505 -0.709520 0.500000
v 0.748663 -0.402008 0.500000
v 0.731020 -0.071453 0.500000
v 0.679214 0.239103 0.500000
v 0.594908 0.527992 0.500000
v 0.479770 0.793547 0.500000
v 0.335465 1.034103 0.500000
v 0.163660 1.247992 0.500000
v -0.033979 1.433547 0.500000
v -0.255785 1.589103 0.500000
v -0.500090 1.712992 0.500000
v -0.765228 1.803547 0.500000
v -1.049533 1.859103 0.500000
v -1.351337 1.877992 0.500000
v -1.639686 1.861094 0.500000
v -1.908975 1.810307 0.500000
v -2.158055 1.725492 0.500000
v -2.385781 1.606511 0.500000
v -2.591007 1.453223 0.500000
v -2.772586 1.265492 0.500000
v -2.929375 1.043177 0.500000
v -3.060226 0.786140 0.500000
v -3.163993 0.494242 0.500000
v -3.239532 0.167344 0.500000
v -3.285694 -0.194693 0.500000
v -3.301337 -0.592008 0.500000
v -0.141337 -0.592008 0.500000
v -0.184033 -0.805532 0.500000
v -0.242076 -1.001036 0.500000
v -0.315397 -1.178414 0.500000
v -0.403926 -1.337564 0.500000
v -0.507595 -1.478380 0.500000
v -0.626335 -1.600758 0.500000
v -0.760074 -1.704595 0.500000
v -0.908742 -1.789786 0.500000
v -1.072273 -1.856227 0.500000
v -1.250596 -1.903814 0.500000
v -1.443641 -1.932442 0.500000
v -1.651337 -1.942008 0.500000
v -1.785734 -1.937876 0.500000
v -1.919022 -1.925619 0.500000
v -2.051337 -1.905446 0.500000
v -2.182817 -1.877564 0.500000
v -2.313604 -1.842182 0.500000
v -2.443836 -1.799508 0.500000
v -2.573650 -1.749751 0.500000
v -2.703187 -1.693119 0.500000
v -2.832587 -1.629821 0.500000
v -2.961986 -1.560064 0.500000
v -3.091524 -1.484057 0.500000
v -3.221338 -1.402008 0.500000
v -3.221338 -2.262008 0.500000
v -2.406404 0.162679 0.500000
v -2.376890 0.316325 0.500000
v -2.333210 0.458304 0.500000
v -2.275779 0.587991 0.500000
v -2.205017 0.704762 0.500000
v -2.121336 0.807992 0.500000
v -2.025156 0.897054 0.500000
v -1.916893 0.971325 0.500000
v -1.796961 1.030179 0.500000
v -1.665781 1.072992 0.500000
v -1.523767 1.099138 0.500000
v -1.371336 1.107992 0.500000
v -1.206970 1.099711 0.500000
v -1.053927 1.075076 0.500000
v -0.912273 1.034399 0.500000
v -0.782077 0.977992 0.500000
v -0.663409 0.906169 0.500000
v -0.556338 0.819242 0.500000
v -0.460932 0.717523 0.500000
v -0.377264 0.601325 0.500000
v -0.305400 0.470961 0.500000
v -0.245411 0.326742 0.500000
v -0.197368 0.168982 0.500000
v -0.161338 -0.002008 0.500000
v -2.421336 -0.002008 0.500000
v 7.388663 1.197992 0.499999
v 7.274277 1.308004 0.499999
v 7.161071 1.408085 0.499999
v 7.048976 1.498305 0.499999
v 6.937923 1.578733 0.499999
v 6.827842 1.649439 0.499999
v 6.718664 1.710492 0.499999
v 6.610320 1.761962 0.499999
v 6.502738 1.803918 0.499999
v 6.395851 1.836430 0.499999
v 6.289589 1.859566 0.499999
v 6.183883 1.873397 0.499999
v 6.078663 1.877992 0.499999
v 5.938287 1.872176 0.499999
v 5.802320 1.854798 0.499999
v 5.671006 1.825961 0.499999
v 5.544589 1.785770 0.499999
v 5.423310 1.734329 0.499999
v 5.307413 1.671742 0.499999
v 5.197141 1.598114 0.499999
v 5.092738 1.513548 0.499999
v 4.994445 1.418148 0.499999
v 4.902506 1.312020 0.500000
v 4.817164 1.195266 0.500000
v 4.738664 1.067992 0.500000
v 4.639444 1.176360 0.500000
v 4.536580 1.280770 0.500000
v 4.429756 1.380180 0.500000
v 4.318663 1.473547 0.500000
v 4.202986 1.559832 0.500000
v 4.082413 1.637992 0.500000
v 3.956631 1.706985 0.500000
v 3.825330 1.765770 0.500000
v 3.688195 1.813305 0.500000
v 3.544914 1.848548 0.500000
v 3.395174 1.870458 0.500000
v 3.238664 1.877992 0.500000
v 3.018183 1.863606 0.500000
v 2.812320 1.821233 0.500000
v 2.621944 1.752055 0.500000
v 2.447922 1.657251 0.500000
v 2.291123 1.538004 0.500000
v 2.152413 1.395492 0.500000
v 2.032661 1.230897 0.500000
v 1.932737 1.045399 0.500000
v 1.853507 0.840179 0.500000
v 1.795839 0.616418 0.500000
v 1.760602 0.375295 0.500000
v 1.748663 0.117992 0.500000
v 1.748663 -2.702008 0.500000
v 2.638663 -2.702008 0.500000
v 2.638663 0.077992 0.500000
v 2.647222 0.241499 0.500000
v 2.672136 0.391881 0.500000
v 2.712257 0.528930 0.500000
v 2.766441 0.652437 0.500000
v 2.833542 0.762194 0.500000
v 2.912413 0.857992 0.500000
v 3.001909 0.939624 0.500000
v 3.100885 1.006881 0.500000
v 3.208194 1.059555 0.500000
v 3.322691 1.097437 0.500000
v 3.443229 1.120318 0.500000
v 3.568664 1.127992 0.500000
v 3.643149 1.125179 0.500000
v 3.721210 1.112158 0.500000
v 3.802257 1.089554 0.500000
v 3.885700 1.057992 0.500000
v 3.970948 1.018096 0.500000
v 4.057412 0.970492 0.500000
v 4.144502 0.915804 0.500000
v 4.231626 0.854658 0.500000
v 4.318194 0.787679 0.500000
v 4.403616 0.715492 0.500000
v 4.487302 0.638721 0.500000
v 4.568663 0.557992 0.500000
v 4.568663 -2.702008 0.500000
v 5.458663 -2.702008 0.500000
v 5.458663 0.087992 0.500000
v 5.466198 0.261806 0.500000
v 5.488107 0.418501 0.499999
v 5.523350 0.558461 0.499999
v 5.570885 0.682066 0.499999
v 5.629669 0.789699 0.499999
v 5.698663 0.881742 0.499999
v 5.776823 0.958577 0.499999
v 5.863108 1.020585 0.499999
v 5.956476 1.068148 0.499999
v 6.055885 1.101649 0.499999
v 6.160295 1.121470 0.499999
v 6.268663 1.127992 0.499999
v 6.378165 1.124989 0.499999
v 6.482182 1.115631 0.499999
v 6.581476 1.099399 0.499999
v 6.676811 1.075770 0.499999
v 6.768952 1.044225 0.499999
v 6.858664 1.004242 0.499999
v 6.946708 0.955301 0.499999
v 7.033849 0.896881 0.499999
v 7.120852 0.828461 0.499999
v 7.208478 0.749520 0.499999
v 7.297494 0.659537 0.499999
v 7.388663 0.557992 0.499999
v 7.388663 -2.702008 0.499999
v 8.278664 -2.702008 0.499999
v 8.278664 1.787992 0.499999
v 7.388663 1.787992 0.499999
v 9.126366 -2.505614 0.499999
v 9.215283 -2.561684 0.499999
v 9.296632 -2.610602 0.499999
v 9.371626 -2.652749 0.499999
v 9.441482 -2.688507 0.499999
v 9.507413 -2.718258 0.499999
v 9.570637 -2.742384 0.499999
v 9.632367 -2.761267 0.499999
v 9.693819 -2.775290 0.499999
v 9.756210 -2.784832 0.499999
v 9.820752 -2.790278 0.499999
v 9.888663 -2.792008 0.499999
v 9.982442 -2.789068 0.499999
v 10.068894 -2.780156 0.499999
v 10.148195 -2.765133 0.499999
v 10.220516 -2.743860 0.499999
v 10.286031 -2.716198 0.499999
v 10.344914 -2.682008 0.499999
v 10.397339 -2.641152 0.499999
v 10.443479 -2.593490 0.499999
v 10.483508 -2.538883 0.499999
v 10.517599 -2.477193 0.499999
v 10.545926 -2.408281 0.499999
v 10.568665 -2.332008 0.499999
v 10.666570 -2.406181 0.499999
v 10.765238 -2.473721 0.499999
v 10.864601 -2.534665 0.499999
v 10.964590 -2.589045 0.499999
v 11.065135 -2.636898 0.499999
v 11.166164 -2.678258 0.499999
v 11.267611 -2.713160 0.499999
v 11.369405 -2.741638 0.499999
v 11.471477 -2.763727 0.499999
v 11.573755 -2.779462 0.499999
v 11.676176 -2.788877 0.499999
v 11.778664 -2.792008 0.499999
v 11.938953 -2.781441 0.499999
v 12.089312 -2.750805 0.499999
v 12.228975 -2.701696 0.499999
v 12.357183 -2.635712 0.499999
v 12.473166 -2.554450 0.499999
v 12.576162 -2.459508 0.499999
v 12.665411 -2.352483 0.499999
v 12.740145 -2.234971 0.499999
v 12.799602 -2.108571 0.499999
v 12.843016 -1.974879 0.499999
v 12.869624 -1.835492 0.499999
v 12.878664 -1.692008 0.499999
v 12.862309 -1.482072 0.499999
v 12.815331 -1.295851 0.499999
v 12.740850 -1.131227 0.499999
v 12.641997 -0.986082 0.499999
v 12.521893 -0.858299 0.499999
v 12.383663 -0.745758 0.499999
v 12.230434 -0.646343 0.499999
v 12.065330 -0.557934 0.499999
v 11.891476 -0.478414 0.499999
v 11.711997 -0.405665 0.499999
v 11.530018 -0.337569 0.499999
v 11.348663 -0.272008 0.499999
v 10.558663 0.007992 0.499999
v 10.558663 0.247992 0.499999
v 10.564290 0.381175 0.499999
v 10.581164 0.500955 0.499999
v 10.609291 0.607680 0.499999
v 10.648665 0.701696 0.499999
v 10.699289 0.783351 0.499999
v 10.761165 0.852992 0.499999
v 10.834289 0.910967 0.499999
v 10.918665 0.957622 0.499999
v 11.014290 0.993305 0.499999
v 11.121163 1.018362 0.499999
v 11.239289 1.033143 0.499999
v 11.368664 1.037992 0.499999
v 11.491325 1.033172 0.499999
v 11.614127 1.018594 0.499999
v 11.736789 0.994086 0.499999
v 11.859035 0.959474 0.499999
v 11.980586 0.914584 0.499999
v 12.101164 0.859242 0.499999
v 12.220492 0.793276 0.499999
v 12.338293 0.716510 0.499999
v 12.454288 0.628773 0.499999
v 12.568201 0.529890 0.499999
v 12.679750 0.419688 0.499999
v 12.788663 0.297992 0.499999
v 12.788663 1.267992 0.499999
v 12.698236 1.366123 0.499999
v 12.601905 1.455538 0.499999
v 12.499601 1.536273 0.499999
v 12.391256 1.608362 0.499999
v 12.276800 1.671841 0.499999
v 12.156163 1.726742 0.499999
v 12.029277 1.773102 0.499999
v 11.896071 1.810955 0.499999
v 11.756476 1.840336 0.499999
v 11.610422 1.861279 0.499999
v 11.457842 1.873820 0.499999
v 11.298664 1.877992 0.499999
v 11.075431 1.868351 0.499999
v 10.861952 1.839196 0.499999
v 10.660071 1.790180 0.499999
v 10.471629 1.720955 0.499999
v 10.298463 1.631175 0.499999
v 10.142416 1.520492 0.499999
v 10.005326 1.388559 0.499999
v 9.889035 1.235029 0.499999
v 9.795383 1.059555 0.499999
v 9.726211 0.861788 0.499999
v 9.683357 0.641383 0.499999
v 9.668664 0.397992 0.499999
v 9.668664 -1.912008 0.499999
v 9.667418 -1.952245 0.499999
v 9.663708 -1.988073 0.499999
v 9.657568 -2.019664 0.499999
v 9.649033 -2.047193 0.499999
v 9.638136 -2.070833 0.499999
v 9.624911 -2.090758 0.499999
v 9.609396 -2.107141 0.499999
v 9.591625 -2.120156 0.499999
v 9.571630 -2.129977 0.499999
v 9.549450 -2.136777 0.499999
v 9.525116 -2.140729 0.499999
v 9.498663 -2.142008 0.499999
v 9.474330 -2.140151 0.499999
v 9.446488 -2.134647 0.499999
v 9.415383 -2.125602 0.499999
v 9.381257 -2.113119 0.499999
v 9.344354 -2.097303 0.499999
v 9.304914 -2.078258 0.499999
v 9.263184 -2.056088 0.499999
v 9.219406 -2.030897 0.499999
v 9.173821 -2.002789 0.499999
v 9.126674 -1.971869 0.499999
v 9.078207 -1.938241 0.499999
v 9.028664 -1.902008 0.499999
v 9.028664 -2.442008 0.499999
v 10.746258 -0.547164 0.499999
v 10.927738 -0.613258 0.499999
v 11.101164 -0.681227 0.499999
v 11.264589 -0.752008 0.499999
v 11.416071 -0.826539 0.499999
v 11.553664 -0.905758 0.499999
v 11.675423 -0.990602 0.499999
v 11.779404 -1.082008 0.499999
v 11.863663 -1.180914 0.499999
v 11.926256 -1.288258 0.499999
v 11.965238 -1.404977 0.499999
v 11.978664 -1.532008 0.499999
v 11.973138 -1.622130 0.499999
v 11.956951 -1.707147 0.499999
v 11.930695 -1.786539 0.499999
v 11.894960 -1.859786 0.499999
v 11.850337 -1.926366 0.499999
v 11.797414 -1.985758 0.499999
v 11.736784 -2.037442 0.499999
v 11.669035 -2.080897 0.499999
v 11.594758 -2.115602 0.499999
v 11.514544 -2.141036 0.499999
v 11.428982 -2.156678 0.499999
v 11.338663 -2.162008 0.499999
v 11.269081 -2.159121 0.499999
v 11.200331 -2.150573 0.499999
v 11.132414 -2.136539 0.499999
v 11.065331 -2.117193 0.499999
v 10.999081 -2.092708 0.499999
v 10.933664 -2.063258 0.499999
v 10.869081 -2.029016 0.499999
v 10.805330 -1.990156 0.499999
v 10.742414 -1.946852 0.499999
v 10.680330 -1.899277 0.499999
v 10.619080 -1.847604 0.499999
v 10.558663 -1.792008 0.499999
v 10.558663 -0.482008 0.499999
v 14.032843 -2.327055 0.499999
v 14.251256 -2.412379 0.499999
v 14.465227 -2.488258 0.499999
v 14.676071 -2.554971 0.499999
v 14.885111 -2.612795 0.499999
v 15.093664 -2.662008 0.499999
v 15.303050 -2.702888 0.499999
v 15.514589 -2.735712 0.499999
v 15.729601 -2.760758 0.499999
v 15.949404 -2.778305 0.499999
v 16.175320 -2.788629 0.499999
v 16.408665 -2.792008 0.499999
v 16.919132 -2.762123 0.499999
v 17.403248 -2.674600 0.499999
v 17.857571 -2.532632 0.499999
v 18.278664 -2.339415 0.499999
v 18.663090 -2.098142 0.499998
v 19.007414 -1.812008 0.499998
v 19.308195 -1.484207 0.499998
v 19.561998 -1.117934 0.499998
v 19.765383 -0.716383 0.499998
v 19.914915 -0.282749 0.499998
v 20.007153 0.179774 0.499998
v 20.038664 0.667992 0.499998
v 20.006372 1.159884 0.499998
v 19.911997 1.628131 0.499998
v 19.759289 2.069086 0.499998
v 19.551998 2.479104 0.499998
v 19.293873 2.854538 0.499998
v 18.988665 3.191743 0.499998
v 18.640121 3.487072 0.499998
v 18.251997 3.736881 0.499998
v 17.828039 3.937524 0.499998
v 17.371998 4.085353 0.499998
v 16.887623 4.176725 0.499998
v 16.378664 4.207992 0.499998
v 16.183229 4.205174 0.499998
v 15.995192 4.196280 0.499998
v 15.811944 4.180649 0.499998
v 15.630885 4.157622 0.499998
v 15.449409 4.126540 0.499998
v 15.264914 4.086743 0.499998
v 15.074792 4.037570 0.499999
v 14.876442 3.978363 0.499999
v 14.667257 3.908461 0.499999
v 14.444635 3.827205 0.499999
v 14.205973 3.733935 0.499999
v 13.948664 3.627992 0.499999
v 13.948664 2.637992 0.499999
v 14.149265 2.743606 0.499999
v 14.350978 2.840400 0.499999
v 14.553663 2.928304 0.499999
v 14.757181 3.007251 0.499999
v 14.961395 3.077171 0.499999
v 15.166163 3.137992 0.499999
v 15.371349 3.189647 0.499999
v 15.576812 3.232066 0.499999
v 15.782413 3.265180 0.499998
v 15.988016 3.288918 0.499998
v 16.193478 3.303212 0.499998
v 16.398663 3.307992 0.499998
v 16.761314 3.284902 0.499998
v 17.107368 3.217437 0.499998
v 17.433975 3.108305 0.499998
v 17.738293 2.960215 0.499998
v 18.017471 2.775874 0.499998
v 18.268663 2.557993 0.499998
v 18.489021 2.309277 0.499998
v 18.675701 2.032437 0.499998
v 18.825851 1.730180 0.499998
v 18.936626 1.405214 0.499998
v 19.005180 1.060249 0.499998
v 19.028664 0.697992 0.499998
v 19.005297 0.327725 0.499998
v 18.936720 -0.021638 0.499998
v 18.825228 -0.347946 0.499998
v 18.673109 -0.649045 0.499998
v 18.482658 -0.922784 0.499998
v 18.256165 -1.167008 0.499998
v 17.995922 -1.379566 0.499998
v 17.704220 -1.558304 0.499999
v 17.383350 -1.701071 0.499999
v 17.035608 -1.805712 0.499999
v 16.663282 -1.870075 0.499999
v 16.268663 -1.892008 0.499999
v 16.137182 -1.889560 0.499999
v 16.007645 -1.882425 0.499999
v 15.879913 -1.870914 0.499999
v 15.753849 -1.855341 0.499999
v 15.629312 -1.836019 0.499999
v 15.506164 -1.813258 0.499999
v 15.384266 -1.787373 0.499999
v 15.263479 -1.758675 0.499999
v 15.143663 -1.727477 0.499999
v 15.024682 -1.694092 0.499999
v 14.906395 -1.658831 0.499999
v 14.788664 -1.622008 0.499999
v 14.788664 -0.222008 0.499999
v 16.098663 -0.222008 0.499999
v 16.098663 0.657992 0.499999
v 13.808662 0.657992 0.499999
v 13.808662 -2.232008 0.499999
v 14.032843 -2.327055 0.499999
v 14.032843 -2.327055 -0.500001
v 14.251256 -2.412379 0.499999
v 14.251256 -2.412379 -0.500001
v 14.465227 -2.488258 0.499999
v 14.465227 -2.488258 -0.500001
v 14.676071 -2.554971 0.499999
v 14.676071 -2.554971 -0.500001
v 14.885111 -2.612795 0.499999
v 14.885111 -2.612795 -0.500001
v 15.093664 -2.662008 0.499999
v 15.093664 -2.662008 -0.500001
v 15.303050 -2.702888 0.499999
v 15.303050 -2.702888 -0.500001
v 15.514589 -2.735712 0.499999
v 15.514589 -2.735712 -0.500001
v 15.729601 -2.760758 0.499999
v 15.729601 -2.760758 -0.500001
v 15.949404 -2.778305 0.499999
v 15.949404 -2.778305 -0.500001
v 16.175320 -2.788629 0.499999
v 16.175320 -2.788629 -0.500001
v 16.408665 -2.792008 0.499999
v 16.408665 -2.792008 -0.500001
v 16.919132 -2.762123 0.499999
v 16.919132 -2.762123 -0.500001
v 17.403248 -2.674600 0.499999
v 17.403248 -2.674600 -0.500001
v 17.857571 -2.532632 0.499999
v 17.857571 -2.532632 -0.500001
v 18.278664 -2.339415 0.499999
v 18.278664 -2.339415 -0.500001
v 18.663090 -2.098142 0.499998
v 18.663090 -2.098142 -0.500002
v 19.007414 -1.812008 0.499998
v 19.007414 -1.812008 -0.500002
v 19.308195 -1.484207 0.499998
v 19.308195 -1.484207 -0.500002
v 19.561998 -1.117934 0.499998
v 19.561998 -1.117934 -0.500002
v 19.765383 -0.716383 0.499998
v 19.765383 -0.716383 -0.500002
v 19.914915 -0.282749 0.499998
v 19.914915 -0.282749 -0.500002
v 20.007153 0.179774 0.499998
v 20.007153 0.179774 -0.500002
v 20.038664 0.667992 0.499998
v 20.038664 0.667992 -0.500002
v 20.006372 1.159884 0.499998
v 20.006372 1.159884 -0.500002
v 19.911997 1.628131 0.499998
v 19.911997 1.628131 -0.500002
v 19.759289 2.069086 0.499998
v 19.759289 2.069086 -0.500002
v 19.551998 2.479104 0.499998
v 19.551998 2.479104 -0.500002
v 19.293873 2.854538 0.499998
v 19.293873 2.854538 -0.500002
v 18.988665 3.191743 0.499998
v 18.988665 3.191743 -0.500002
v 18.640121 3.487072 0.499998
v 18.640121 3.487072 -0.500002
v 18.251997 3.736881 0.499998
v 18.251997 3.736881 -0.500002
v 17.828039 3.937524 0.499998
v 17.828039 3.937524 -0.500002
v 17.371998 4.085353 0.499998
v 17.371998 4.085353 -0.500002
v 16.887623 4.176725 0.499998
v 16.887623 4.176725 -0.500002
v 16.378664 4.207992 0.499998
v 16.378664 4.207992 -0.500002
v 16.183229 4.205174 0.499998
v 16.183229 4.205174 -0.500002
v 15.995192 4.196280 0.499998
v 15.995192 4.196280 -0.500002
v 15.811944 4.180649 0.499998
v 15.811944 4.180649 -0.500002
v 15.630885 4.157622 0.499998
v 15.630885 4.157622 -0.500002
v 15.449409 4.126540 0.499998
v 15.449409 4.126540 -0.500002
v 15.264914 4.086743 0.499998
v 15.264914 4.086743 -0.500001
v 15.074792 4.037570 0.499999
v 15.074792 4.037570 -0.500001
v 14.876442 3.978363 0.499999
v 14.876442 3.978363 -0.500001
v 14.667257 3.908461 0.499999
v 14.667257 3.908461 -0.500001
v 14.444635 3.827205 0.499999
v 14.444635 3.827205 -0.500001
v 14.205973 3.733935 0.499999
v 14.205973 3.733935 -0.500001
v 13.948664 3.627992 0.499999
v 13.948664 3.627992 -0.500001
v 13.948664 2.637992 0.499999
v 13.948664 2.637992 -0.500001
v 14.149265 2.743606 0.499999
v 14.149265 2.743606 -0.500001
v 14.350978 2.840400 0.499999
v 14.350978 2.840400 -0.500001
v 14.553663 2.928304 0.499999
v 14.553663 2.928304 -0.500001
v 14.757181 3.007251 0.499999
v 14.757181 3.007251 -0.500001
v 14.961395 3.077171 0.499999
v 14.961395 3.077171 -0.500001
v 15.166163 3.137992 0.499999
v 15.166163 3.137992 -0.500001
v 15.371349 3.189647 0.499999
v 15.371349 3.189647 -0.500001
v 15.576812 3.232066 0.499999
v 15.576812 3.232066 -0.500001
v 15.782413 3.265180 0.499998
v 15.782413 3.265180 -0.500002
v 15.988016 3.288918 0.499998
v 15.988016 3.288918 -0.500002
v 16.193478 3.303212 0.499998
v 16.193478 3.303212 -0.500002
v 16.398663 3.307992 0.499998
v 16.398663 3.307992 -0.500002
v 16.761314 3.284902 0.499998
v 16.761314 3.284902 -0.500002
v 17.107368 3.217437 0.499998
v 17.107368 3.217437 -0.500002
v 17.433975 3.108305 0.499998
v 17.433975 3.108305 -0.500002
v 17.738293 2.960215 0.499998
v 17.738293 2.960215 -0.500002
v 18.017471 2.775874 0.499998
v 18.017471 2.775874 -0.500002
v 18.268663 2.557993 0.499998
v 18.268663 2.557993 -0.500002
v 18.489021 2.309277 0.499998
v 18.489021 2.309277 -0.500002
v 18.675701 2.032437 0.499998
v 18.675701 2.032437 -0.500002
v 18.825851 1.730180 0.499998
v 18.825851 1.730180 -0.500002
v 18.936626 1.405214 0.499998
v 18.936626 1.405214 -0.500002
v 19.005180 1.060249 0.499998
v 19.005180 1.060249 -0.500002
v 19.028664 0.697992 0.499998
v 19.028664 0.697992 -0.500002
v 19.005297 0.327725 0.499998
v 19.005297 0.327725 -0.500002
v 18.936720 -0.021638 0.499998
v 18.936720 -0.021638 -0.500002
v 18.825228 -0.347946 0.499998
v 18.825228 -0.347946 -0.500002
v 18.673109 -0.649045 0.499998
v 18.673109 -0.649045 -0.500002
v 18.482658 -0.922784 0.499998
v 18.482658 -0.922784 -0.500002
v 18.256165 -1.167008 0.499998
v 18.256165 -1.167008 -0.500002
v 17.995922 -1.379566 0.499998
v 17.995922 -1.379566 -0.500001
v 17.704220 -1.558304 0.499999
v 17.704220 -1.558304 -0.500001
v 17.383350 -1.701071 0.499999
v 17.383350 -1.701071 -0.500001
v 17.035608 -1.805712 0.499999
v 17.035608 -1.805712 -0.500001
v 16.663282 -1.870075 0.499999
v 16.663282 -1.870075 -0.500001
v 16.268663 -1.892008 0.499999
v 16.268663 -1.892008 -0.500001
v 16.137182 -1.889560 0.499999
v 16.137182 -1.889560 -0.500001
v 16.007645 -1.882425 0.499999
v 16.007645 -1.882425 -0.500001
v 15.879913 -1.870914 0.499999
v 15.879913 -1.870914 -0.500001
v 15.753849 -1.855341 0.499999
v 15.753849 -1.855341 -0.500001
v 15.629312 -1.836019 0.499999
v 15.629312 -1.836019 -0.500001
v 15.506164 -1.813258 0.499999
v 15.506164 -1.813258 -0.500001
v 15.384266 -1.787373 0.499999
v 15.384266 -1.787373 -0.500001
v 15.263479 -1.758675 0.499999
v 15.263479 -1.758675 -0.500001
v 15.143663 -1.727477 0.499999
v 15.143663 -1.727477 -0.500001
v 15.024682 -1.694092 0.499999
v 15.024682 -1.694092 -0.500001
v 14.906395 -1.658831 0.499999
v 14.906395 -1.658831 -0.500001
v 14.788664 -1.622008 0.499999
v 14.788664 -1.622008 -0.500001
v 14.788664 -0.222008 0.499999
v 14.788664 -0.222008 -0.500001
v 16.098663 -0.222008 0.499999
v 16.098663 -0.222008 -0.500001
v 16.098663 0.657992 0.499999
v 16.098663 0.657992 -0.500001
v 13.808662 0.657992 0.499999
v 13.808662 0.657992 -0.500001
v 13.808662 -2.232008 0.499999
v 13.808662 -2.232008 -0.500001
v 9.126366 -2.505614 0.499999
v 9.126366 -2.505614 -0.500001
v 9.215283 -2.561684 0.499999
v 9.215283 -2.561684 -0.500001
v 9.296632 -2.610602 0.499999
v 9.296632 -2.610602 -0.500001
v 9.371626 -2.652749 0.499999
v 9.371626 -2.652749 -0.500001
v 9.441482 -2.688507 0.499999
v 9.441482 -2.688507 -0.500001
v 9.507413 -2.718258 0.499999
v 9.507413 -2.718258 -0.500001
v 9.570637 -2.742384 0.499999
v 9.570637 -2.742384 -0.500001
v 9.632367 -2.761267 0.499999
v 9.632367 -2.761267 -0.500001
v 9.693819 -2.775290 0.499999
v 9.693819 -2.775290 -0.500001
v 9.756210 -2.784832 0.499999
v 9.756210 -2.784832 -0.500001
v 9.820752 -2.790278 0.499999
v 9.820752 -2.790278 -0.500001
v 9.888663 -2.792008 0.499999
v 9.888663 -2.792008 -0.500001
v 9.982442 -2.789068 0.499999
v 9.982442 -2.789068 -0.500001
v 10.068894 -2.780156 0.499999
v 10.068894 -2.780156 -0.500001
v 10.148195 -2.765133 0.499999
v 10.148195 -2.765133 -0.500001
v 10.220516 -2.743860 0.499999
v 10.220516 -2.743860 -0.500001
v 10.286031 -2.716198 0.499999
v 10.286031 -2.716198 -0.500001
v 10.344914 -2.682008 0.499999
v 10.344914 -2.682008 -0.500001
v 10.397339 -2.641152 0.499999
v 10.397339 -2.641152 -0.500001
v 10.443479 -2.593490 0.499999
v 10.443479 -2.593490 -0.500001
v 10.483508 -2.538883 0.499999
v 10.483508 -2.538883 -0.500001
v 10.517599 -2.477193 0.499999
v 10.517599 -2.477193 -0.500001
v 10.545926 -2.408281 0.499999
v 10.545926 -2.408281 -0.500001
v 10.568665 -2.332008 0.499999
v 10.568665 -2.332008 -0.500001
v 10.666570 -2.406181 0.499999
v 10.666570 -2.406181 -0.500001
v 10.765238 -2.473721 0.499999
v 10.765238 -2.473721 -0.500001
v 10.864601 -2.534665 0.499999
v 10.864601 -2.534665 -0.500001
v 10.964590 -2.589045 0.499999
v 10.964590 -2.589045 -0.500001
v 11.065135 -2.636898 0.499999
v 11.065135 -2.636898 -0.500001
v 11.166164 -2.678258 0.499999
v 11.166164 -2.678258 -0.500001
v 11.267611 -2.713160 0.499999
v 11.267611 -2.713160 -0.500001
v 11.369405 -2.741638 0.499999
v 11.369405 -2.741638 -0.500001
v 11.471477 -2.763727 0.499999
v 11.471477 -2.763727 -0.500001
v 11.573755 -2.779462 0.499999
v 11.573755 -2.779462 -0.500001
v 11.676176 -2.788877 0.499999
v 11.676176 -2.788877 -0.500001
v 11.778664 -2.792008 0.499999
v 11.778664 -2.792008 -0.500001
v 11.938953 -2.781441 0.499999
v 11.938953 -2.781441 -0.500001
v 12.089312 -2.750805 0.499999
v 12.089312 -2.750805 -0.500001
v 12.228975 -2.701696 0.499999
v 12.228975 -2.701696 -0.500001
v 12.357183 -2.635712 0.499999
v 12.357183 -2.635712 -0.500001
v 12.473166 -2.554450 0.499999
v 12.473166 -2.554450 -0.500001
v 12.576162 -2.459508 0.499999
v 12.576162 -2.459508 -0.500001
v 12.665411 -2.352483 0.499999
v 12.665411 -2.352483 -0.500001
v 12.740145 -2.234971 0.499999
v 12.740145 -2.234971 -0.500001
v 12.799602 -2.108571 0.499999
v 12.799602 -2.108571 -0.500001
v 12.843016 -1.974879 0.499999
v 12.843016 -1.974879 -0.500001
v 12.869624 -1.835492 0.499999
v 12.869624 -1.835492 -0.500001
v 12.878664 -1.692008 0.499999
v 12.878664 -1.692008 -0.500001
v 12.862309 -1.482072 0.499999
v 12.862309 -1.482072 -0.500001
v 12.815331 -1.295851 0.499999
v 12.815331 -1.295851 -0.500001
v 12.740850 -1.131227 0.499999
v 12.740850 -1.131227 -0.500001
v 12.641997 -0.986082 0.499999
v 12.641997 -0.986082 -0.500001
v 12.521893 -0.858299 0.499999
v 12.521893 -0.858299 -0.500001
v 12.383663 -0.745758 0.499999
v 12.383663 -0.745758 -0.500001
v 12.230434 -0.646343 0.499999
v 12.230434 -0.646343 -0.500001
v 12.065330 -0.557934 0.499999
v 12.065330 -0.557934 -0.500001
v 11.891476 -0.478414 0.499999
v 11.891476 -0.478414 -0.500001
v 11.711997 -0.405665 0.499999
v 11.711997 -0.405666 -0.500001
v 11.530018 -0.337569 0.499999
v 11.530018 -0.337569 -0.500001
v 11.348663 -0.272008 0.499999
v 11.348663 -0.272008 -0.500001
v 10.558663 0.007992 0.499999
v 10.558663 0.007992 -0.500001
v 10.558663 0.247992 0.499999
v 10.558663 0.247992 -0.500001
v 10.564290 0.381175 0.499999
v 10.564290 0.381175 -0.500001
v 10.581164 0.500955 0.499999
v 10.581164 0.500955 -0.500001
v 10.609291 0.607680 0.499999
v 10.609291 0.607680 -0.500001
v 10.648665 0.701696 0.499999
v 10.648665 0.701696 -0.500001
v 10.699289 0.783351 0.499999
v 10.699289 0.783351 -0.500001
v 10.761165 0.852992 0.499999
v 10.761165 0.852992 -0.500001
v 10.834289 0.910967 0.499999
v 10.834289 0.910967 -0.500001
v 10.918665 0.957622 0.499999
v 10.918665 0.957622 -0.500001
v 11.014290 0.993305 0.499999
v 11.014290 0.993305 -0.500001
v 11.121163 1.018362 0.499999
v 11.121163 1.018362 -0.500001
v 11.239289 1.033143 0.499999
v 11.239289 1.033143 -0.500001
v 11.368664 1.037992 0.499999
v 11.368664 1.037992 -0.500001
v 11.491325 1.033172 0.499999
v 11.491325 1.033172 -0.500001
v 11.614127 1.018594 0.499999
v 11.614127 1.018594 -0.500001
v 11.736789 0.994086 0.499999
v 11.736789 0.994086 -0.500001
v 11.859035 0.959474 0.499999
v 11.859035 0.959474 -0.500001
v 11.980586 0.914584 0.499999
v 11.980586 0.914584 -0.500001
v 12.101164 0.859242 0.499999
v 12.101164 0.859242 -0.500001
v 12.220492 0.793276 0.499999
v 12.220492 0.793276 -0.500001
v 12.338293 0.716510 0.499999
v 12.338293 0.716510 -0.500001
v 12.454288 0.628773 0.499999
v 12.454288 0.628773 -0.500001
v 12.568201 0.529890 0.499999
v 12.568201 0.529890 -0.500001
v 12.679750 0.419688 0.499999
v 12.679750 0.419688 -0.500001
v 12.788663 0.297992 0.499999
v 12.788663 0.297992 -0.500001
v 12.788663 1.267992 0.499999
v 12.788663 1.267992 -0.500001
v 12.698236 1.366123 0.499999
v 12.698236 1.366123 -0.500001
v 12.601905 1.455538 0.499999
v 12.601905 1.455538 -0.500001
v 12.499601 1.536273 0.499999
v 12.499601 1.536273 -0.500001
v 12.391256 1.608362 0.499999
v 12.391256 1.608362 -0.500001
v 12.276800 1.671841 0.499999
v 12.276800 1.671841 -0.500001
v 12.156163 1.726742 0.499999
v 12.156163 1.726742 -0.500001
v 12.029277 1.773102 0.499999
v 12.029277 1.773102 -0.500001
v 11.896071 1.810955 0.499999
v 11.896071 1.810955 -0.500001
v 11.756476 1.840336 0.499999
v 11.756476 1.840336 -0.500001
v 11.610422 1.861279 0.499999
v 11.610422 1.861279 -0.500001
v 11.457842 1.873820 0.499999
v 11.457842 1.873820 -0.500001
v 11.298664 1.877992 0.499999
v 11.298664 1.877992 -0.500001
v 11.075431 1.868351 0.499999
v 11.075431 1.868351 -0.500001
v 10.861952 1.839196 0.499999
v 10.861952 1.839196 -0.500001
v 10.660071 1.790180 0.499999
v 10.660071 1.790180 -0.500001
v 10.471629 1.720955 0.499999
v 10.471629 1.720955 -0.500001
v 10.298463 1.631175 0.499999
v 10.298463 1.631175 -0.500001
v 10.142416 1.520492 0.499999
v 10.142416 1.520492 -0.500001
v 10.005326 1.388559 0.499999
v 10.005326 1.388559 -0.500001
v 9.889035 1.235029 0.499999
v 9.889035 1.235029 -0.500001
v 9.795383 1.059555 0.499999
v 9.795383 1.059555 -0.500001
v 9.726211 0.861788 0.499999
v 9.726211 0.861788 -0.500001
v 9.683357 0.641383 0.499999
v 9.683357 0.641383 -0.500001
v 9.668664 0.397992 0.499999
v 9.668664 0.397992 -0.500001
v 9.668664 -1.912008 0.499999
v 9.668664 -1.912008 -0.500001
v 9.667418 -1.952245 0.499999
v 9.667418 -1.952245 -0.500001
v 9.663708 -1.988073 0.499999
v 9.663708 -1.988073 -0.500001
v 9.657568 -2.019664 0.499999
v 9.657568 -2.019664 -0.500001
v 9.649033 -2.047193 0.499999
v 9.649033 -2.047193 -0.500001
v 9.638136 -2.070833 0.499999
v 9.638136 -2.070833 -0.500001
v 9.624911 -2.090758 0.499999
v 9.624911 -2.090758 -0.500001
v 9.609396 -2.107141 0.499999
v 9.609396 -2.107141 -0.500001
v 9.591625 -2.120156 0.499999
v 9.591625 -2.120156 -0.500001
v 9.571630 -2.129977 0.499999
v 9.571630 -2.129977 -0.500001
v 9.549450 -2.136777 0.499999
v 9.549450 -2.136777 -0.500001
v 9.525116 -2.140729 0.499999
v 9.525116 -2.140729 -0.500001
v 9.498663 -2.142008 0.499999
v 9.498663 -2.142008 -0.500001
v 9.474330 -2.140151 0.499999
v 9.474330 -2.140151 -0.500001
v 9.446488 -2.134647 0.499999
v 9.446488 -2.134647 -0.500001
v 9.415383 -2.125602 0.499999
v 9.415383 -2.125602 -0.500001
v 9.381257 -2.113119 0.499999
v 9.381257 -2.113119 -0.500001
v 9.344354 -2.097303 0.499999
v 9.344354 -2.097303 -0.500001
v 9.304914 -2.078258 0.499999
v 9.304914 -2.078258 -0.500001
v 9.263184 -2.056088 0.499999
v 9.263184 -2.056088 -0.500001
v 9.219406 -2.030897 0.499999
v 9.219406 -2.030897 -0.500001
v 9.173821 -2.002789 0.499999
v 9.173821 -2.002789 -0.500001
v 9.126674 -1.971869 0.499999
v 9.126674 -1.971869 -0.500001
v 9.078207 -1.938241 0.499999
v 9.078207 -1.938241 -0.500001
v 9.028664 -1.902008 0.499999
v 9.028664 -1.902008 -0.500001
v 9.028664 -2.442008 0.499999
v 9.028664 -2.442008 -0.500001
v 10.746258 -0.547164 0.499999
v 10.746258 -0.547164 -0.500001
v 10.927738 -0.613258 0.499999
v 10.927738 -0.613258 -0.500001
v 11.101164 -0.681227 0.499999
v 11.101164 -0.681227 -0.500001
v 11.264589 -0.752008 0.499999
v 11.264589 -0.752008 -0.500001
v 11.416071 -0.826539 0.499999
v 11.416071 -0.826539 -0.500001
v 11.553664 -0.905758 0.499999
v 11.553664 -0.905758 -0.500001
v 11.675423 -0.990602 0.499999
v 11.675423 -0.990602 -0.500001
v 11.779404 -1.082008 0.499999
v 11.779404 -1.082008 -0.500001
v 11.863663 -1.180914 0.499999
v 11.863663 -1.180914 -0.500001
v 11.926256 -1.288258 0.499999
v 11.926256 -1.288258 -0.500001
v 11.965238 -1.404977 0.499999
v 11.965238 -1.404977 -0.500001
v 11.978664 -1.532008 0.499999
v 11.978664 -1.532008 -0.500001
v 11.973138 -1.622130 0.499999
v 11.973138 -1.622130 -0.500001
v 11.956951 -1.707147 0.499999
v 11.956951 -1.707147 -0.500001
v 11.930695 -1.786539 0.499999
v 11.930695 -1.786539 -0.500001
v 11.894960 -1.859786 0.499999
v 11.894960 -1.859786 -0.500001
v 11.850337 -1.926366 0.499999
v 11.850337 -1.926366 -0.500001
v 11.797414 -1.985758 0.499999
v 11.797414 -1.985758 -0.500001
v 11.736784 -2.037442 0.499999
v 11.736784 -2.037442 -0.500001
v 11.669035 -2.080897 0.499999
v 11.669035 -2.080897 -0.500001
v 11.594758 -2.115602 0.499999
v 11.594758 -2.115602 -0.500001
v 11.514544 -2.141036 0.499999
v 11.514544 -2.141036 -0.500001
v 11.428982 -2.156678 0.499999
v 11.428982 -2.156678 -0.500001
v 11.338663 -2.162008 0.499999
v 11.338663 -2.162008 -0.500001
v 11.269081 -2.159121 0.499999
v 11.269081 -2.159121 -0.500001
v 11.200331 -2.150573 0.499999
v 11.200331 -2.150573 -0.500001
v 11.132414 -2.136539 0.499999
v 11.132414 -2.136539 -0.500001
v 11.065331 -2.117193 0.499999
v 11.065331 -2.117193 -0.500001
v 10.999081 -2.092708 0.499999
v 10.999081 -2.092708 -0.500001
v 10.933664 -2.063258 0.499999
v 10.933664 -2.063258 -0.500001
v 10.869081 -2.029016 0.499999
v 10.869081 -2.029016 -0.500001
v 10.805330 -1.990156 0.499999
v 10.805330 -1.990156 -0.500001
v 10.742414 -1.946852 0.499999
v 10.742414 -1.946852 -0.500001
v 10.680330 -1.899277 0.499999
v 10.680330 -1.899277 -0.500001
v 10.619080 -1.847604 0.499999
v 10.619080 -1.847604 -0.500001
v 10.558663 -1.792008 0.499999
v 10.558663 -1.792008 -0.500001
v 10.558663 -0.482008 0.499999
v 10.558663 -0.482008 -0.500001
v 7.388663 1.197992 0.499999
v 7.388663 1.197992 -0.500001
v 7.274277 1.308004 0.499999
v 7.274277 1.308004 -0.500001
v 7.161071 1.408085 0.499999
v 7.161071 1.408085 -0.500001
v 7.048976 1.498305 0.499999
v 7.048976 1.498305 -0.500001
v 6.937923 1.578733 0.499999
v 6.937923 1.578733 -0.500001
v 6.827842 1.649439 0.499999
v 6.827842 1.649439 -0.500001
v 6.718664 1.710492 0.499999
v 6.718664 1.710492 -0.500001
v 6.610320 1.761962 0.499999
v 6.610320 1.761962 -0.500001
v 6.502738 1.803918 0.499999
v 6.502738 1.803918 -0.500001
v 6.395851 1.836430 0.499999
v 6.395851 1.836430 -0.500001
v 6.289589 1.859566 0.499999
v 6.289589 1.859566 -0.500001
v 6.183883 1.873397 0.499999
v 6.183883 1.873397 -0.500001
v 6.078663 1.877992 0.499999
v 6.078663 1.877992 -0.500001
v 5.938287 1.872176 0.499999
v 5.938287 1.872176 -0.500001
v 5.802320 1.854798 0.499999
v 5.802320 1.854798 -0.500001
v 5.671006 1.825961 0.499999
v 5.671006 1.825961 -0.500001
v 5.544589 1.785770 0.499999
v 5.544589 1.785770 -0.500001
v 5.423310 1.734329 0.499999
v 5.423310 1.734329 -0.500001
v 5.307413 1.671742 0.499999
v 5.307413 1.671742 -0.500001
v 5.197141 1.598114 0.499999
v 5.197141 1.598114 -0.500001
v 5.092738 1.513548 0.499999
v 5.092738 1.513548 -0.500001
v 4.994445 1.418148 0.499999
v 4.994445 1.418148 -0.500000
v 4.902506 1.312020 0.500000
v 4.902506 1.312020 -0.500000
v 4.817164 1.195266 0.500000
v 4.817164 1.195266 -0.500000
v 4.738664 1.067992 0.500000
v 4.738664 1.067992 -0.500000
v 4.639444 1.176360 0.500000
v 4.639444 1.176360 -0.500000
v 4.536580 1.280770 0.500000
v 4.536580 1.280770 -0.500000
v 4.429756 1.380180 0.500000
v 4.429756 1.380180 -0.500000
v 4.318663 1.473547 0.500000
v 4.318663 1.473547 -0.500000
v 4.202986 1.559832 0.500000
v 4.202986 1.559832 -0.500000
v 4.082413 1.637992 0.500000
v 4.082413 1.637992 -0.500000
v 3.956631 1.706985 0.500000
v 3.956631 1.706985 -0.500000
v 3.825330 1.765770 0.500000
v 3.825330 1.765770 -0.500000
v 3.688195 1.813305 0.500000
v 3.688195 1.813305 -0.500000
v 3.544914 1.848548 0.500000
v 3.544914 1.848548 -0.500000
v 3.395174 1.870458 0.500000
v 3.395174 1.870458 -0.500000
v 3.238664 1.877992 0.500000
v 3.238664 1.877992 -0.500000
v 3.018183 1.863606 0.500000
v 3.018183 1.863606 -0.500000
v 2.812320 1.821233 0.500000
v 2.812320 1.821233 -0.500000
v 2.621944 1.752055 0.500000
v 2.621944 1.752055 -0.500000
v 2.447922 1.657251 0.500000
v 2.447922 1.657251 -0.500000
v 2.291123 1.538004 0.500000
v 2.291123 1.538004 -0.500000
v 2.152413 1.395492 0.500000
v 2.152413 1.395492 -0.500000
v 2.032661 1.230897 0.500000
v 2.032661 1.230897 -0.500000
v 1.932737 1.045399 0.500000
v 1.932737 1.045399 -0.500000
v 1.853507 0.840179 0.500000
v 1.853507 0.840179 -0.500000
v 1.795839 0.616418 0.500000
v 1.795839 0.616418 -0.500000
v 1.760602 0.375295 0.500000
v 1.760602 0.375295 -0.500000
v 1.748663 0.117992 0.500000
v 1.748663 0.117992 -0.500000
v 1.748663 -2.702008 0.500000
v 1.748663 -2.702008 -0.500000
v 2.638663 -2.702008 0.500000
v 2.638663 -2.702008 -0.500000
v 2.638663 0.077992 0.500000
v 2.638663 0.077992 -0.500000
v 2.647222 0.241499 0.500000
v 2.647222 0.241499 -0.500000
v 2.672136 0.391881 0.500000
v 2.672136 0.391881 -0.500000
v 2.712257 0.528930 0.500000
v 2.712257 0.528930 -0.500000
v 2.766441 0.652437 0.500000
v 2.766441 0.652437 -0.500000
v 2.833542 0.762194 0.500000
v 2.833542 0.762194 -0.500000
v 2.912413 0.857992 0.500000
v 2.912413 0.857992 -0.500000
v 3.001909 0.939624 0.500000
v 3.001909 0.939624 -0.500000
v 3.100885 1.006881 0.500000
v 3.100885 1.006881 -0.500000
v 3.208194 1.059555 0.500000
v 3.208194 1.059555 -0.500000
v 3.322691 1.097437 0.500000
v 3.322691 1.097437 -0.500000
v 3.443229 1.120318 0.500000
v 3.443229 1.120318 -0.500000
v 3.568664 1.127992 0.500000
v 3.568664 1.127992 -0.500000
v 3.643149 1.125179 0.500000
v 3.643149 1.125179 -0.500000
v 3.721210 1.112158 0.500000
v 3.721210 1.112158 -0.500000
v 3.802257 1.089554 0.500000
v 3.802257 1.089554 -0.500000
v 3.885700 1.057992 0.500000
v 3.885700 1.057992 -0.500000
v 3.970948 1.018096 0.500000
v 3.970948 1.018096 -0.500000
v 4.057412 0.970492 0.500000
v 4.057412 0.970492 -0.500000
v 4.144502 0.915804 0.500000
v 4.144502 0.915804 -0.500000
v 4.231626 0.854658 0.500000
v 4.231626 0.854658 -0.500000
v 4.318194 0.787679 0.500000
v 4.318194 0.787679 -0.500000
v 4.403616 0.715492 0.500000
v 4.403616 0.715492 -0.500000
v 4.487302 0.638721 0.500000
v 4.487302 0.638721 -0.500000
v 4.568663 0.557992 0.500000
v 4.568663 0.557992 -0.500000
v 4.568663 -2.702008 0.500000
v 4.568663 -2.702008 -0.500000
v 5.458663 -2.702008 0.500000
v 5.458663 -2.702008 -0.500000
v 5.458663 0.087992 0.500000
v 5.458663 0.087992 -0.500000
v 5.466198 0.261806 0.500000
v 5.466198 0.261806 -0.500000
v 5.488107 0.418501 0.499999
v 5.488107 0.418501 -0.500000
v 5.523350 0.558461 0.499999
v 5.523350 0.558461 -0.500001
v 5.570885 0.682066 0.499999
v 5.570885 0.682066 -0.500001
v 5.629669 0.789699 0.499999
v 5.629669 0.789699 -0.500001
v 5.698663 0.881742 0.499999
v 5.698663 0.881742 -0.500001
v 5.776823 0.958577 0.499999
v 5.776823 0.958577 -0.500001
v 5.863108 1.020585 0.499999
v 5.863108 1.020585 -0.500001
v 5.956476 1.068148 0.499999
v 5.956476 1.068148 -0.500001
v 6.055885 1.101649 0.499999
v 6.055885 1.101649 -0.500001
v 6.160295 1.121470 0.499999
v 6.160295 1.121470 -0.500001
v 6.268663 1.127992 0.499999
v 6.268663 1.127992 -0.500001
v 6.378165 1.124989 0.499999
v 6.378165 1.124989 -0.500001
v 6.482182 1.115631 0.499999
v 6.482182 1.115631 -0.500001
v 6.581476 1.099399 0.499999
v 6.581476 1.099399 -0.500001
v 6.676811 1.075770 0.499999
v 6.676811 1.075770 -0.500001
v 6.768952 1.044225 0.499999
v 6.768952 1.044225 -0.500001
v 6.858664 1.004242 0.499999
v 6.858664 1.004242 -0.500001
v 6.946708 0.955301 0.499999
v 6.946708 0.955301 -0.500001
v 7.033849 0.896881 0.499999
v 7.033849 0.896881 -0.500001
v 7.120852 0.828461 0.499999
v 7.120852 0.828461 -0.500001
v 7.208478 0.749520 0.499999
v 7.208478 0.749520 -0.500001
v 7.297494 0.659537 0.499999
v 7.297494 0.659537 -0.500001
v 7.388663 0.557992 0.499999
v 7.388663 0.557992 -0.500001
v 7.388663 -2.702008 0.499999
v 7.388663 -2.702008 -0.500001
v 8.278664 -2.702008 0.499999
v 8.278664 -2.702008 -0.500001
v 8.278664 1.787992 0.499999
v 8.278664 1.787992 -0.500001
v 7.388663 1.787992 0.499999
v 7.388663 1.787992 -0.500001
v -3.087194 -2.348061 0.500000
v -3.087194 -2.348061 -0.500000
v -2.954023 -2.426267 0.500000
v -2.954023 -2.426267 -0.500000
v -2.820714 -2.496696 0.500000
v -2.820714 -2.496696 -0.500000
v -2.686152 -2.559416 0.500000
v -2.686152 -2.559416 -0.500000
v -2.549231 -2.614497 0.500000
v -2.549231 -2.614497 -0.500000
v -2.408838 -2.662008 0.500000
v -2.408838 -2.662008 -0.500000
v -2.263861 -2.702020 0.500000
v -2.263861 -2.702020 -0.500000
v -2.113190 -2.734601 0.500000
v -2.113190 -2.734601 -0.500000
v -1.955712 -2.759821 0.500000
v -1.955712 -2.759821 -0.500000
v -1.790318 -2.777749 0.500000
v -1.790318 -2.777749 -0.500000
v -1.615896 -2.788455 0.500000
v -1.615896 -2.788455 -0.500000
v -1.431336 -2.792008 0.500000
v -1.431336 -2.792008 -0.500000
v -1.094346 -2.768663 0.500000
v -1.094346 -2.768663 -0.500000
v -0.783744 -2.701082 0.500000
v -0.783744 -2.701082 -0.500000
v -0.500088 -2.592945 0.500000
v -0.500088 -2.592945 -0.500000
v -0.243931 -2.447934 0.500000
v -0.243931 -2.447934 -0.500000
v -0.015829 -2.269728 0.500000
v -0.015829 -2.269728 -0.500000
v 0.183661 -2.062008 0.500000
v 0.183661 -2.062008 -0.500000
v 0.353985 -1.828455 0.500000
v 0.353985 -1.828455 -0.500000
v 0.494587 -1.572749 0.500000
v 0.494587 -1.572749 -0.500000
v 0.604912 -1.298571 0.500000
v 0.604912 -1.298571 -0.500000
v 0.684403 -1.009601 0.500000
v 0.684403 -1.009601 -0.500000
v 0.732505 -0.709520 0.500000
v 0.732505 -0.709520 -0.500000
v 0.748663 -0.402008 0.500000
v 0.748663 -0.402008 -0.500000
v 0.731020 -0.071453 0.500000
v 0.731020 -0.071453 -0.500000
v 0.679214 0.239103 0.500000
v 0.679214 0.239103 -0.500000
v 0.594908 0.527992 0.500000
v 0.594908 0.527992 -0.500000
v 0.479770 0.793547 0.500000
v 0.479770 0.793547 -0.500000
v 0.335465 1.034103 0.500000
v 0.335464 1.034103 -0.500000
v 0.163660 1.247992 0.500000
v 0.163660 1.247992 -0.500000
v -0.033979 1.433547 0.500000
v -0.033979 1.433547 -0.500000
v -0.255785 1.589103 0.500000
v -0.255785 1.589103 -0.500000
v -0.500090 1.712992 0.500000
v -0.500090 1.712992 -0.500000
v -0.765228 1.803547 0.500000
v -0.765228 1.803547 -0.500000
v -1.049533 1.859103 0.500000
v -1.049533 1.859103 -0.500000
v -1.351337 1.877992 0.500000
v -1.351337 1.877992 -0.500000
v -1.639686 1.861094 0.500000
v -1.639686 1.861094 -0.500000
v -1.908975 1.810307 0.500000
v -1.908975 1.810307 -0.500000
v -2.158055 1.725492 0.500000
v -2.158055 1.725492 -0.500000
v -2.385781 1.606511 0.500000
v -2.385781 1.606511 -0.500000
v -2.591007 1.453223 0.500000
v -2.591007 1.453223 -0.500000
v -2.772586 1.265492 0.500000
v -2.772586 1.265492 -0.500000
v -2.929375 1.043177 0.500000
v -2.929375 1.043177 -0.500000
v -3.060226 0.786140 0.500000
v -3.060226 0.786140 -0.500000
v -3.163993 0.494242 0.500000
v -3.163993 0.494242 -0.500000
v -3.239532 0.167344 0.500000
v -3.239532 0.167344 -0.500000
v -3.285694 -0.194693 0.500000
v -3.285694 -0.194693 -0.500000
v -3.301337 -0.592008 0.500000
v -3.301337 -0.592008 -0.500000
v -0.141337 -0.592008 0.500000
v -0.141337 -0.592008 -0.500000
v -0.184033 -0.805532 0.500000
v -0.184033 -0.805532 -0.500000
v -0.242076 -1.001036 0.500000
v -0.242076 -1.001036 -0.500000
v -0.315397 -1.178414 0.500000
v -0.315397 -1.178414 -0.500000
v -0.403926 -1.337564 0.500000
v -0.403926 -1.337564 -0.500000
v -0.507595 -1.478380 0.500000
v -0.507596 -1.478380 -0.500000
v -0.626335 -1.600758 0.500000
v -0.626335 -1.600758 -0.500000
v -0.760074 -1.704595 0.500000
v -0.760074 -1.704595 -0.500000
v -0.908742 -1.789786 0.500000
v -0.908742 -1.789786 -0.500000
v -1.072273 -1.856227 0.500000
v -1.072273 -1.856227 -0.500000
v -1.250596 -1.903814 0.500000
v -1.250596 -1.903814 -0.500000
v -1.443641 -1.932442 0.500000
v -1.443641 -1.932442 -0.500000
v -1.651337 -1.942008 0.500000
v -1.651337 -1.942008 -0.500000
v -1.785734 -1.937876 0.500000
v -1.785734 -1.937876 -0.500000
v -1.919022 -1.925619 0.500000
v -1.919022 -1.925619 -0.500000
v -2.051337 -1.905446 0.500000
v -2.051337 -1.905446 -0.500000
v -2.182817 -1.877564 0.500000
v -2.182817 -1.877564 -0.500000
v -2.313604 -1.842182 0.500000
v -2.313604 -1.842182 -0.500000
v -2.443836 -1.799508 0.500000
v -2.443836 -1.799508 -0.500000
v -2.573650 -1.749751 0.500000
v -2.573650 -1.749751 -0.500000
v -2.703187 -1.693119 0.500000
v -2.703187 -1.693119 -0.500000
v -2.832587 -1.629821 0.500000
v -2.832587 -1.629821 -0.500000
v -2.961986 -1.560064 0.500000
v -2.961986 -1.560064 -0.500000
v -3.091524 -1.484057 0.500000
v -3.091524 -1.484057 -0.500000
v -3.221338 -1.402008 0.500000
v -3.221338 -1.402008 -0.500000
v -3.221338 -2.262008 0.500000
v -3.221338 -2.262008 -0.500000
v -2.406404 0.162679 0.500000
v -2.406404 0.162679 -0.500000
v -2.376890 0.316325 0.500000
v -2.376890 0.316325 -0.500000
v -2.333210 0.458304 0.500000
v -2.333210 0.458304 -0.500000
v -2.275779 0.587991 0.500000
v -2.275779 0.587991 -0.500000
v -2.205017 0.704762 0.500000
v -2.205017 0.704762 -0.500000
v -2.121336 0.807992 0.500000
v -2.121336 0.807992 -0.500000
v -2.025156 0.897054 0.500000
v -2.025156 0.897054 -0.500000
v -1.916893 0.971325 0.500000
v -1.916893 0.971325 -0.500000
v -1.796961 1.030179 0.500000
v -1.796961 1.030179 -0.500000
v -1.665781 1.072992 0.500000
v -1.665781 1.072992 -0.500000
v -1.523767 1.099138 0.500000
v -1.523767 1.099138 -0.500000
v -1.371336 1.107992 0.500000
v -1.371336 1.107992 -0.500000
v -1.206970 1.099711 0.500000
v -1.206970 1.099711 -0.500000
v -1.053927 1.075076 0.500000
v -1.053927 1.075076 -0.500000
v -0.912273 1.034399 0.500000
v -0.912273 1.034399 -0.500000
v -0.782077 0.977992 0.500000
v -0.782077 0.977992 -0.500000
v -0.663409 0.906169 0.500000
v -0.663409 0.906169 -0.500000
v -0.556338 0.819242 0.500000
v -0.556338 0.819242 -0.500000
v -0.460932 0.717523 0.500000
v -0.460932 0.717523 -0.500000
v -0.377264 0.601325 0.500000
v -0.377264 0.601325 -0.500000
v -0.305400 0.470961 0.500000
v -0.305400 0.470961 -0.500000
v -0.245411 0.326742 0.500000
v -0.245411 0.326742 -0.500000
v -0.197368 0.168982 0.500000
v -0.197368 0.168982 -0.500000
v -0.161338 -0.002008 0.500000
v -0.161338 -0.002008 -0.500000
v -2.421336 -0.002008 0.500000
v -2.421336 -0.002008 -0.500000
v -8.286204 4.175411 0.500001
v -8.286204 4.175411 -0.499999
v -8.794439 4.080678 0.500001
v -8.794439 4.080678 -0.499999
v -9.263992 3.928305 0.500001
v -9.263992 3.928305 -0.499999
v -9.692817 3.722807 0.500001
v -9.692817 3.722807 -0.499999
v -10.078864 3.468698 0.500001
v -10.078864 3.468698 -0.499999
v -10.420086 3.170492 0.500001
v -10.420086 3.170492 -0.499999
v -10.714434 2.832702 0.500001
v -10.714434 2.832702 -0.499999
v -10.959856 2.459843 0.500001
v -10.959856 2.459843 -0.499999
v -11.154306 2.056429 0.500001
v -11.154306 2.056429 -0.499999
v -11.295736 1.626973 0.500001
v -11.295736 1.626973 -0.499999
v -11.382095 1.175990 0.500001
v -11.382095 1.175990 -0.499999
v -11.411338 0.707992 0.500001
v -11.411338 0.707992 -0.499999
v -11.382849 0.252599 0.500001
v -11.382849 0.252598 -0.499999
v -11.298423 -0.190156 0.500001
v -11.298423 -0.190156 -0.499999
v -11.159620 -0.615133 0.500001
v -11.159620 -0.615133 -0.499999
v -10.968006 -1.017193 0.500001
v -10.968006 -1.017193 -0.499999
v -10.725141 -1.391198 0.500001
v -10.725141 -1.391198 -0.499999
v -10.432589 -1.732008 0.500001
v -10.432589 -1.732008 -0.499999
v -10.091913 -2.034485 0.500001
v -10.091913 -2.034485 -0.499999
v -9.704674 -2.293489 0.500001
v -9.704674 -2.293489 -0.499999
v -9.272432 -2.503883 0.500001
v -9.272432 -2.503883 -0.499999
v -8.796754 -2.660527 0.500001
v -8.796754 -2.660527 -0.499999
v -8.279202 -2.758281 0.500001
v -8.279202 -2.758281 -0.499999
v -7.721336 -2.792008 0.500001
v -7.721336 -2.792008 -0.499999
v -7.181261 -2.758472 0.500001
v -7.181261 -2.758472 -0.499999
v -6.677401 -2.661221 0.500001
v -6.677401 -2.661221 -0.499999
v -6.211805 -2.505289 0.500001
v -6.211805 -2.505289 -0.499999
v -5.786521 -2.295712 0.500001
v -5.786521 -2.295712 -0.499999
v -5.403600 -2.037523 0.500001
v -5.403600 -2.037523 -0.499999
v -5.065088 -1.735758 0.500001
v -5.065088 -1.735758 -0.499999
v -4.773035 -1.395451 0.500000
v -4.773035 -1.395451 -0.500000
v -4.529488 -1.021638 0.500000
v -4.529488 -1.021638 -0.500000
v -4.336495 -0.619352 0.500000
v -4.336495 -0.619352 -0.500000
v -4.196107 -0.193628 0.500000
v -4.196107 -0.193628 -0.500000
v -4.110372 0.250498 0.500000
v -4.110372 0.250498 -0.500000
v -4.081337 0.707992 0.500000
v -4.081337 0.707992 -0.500000
v -4.111147 1.173888 0.500000
v -4.111147 1.173888 -0.500000
v -4.198978 1.623501 0.500000
v -4.198978 1.623501 -0.500000
v -4.342432 2.052211 0.500000
v -4.342432 2.052211 -0.500000
v -4.539115 2.455399 0.500000
v -4.539115 2.455399 -0.500000
v -4.786632 2.828449 0.500000
v -4.786632 2.828449 -0.500000
v -5.082586 3.166742 0.500000
v -5.082586 3.166742 -0.500000
v -5.424583 3.465660 0.500000
v -5.424583 3.465660 -0.500000
v -5.810225 3.720585 0.500000
v -5.810225 3.720585 -0.500000
v -6.237118 3.926898 0.500000
v -6.237118 3.926898 -0.500000
v -6.702864 4.079983 0.500000
v -6.702864 4.079983 -0.500000
v -7.205069 4.175220 0.500000
v -7.205069 4.175220 -0.500000
v -7.741337 4.207992 0.500000
v -7.741337 4.207992 -0.499999
v -8.115082 -1.869305 0.500001
v -8.115082 -1.869305 -0.499999
v -8.469625 -1.802887 0.500001
v -8.469625 -1.802887 -0.499999
v -8.802431 -1.695289 0.500001
v -8.802431 -1.695289 -0.499999
v -9.110966 -1.549045 0.500001
v -9.110966 -1.549045 -0.499999
v -9.392695 -1.366689 0.500001
v -9.392695 -1.366689 -0.499999
v -9.645085 -1.150758 0.500001
v -9.645085 -1.150758 -0.499999
v -9.865601 -0.903785 0.500001
v -9.865601 -0.903785 -0.499999
v -10.051706 -0.628304 0.500001
v -10.051706 -0.628304 -0.499999
v -10.200868 -0.326852 0.500001
v -10.200868 -0.326852 -0.499999
v -10.310550 -0.001962 0.500001
v -10.310550 -0.001962 -0.499999
v -10.378218 0.343831 0.500001
v -10.378218 0.343831 -0.499999
v -10.401337 0.707992 0.500001
v -10.401337 0.707992 -0.499999
v -10.378218 1.074254 0.500001
v -10.378218 1.074254 -0.499999
v -10.310550 1.421418 0.500001
v -10.310550 1.421418 -0.499999
v -10.200868 1.747055 0.500001
v -10.200868 1.747055 -0.499999
v -10.051706 2.048733 0.500001
v -10.051706 2.048733 -0.499999
v -9.865601 2.324022 0.500001
v -9.865601 2.324022 -0.499999
v -9.645085 2.570492 0.500001
v -9.645085 2.570492 -0.499999
v -9.392695 2.785712 0.500001
v -9.392695 2.785712 -0.499999
v -9.110966 2.967251 0.500001
v -9.110966 2.967251 -0.499999
v -8.802431 3.112679 0.500001
v -8.802431 3.112679 -0.499999
v -8.469625 3.219566 0.500001
v -8.469625 3.219566 -0.499999
v -8.115082 3.285480 0.500001
v -8.115082 3.285480 -0.499999
v -7.741337 3.307992 0.500001
v -7.741337 3.307992 -0.499999
v -7.369890 3.285480 0.500000
v -7.369890 3.285480 -0.499999
v -7.017262 3.219565 0.500000
v -7.017262 3.219565 -0.500000
v -6.686025 3.112679 0.500000
v -6.686025 3.112679 -0.500000
v -6.378744 2.967251 0.500000
v -6.378744 2.967251 -0.500000
v -6.097991 2.785712 0.500000
v -6.097991 2.785712 -0.500000
v -5.846336 2.570492 0.500000
v -5.846336 2.570492 -0.500000
v -5.626347 2.324022 0.500000
v -5.626347 2.324022 -0.500000
v -5.440595 2.048733 0.500000
v -5.440595 2.048733 -0.500000
v -5.291648 1.747054 0.500000
v -5.291648 1.747054 -0.500000
v -5.182076 1.421418 0.500000
v -5.182076 1.421418 -0.500000
v -5.114448 1.074254 0.500000
v -5.114448 1.074254 -0.500000
v -5.091336 0.707992 0.500000
v -5.091336 0.707992 -0.500000
v -5.114448 0.343831 0.500000
v -5.114448 0.343831 -0.500000
v -5.182076 -0.001962 0.500000
v -5.182076 -0.001962 -0.500000
v -5.291648 -0.326852 0.500000
v -5.291648 -0.326852 -0.500000
v -5.440595 -0.628304 0.500000
v -5.440595 -0.628304 -0.499999
v -5.626347 -0.903785 0.500001
v -5.626347 -0.903785 -0.499999
v -5.846336 -1.150758 0.500001
v -5.846336 -1.150758 -0.499999
v -6.097991 -1.366690 0.500001
v -6.097991 -1.366690 -0.499999
v -6.378744 -1.549045 0.500001
v -6.378744 -1.549045 -0.499999
v -6.686025 -1.695289 0.500001
v -6.686025 -1.695289 -0.499999
v -7.017262 -1.802888 0.500001
v -7.017262 -1.802888 -0.499999
v -7.369890 -1.869306 0.500001
v -7.369890 -1.869306 -0.499999
v -7.741337 -1.892008 0.500001
v -7.741337 -1.892008 -0.499999
v -12.861336 1.787992 0.500001
v -12.861336 1.787992 -0.499999
v -14.071336 -0.972008 0.500001
v -14.071336 -0.972008 -0.499999
v -15.251336 1.787992 0.500001
v -15.251336 1.787992 -0.499999
v -16.201336 1.787992 0.500001
v -16.201336 1.787992 -0.499999
v -14.221336 -2.792008 0.500001
v -14.221336 -2.792008 -0.499999
v -13.921337 -2.792008 0.500001
v -13.921337 -2.792008 -0.499999
v -11.891336 1.787992 0.500001
v -11.891336 1.787992 -0.499999
v -20.487198 -2.348061 0.500002
v -20.487198 -2.348061 -0.499998
v -20.354027 -2.426267 0.500002
v -20.354027 -2.426267 -0.499998
v -20.220718 -2.496696 0.500002
v -20.220718 -2.496696 -0.499998
v -20.086155 -2.559416 0.500002
v -20.086155 -2.559416 -0.499998
v -19.949230 -2.614497 0.500002
v -19.949230 -2.614497 -0.499998
v -19.808836 -2.662008 0.500002
v -19.808836 -2.662008 -0.499998
v -19.663858 -2.702020 0.500002
v -19.663858 -2.702020 -0.499998
v -19.513187 -2.734601 0.500002
v -19.513187 -2.734601 -0.499998
v -19.355713 -2.759821 0.500002
v -19.355713 -2.759821 -0.499998
v -19.190319 -2.777749 0.500002
v -19.190319 -2.777749 -0.499998
v -19.015896 -2.788455 0.500002
v -19.015896 -2.788455 -0.499998
v -18.831337 -2.792008 0.500002
v -18.831337 -2.792008 -0.499998
v -18.494347 -2.768663 0.500002
v -18.494347 -2.768663 -0.499998
v -18.183744 -2.701082 0.500002
v -18.183744 -2.701082 -0.499998
v -17.900085 -2.592945 0.500002
v -17.900085 -2.592945 -0.499998
v -17.643929 -2.447934 0.500002
v -17.643929 -2.447934 -0.499998
v -17.415827 -2.269728 0.500002
v -17.415827 -2.269728 -0.499998
v -17.216335 -2.062008 0.500002
v -17.216335 -2.062008 -0.499998
v -17.046011 -1.828455 0.500002
v -17.046011 -1.828455 -0.499998
v -16.905407 -1.572749 0.500002
v -16.905407 -1.572749 -0.499998
v -16.795084 -1.298571 0.500002
v -16.795084 -1.298571 -0.499998
v -16.715593 -1.009601 0.500001
v -16.715593 -1.009601 -0.499998
v -16.667492 -0.709520 0.500001
v -16.667492 -0.709520 -0.499999
v -16.651335 -0.402008 0.500001
v -16.651335 -0.402008 -0.499999
v -16.668976 -0.071453 0.500001
v -16.668976 -0.071453 -0.499999
v -16.720781 0.239103 0.500001
v -16.720781 0.239103 -0.499999
v -16.805086 0.527992 0.500001
v -16.805086 0.527992 -0.499999
v -16.920225 0.793547 0.500001
v -16.920225 0.793547 -0.499999
v -17.064531 1.034103 0.500001
v -17.064531 1.034103 -0.499999
v -17.236338 1.247992 0.500001
v -17.236338 1.247992 -0.499999
v -17.433977 1.433547 0.500001
v -17.433977 1.433547 -0.499999
v -17.655783 1.589103 0.500001
v -17.655783 1.589103 -0.499999
v -17.900087 1.712992 0.500001
v -17.900087 1.712992 -0.499999
v -18.165226 1.803547 0.500001
v -18.165226 1.803547 -0.499998
v -18.449532 1.859103 0.500002
v -18.449532 1.859103 -0.499998
v -18.751335 1.877992 0.500002
v -18.751335 1.877992 -0.499998
v -19.039684 1.861094 0.500002
v -19.039684 1.861094 -0.499998
v -19.308971 1.810307 0.500002
v -19.308971 1.810307 -0.499998
v -19.558052 1.725492 0.500002
v -19.558052 1.725492 -0.499998
v -19.785782 1.606511 0.500002
v -19.785782 1.606511 -0.499998
v -19.991007 1.453223 0.500002
v -19.991007 1.453223 -0.499998
v -20.172586 1.265492 0.500002
v -20.172586 1.265492 -0.499998
v -20.329376 1.043177 0.500002
v -20.329376 1.043177 -0.499998
v -20.460224 0.786140 0.500002
v -20.460224 0.786140 -0.499998
v -20.563993 0.494242 0.500002
v -20.563993 0.494242 -0.499998
v -20.639534 0.167344 0.500002
v -20.639534 0.167344 -0.499998
v -20.685696 -0.194693 0.500002
v -20.685696 -0.194693 -0.499998
v -20.701336 -0.592008 0.500002
v -20.701336 -0.592008 -0.499998
v -17.541336 -0.592008 0.500002
v -17.541336 -0.592008 -0.499998
v -17.584034 -0.805532 0.500002
v -17.584034 -0.805532 -0.499998
v -17.642076 -1.001036 0.500002
v -17.642076 -1.001036 -0.499998
v -17.715397 -1.178414 0.500002
v -17.715397 -1.178414 -0.499998
v -17.803926 -1.337564 0.500002
v -17.803926 -1.337564 -0.499998
v -17.907597 -1.478380 0.500002
v -17.907597 -1.478380 -0.499998
v -18.026333 -1.600758 0.500002
v -18.026333 -1.600758 -0.499998
v -18.160072 -1.704595 0.500002
v -18.160072 -1.704595 -0.499998
v -18.308739 -1.789786 0.500002
v -18.308739 -1.789786 -0.499998
v -18.472271 -1.856227 0.500002
v -18.472271 -1.856227 -0.499998
v -18.650593 -1.903814 0.500002
v -18.650593 -1.903814 -0.499998
v -18.843639 -1.932442 0.500002
v -18.843639 -1.932442 -0.499998
v -19.051338 -1.942008 0.500002
v -19.051338 -1.942008 -0.499998
v -19.185732 -1.937876 0.500002
v -19.185732 -1.937876 -0.499998
v -19.319019 -1.925619 0.500002
v -19.319019 -1.925619 -0.499998
v -19.451334 -1.905446 0.500002
v -19.451334 -1.905446 -0.499998
v -19.582815 -1.877564 0.500002
v -19.582815 -1.877564 -0.499998
v -19.713602 -1.842182 0.500002
v -19.713602 -1.842182 -0.499998
v -19.843836 -1.799508 0.500002
v -19.843836 -1.799508 -0.499998
v -19.973650 -1.749751 0.500002
v -19.973650 -1.749751 -0.499998
v -20.103188 -1.693119 0.500002
v -20.103188 -1.693119 -0.499998
v -20.232586 -1.629821 0.500002
v -20.232586 -1.629821 -0.499998
v -20.361986 -1.560064 0.500002
v -20.361986 -1.560064 -0.499998
v -20.491524 -1.484057 0.500002
v -20.491524 -1.484057 -0.499998
v -20.621338 -1.402008 0.500002
v -20.621338 -1.402008 -0.499998
v -20.621338 -2.262008 0.500002
v -20.621338 -2.262008 -0.499998
v -19.806395 0.162679 0.500002
v -19.806395 0.162679 -0.499998
v -19.776882 0.316325 0.500002
v -19.776882 0.316325 -0.499998
v -19.733204 0.458304 0.500002
v -19.733204 0.458304 -0.499998
v -19.675774 0.587991 0.500002
v -19.675774 0.587991 -0.499998
v -19.605011 0.704762 0.500002
v -19.605011 0.704762 -0.499998
v -19.521332 0.807992 0.500002
v -19.521332 0.807992 -0.499998
v -19.425154 0.897054 0.500002
v -19.425154 0.897054 -0.499998
v -19.316891 0.971325 0.500002
v -19.316891 0.971325 -0.499998
v -19.196960 1.030179 0.500002
v -19.196960 1.030179 -0.499998
v -19.065781 1.072992 0.500002
v -19.065781 1.072992 -0.499998
v -18.923767 1.099138 0.500002
v -18.923767 1.099138 -0.499998
v -18.771336 1.107992 0.500002
v -18.771336 1.107992 -0.499998
v -18.606968 1.099711 0.500002
v -18.606968 1.099711 -0.499998
v -18.453924 1.075076 0.500002
v -18.453924 1.075076 -0.499998
v -18.312271 1.034399 0.500002
v -18.312271 1.034399 -0.499998
v -18.182076 0.977992 0.500002
v -18.182076 0.977992 -0.499998
v -18.063408 0.906169 0.500002
v -18.063408 0.906169 -0.499998
v -17.956335 0.819242 0.500002
v -17.956335 0.819242 -0.499998
v -17.860929 0.717523 0.500002
v -17.860929 0.717523 -0.499998
v -17.777262 0.601325 0.500002
v -17.777262 0.601325 -0.499998
v -17.705399 0.470961 0.500002
v -17.705399 0.470961 -0.499998
v -17.645409 0.326742 0.500002
v -17.645409 0.326742 -0.499998
v -17.597366 0.168982 0.500002
v -17.597366 0.168982 -0.499998
v -17.561337 -0.002008 0.500002
v -17.561337 -0.002008 -0.499998
v -19.821335 -0.002008 0.500002
v -19.821335 -0.002008 -0.499998
v -22.611336 0.757992 0.500002
v -22.611336 0.757992 -0.499998
v -22.631336 0.757992 0.500002
v -22.631336 0.757992 -0.499998
v -22.743425 0.945984 0.500002
v -22.743425 0.945984 -0.499998
v -22.854713 1.115260 0.500002
v -22.854713 1.115260 -0.499998
v -22.965240 1.266273 0.500002
v -22.965240 1.266273 -0.499998
v -23.075037 1.399473 0.500002
v -23.075037 1.399473 -0.499998
v -23.184143 1.515312 0.500002
v -23.184143 1.515312 -0.499998
v -23.292583 1.614242 0.500002
v -23.292583 1.614242 -0.499998
v -23.400402 1.696713 0.500002
v -23.400402 1.696713 -0.499998
v -23.507629 1.763177 0.500002
v -23.507629 1.763177 -0.499998
v -23.614302 1.814086 0.500002
v -23.614302 1.814086 -0.499998
v -23.720455 1.849890 0.500002
v -23.720455 1.849890 -0.499998
v -23.826122 1.871042 0.500002
v -23.826122 1.871042 -0.499998
v -23.931335 1.877992 0.500002
v -23.931335 1.877992 -0.499998
v -24.020948 1.874445 0.500002
v -24.020948 1.874445 -0.499998
v -24.109901 1.863779 0.500002
v -24.109901 1.863779 -0.499998
v -24.198370 1.845961 0.500002
v -24.198370 1.845961 -0.499998
v -24.286522 1.820955 0.500002
v -24.286522 1.820955 -0.499998
v -24.374538 1.788727 0.500002
v -24.374538 1.788727 -0.499998
v -24.462585 1.749242 0.500002
v -24.462585 1.749242 -0.499998
v -24.550842 1.702465 0.500002
v -24.550842 1.702465 -0.499998
v -24.639482 1.648362 0.500002
v -24.639482 1.648362 -0.499998
v -24.728680 1.586898 0.500002
v -24.728680 1.586898 -0.499998
v -24.818602 1.518038 0.500002
v -24.818602 1.518038 -0.499998
v -24.909430 1.441748 0.500002
v -24.909430 1.441748 -0.499998
v -25.001335 1.357992 0.500002
v -25.001335 1.357992 -0.499998
v -24.531336 0.587992 0.500002
v -24.531336 0.587992 -0.499998
v -24.462299 0.651268 0.500002
v -24.462299 0.651268 -0.499998
v -24.390694 0.710863 0.500002
v -24.390694 0.710863 -0.499998
v -24.317280 0.766430 0.500002
v -24.317280 0.766430 -0.499998
v -24.242821 0.817622 0.500002
v -24.242821 0.817622 -0.499998
v -24.168087 0.864092 0.500002
v -24.168087 0.864092 -0.499998
v -24.093838 0.905492 0.500002
v -24.093838 0.905492 -0.499998
v -24.020840 0.941476 0.500002
v -24.020840 0.941476 -0.499998
v -23.949856 0.971696 0.500002
v -23.949856 0.971696 -0.499998
v -23.881649 0.995805 0.500002
v -23.881649 0.995805 -0.499998
v -23.816986 1.013455 0.500002
v -23.816986 1.013455 -0.499998
v -23.756628 1.024300 0.500002
v -23.756628 1.024300 -0.499998
v -23.701340 1.027992 0.500002
v -23.701340 1.027992 -0.499998
v -23.551746 1.015544 0.500002
v -23.551746 1.015544 -0.499998
v -23.408791 0.979242 0.500002
v -23.408791 0.979242 -0.499998
v -23.273678 0.920648 0.500002
v -23.273678 0.920648 -0.499998
v -23.147631 0.841325 0.500002
v -23.147631 0.841325 -0.499998
v -23.031860 0.742836 0.500002
v -23.031860 0.742836 -0.499998
v -22.927586 0.626742 0.500002
v -22.927586 0.626742 -0.499998
v -22.836018 0.494607 0.500002
v -22.836018 0.494606 -0.499998
v -22.758373 0.347992 0.500002
v -22.758373 0.347992 -0.499998
v -22.695869 0.188461 0.500002
v -22.695869 0.188461 -0.499998
v -22.649717 0.017575 0.500002
v -22.649717 0.017575 -0.499998
v -22.621136 -0.163102 0.500002
v -22.621136 -0.163102 -0.499998
v -22.611336 -0.352008 0.500002
v -22.611336 -0.352008 -0.499998
v -22.611336 -2.702008 0.500002
v -22.611336 -2.702008 -0.499998
v -21.721334 -2.702008 0.500002
v -21.721334 -2.702008 -0.499998
v -21.721334 1.787992 0.500002
v -21.721334 1.787992 -0.499998
v -22.611336 1.787992 0.500002
v -22.611336 1.787992 -0.499998
vn -0.0000 -0.0000 -1.0000
vn -0.0000 -0.0000 1.0000
vn -0.3771 -0.9262 -0.0000
vn -0.3491 -0.9371 -0.0000
vn -0.3180 -0.9481 -0.0000
vn -0.2842 -0.9588 -0.0000
vn -0.2482 -0.9687 -0.0000
vn -0.2107 -0.9776 -0.0000
vn -0.1725 -0.9850 -0.0000
vn -0.1345 -0.9909 -0.0000
vn -0.0977 -0.9952 -0.0000
vn -0.0626 -0.9980 -0.0000
vn -0.0301 -0.9995 -0.0000
vn 0.0220 -0.9998 -0.0000
vn 0.1184 -0.9930 -0.0000
vn 0.2385 -0.9711 -0.0000
vn 0.3584 -0.9336 -0.0000
vn 0.4753 -0.8798 -0.0000
vn 0.5867 -0.8098 -0.0000
vn 0.6895 -0.7242 -0.0000
vn 0.7812 -0.6243 -0.0000
vn 0.8590 -0.5119 -0.0000
vn 0.9209 -0.3898 -0.0000
vn 0.9652 -0.2614 -0.0000
vn 0.9915 -0.1303 -0.0000
vn 1.0000 0.0005 -0.0000
vn 0.9913 0.1318 -0.0000
vn 0.9648 0.2630 -0.0000
vn 0.9208 0.3901 -0.0000
vn 0.8602 0.5100 -0.0000
vn 0.7845 0.6202 -0.0000
vn 0.6955 0.7186 -0.0000
vn 0.5951 0.8036 -0.0000
vn 0.4855 0.8742 -0.0000
vn 0.3688 0.9295 -0.0000
vn 0.2474 0.9689 -0.0000
vn 0.1236 0.9923 -0.0000
vn 0.0235 0.9997 -0.0000
vn -0.0308 0.9995 -0.0000
vn -0.0661 0.9978 -0.0000
vn -0.1056 0.9944 -0.0000
vn -0.1475 0.9891 -0.0000
vn -0.1899 0.9818 -0.0000
vn -0.2307 0.9730 -0.0000
vn -0.2683 0.9633 -0.0000
vn -0.3015 0.9535 -0.0000
vn -0.3299 0.9440 -0.0000
vn -0.3535 0.9355 -0.0000
vn -0.3724 0.9281 -0.0000
vn -0.8309 0.5565 -0.0000
vn -0.5168 -0.8561 -0.0000
vn 0.4493 -0.8934 -0.0000
vn 0.4153 -0.9097 -0.0000
vn 0.3798 -0.9250 -0.0000
vn 0.3429 -0.9394 -0.0000
vn 0.3044 -0.9525 -0.0000
vn 0.2645 -0.9644 -0.0000
vn 0.2232 -0.9748 -0.0000
vn 0.1806 -0.9835 -0.0000
vn 0.1369 -0.9906 -0.0000
vn 0.0921 -0.9958 -0.0000
vn 0.0464 -0.9989 -0.0000
vn -0.0201 -0.9998 -0.0000
vn -0.1277 -0.9918 -0.0000
vn -0.2547 -0.9670 -0.0000
vn -0.3780 -0.9258 -0.0000
vn -0.4953 -0.8687 -0.0000
vn -0.6044 -0.7967 -0.0000
vn -0.7034 -0.7108 -0.0000
vn -0.7905 -0.6124 -0.0000
vn -0.8642 -0.5031 -0.0000
vn -0.9231 -0.3846 -0.0000
vn -0.9658 -0.2593 -0.0000
vn -0.9915 -0.1301 -0.0000
vn -1.0000 -0.0009 -0.0000
vn -0.9918 0.1281 -0.0000
vn -0.9660 0.2586 -0.0000
vn -0.9216 0.3881 -0.0000
vn -0.8588 0.5123 -0.0000
vn -0.7790 0.6271 -0.0000
vn -0.6845 0.7290 -0.0000
vn -0.5788 0.8154 -0.0000
vn -0.4655 0.8851 -0.0000
vn -0.3480 0.9375 -0.0000
vn -0.2297 0.9733 -0.0000
vn -0.1131 0.9936 -0.0000
vn -0.0185 0.9998 -0.0000
vn 0.0368 0.9993 -0.0000
vn 0.0724 0.9974 -0.0000
vn 0.1062 0.9943 -0.0000
vn 0.1380 0.9904 -0.0000
vn 0.1676 0.9859 -0.0000
vn 0.1948 0.9809 -0.0000
vn 0.2195 0.9756 -0.0000
vn 0.2416 0.9704 -0.0000
vn 0.2611 0.9653 -0.0000
vn 0.2779 0.9606 -0.0000
vn 0.2921 0.9564 -0.0000
vn 0.8058 0.5922 -0.0000
vn 0.7071 -0.7071 -0.0000
vn 0.7071 0.7071 -0.0000
vn -0.7071 0.7071 -0.0000
vn -0.8338 -0.5521 -0.0000
vn -0.5395 -0.8420 -0.0000
vn -0.5244 -0.8515 -0.0000
vn -0.5027 -0.8645 -0.0000
vn -0.4729 -0.8811 -0.0000
vn -0.4336 -0.9011 -0.0000
vn -0.3841 -0.9233 -0.0000
vn -0.3247 -0.9458 -0.0000
vn -0.2577 -0.9662 -0.0000
vn -0.1869 -0.9824 -0.0000
vn -0.1177 -0.9930 -0.0000
vn -0.0548 -0.9985 -0.0000
vn 0.0029 -1.0000 -0.0000
vn 0.0670 -0.9978 -0.0000
vn 0.1445 -0.9895 -0.0000
vn 0.2345 -0.9721 -0.0000
vn 0.3361 -0.9418 -0.0000
vn 0.4464 -0.8948 -0.0000
vn 0.5597 -0.8287 -0.0000
vn 0.6682 -0.7440 -0.0000
vn 0.7643 -0.6449 -0.0000
vn 0.8426 -0.5385 -0.0000
vn 0.9016 -0.4326 -0.0000
vn 0.9428 -0.3334 -0.0000
vn 0.3111 -0.9504 -0.0000
vn -0.5845 -0.8114 -0.0000
vn -0.5440 -0.8391 -0.0000
vn -0.5005 -0.8658 -0.0000
vn -0.4539 -0.8910 -0.0000
vn -0.4045 -0.9146 -0.0000
vn -0.3522 -0.9359 -0.0000
vn -0.2975 -0.9547 -0.0000
vn -0.2406 -0.9706 -0.0000
vn -0.1819 -0.9833 -0.0000
vn -0.1219 -0.9925 -0.0000
vn -0.0611 -0.9981 -0.0000
vn 0.0176 -0.9998 -0.0000
vn 0.1330 -0.9911 -0.0000
vn 0.2663 -0.9639 -0.0000
vn 0.3956 -0.9184 -0.0000
vn 0.5169 -0.8560 -0.0000
vn 0.6272 -0.7789 -0.0000
vn 0.7244 -0.6893 -0.0000
vn 0.8076 -0.5898 -0.0000
vn 0.8761 -0.4821 -0.0000
vn 0.9298 -0.3680 -0.0000
vn 0.9686 -0.2487 -0.0000
vn 0.9921 -0.1254 -0.0000
vn 1.0000 0.0074 -0.0000
vn 0.9868 0.1617 -0.0000
vn 0.9441 0.3297 -0.0000
vn 0.8721 0.4894 -0.0000
vn 0.7800 0.6258 -0.0000
vn 0.6815 0.7318 -0.0000
vn 0.5887 0.8084 -0.0000
vn 0.5086 0.8610 -0.0000
vn 0.4442 0.8959 -0.0000
vn 0.3959 0.9183 -0.0000
vn 0.3631 0.9318 -0.0000
vn 0.3452 0.9385 -0.0000
vn 0.3370 0.9415 -0.0000
vn 0.8167 0.5770 -0.0000
vn 0.9998 -0.0211 -0.0000
vn 0.9959 -0.0910 -0.0000
vn 0.9803 -0.1975 -0.0000
vn 0.9470 -0.3213 -0.0000
vn 0.8889 -0.4580 -0.0000
vn 0.8017 -0.5978 -0.0000
vn 0.6870 -0.7266 -0.0000
vn 0.5545 -0.8322 -0.0000
vn 0.4179 -0.9085 -0.0000
vn 0.2895 -0.9572 -0.0000
vn 0.1765 -0.9843 -0.0000
vn 0.0809 -0.9967 -0.0000
vn -0.0009 -1.0000 -0.0000
vn -0.0786 -0.9969 -0.0000
vn -0.1570 -0.9876 -0.0000
vn -0.2344 -0.9721 -0.0000
vn -0.3097 -0.9508 -0.0000
vn -0.3821 -0.9241 -0.0000
vn -0.4508 -0.8926 -0.0000
vn -0.5152 -0.8571 -0.0000
vn -0.5750 -0.8182 -0.0000
vn -0.6297 -0.7768 -0.0000
vn -0.6795 -0.7337 -0.0000
vn -0.7243 -0.6895 -0.0000
vn 0.3570 -0.9341 -0.0000
vn 0.9315 0.3637 -0.0000
vn 0.7084 0.7058 -0.0000
vn 0.6504 0.7596 -0.0000
vn 0.5872 0.8094 -0.0000
vn 0.5199 0.8542 -0.0000
vn 0.4500 0.8930 -0.0000
vn 0.3790 0.9254 -0.0000
vn 0.3085 0.9512 -0.0000
vn 0.2398 0.9708 -0.0000
vn 0.1740 0.9847 -0.0000
vn 0.1120 0.9937 -0.0000
vn 0.0541 0.9985 -0.0000
vn -0.0085 1.0000 -0.0000
vn -0.0893 0.9960 -0.0000
vn -0.1859 0.9826 -0.0000
vn -0.2909 0.9568 -0.0000
vn -0.4034 0.9150 -0.0000
vn -0.5207 0.8538 -0.0000
vn -0.6378 0.7702 -0.0000
vn -0.7476 0.6642 -0.0000
vn -0.8423 0.5390 -0.0000
vn -0.9158 0.4017 -0.0000
vn -0.9653 0.2612 -0.0000
vn -0.9921 0.1258 -0.0000
vn -0.9995 0.0301 -0.0000
vn -0.9999 0.0155 -0.0000
vn -0.9978 0.0670 -0.0000
vn -0.9891 0.1470 -0.0000
vn -0.9698 0.2438 -0.0000
vn -0.9337 0.3581 -0.0000
vn -0.8733 0.4872 -0.0000
vn -0.7825 0.6226 -0.0000
vn -0.6612 0.7503 -0.0000
vn -0.5179 0.8555 -0.0000
vn -0.3681 0.9298 -0.0000
vn -0.2272 0.9738 -0.0000
vn -0.1045 0.9945 -0.0000
vn 0.0139 0.9999 -0.0000
vn 0.1353 0.9908 -0.0000
vn 0.2368 0.9716 -0.0000
vn 0.3116 0.9502 -0.0000
vn 0.3689 0.9295 -0.0000
vn 0.4145 0.9101 -0.0000
vn 0.4521 0.8920 -0.0000
vn 0.4840 0.8751 -0.0000
vn 0.5119 0.8591 -0.0000
vn 0.5367 0.8438 -0.0000
vn 0.5593 0.8290 -0.0000
vn 0.5802 0.8145 -0.0000
vn -0.4526 0.8917 -0.0000
vn -0.8791 -0.4767 -0.0000
vn -0.3352 -0.9422 -0.0000
vn -0.3536 -0.9354 -0.0000
vn -0.3812 -0.9245 -0.0000
vn -0.4196 -0.9077 -0.0000
vn -0.4705 -0.8824 -0.0000
vn -0.5358 -0.8443 -0.0000
vn -0.6169 -0.7870 -0.0000
vn -0.7126 -0.7016 -0.0000
vn -0.8158 -0.5784 -0.0000
vn -0.9110 -0.4124 -0.0000
vn -0.9772 -0.2122 -0.0000
vn -0.9998 -0.0220 -0.0000
vn -0.9922 0.1244 -0.0000
vn -0.9680 0.2511 -0.0000
vn -0.9262 0.3771 -0.0000
vn -0.8667 0.4988 -0.0000
vn -0.7905 0.6125 -0.0000
vn -0.6993 0.7148 -0.0000
vn -0.5957 0.8032 -0.0000
vn -0.4827 0.8758 -0.0000
vn -0.3635 0.9316 -0.0000
vn -0.2415 0.9704 -0.0000
vn -0.1196 0.9928 -0.0000
vn -0.0087 1.0000 -0.0000
vn 0.0825 0.9966 -0.0000
vn 0.1630 0.9866 -0.0000
vn 0.2399 0.9708 -0.0000
vn 0.3121 0.9501 -0.0000
vn 0.3788 0.9255 -0.0000
vn 0.4397 0.8981 -0.0000
vn 0.4947 0.8691 -0.0000
vn 0.5439 0.8391 -0.0000
vn 0.5878 0.8090 -0.0000
vn 0.6267 0.7793 -0.0000
vn 0.6611 0.7503 -0.0000
vn 0.9157 0.4018 -0.0000
vn 0.5796 -0.8149 -0.0000
vn -0.3917 0.9201 -0.0000
vn 0.6779 0.7351 -0.0000
vn 0.6448 0.7643 -0.0000
vn 0.6070 0.7947 -0.0000
vn 0.5637 0.8260 -0.0000
vn 0.5145 0.8575 -0.0000
vn 0.4588 0.8885 -0.0000
vn 0.3965 0.9180 -0.0000
vn 0.3274 0.9449 -0.0000
vn 0.2521 0.9677 -0.0000
vn 0.1714 0.9852 -0.0000
vn 0.0868 0.9962 -0.0000
vn 0.0011 1.0000 -0.0000
vn -0.0842 0.9965 -0.0000
vn -0.1708 0.9853 -0.0000
vn -0.2590 0.9659 -0.0000
vn -0.3471 0.9378 -0.0000
vn -0.4333 0.9012 -0.0000
vn -0.5158 0.8567 -0.0000
vn -0.5930 0.8052 -0.0000
vn -0.6636 0.7481 -0.0000
vn -0.7268 0.6868 -0.0000
vn -0.7822 0.6230 -0.0000
vn -0.8299 0.5580 -0.0000
vn -0.0942 0.9956 -0.0000
vn 0.7251 0.6887 -0.0000
vn 0.6970 0.7171 -0.0000
vn 0.6625 0.7490 -0.0000
vn 0.6209 0.7839 -0.0000
vn 0.5712 0.8208 -0.0000
vn 0.5128 0.8585 -0.0000
vn 0.4451 0.8955 -0.0000
vn 0.3684 0.9297 -0.0000
vn 0.2835 0.9590 -0.0000
vn 0.1920 0.9814 -0.0000
vn 0.0965 0.9953 -0.0000
vn -0.1337 0.9910 -0.0000
vn -0.2723 0.9622 -0.0000
vn -0.4111 0.9116 -0.0000
vn -0.5434 0.8395 -0.0000
vn -0.6628 0.7488 -0.0000
vn -0.7646 0.6445 -0.0000
vn -0.8464 0.5325 -0.0000
vn -0.9084 0.4180 -0.0000
vn -0.9522 0.3054 -0.0000
vn -0.9803 0.1974 -0.0000
vn -0.9954 0.0956 -0.0000
vn -0.9997 0.0232 -0.0000
vn -0.7071 -0.7071 -0.0000
vn 0.9997 -0.0261 -0.0000
vn 0.9941 -0.1080 -0.0000
vn 0.9749 -0.2226 -0.0000
vn 0.9397 -0.3421 -0.0000
vn 0.8865 -0.4627 -0.0000
vn 0.8146 -0.5800 -0.0000
vn 0.7248 -0.6890 -0.0000
vn 0.6195 -0.7850 -0.0000
vn 0.5026 -0.8645 -0.0000
vn 0.3783 -0.9257 -0.0000
vn 0.2509 -0.9680 -0.0000
vn 0.1240 -0.9923 -0.0000
vn 0.0117 -0.9999 -0.0000
vn -0.1013 -0.9949 -0.0000
vn -0.2169 -0.9762 -0.0000
vn -0.3115 -0.9502 -0.0000
vn -0.3891 -0.9212 -0.0000
vn -0.4533 -0.8913 -0.0000
vn -0.5073 -0.8618 -0.0000
vn -0.5533 -0.8330 -0.0000
vn -0.5934 -0.8049 -0.0000
vn -0.6288 -0.7775 -0.0000
vn -0.6609 -0.7505 -0.0000
vn -0.6903 -0.7235 -0.0000
vn -0.9231 -0.3845 -0.0000
vn 0.9998 -0.0217 -0.0000
vn 0.9815 -0.1916 -0.0000
vn 0.9533 -0.3021 -0.0000
vn 0.9075 -0.4201 -0.0000
vn 0.8411 -0.5409 -0.0000
vn 0.7527 -0.6583 -0.0000
vn 0.6442 -0.7648 -0.0000
vn 0.5202 -0.8540 -0.0000
vn 0.3877 -0.9218 -0.0000
vn 0.2535 -0.9673 -0.0000
vn 0.1235 -0.9923 -0.0000
vn 0.0163 -0.9999 -0.0000
vn -0.0585 -0.9983 -0.0000
vn -0.1256 -0.9921 -0.0000
vn -0.2011 -0.9796 -0.0000
vn -0.2825 -0.9593 -0.0000
vn -0.3659 -0.9307 -0.0000
vn -0.4469 -0.8946 -0.0000
vn -0.5218 -0.8531 -0.0000
vn -0.5879 -0.8089 -0.0000
vn -0.6441 -0.7649 -0.0000
vn -0.6904 -0.7234 -0.0000
vn -0.7277 -0.6859 -0.0000
vn -0.9338 -0.3577 -0.0000
vn -0.5233 -0.8522 -0.0000
vn -0.4869 -0.8735 -0.0000
vn -0.4449 -0.8956 -0.0000
vn -0.3980 -0.9174 -0.0000
vn -0.3470 -0.9379 -0.0000
vn -0.2934 -0.9560 -0.0000
vn -0.2388 -0.9711 -0.0000
vn -0.1848 -0.9828 -0.0000
vn -0.1330 -0.9911 -0.0000
vn -0.0845 -0.9964 -0.0000
vn -0.0403 -0.9992 -0.0000
vn 0.0250 -0.9997 -0.0000
vn 0.1412 -0.9900 -0.0000
vn 0.2852 -0.9585 -0.0000
vn 0.4256 -0.9049 -0.0000
vn 0.5557 -0.8314 -0.0000
vn 0.6701 -0.7422 -0.0000
vn 0.7664 -0.6424 -0.0000
vn 0.8438 -0.5366 -0.0000
vn 0.9036 -0.4283 -0.0000
vn 0.9475 -0.3198 -0.0000
vn 0.9773 -0.2121 -0.0000
vn 0.9944 -0.1055 -0.0000
vn 1.0000 0.0004 -0.0000
vn 0.9940 0.1091 -0.0000
vn 0.9749 0.2227 -0.0000
vn 0.9406 0.3396 -0.0000
vn 0.8894 0.4571 -0.0000
vn 0.8205 0.5717 -0.0000
vn 0.7339 0.6793 -0.0000
vn 0.6309 0.7758 -0.0000
vn 0.3887 0.9214 -0.0000
vn 0.2581 0.9661 -0.0000
vn 0.1274 0.9919 -0.0000
vn 0.0020 1.0000 -0.0000
vn -0.1222 0.9925 -0.0000
vn -0.2545 0.9671 -0.0000
vn -0.3939 0.9192 -0.0000
vn -0.5325 0.8465 -0.0000
vn -0.6607 0.7506 -0.0000
vn -0.7703 0.6377 -0.0000
vn -0.8564 0.5163 -0.0000
vn -0.9186 0.3951 -0.0000
vn -0.9599 0.2805 -0.0000
vn -0.9844 0.1760 -0.0000
vn -0.9966 0.0830 -0.0000
vn -0.7209 -0.6931 -0.0000
vn -0.7733 -0.6340 -0.0000
vn -0.9706 0.2406 -0.0000
vn -0.9427 0.3338 -0.0000
vn -0.9005 0.4348 -0.0000
vn -0.8413 0.5406 -0.0000
vn -0.7633 0.6461 -0.0000
vn -0.6671 0.7449 -0.0000
vn -0.5566 0.8308 -0.0000
vn -0.4378 0.8991 -0.0000
vn -0.3177 0.9482 -0.0000
vn -0.2026 0.9793 -0.0000
vn -0.0965 0.9953 -0.0000
vn -0.0076 1.0000 -0.0000
vn 0.0612 0.9981 -0.0000
vn 0.1212 0.9926 -0.0000
vn 0.1792 0.9838 -0.0000
vn 0.2344 0.9721 -0.0000
vn 0.2864 0.9581 -0.0000
vn 0.3347 0.9423 -0.0000
vn 0.3793 0.9253 -0.0000
vn 0.4201 0.9075 -0.0000
vn 0.4571 0.8894 -0.0000
vn 0.4904 0.8715 -0.0000
vn 0.5202 0.8540 -0.0000
vn -0.4826 0.8759 -0.0000
vn -0.8775 -0.4796 -0.0000
vn 0.9902 -0.1396 -0.0000
vn 0.9703 -0.2417 -0.0000
vn 0.9367 -0.3501 -0.0000
vn 0.8866 -0.4625 -0.0000
vn 0.8179 -0.5753 -0.0000
vn 0.7300 -0.6835 -0.0000
vn 0.6242 -0.7812 -0.0000
vn 0.5044 -0.8634 -0.0000
vn 0.3763 -0.9265 -0.0000
vn 0.2462 -0.9692 -0.0000
vn 0.1198 -0.9928 -0.0000
vn 0.0038 -1.0000 -0.0000
vn -0.1048 -0.9945 -0.0000
vn -0.2179 -0.9760 -0.0000
vn -0.3375 -0.9413 -0.0000
vn -0.4587 -0.8886 -0.0000
vn -0.5754 -0.8179 -0.0000
vn -0.6814 -0.7319 -0.0000
vn -0.7721 -0.6355 -0.0000
vn -0.8452 -0.5345 -0.0000
vn -0.9009 -0.4341 -0.0000
vn -0.9411 -0.3381 -0.0000
vn -0.9685 -0.2490 -0.0000
vn -0.7766 0.6300 -0.0000
vn 0.7383 0.6744 -0.0000
vn -0.1217 0.9926 -0.0000
vn -0.2465 0.9692 -0.0000
vn -0.3712 0.9285 -0.0000
vn -0.4921 0.8705 -0.0000
vn -0.6053 0.7960 -0.0000
vn -0.7076 0.7066 -0.0000
vn -0.7964 0.6048 -0.0000
vn -0.8700 0.4931 -0.0000
vn -0.9273 0.3743 -0.0000
vn -0.9680 0.2510 -0.0000
vn -0.9921 0.1255 -0.0000
vn -1.0000 -0.0000 -0.0000
vn -0.9921 -0.1251 -0.0000
vn -0.9684 -0.2494 -0.0000
vn -0.9286 -0.3711 -0.0000
vn -0.8726 -0.4885 -0.0000
vn -0.8005 -0.5993 -0.0000
vn -0.7130 -0.7012 -0.0000
vn -0.6114 -0.7913 -0.0000
vn -0.4980 -0.8672 -0.0000
vn -0.3761 -0.9266 -0.0000
vn -0.2497 -0.9683 -0.0000
vn -0.1232 -0.9924 -0.0000
vn 0.0008 -1.0000 -0.0000
vn 0.1260 -0.9920 -0.0000
vn 0.2541 -0.9672 -0.0000
vn 0.3807 -0.9247 -0.0000
vn 0.5017 -0.8650 -0.0000
vn 0.6136 -0.7896 -0.0000
vn 0.7137 -0.7004 -0.0000
vn 0.8001 -0.5999 -0.0000
vn 0.8716 -0.4902 -0.0000
vn 0.9276 -0.3736 -0.0000
vn 0.9678 -0.2519 -0.0000
vn 0.9919 -0.1267 -0.0000
vn 1.0000 0.0003 -0.0000
vn 0.9918 0.1281 -0.0000
vn 0.9669 0.2551 -0.0000
vn 0.9255 0.3787 -0.0000
vn 0.8679 0.4967 -0.0000
vn 0.7947 0.6070 -0.0000
vn 0.7069 0.7073 -0.0000
vn 0.6061 0.7954 -0.0000
vn 0.4944 0.8692 -0.0000
vn 0.3745 0.9272 -0.0000
vn 0.2498 0.9683 -0.0000
vn 0.1239 0.9923 -0.0000
vn 0.0007 1.0000 -0.0000
vn 0.1226 0.9925 -0.0000
vn 0.2464 0.9692 -0.0000
vn 0.4869 0.8735 -0.0000
vn 0.5981 0.8015 -0.0000
vn 0.6996 0.7145 -0.0000
vn 0.7891 0.6143 -0.0000
vn 0.8644 0.5028 -0.0000
vn 0.9239 0.3825 -0.0000
vn 0.9665 0.2565 -0.0000
vn 0.9918 0.1280 -0.0000
vn 1.0000 0.0002 -0.0000
vn 0.9918 -0.1274 -0.0000
vn 0.9667 -0.2558 -0.0000
vn 0.9241 -0.3821 -0.0000
vn 0.8644 -0.5028 -0.0000
vn 0.7887 -0.6148 -0.0000
vn 0.6986 -0.7155 -0.0000
vn 0.5966 -0.8025 -0.0000
vn 0.4851 -0.8745 -0.0000
vn 0.3668 -0.9303 -0.0000
vn 0.2448 -0.9696 -0.0000
vn 0.1217 -0.9926 -0.0000
vn -0.0002 -1.0000 -0.0000
vn -0.1224 -0.9925 -0.0000
vn -0.2459 -0.9693 -0.0000
vn -0.3682 -0.9297 -0.0000
vn -0.4864 -0.8737 -0.0000
vn -0.5978 -0.8016 -0.0000
vn -0.6996 -0.7146 -0.0000
vn -0.7893 -0.6140 -0.0000
vn -0.8648 -0.5022 -0.0000
vn -0.9243 -0.3817 -0.0000
vn -0.9668 -0.2556 -0.0000
vn -0.9919 -0.1274 -0.0000
vn -1.0000 0.0002 -0.0000
vn -0.9918 0.1279 -0.0000
vn -0.9666 0.2563 -0.0000
vn -0.9241 0.3821 -0.0000
vn -0.8648 0.5022 -0.0000
vn -0.7897 0.6135 -0.0000
vn -0.7005 0.7136 -0.0000
vn -0.5993 0.8005 -0.0000
vn -0.4883 0.8727 -0.0000
vn -0.3701 0.9290 -0.0000
vn -0.2475 0.9689 -0.0000
vn -0.1233 0.9924 -0.0000
vn -0.0002 1.0000 -0.0000
vn -0.5470 0.8371 -0.0000
vn 0.0046 1.0000 -0.0000
vn 0.5509 0.8346 -0.0000
vn -0.8357 0.5492 -0.0000
vn -0.5492 -0.8357 -0.0000
vn 0.5453 -0.8382 -0.0000
vn 0.8382 0.5453 -0.0000
vn -0.9598 0.2805 -0.0000
vn 0.9902 -0.1397 -0.0000
vn 0.9704 -0.2417 -0.0000
vn 0.5045 -0.8634 -0.0000
vn 0.7384 0.6744 -0.0000
vn 0.4939 0.8695 -0.0000
vn 0.8475 0.5309 -0.0000
vn 0.8215 0.5702 -0.0000
vn 0.7896 0.6136 -0.0000
vn 0.7502 0.6612 -0.0000
vn 0.7015 0.7127 -0.0000
vn 0.6414 0.7672 -0.0000
vn 0.5679 0.8231 -0.0000
vn 0.4795 0.8775 -0.0000
vn 0.3758 0.9267 -0.0000
vn 0.2585 0.9660 -0.0000
vn 0.1314 0.9913 -0.0000
vn 0.0132 0.9999 -0.0000
vn -0.0794 0.9968 -0.0000
vn -0.1584 0.9874 -0.0000
vn -0.2353 0.9719 -0.0000
vn -0.3086 0.9512 -0.0000
vn -0.3767 0.9263 -0.0000
vn -0.4390 0.8985 -0.0000
vn -0.4949 0.8690 -0.0000
vn -0.5444 0.8388 -0.0000
vn -0.5879 0.8089 -0.0000
vn -0.6257 0.7800 -0.0000
vn -0.6585 0.7526 -0.0000
vn -0.9900 0.1414 -0.0000
vn -0.1400 -0.9902 -0.0000
vn 0.6579 -0.7531 -0.0000
vn 0.6218 -0.7832 -0.0000
vn 0.5852 -0.8109 -0.0000
vn 0.5474 -0.8368 -0.0000
vn 0.5077 -0.8616 -0.0000
vn 0.4647 -0.8855 -0.0000
vn 0.4171 -0.9089 -0.0000
vn 0.3627 -0.9319 -0.0000
vn 0.2985 -0.9544 -0.0000
vn 0.2203 -0.9754 -0.0000
vn 0.1219 -0.9925 -0.0000
vn -0.0082 -1.0000 -0.0000
vn -0.1651 -0.9863 -0.0000
vn -0.3230 -0.9464 -0.0000
vn -0.4666 -0.8845 -0.0000
vn -0.5918 -0.8061 -0.0000
vn -0.6975 -0.7166 -0.0000
vn -0.7845 -0.6201 -0.0000
vn -0.8543 -0.5197 -0.0000
vn -0.9089 -0.4171 -0.0000
vn -0.9497 -0.3132 -0.0000
vn -0.9780 -0.2088 -0.0000
vn -0.9946 -0.1042 -0.0000
vn -0.9997 -0.0259 -0.0000
vt 0.899038 0.901411
vt 0.903323 0.901486
vt 0.901352 0.901564
vt 0.905279 0.901252
vt 0.896715 0.900946
vt 0.907224 0.900860
vt 0.894380 0.900159
vt 0.909163 0.900310
vt 0.911098 0.899601
vt 0.892034 0.899039
vt 0.913035 0.898733
vt 0.852752 0.800846
vt 0.872324 0.899585
vt 0.852752 0.899585
vt 0.872324 0.876934
vt 0.889676 0.897578
vt 0.914975 0.897704
vt 0.916925 0.896514
vt 0.887305 0.895764
vt 0.918886 0.895163
vt 0.884921 0.893588
vt 0.920864 0.893648
vt 0.922861 0.891971
vt 0.882521 0.891041
vt 0.924882 0.890129
vt 0.880107 0.888112
vt 0.900259 0.882164
vt 0.901759 0.881634
vt 0.903320 0.880969
vt 0.904926 0.880178
vt 0.906558 0.879268
vt 0.908202 0.878246
vt 0.909839 0.877120
vt 0.911454 0.875898
vt 0.913028 0.874587
vt 0.914546 0.873196
vt 0.877676 0.884791
vt 0.897510 0.882791
vt 0.898837 0.882552
vt 0.875229 0.881069
vt 0.893004 0.882598
vt 0.896294 0.882872
vt 0.889861 0.881800
vt 0.886890 0.880511
vt 0.872764 0.876934
vt 0.884118 0.878767
vt 0.881572 0.876601
vt 0.874183 0.864410
vt 0.875558 0.867918
vt 0.877265 0.871142
vt 0.879279 0.874048
vt 0.873168 0.860652
vt 0.872540 0.856679
vt 0.872324 0.852525
vt 0.872324 0.800846
vt 0.804616 0.903461
vt 0.817585 0.902994
vt 0.811264 0.903615
vt 0.823458 0.901645
vt 0.798321 0.902487
vt 0.828857 0.899566
vt 0.792417 0.900727
vt 0.833758 0.896755
vt 0.786942 0.898216
vt 0.838134 0.893209
vt 0.781933 0.894990
vt 0.841962 0.888927
vt 0.777430 0.891084
vt 0.845214 0.883906
vt 0.773470 0.886533
vt 0.811036 0.886679
vt 0.807417 0.886624
vt 0.814377 0.886352
vt 0.804034 0.886217
vt 0.817475 0.885655
vt 0.800886 0.885447
vt 0.820320 0.884601
vt 0.847867 0.878145
vt 0.797977 0.884322
vt 0.770090 0.881372
vt 0.822905 0.883204
vt 0.795307 0.882848
vt 0.825220 0.881478
vt 0.792879 0.881032
vt 0.827256 0.879437
vt 0.790694 0.878881
vt 0.829005 0.877097
vt 0.767328 0.875636
vt 0.849895 0.871642
vt 0.788755 0.876401
vt 0.830459 0.874470
vt 0.787063 0.873599
vt 0.831609 0.871570
vt 0.765225 0.869360
vt 0.851273 0.864393
vt 0.785619 0.870483
vt 0.832446 0.868413
vt 0.784427 0.867059
vt 0.832962 0.865011
vt 0.763818 0.862580
vt 0.783487 0.863333
vt 0.851974 0.856398
vt 0.833148 0.861379
vt 0.763144 0.855331
vt 0.851974 0.847654
vt 0.763233 0.848560
vt 0.782537 0.850387
vt 0.783290 0.845658
vt 0.764031 0.841925
vt 0.784396 0.841312
vt 0.785854 0.837350
vt 0.765527 0.835506
vt 0.787662 0.833777
vt 0.767714 0.829386
vt 0.789818 0.830593
vt 0.846592 0.828233
vt 0.848772 0.811026
vt 0.849516 0.829923
vt 0.792321 0.827801
vt 0.843680 0.826674
vt 0.840776 0.825253
vt 0.770583 0.823645
vt 0.795170 0.825403
vt 0.837878 0.823974
vt 0.834983 0.822842
vt 0.798364 0.823403
vt 0.832087 0.821861
vt 0.801899 0.821801
vt 0.829189 0.821036
vt 0.774123 0.818366
vt 0.826284 0.820372
vt 0.805777 0.820601
vt 0.823371 0.819873
vt 0.809994 0.819805
vt 0.820446 0.819544
vt 0.817506 0.819390
vt 0.814550 0.819415
vt 0.778327 0.813629
vt 0.845750 0.809251
vt 0.783185 0.809516
vt 0.842756 0.807647
vt 0.839766 0.806215
vt 0.788689 0.806108
vt 0.836755 0.804953
vt 0.833698 0.803861
vt 0.794828 0.803486
vt 0.830572 0.802939
vt 0.827352 0.802185
vt 0.801595 0.801732
vt 0.824013 0.801599
vt 0.820530 0.801181
vt 0.816881 0.800931
vt 0.808980 0.800928
vt 0.813039 0.800846
vt 0.367344 0.927808
vt 0.390654 0.827090
vt 0.411985 0.827090
vt 0.364045 0.887784
vt 0.317205 0.827090
vt 0.338096 0.827090
vt 0.360747 0.927808
vt 0.470837 0.753088
vt 0.469392 0.729365
vt 0.470837 0.741277
vt 0.466631 0.718340
vt 0.469421 0.764236
vt 0.462658 0.708241
vt 0.466686 0.774661
vt 0.457574 0.699107
vt 0.462732 0.784304
vt 0.451481 0.690977
vt 0.457655 0.793108
vt 0.444480 0.683889
vt 0.451556 0.801016
vt 0.451070 0.742486
vt 0.451047 0.750667
vt 0.450053 0.734319
vt 0.448137 0.726627
vt 0.450081 0.758492
vt 0.445351 0.719467
vt 0.448186 0.765904
vt 0.436672 0.677877
vt 0.444529 0.807970
vt 0.441750 0.712890
vt 0.445412 0.772843
vt 0.437393 0.706950
vt 0.441809 0.779248
vt 0.428158 0.672986
vt 0.436673 0.813908
vt 0.432334 0.701697
vt 0.437427 0.785061
vt 0.426632 0.697186
vt 0.432316 0.790222
vt 0.419041 0.669255
vt 0.428086 0.818771
vt 0.420342 0.693469
vt 0.426525 0.794670
vt 0.409424 0.666724
vt 0.418867 0.822498
vt 0.413521 0.690598
vt 0.420105 0.798345
vt 0.406227 0.688626
vt 0.413105 0.801189
vt 0.399407 0.665431
vt 0.409113 0.825031
vt 0.398516 0.687605
vt 0.405576 0.803140
vt 0.389094 0.665416
vt 0.398925 0.826312
vt 0.390446 0.687588
vt 0.397567 0.804140
vt 0.388842 0.826289
vt 0.389543 0.804121
vt 0.382483 0.688583
vt 0.379135 0.666651
vt 0.381862 0.803101
vt 0.374983 0.690531
vt 0.369529 0.669098
vt 0.378978 0.825003
vt 0.374583 0.801132
vt 0.367999 0.693374
vt 0.360386 0.672715
vt 0.369444 0.822492
vt 0.361582 0.697053
vt 0.367766 0.798267
vt 0.351817 0.677460
vt 0.360354 0.818795
vt 0.355784 0.701507
vt 0.361470 0.794559
vt 0.350659 0.706678
vt 0.355753 0.790061
vt 0.343933 0.683293
vt 0.351822 0.813950
vt 0.346258 0.712508
vt 0.350676 0.784827
vt 0.342633 0.718936
vt 0.346297 0.778909
vt 0.336844 0.690172
vt 0.343960 0.807995
vt 0.339836 0.725905
vt 0.342675 0.772360
vt 0.337921 0.733354
vt 0.339868 0.765234
vt 0.330662 0.698055
vt 0.336882 0.800969
vt 0.336938 0.741226
vt 0.337938 0.757583
vt 0.336941 0.749460
vt 0.325496 0.706903
vt 0.330701 0.792910
vt 0.321457 0.716672
vt 0.325531 0.783856
vt 0.318657 0.727324
vt 0.321484 0.773845
vt 0.317205 0.738815
vt 0.318673 0.762916
vt 0.317213 0.751106
vt 0.266893 0.876565
vt 0.279861 0.876097
vt 0.273540 0.876718
vt 0.285734 0.874748
vt 0.260598 0.875590
vt 0.291134 0.872669
vt 0.254694 0.873830
vt 0.296034 0.869858
vt 0.249218 0.871319
vt 0.300411 0.866312
vt 0.244210 0.868093
vt 0.304238 0.862030
vt 0.239707 0.864187
vt 0.307491 0.857009
vt 0.235747 0.859637
vt 0.273312 0.859782
vt 0.269694 0.859727
vt 0.276654 0.859456
vt 0.266310 0.859320
vt 0.279752 0.858758
vt 0.263163 0.858551
vt 0.282597 0.857704
vt 0.310144 0.851248
vt 0.260253 0.857426
vt 0.232366 0.854476
vt 0.285181 0.856307
vt 0.257584 0.855951
vt 0.287496 0.854581
vt 0.255156 0.854135
vt 0.289532 0.852540
vt 0.252971 0.851984
vt 0.291282 0.850200
vt 0.229605 0.848740
vt 0.312172 0.844744
vt 0.251032 0.849504
vt 0.292736 0.847573
vt 0.249339 0.846703
vt 0.293886 0.844673
vt 0.227501 0.842464
vt 0.313549 0.837496
vt 0.247896 0.843586
vt 0.294723 0.841515
vt 0.246703 0.840162
vt 0.295238 0.838114
vt 0.226094 0.835683
vt 0.245763 0.836436
vt 0.314251 0.829500
vt 0.295424 0.834482
vt 0.225420 0.828435
vt 0.314251 0.820756
vt 0.225509 0.821664
vt 0.244813 0.823490
vt 0.245566 0.818761
vt 0.226307 0.815028
vt 0.246673 0.814415
vt 0.248130 0.810454
vt 0.227803 0.808610
vt 0.249938 0.806880
vt 0.229990 0.802490
vt 0.252094 0.803696
vt 0.308868 0.801335
vt 0.311048 0.784128
vt 0.311792 0.803026
vt 0.254597 0.800904
vt 0.305956 0.799777
vt 0.303052 0.798356
vt 0.232859 0.796749
vt 0.257446 0.798507
vt 0.300154 0.797077
vt 0.297259 0.795945
vt 0.260639 0.796506
vt 0.294363 0.794964
vt 0.264175 0.794905
vt 0.291464 0.794139
vt 0.236399 0.791469
vt 0.288560 0.793475
vt 0.268053 0.793705
vt 0.285647 0.792976
vt 0.272270 0.792908
vt 0.282722 0.792647
vt 0.279782 0.792493
vt 0.276825 0.792518
vt 0.240603 0.786732
vt 0.308025 0.782353
vt 0.245461 0.782619
vt 0.305032 0.780750
vt 0.302041 0.779318
vt 0.250965 0.779211
vt 0.299030 0.778056
vt 0.295974 0.776964
vt 0.257104 0.776589
vt 0.292848 0.776042
vt 0.289627 0.775288
vt 0.263871 0.774836
vt 0.286288 0.774702
vt 0.282806 0.774285
vt 0.279156 0.774034
vt 0.271256 0.774031
vt 0.275314 0.773949
vt 0.872500 0.526290
vt 0.872473 0.520890
vt 0.872601 0.523977
vt 0.872436 0.464966
vt 0.872285 0.456676
vt 0.872601 0.461524
vt 0.872196 0.528615
vt 0.872091 0.517900
vt 0.871954 0.468259
vt 0.871353 0.452149
vt 0.871687 0.530952
vt 0.871457 0.515012
vt 0.871179 0.471410
vt 0.870972 0.533302
vt 0.870573 0.512232
vt 0.869832 0.447962
vt 0.870134 0.474425
vt 0.870050 0.535668
vt 0.771887 0.572355
vt 0.870622 0.552784
vt 0.870622 0.572355
vt 0.857648 0.552784
vt 0.869442 0.509565
vt 0.868841 0.477313
vt 0.868918 0.538050
vt 0.867747 0.444136
vt 0.868066 0.507017
vt 0.867575 0.540451
vt 0.867324 0.480079
vt 0.866447 0.504592
vt 0.865125 0.440687
vt 0.866020 0.542872
vt 0.865605 0.482730
vt 0.864587 0.502296
vt 0.864252 0.545314
vt 0.863707 0.485274
vt 0.861991 0.437637
vt 0.862489 0.500134
vt 0.862268 0.547779
vt 0.861654 0.487717
vt 0.860155 0.498113
vt 0.860067 0.550268
vt 0.858371 0.435004
vt 0.859468 0.490066
vt 0.857588 0.496236
vt 0.857172 0.492328
vt 0.856109 0.468781
vt 0.854292 0.432806
vt 0.843574 0.552784
vt 0.845807 0.550779
vt 0.847786 0.548821
vt 0.849522 0.546894
vt 0.851026 0.544981
vt 0.852311 0.543065
vt 0.853387 0.541129
vt 0.854267 0.539156
vt 0.854960 0.537130
vt 0.855480 0.535034
vt 0.855837 0.532850
vt 0.856043 0.530563
vt 0.856109 0.528155
vt 0.854789 0.494510
vt 0.856047 0.470419
vt 0.855965 0.525772
vt 0.855925 0.466024
vt 0.855760 0.472136
vt 0.855529 0.523476
vt 0.855423 0.463373
vt 0.855263 0.473918
vt 0.854793 0.521290
vt 0.854591 0.460855
vt 0.854569 0.475753
vt 0.853747 0.519237
vt 0.853434 0.458494
vt 0.853692 0.477627
vt 0.849780 0.431062
vt 0.852383 0.517339
vt 0.852645 0.479529
vt 0.851956 0.456317
vt 0.851442 0.481444
vt 0.850693 0.515621
vt 0.850161 0.454348
vt 0.850098 0.483360
vt 0.848669 0.514103
vt 0.848055 0.452613
vt 0.848625 0.485264
vt 0.844860 0.429792
vt 0.846303 0.512811
vt 0.847038 0.487142
vt 0.845643 0.451136
vt 0.845349 0.488982
vt 0.843584 0.511765
vt 0.842927 0.449943
vt 0.843574 0.490771
vt 0.839558 0.429014
vt 0.840507 0.510990
vt 0.771887 0.552784
vt 0.771885 0.490771
vt 0.839914 0.449060
vt 0.837061 0.510509
vt 0.836607 0.448510
vt 0.833900 0.428749
vt 0.833239 0.510343
vt 0.833011 0.448321
vt 0.771886 0.428721
vt 0.771885 0.510343
vt 0.771877 0.448293
vt 0.854538 0.173599
vt 0.862947 0.173470
vt 0.858038 0.173687
vt 0.851183 0.173327
vt 0.867640 0.172825
vt 0.847971 0.172869
vt 0.844900 0.172226
vt 0.872078 0.171742
vt 0.841971 0.171397
vt 0.876220 0.170216
vt 0.839180 0.170380
vt 0.836526 0.169176
vt 0.880026 0.168238
vt 0.834008 0.167783
vt 0.883455 0.165801
vt 0.831624 0.166200
vt 0.829372 0.164427
vt 0.886466 0.162897
vt 0.827252 0.162463
vt 0.889020 0.159518
vt 0.825262 0.160307
vt 0.825240 0.138978
vt 0.827638 0.141652
vt 0.830093 0.144072
vt 0.832600 0.146244
vt 0.835153 0.148171
vt 0.837744 0.149856
vt 0.840370 0.151304
vt 0.843022 0.152518
vt 0.845696 0.153503
vt 0.848385 0.154261
vt 0.851083 0.154797
vt 0.853786 0.155089
vt 0.856483 0.155195
vt 0.891078 0.155659
vt 0.859328 0.155087
vt 0.892598 0.151310
vt 0.861924 0.154750
vt 0.864274 0.154199
vt 0.866377 0.153415
vt 0.868232 0.152389
vt 0.869840 0.151115
vt 0.893541 0.146464
vt 0.871201 0.149583
vt 0.872314 0.147788
vt 0.873180 0.145721
vt 0.893864 0.141112
vt 0.873799 0.143374
vt 0.874170 0.140740
vt 0.893870 0.090317
vt 0.874294 0.137812
vt 0.874295 0.132534
vt 0.856924 0.126376
vt 0.874296 0.121760
vt 0.852937 0.124934
vt 0.848935 0.123436
vt 0.844989 0.121836
vt 0.841166 0.120087
vt 0.870171 0.120326
vt 0.874299 0.092954
vt 0.866181 0.118873
vt 0.837536 0.118143
vt 0.862367 0.117378
vt 0.834167 0.115956
vt 0.858774 0.115821
vt 0.831127 0.113482
vt 0.855443 0.114182
vt 0.852418 0.112440
vt 0.828486 0.110672
vt 0.849740 0.110574
vt 0.826313 0.107480
vt 0.847454 0.108564
vt 0.845601 0.106389
vt 0.824675 0.103860
vt 0.844225 0.104028
vt 0.843368 0.101461
vt 0.823643 0.099765
vt 0.843073 0.098668
vt 0.823283 0.095149
vt 0.843195 0.096686
vt 0.843551 0.094817
vt 0.823482 0.091994
vt 0.844128 0.093071
vt 0.844914 0.091461
vt 0.872970 0.091731
vt 0.824067 0.088929
vt 0.871624 0.090595
vt 0.845896 0.089997
vt 0.870259 0.089548
vt 0.906854 0.089736
vt 0.907943 0.078658
vt 0.907943 0.090533
vt 0.893897 0.089432
vt 0.847059 0.088691
vt 0.905788 0.088996
vt 0.868875 0.088596
vt 0.893979 0.088645
vt 0.904751 0.088316
vt 0.825022 0.085989
vt 0.848393 0.087554
vt 0.894114 0.087950
vt 0.867473 0.087741
vt 0.903749 0.087698
vt 0.894302 0.087345
vt 0.866053 0.086988
vt 0.902786 0.087144
vt 0.849883 0.086599
vt 0.894541 0.086825
vt 0.901869 0.086657
vt 0.864615 0.086340
vt 0.894832 0.086387
vt 0.901002 0.086238
vt 0.851516 0.085836
vt 0.895173 0.086027
vt 0.863158 0.085801
vt 0.900190 0.085890
vt 0.895564 0.085741
vt 0.826330 0.083210
vt 0.899440 0.085616
vt 0.853280 0.085276
vt 0.861683 0.085376
vt 0.896004 0.085525
vt 0.898756 0.085417
vt 0.896492 0.085376
vt 0.898143 0.085296
vt 0.860190 0.085067
vt 0.897027 0.085289
vt 0.897608 0.085255
vt 0.855161 0.084932
vt 0.858678 0.084879
vt 0.857148 0.084815
vt 0.874079 0.081077
vt 0.827973 0.080626
vt 0.871927 0.079446
vt 0.874579 0.079400
vt 0.829936 0.078273
vt 0.869757 0.077961
vt 0.875202 0.077885
vt 0.905795 0.077260
vt 0.832201 0.076185
vt 0.867572 0.076621
vt 0.875952 0.076528
vt 0.903840 0.076027
vt 0.865373 0.075425
vt 0.876832 0.075327
vt 0.834751 0.074398
vt 0.902051 0.074951
vt 0.863163 0.074373
vt 0.877847 0.074279
vt 0.900402 0.074024
vt 0.837570 0.072947
vt 0.860941 0.073463
vt 0.879000 0.073381
vt 0.898866 0.073238
vt 0.858710 0.072696
vt 0.880294 0.072629
vt 0.897416 0.072584
vt 0.840641 0.071867
vt 0.856472 0.072069
vt 0.881735 0.072021
vt 0.896026 0.072053
vt 0.854227 0.071584
vt 0.894668 0.071638
vt 0.883325 0.071553
vt 0.843948 0.071194
vt 0.893317 0.071330
vt 0.851978 0.071237
vt 0.885069 0.071223
vt 0.891945 0.071120
vt 0.849726 0.071030
vt 0.886970 0.071027
vt 0.847472 0.070961
vt 0.890526 0.071000
vt 0.889032 0.070962
vt 0.835974 0.799898
vt 0.851475 0.799808
vt 0.847185 0.800068
vt 0.855597 0.799422
vt 0.859606 0.798893
vt 0.863559 0.798203
vt 0.825242 0.798383
vt 0.867514 0.797336
vt 0.871526 0.796275
vt 0.875652 0.795002
vt 0.815075 0.795598
vt 0.879949 0.793500
vt 0.884473 0.791753
vt 0.805559 0.791621
vt 0.889281 0.789742
vt 0.894428 0.787451
vt 0.796780 0.786528
vt 0.899973 0.784863
vt 0.854833 0.779484
vt 0.859325 0.778754
vt 0.863808 0.777818
vt 0.868278 0.776678
vt 0.872733 0.775335
vt 0.877169 0.773791
vt 0.881583 0.772048
vt 0.885974 0.770108
vt 0.890337 0.767971
vt 0.894669 0.765640
vt 0.898968 0.763117
vt 0.788819 0.780402
vt 0.845827 0.780275
vt 0.850329 0.779957
vt 0.837838 0.780143
vt 0.830167 0.779019
vt 0.822880 0.776960
vt 0.781766 0.773311
vt 0.816043 0.774022
vt 0.809720 0.770262
vt 0.775708 0.765332
vt 0.803977 0.765736
vt 0.798880 0.760502
vt 0.770730 0.756541
vt 0.794493 0.754614
vt 0.766920 0.747013
vt 0.790882 0.748131
vt 0.788113 0.741107
vt 0.764362 0.736826
vt 0.786250 0.733601
vt 0.763144 0.726055
vt 0.785359 0.725669
vt 0.785489 0.717512
vt 0.763331 0.715299
vt 0.848763 0.702429
vt 0.899973 0.719388
vt 0.849674 0.721758
vt 0.877537 0.701073
vt 0.896982 0.655910
vt 0.786634 0.709767
vt 0.764878 0.705045
vt 0.788745 0.702485
vt 0.876088 0.670323
vt 0.767714 0.695365
vt 0.791775 0.695714
vt 0.795675 0.689504
vt 0.771766 0.686335
vt 0.800397 0.683906
vt 0.776961 0.678027
vt 0.805893 0.678967
vt 0.812115 0.674740
vt 0.783228 0.670516
vt 0.819015 0.671272
vt 0.873464 0.669636
vt 0.870829 0.668984
vt 0.868181 0.668374
vt 0.826545 0.668614
vt 0.865517 0.667813
vt 0.862835 0.667307
vt 0.860130 0.666865
vt 0.834656 0.666815
vt 0.790495 0.663875
vt 0.857402 0.666492
vt 0.854647 0.666197
vt 0.851861 0.665985
vt 0.843301 0.665924
vt 0.849044 0.665865
vt 0.846191 0.665842
vt 0.798689 0.658177
vt 0.891959 0.654055
vt 0.887074 0.652407
vt 0.807738 0.653498
vt 0.882295 0.650962
vt 0.877595 0.649714
vt 0.817570 0.649909
vt 0.872944 0.648661
vt 0.868312 0.647796
vt 0.863671 0.647114
vt 0.828113 0.647486
vt 0.858991 0.646612
vt 0.854242 0.646285
vt 0.849396 0.646127
vt 0.839294 0.646301
vt 0.844423 0.646134
vt 0.669092 0.292084
vt 0.671406 0.291931
vt 0.673377 0.292009
vt 0.675333 0.292243
vt 0.666769 0.292549
vt 0.677278 0.292635
vt 0.664434 0.293336
vt 0.679217 0.293185
vt 0.681152 0.293894
vt 0.662088 0.294456
vt 0.683089 0.294762
vt 0.622806 0.392649
vt 0.622806 0.293910
vt 0.642378 0.293910
vt 0.642378 0.316560
vt 0.659730 0.295917
vt 0.685030 0.295791
vt 0.686979 0.296980
vt 0.657359 0.297731
vt 0.688940 0.298332
vt 0.654975 0.299906
vt 0.690918 0.299846
vt 0.692915 0.301524
vt 0.652575 0.302454
vt 0.694936 0.303366
vt 0.650161 0.305383
vt 0.670313 0.311331
vt 0.671813 0.311861
vt 0.673374 0.312525
vt 0.674979 0.313317
vt 0.676612 0.314227
vt 0.678256 0.315249
vt 0.679893 0.316375
vt 0.681507 0.317597
vt 0.683082 0.318907
vt 0.684600 0.320299
vt 0.647730 0.308704
vt 0.667564 0.310704
vt 0.668891 0.310943
vt 0.645283 0.312426
vt 0.663058 0.310897
vt 0.666348 0.310623
vt 0.659915 0.311695
vt 0.656944 0.312983
vt 0.642818 0.316560
vt 0.654172 0.314728
vt 0.651626 0.316894
vt 0.644237 0.329085
vt 0.645612 0.325577
vt 0.647319 0.322352
vt 0.649333 0.319447
vt 0.643222 0.332843
vt 0.642594 0.336816
vt 0.642378 0.340970
vt 0.642378 0.392649
vt 0.272778 0.773018
vt 0.266131 0.773172
vt 0.259810 0.772551
vt 0.253937 0.771201
vt 0.279073 0.772043
vt 0.248537 0.769122
vt 0.284978 0.770283
vt 0.243637 0.766311
vt 0.290453 0.767772
vt 0.239260 0.762765
vt 0.295461 0.764547
vt 0.235433 0.758483
vt 0.299964 0.760641
vt 0.232180 0.753462
vt 0.303924 0.756090
vt 0.266359 0.756235
vt 0.269977 0.756180
vt 0.263017 0.755909
vt 0.273361 0.755773
vt 0.259919 0.755211
vt 0.276508 0.755004
vt 0.257074 0.754157
vt 0.229527 0.747701
vt 0.279418 0.753879
vt 0.307305 0.750929
vt 0.254489 0.752760
vt 0.282087 0.752405
vt 0.252175 0.751034
vt 0.284515 0.750589
vt 0.250139 0.748994
vt 0.286700 0.748437
vt 0.248389 0.746653
vt 0.310066 0.745193
vt 0.227499 0.741198
vt 0.288639 0.745957
vt 0.246935 0.744026
vt 0.290332 0.743156
vt 0.245785 0.741126
vt 0.312169 0.738917
vt 0.226122 0.733949
vt 0.291775 0.740040
vt 0.244948 0.737969
vt 0.292968 0.736615
vt 0.244433 0.734567
vt 0.313577 0.732137
vt 0.293908 0.732890
vt 0.225420 0.725954
vt 0.244247 0.730935
vt 0.314250 0.724888
vt 0.225420 0.717210
vt 0.314161 0.718117
vt 0.294858 0.719943
vt 0.294104 0.715214
vt 0.313364 0.711482
vt 0.292998 0.710868
vt 0.291540 0.706907
vt 0.311867 0.705063
vt 0.289733 0.703333
vt 0.309680 0.698943
vt 0.287577 0.700149
vt 0.230802 0.697789
vt 0.227878 0.699479
vt 0.228623 0.680582
vt 0.285073 0.697357
vt 0.233714 0.696231
vt 0.236618 0.694810
vt 0.306812 0.693202
vt 0.282224 0.694960
vt 0.239516 0.693531
vt 0.242412 0.692398
vt 0.279031 0.692959
vt 0.245307 0.691417
vt 0.275495 0.691358
vt 0.248206 0.690592
vt 0.303271 0.687923
vt 0.251111 0.689928
vt 0.271618 0.690158
vt 0.254024 0.689429
vt 0.267401 0.689362
vt 0.256949 0.689100
vt 0.259888 0.688946
vt 0.262845 0.688972
vt 0.299067 0.683186
vt 0.231645 0.678807
vt 0.294209 0.679072
vt 0.234639 0.677203
vt 0.237629 0.675771
vt 0.288706 0.675664
vt 0.240640 0.674509
vt 0.243696 0.673418
vt 0.282566 0.673043
vt 0.246823 0.672495
vt 0.250043 0.671741
vt 0.275800 0.671289
vt 0.253382 0.671156
vt 0.256864 0.670738
vt 0.260514 0.670487
vt 0.268415 0.670484
vt 0.264356 0.670403
vt 0.884348 0.273230
vt 0.928990 0.373948
vt 0.907659 0.373948
vt 0.881050 0.313253
vt 0.855101 0.373948
vt 0.834209 0.373948
vt 0.877751 0.273230
vt 0.071010 0.758075
vt 0.071010 0.746264
vt 0.072456 0.734352
vt 0.075216 0.723327
vt 0.072427 0.769222
vt 0.079189 0.713228
vt 0.075161 0.779647
vt 0.084274 0.704094
vt 0.079116 0.789291
vt 0.090367 0.695964
vt 0.084193 0.798095
vt 0.097368 0.688876
vt 0.090292 0.806002
vt 0.090777 0.747473
vt 0.090800 0.755653
vt 0.091795 0.739305
vt 0.093711 0.731614
vt 0.091767 0.763479
vt 0.096497 0.724454
vt 0.093662 0.770890
vt 0.105176 0.682864
vt 0.097319 0.812957
vt 0.100097 0.717877
vt 0.096436 0.777829
vt 0.104455 0.711936
vt 0.100038 0.784235
vt 0.113689 0.677973
vt 0.105175 0.818895
vt 0.109514 0.706684
vt 0.104420 0.790048
vt 0.115216 0.702173
vt 0.109531 0.795208
vt 0.122806 0.674242
vt 0.113762 0.823757
vt 0.121506 0.698456
vt 0.115322 0.799656
vt 0.132424 0.671711
vt 0.122981 0.827484
vt 0.128327 0.695585
vt 0.121743 0.803332
vt 0.135621 0.693613
vt 0.128743 0.806175
vt 0.142440 0.670418
vt 0.132734 0.830018
vt 0.143332 0.692592
vt 0.136272 0.808127
vt 0.152754 0.670403
vt 0.142922 0.831298
vt 0.151402 0.692574
vt 0.144280 0.809126
vt 0.153005 0.831275
vt 0.152305 0.809108
vt 0.159365 0.693570
vt 0.162713 0.671638
vt 0.159986 0.808088
vt 0.166864 0.695518
vt 0.172319 0.674085
vt 0.162870 0.829989
vt 0.167265 0.806119
vt 0.173849 0.698361
vt 0.181462 0.677702
vt 0.172404 0.827478
vt 0.180266 0.702039
vt 0.174082 0.803254
vt 0.190031 0.682447
vt 0.181494 0.823781
vt 0.186063 0.706494
vt 0.180378 0.799546
vt 0.191189 0.711665
vt 0.186094 0.795048
vt 0.197915 0.688280
vt 0.190026 0.818936
vt 0.195590 0.717495
vt 0.191171 0.789814
vt 0.199215 0.723923
vt 0.195551 0.783896
vt 0.205003 0.695158
vt 0.197888 0.812982
vt 0.202011 0.730892
vt 0.199173 0.777347
vt 0.203927 0.738341
vt 0.201979 0.770220
vt 0.211186 0.703042
vt 0.204965 0.805956
vt 0.204909 0.746212
vt 0.203910 0.762569
vt 0.204906 0.754447
vt 0.216352 0.711889
vt 0.211146 0.797897
vt 0.220390 0.721659
vt 0.216317 0.788843
vt 0.223191 0.732310
vt 0.220364 0.778832
vt 0.224643 0.743802
vt 0.223174 0.767902
vt 0.224635 0.756092
vt 0.580557 0.394546
vt 0.573909 0.394700
vt 0.567588 0.394079
vt 0.561715 0.392730
vt 0.586851 0.393571
vt 0.556315 0.390650
vt 0.592756 0.391811
vt 0.551415 0.387839
vt 0.598231 0.389301
vt 0.547038 0.384293
vt 0.603239 0.386075
vt 0.543211 0.380011
vt 0.607742 0.382169
vt 0.539958 0.374991
vt 0.611702 0.377618
vt 0.574137 0.377764
vt 0.577755 0.377708
vt 0.570795 0.377437
vt 0.581139 0.377301
vt 0.567697 0.376739
vt 0.584286 0.376532
vt 0.564852 0.375685
vt 0.537305 0.369229
vt 0.587196 0.375407
vt 0.615083 0.372457
vt 0.562268 0.374288
vt 0.589865 0.373933
vt 0.559953 0.372562
vt 0.592293 0.372117
vt 0.557917 0.370522
vt 0.594478 0.369966
vt 0.556167 0.368181
vt 0.617844 0.366721
vt 0.535277 0.362726
vt 0.596417 0.367486
vt 0.554713 0.365554
vt 0.598110 0.364684
vt 0.553563 0.362655
vt 0.619947 0.360445
vt 0.533900 0.355477
vt 0.599553 0.361568
vt 0.552726 0.359497
vt 0.600746 0.358143
vt 0.552211 0.356095
vt 0.621355 0.353665
vt 0.601686 0.354418
vt 0.533199 0.347482
vt 0.552025 0.352463
vt 0.622028 0.346417
vt 0.533199 0.338738
vt 0.621939 0.339645
vt 0.602636 0.341472
vt 0.601883 0.336743
vt 0.621142 0.333010
vt 0.600776 0.332396
vt 0.599319 0.328435
vt 0.619645 0.326591
vt 0.597511 0.324861
vt 0.617458 0.320471
vt 0.595355 0.321677
vt 0.538580 0.319317
vt 0.535657 0.321007
vt 0.536401 0.302110
vt 0.592851 0.318886
vt 0.541492 0.317759
vt 0.544396 0.316338
vt 0.614590 0.314730
vt 0.590002 0.316488
vt 0.547294 0.315059
vt 0.550190 0.313927
vt 0.586809 0.314487
vt 0.553085 0.312945
vt 0.583273 0.312886
vt 0.555984 0.312120
vt 0.611049 0.309451
vt 0.558889 0.311456
vt 0.579396 0.311686
vt 0.561802 0.310957
vt 0.575179 0.310890
vt 0.564727 0.310628
vt 0.567666 0.310474
vt 0.570623 0.310500
vt 0.606846 0.304714
vt 0.539423 0.300335
vt 0.601987 0.300601
vt 0.542417 0.298732
vt 0.545407 0.297299
vt 0.596484 0.297192
vt 0.548418 0.296038
vt 0.551475 0.294946
vt 0.590345 0.294571
vt 0.554601 0.294023
vt 0.557821 0.293269
vt 0.583578 0.292817
vt 0.561160 0.292684
vt 0.564642 0.292266
vt 0.568292 0.292015
vt 0.576193 0.292012
vt 0.572134 0.291931
vt 0.486069 0.761445
vt 0.485968 0.759131
vt 0.486096 0.756045
vt 0.486134 0.700121
vt 0.485968 0.696679
vt 0.486284 0.691831
vt 0.486373 0.763770
vt 0.486478 0.753055
vt 0.486615 0.703414
vt 0.487216 0.687304
vt 0.486882 0.766106
vt 0.487112 0.750167
vt 0.487390 0.706564
vt 0.487597 0.768457
vt 0.487996 0.747387
vt 0.488737 0.683117
vt 0.488436 0.709580
vt 0.488519 0.770823
vt 0.586684 0.807510
vt 0.487947 0.807510
vt 0.487947 0.787939
vt 0.500921 0.787939
vt 0.489127 0.744720
vt 0.489728 0.712467
vt 0.489651 0.773205
vt 0.490822 0.679290
vt 0.490503 0.742171
vt 0.490994 0.775606
vt 0.491246 0.715233
vt 0.492123 0.739747
vt 0.493444 0.675842
vt 0.492549 0.778027
vt 0.492964 0.717885
vt 0.493982 0.737451
vt 0.494317 0.780469
vt 0.494862 0.720429
vt 0.496578 0.672792
vt 0.496080 0.735289
vt 0.496301 0.782934
vt 0.496915 0.722871
vt 0.498414 0.733267
vt 0.498502 0.785423
vt 0.500198 0.670159
vt 0.499101 0.725221
vt 0.500981 0.731391
vt 0.501397 0.727483
vt 0.502461 0.703936
vt 0.504277 0.667961
vt 0.514995 0.787939
vt 0.512762 0.785934
vt 0.510783 0.783976
vt 0.509047 0.782049
vt 0.507543 0.780136
vt 0.506258 0.778220
vt 0.505182 0.776284
vt 0.504303 0.774311
vt 0.503609 0.772285
vt 0.503089 0.770188
vt 0.502732 0.768005
vt 0.502527 0.765718
vt 0.502461 0.763310
vt 0.503780 0.729664
vt 0.502522 0.705574
vt 0.502604 0.760926
vt 0.502644 0.701178
vt 0.502809 0.707290
vt 0.503040 0.758631
vt 0.503146 0.698527
vt 0.503306 0.709073
vt 0.503777 0.756444
vt 0.503978 0.696009
vt 0.504000 0.710907
vt 0.504823 0.754391
vt 0.505136 0.693649
vt 0.504877 0.712782
vt 0.508789 0.666217
vt 0.506186 0.752494
vt 0.505924 0.714683
vt 0.506614 0.691472
vt 0.507127 0.716599
vt 0.507876 0.750775
vt 0.508408 0.689503
vt 0.508471 0.718515
vt 0.509900 0.749258
vt 0.510514 0.687767
vt 0.509944 0.720418
vt 0.513709 0.664947
vt 0.512267 0.747965
vt 0.511532 0.722297
vt 0.512927 0.686291
vt 0.513220 0.724137
vt 0.514985 0.746920
vt 0.515642 0.685098
vt 0.514995 0.725926
vt 0.519011 0.664169
vt 0.518063 0.746145
vt 0.586684 0.787939
vt 0.586684 0.725926
vt 0.518655 0.684214
vt 0.521508 0.745663
vt 0.521962 0.683665
vt 0.524669 0.663904
vt 0.525331 0.745497
vt 0.525558 0.683475
vt 0.586682 0.663876
vt 0.586684 0.745497
vt 0.586691 0.683447
vt 0.517255 0.808375
vt 0.520754 0.808288
vt 0.525660 0.808506
vt 0.513901 0.808647
vt 0.530351 0.809153
vt 0.510690 0.809103
vt 0.507621 0.809745
vt 0.534787 0.810236
vt 0.504693 0.810573
vt 0.538927 0.811763
vt 0.501903 0.811589
vt 0.499250 0.812792
vt 0.542730 0.813741
vt 0.496732 0.814184
vt 0.546157 0.816178
vt 0.494349 0.815765
vt 0.492098 0.817537
vt 0.549166 0.819081
vt 0.489978 0.819500
vt 0.551718 0.822459
vt 0.487988 0.821654
vt 0.487961 0.842974
vt 0.490358 0.840302
vt 0.492813 0.837883
vt 0.495320 0.835713
vt 0.497872 0.833787
vt 0.500463 0.832103
vt 0.503087 0.830657
vt 0.505739 0.829444
vt 0.508412 0.828461
vt 0.511100 0.827703
vt 0.513796 0.827168
vt 0.516499 0.826877
vt 0.519195 0.826772
vt 0.553774 0.826317
vt 0.522038 0.826880
vt 0.555292 0.830664
vt 0.524633 0.827218
vt 0.526982 0.827769
vt 0.529084 0.828554
vt 0.530938 0.829580
vt 0.532545 0.830854
vt 0.556234 0.835509
vt 0.533905 0.832385
vt 0.535017 0.834180
vt 0.535882 0.836246
vt 0.556556 0.840858
vt 0.536500 0.838592
vt 0.536870 0.841225
vt 0.556548 0.891630
vt 0.536994 0.844152
vt 0.536993 0.849427
vt 0.519625 0.855577
vt 0.536991 0.860198
vt 0.515638 0.857017
vt 0.511636 0.858513
vt 0.507690 0.860111
vt 0.503867 0.861858
vt 0.532867 0.861629
vt 0.536988 0.888991
vt 0.528877 0.863081
vt 0.500236 0.863801
vt 0.525065 0.864575
vt 0.496865 0.865986
vt 0.521472 0.866130
vt 0.493825 0.868459
vt 0.518141 0.867768
vt 0.515116 0.869509
vt 0.491182 0.871268
vt 0.512439 0.871374
vt 0.489006 0.874460
vt 0.510152 0.873384
vt 0.508299 0.875559
vt 0.487366 0.878080
vt 0.506922 0.877919
vt 0.506065 0.880486
vt 0.486330 0.882176
vt 0.505770 0.883280
vt 0.485968 0.886794
vt 0.505891 0.885262
vt 0.506247 0.887132
vt 0.486165 0.889951
vt 0.506825 0.888879
vt 0.507612 0.890489
vt 0.535662 0.890214
vt 0.486749 0.893019
vt 0.534316 0.891350
vt 0.508594 0.891954
vt 0.532953 0.892396
vt 0.569633 0.892198
vt 0.570724 0.891400
vt 0.570724 0.903291
vt 0.556573 0.892514
vt 0.509758 0.893260
vt 0.568565 0.892939
vt 0.531571 0.893348
vt 0.556653 0.893301
vt 0.567527 0.893620
vt 0.487702 0.895961
vt 0.511093 0.894396
vt 0.556787 0.893995
vt 0.530171 0.894203
vt 0.566523 0.894239
vt 0.556973 0.894600
vt 0.528753 0.894956
vt 0.565559 0.894794
vt 0.512584 0.895352
vt 0.557211 0.895119
vt 0.564641 0.895282
vt 0.527316 0.895604
vt 0.557500 0.895556
vt 0.563772 0.895701
vt 0.514218 0.896115
vt 0.557839 0.895916
vt 0.525861 0.896143
vt 0.562959 0.896049
vt 0.558228 0.896201
vt 0.489010 0.898743
vt 0.562208 0.896325
vt 0.515984 0.896673
vt 0.524388 0.896569
vt 0.558666 0.896417
vt 0.561523 0.896524
vt 0.559151 0.896566
vt 0.560910 0.896645
vt 0.522897 0.896879
vt 0.559684 0.896653
vt 0.560374 0.896686
vt 0.517867 0.897016
vt 0.521385 0.897068
vt 0.519854 0.897133
vt 0.536808 0.900873
vt 0.490655 0.901329
vt 0.534654 0.902506
vt 0.537309 0.902553
vt 0.492620 0.903685
vt 0.532482 0.903993
vt 0.537933 0.904070
vt 0.568573 0.904693
vt 0.494887 0.905775
vt 0.530295 0.905335
vt 0.538684 0.905429
vt 0.566615 0.905928
vt 0.528094 0.906532
vt 0.539566 0.906631
vt 0.497440 0.907563
vt 0.564823 0.907005
vt 0.525881 0.907586
vt 0.540582 0.907681
vt 0.563172 0.907934
vt 0.500263 0.909015
vt 0.523657 0.908496
vt 0.541737 0.908581
vt 0.561633 0.908721
vt 0.521424 0.909265
vt 0.543034 0.909333
vt 0.560182 0.909377
vt 0.503337 0.910096
vt 0.519184 0.909892
vt 0.544477 0.909943
vt 0.558789 0.909908
vt 0.516937 0.910379
vt 0.557430 0.910324
vt 0.546070 0.910411
vt 0.506647 0.910770
vt 0.556077 0.910633
vt 0.514686 0.910725
vt 0.547816 0.910741
vt 0.554703 0.910843
vt 0.512431 0.910933
vt 0.549720 0.910937
vt 0.510175 0.911002
vt 0.553281 0.910964
vt 0.551785 0.911002
vt 0.760599 0.427002
vt 0.749388 0.427172
vt 0.745099 0.426911
vt 0.740977 0.426525
vt 0.736968 0.425996
vt 0.733015 0.425306
vt 0.771332 0.425487
vt 0.729060 0.424439
vt 0.725048 0.423378
vt 0.720922 0.422104
vt 0.781499 0.422703
vt 0.716625 0.420603
vt 0.712102 0.418855
vt 0.791015 0.418726
vt 0.707294 0.416844
vt 0.702147 0.414553
vt 0.799793 0.413633
vt 0.696602 0.411964
vt 0.741741 0.406588
vt 0.737249 0.405857
vt 0.732767 0.404921
vt 0.728297 0.403781
vt 0.723842 0.402438
vt 0.719406 0.400894
vt 0.714992 0.399151
vt 0.710602 0.397210
vt 0.706239 0.395074
vt 0.701907 0.392743
vt 0.697608 0.390219
vt 0.807755 0.407507
vt 0.750747 0.407378
vt 0.746245 0.407061
vt 0.758736 0.407247
vt 0.766406 0.406123
vt 0.773693 0.404065
vt 0.814808 0.400417
vt 0.780531 0.401127
vt 0.786854 0.397367
vt 0.820866 0.392438
vt 0.792597 0.392842
vt 0.797694 0.387607
vt 0.825844 0.383647
vt 0.802081 0.381720
vt 0.829655 0.374120
vt 0.805692 0.375236
vt 0.808462 0.368213
vt 0.832213 0.363933
vt 0.810325 0.360707
vt 0.833432 0.353162
vt 0.811216 0.352775
vt 0.811086 0.344618
vt 0.833245 0.342406
vt 0.747813 0.329533
vt 0.746902 0.348862
vt 0.696602 0.346490
vt 0.719039 0.328176
vt 0.699596 0.283012
vt 0.809942 0.336873
vt 0.831698 0.332151
vt 0.807831 0.329590
vt 0.720489 0.297425
vt 0.828863 0.322472
vt 0.804802 0.322819
vt 0.800902 0.316610
vt 0.824812 0.313441
vt 0.796180 0.311011
vt 0.819616 0.305133
vt 0.790684 0.306072
vt 0.784462 0.301844
vt 0.813349 0.297622
vt 0.777562 0.298376
vt 0.723113 0.296739
vt 0.725748 0.296087
vt 0.728396 0.295477
vt 0.770033 0.295718
vt 0.731060 0.294915
vt 0.733743 0.294410
vt 0.736447 0.293968
vt 0.761922 0.293918
vt 0.806083 0.290980
vt 0.739176 0.293595
vt 0.741931 0.293300
vt 0.744716 0.293089
vt 0.753277 0.293028
vt 0.747534 0.292968
vt 0.750386 0.292945
vt 0.797889 0.285283
vt 0.704618 0.281156
vt 0.709504 0.279509
vt 0.788840 0.280602
vt 0.714282 0.278064
vt 0.718983 0.276817
vt 0.779008 0.277014
vt 0.723634 0.275763
vt 0.728266 0.274898
vt 0.732907 0.274217
vt 0.768465 0.274590
vt 0.737587 0.273715
vt 0.742336 0.273388
vt 0.747182 0.273230
vt 0.757284 0.273405
vt 0.752155 0.273237
vt 0.110319 0.342371
vt 0.112773 0.344468
vt 0.073646 0.360630
vt 0.071644 0.350268
vt 0.115386 0.346515
vt 0.076898 0.370668
vt 0.118297 0.348446
vt 0.081322 0.380336
vt 0.121444 0.350209
vt 0.086863 0.389599
vt 0.124815 0.351765
vt 0.093498 0.398419
vt 0.128409 0.353073
vt 0.101229 0.406754
vt 0.132235 0.354091
vt 0.110083 0.414553
vt 0.136302 0.354768
vt 0.120111 0.421748
vt 0.140625 0.355040
vt 0.131384 0.428248
vt 0.145213 0.354828
vt 0.143995 0.433934
vt 0.150067 0.354039
vt 0.158057 0.438651
vt 0.163253 0.351022
vt 0.184654 0.428658
vt 0.175436 0.345590
vt 0.207558 0.416239
vt 0.186383 0.338210
vt 0.227215 0.402063
vt 0.196103 0.329228
vt 0.244014 0.386634
vt 0.204632 0.318876
vt 0.258305 0.370344
vt 0.212015 0.307294
vt 0.270420 0.353501
vt 0.218298 0.294540
vt 0.280701 0.336344
vt 0.223519 0.280591
vt 0.289514 0.319058
vt 0.232660 0.269919
vt 0.297289 0.301766
vt 0.240269 0.258714
vt 0.303954 0.284201
vt 0.246434 0.246933
vt 0.309392 0.266161
vt 0.251184 0.234530
vt 0.313450 0.247499
vt 0.254401 0.221955
vt 0.315842 0.228700
vt 0.256069 0.209801
vt 0.316427 0.210449
vt 0.256346 0.198051
vt 0.315250 0.192747
vt 0.255350 0.186700
vt 0.312347 0.175636
vt 0.253169 0.175749
vt 0.307756 0.159193
vt 0.249873 0.165212
vt 0.301517 0.143521
vt 0.245517 0.155108
vt 0.293684 0.128750
vt 0.240149 0.145461
vt 0.284323 0.115033
vt 0.233813 0.136285
vt 0.273531 0.102542
vt 0.226553 0.127588
vt 0.261440 0.091474
vt 0.218414 0.119349
vt 0.248240 0.082047
vt 0.209448 0.111502
vt 0.234208 0.074503
vt 0.206256 0.112941
vt 0.225974 0.072479
vt 0.202994 0.114518
vt 0.217947 0.071341
vt 0.199639 0.116227
vt 0.210132 0.070962
vt 0.196157 0.118061
vt 0.202516 0.071243
vt 0.192500 0.120014
vt 0.195075 0.072114
vt 0.188620 0.122084
vt 0.187780 0.073519
vt 0.184466 0.124271
vt 0.180601 0.075422
vt 0.179992 0.126576
vt 0.173513 0.077792
vt 0.176100 0.126680
vt 0.166499 0.080599
vt 0.172001 0.126981
vt 0.159550 0.083879
vt 0.167702 0.127477
vt 0.152677 0.087674
vt 0.163234 0.128157
vt 0.145918 0.092038
vt 0.149022 0.141171
vt 0.127671 0.103473
vt 0.144597 0.141808
vt 0.124135 0.106349
vt 0.140507 0.142521
vt 0.120763 0.109072
vt 0.136715 0.143301
vt 0.117542 0.111674
vt 0.133191 0.144143
vt 0.114461 0.114180
vt 0.129908 0.145041
vt 0.111511 0.116612
vt 0.126842 0.145991
vt 0.108685 0.118988
vt 0.123973 0.146989
vt 0.105977 0.121323
vt 0.121284 0.148033
vt 0.103382 0.123631
vt 0.118760 0.149119
vt 0.100895 0.125924
vt 0.116386 0.150247
vt 0.098513 0.128210
vt 0.114152 0.151414
vt 0.096234 0.130499
vt 0.112047 0.152619
vt 0.094055 0.132798
vt 0.108397 0.154494
vt 0.090440 0.136547
vt 0.105215 0.156504
vt 0.087114 0.140290
vt 0.102434 0.158639
vt 0.084068 0.144085
vt 0.100006 0.160892
vt 0.081306 0.147969
vt 0.097897 0.163257
vt 0.078836 0.151964
vt 0.096088 0.165733
vt 0.076672 0.156085
vt 0.094562 0.168315
vt 0.074827 0.160336
vt 0.093311 0.171000
vt 0.073318 0.164720
vt 0.092327 0.173788
vt 0.072166 0.169233
vt 0.091611 0.176679
vt 0.071389 0.173869
vt 0.091163 0.179674
vt 0.071010 0.178622
vt 0.090990 0.182776
vt 0.071057 0.183483
vt 0.091106 0.185923
vt 0.071553 0.188372
vt 0.091523 0.188874
vt 0.072472 0.193017
vt 0.092217 0.191654
vt 0.073782 0.197419
vt 0.093170 0.194284
vt 0.075458 0.201577
vt 0.094369 0.196786
vt 0.077477 0.205491
vt 0.095808 0.199177
vt 0.079819 0.209158
vt 0.097486 0.201473
vt 0.082466 0.212573
vt 0.099402 0.203687
vt 0.085398 0.215726
vt 0.101561 0.205832
vt 0.088589 0.218605
vt 0.103967 0.207921
vt 0.092007 0.221197
vt 0.106624 0.209968
vt 0.095608 0.223488
vt 0.109533 0.211996
vt 0.099331 0.225469
vt 0.110617 0.212543
vt 0.101216 0.225838
vt 0.111704 0.213077
vt 0.103047 0.226070
vt 0.112792 0.213602
vt 0.104818 0.226171
vt 0.113879 0.214122
vt 0.106522 0.226147
vt 0.114965 0.214642
vt 0.108150 0.226005
vt 0.116047 0.215169
vt 0.109695 0.225752
vt 0.117123 0.215706
vt 0.111149 0.225391
vt 0.118191 0.216259
vt 0.112503 0.224929
vt 0.119250 0.216835
vt 0.113749 0.224372
vt 0.120296 0.217440
vt 0.114877 0.223725
vt 0.121324 0.218083
vt 0.115878 0.222994
vt 0.122329 0.218779
vt 0.116743 0.222185
vt 0.133659 0.213907
vt 0.118876 0.224499
vt 0.147740 0.240463
vt 0.116588 0.236065
vt 0.139931 0.262646
vt 0.108176 0.244915
vt 0.110506 0.290542
vt 0.080817 0.279956
vt 0.108117 0.340298
vt 0.071010 0.339640
vt 0.649241 0.270636
vt 0.645918 0.273078
vt 0.633998 0.226769
vt 0.635306 0.227072
vt 0.642654 0.275361
vt 0.632727 0.226533
vt 0.639448 0.277506
vt 0.631544 0.226349
vt 0.636291 0.279533
vt 0.630460 0.226196
vt 0.633165 0.281457
vt 0.629469 0.226056
vt 0.630046 0.283289
vt 0.628554 0.225915
vt 0.626901 0.285037
vt 0.627700 0.225756
vt 0.623691 0.286703
vt 0.626860 0.225573
vt 0.620370 0.288285
vt 0.626009 0.225353
vt 0.616887 0.289773
vt 0.625095 0.225088
vt 0.613188 0.291153
vt 0.624090 0.224761
vt 0.609302 0.289262
vt 0.622359 0.224191
vt 0.605759 0.287346
vt 0.620816 0.223577
vt 0.602522 0.285417
vt 0.619434 0.222924
vt 0.599551 0.283481
vt 0.618213 0.222225
vt 0.596802 0.281540
vt 0.617131 0.221474
vt 0.594231 0.279590
vt 0.616164 0.220662
vt 0.591790 0.277623
vt 0.615286 0.219773
vt 0.589432 0.275626
vt 0.614471 0.218791
vt 0.587115 0.273582
vt 0.613693 0.217693
vt 0.584800 0.271475
vt 0.612928 0.216455
vt 0.582456 0.269287
vt 0.612144 0.215042
vt 0.580058 0.267001
vt 0.611288 0.213401
vt 0.576608 0.264018
vt 0.608482 0.212538
vt 0.573367 0.261059
vt 0.605855 0.211757
vt 0.570323 0.258122
vt 0.603393 0.211055
vt 0.567461 0.255203
vt 0.601084 0.210428
vt 0.564769 0.252296
vt 0.598903 0.209781
vt 0.562236 0.249397
vt 0.596835 0.209073
vt 0.559852 0.246501
vt 0.594876 0.208308
vt 0.557609 0.243603
vt 0.593019 0.207488
vt 0.555497 0.240697
vt 0.591256 0.206615
vt 0.553511 0.237780
vt 0.589583 0.205690
vt 0.551646 0.234847
vt 0.587991 0.204715
vt 0.549895 0.231892
vt 0.586477 0.203691
vt 0.547469 0.227842
vt 0.584116 0.201761
vt 0.545314 0.223886
vt 0.582061 0.199784
vt 0.543398 0.219996
vt 0.580276 0.197753
vt 0.541696 0.216151
vt 0.578730 0.195665
vt 0.540190 0.212333
vt 0.577403 0.193516
vt 0.538865 0.208532
vt 0.576276 0.191303
vt 0.537712 0.204739
vt 0.575339 0.189024
vt 0.536723 0.200951
vt 0.574584 0.186678
vt 0.535891 0.197167
vt 0.574007 0.184266
vt 0.535209 0.193386
vt 0.573606 0.181786
vt 0.534670 0.189610
vt 0.573384 0.179235
vt 0.534265 0.185835
vt 0.573345 0.176610
vt 0.533719 0.180813
vt 0.573659 0.172598
vt 0.533406 0.176242
vt 0.574253 0.168895
vt 0.533247 0.171986
vt 0.574063 0.164458
vt 0.533199 0.167936
vt 0.573500 0.160044
vt 0.533231 0.164010
vt 0.572599 0.155629
vt 0.533322 0.160170
vt 0.571398 0.151210
vt 0.533460 0.156412
vt 0.569938 0.146796
vt 0.533636 0.152763
vt 0.567904 0.143443
vt 0.533859 0.149252
vt 0.565989 0.140421
vt 0.534135 0.145912
vt 0.564213 0.137703
vt 0.534470 0.142777
vt 0.562578 0.135251
vt 0.534869 0.139874
vt 0.561076 0.133029
vt 0.533199 0.129075
vt 0.555664 0.125334
vt 0.533302 0.125213
vt 0.555794 0.123450
vt 0.533707 0.122635
vt 0.555880 0.122775
vt 0.534246 0.120253
vt 0.556019 0.122244
vt 0.534895 0.118042
vt 0.556214 0.121845
vt 0.535634 0.115974
vt 0.556465 0.121563
vt 0.536454 0.114017
vt 0.556778 0.121380
vt 0.537355 0.112137
vt 0.557162 0.121276
vt 0.538342 0.110305
vt 0.557632 0.121231
vt 0.539433 0.108491
vt 0.558203 0.121224
vt 0.540648 0.106677
vt 0.558895 0.121240
vt 0.542009 0.104846
vt 0.559730 0.121265
vt 0.543541 0.102992
vt 0.560728 0.121290
vt 0.545269 0.101109
vt 0.561913 0.121306
vt 0.547027 0.099340
vt 0.563088 0.121412
vt 0.548887 0.097620
vt 0.564341 0.121572
vt 0.550856 0.095942
vt 0.565679 0.121791
vt 0.552943 0.094300
vt 0.567113 0.122075
vt 0.555156 0.092687
vt 0.568651 0.122430
vt 0.557510 0.091096
vt 0.570309 0.122861
vt 0.560019 0.089522
vt 0.572101 0.123377
vt 0.562702 0.087956
vt 0.574044 0.123988
vt 0.565580 0.086393
vt 0.576159 0.124702
vt 0.568677 0.084822
vt 0.578470 0.125533
vt 0.572023 0.083237
vt 0.581010 0.126492
vt 0.575650 0.081625
vt 0.583844 0.127583
vt 0.598350 0.076681
vt 0.604942 0.121860
vt 0.602762 0.075226
vt 0.607271 0.120939
vt 0.607269 0.073964
vt 0.609551 0.120166
vt 0.611882 0.072905
vt 0.611796 0.119539
vt 0.616615 0.072059
vt 0.614021 0.119059
vt 0.621484 0.071440
vt 0.616239 0.118728
vt 0.626503 0.071067
vt 0.618464 0.118550
vt 0.631687 0.070961
vt 0.620707 0.118531
vt 0.637048 0.071151
vt 0.622977 0.118679
vt 0.642599 0.071666
vt 0.625280 0.119004
vt 0.648347 0.072546
vt 0.627620 0.119518
vt 0.654297 0.073831
vt 0.629996 0.120235
vt 0.660450 0.075570
vt 0.632402 0.121169
vt 0.667117 0.081662
vt 0.635989 0.123073
vt 0.673003 0.088008
vt 0.639175 0.125150
vt 0.678138 0.094557
vt 0.641963 0.127368
vt 0.682558 0.101270
vt 0.644361 0.129705
vt 0.686302 0.108125
vt 0.646383 0.132152
vt 0.689408 0.115117
vt 0.648040 0.134718
vt 0.691908 0.122266
vt 0.649344 0.137424
vt 0.693818 0.129609
vt 0.650296 0.140304
vt 0.695135 0.137201
vt 0.650888 0.143406
vt 0.695825 0.145105
vt 0.651098 0.146785
vt 0.695825 0.153383
vt 0.650889 0.150503
vt 0.695041 0.162085
vt 0.650206 0.154616
vt 0.682449 0.216769
vt 0.636174 0.204723
vt 0.682138 0.218883
vt 0.635995 0.206099
vt 0.681809 0.220896
vt 0.635863 0.207367
vt 0.681465 0.222818
vt 0.635779 0.208535
vt 0.681108 0.224658
vt 0.635740 0.209611
vt 0.680741 0.226432
vt 0.635743 0.210604
vt 0.680361 0.228153
vt 0.635795 0.211537
vt 0.679964 0.229839
vt 0.635954 0.212426
vt 0.679545 0.231509
vt 0.636175 0.213267
vt 0.679098 0.233179
vt 0.636452 0.214064
vt 0.678615 0.234864
vt 0.636780 0.214826
vt 0.678089 0.236572
vt 0.637161 0.215557
vt 0.677513 0.238311
vt 0.637579 0.216273
vt 0.676929 0.240000
vt 0.638029 0.216897
vt 0.676267 0.241758
vt 0.638529 0.217527
vt 0.675519 0.243582
vt 0.639081 0.218153
vt 0.674679 0.245466
vt 0.639640 0.218800
vt 0.673741 0.247402
vt 0.640249 0.219427
vt 0.672699 0.249382
vt 0.640859 0.220060
vt 0.671549 0.251398
vt 0.641528 0.220650
vt 0.670285 0.253440
vt 0.642200 0.221232
vt 0.668903 0.255500
vt 0.643038 0.221777
vt 0.667400 0.257568
vt 0.643857 0.222312
vt 0.665770 0.259635
vt 0.644654 0.222823
vt 0.664010 0.261692
vt 0.645423 0.223288
vt 0.652619 0.268009
vt 0.636599 0.227451
vt 0.756344 0.496957
vt 0.759367 0.499398
vt 0.746846 0.479206
vt 0.747010 0.480289
vt 0.762137 0.502707
vt 0.746479 0.477935
vt 0.764588 0.506839
vt 0.745914 0.476471
vt 0.766676 0.511733
vt 0.745050 0.474850
vt 0.768380 0.517323
vt 0.744047 0.472994
vt 0.769691 0.523539
vt 0.742903 0.470870
vt 0.770607 0.530321
vt 0.741654 0.468420
vt 0.771099 0.537631
vt 0.740501 0.465643
vt 0.771080 0.545464
vt 0.739430 0.462510
vt 0.770349 0.553866
vt 0.738371 0.458997
vt 0.768552 0.562931
vt 0.737065 0.455000
vt 0.767976 0.571911
vt 0.736755 0.450491
vt 0.766939 0.581236
vt 0.736662 0.445457
vt 0.765402 0.590897
vt 0.736562 0.440128
vt 0.763312 0.600891
vt 0.736554 0.434553
vt 0.760600 0.611217
vt 0.736657 0.428721
vt 0.755461 0.602950
vt 0.738154 0.433022
vt 0.751018 0.594841
vt 0.739551 0.436924
vt 0.747189 0.586911
vt 0.740829 0.440503
vt 0.743908 0.579181
vt 0.741975 0.443801
vt 0.741121 0.571667
vt 0.742984 0.446842
vt 0.738783 0.564388
vt 0.743855 0.449643
vt 0.736859 0.557361
vt 0.744589 0.452197
vt 0.736554 0.550667
vt 0.745729 0.454632
vt 0.736702 0.544199
vt 0.746849 0.456957
vt 0.737262 0.537966
vt 0.747766 0.459260
vt 0.738204 0.531973
vt 0.748648 0.461471
vt 0.739503 0.526228
vt 0.749496 0.463600
vt 0.741142 0.520741
vt 0.750271 0.465660
vt 0.743108 0.515523
vt 0.751012 0.467652
vt 0.745390 0.510585
vt 0.751722 0.469586
vt 0.747981 0.505943
vt 0.752369 0.471486
vt 0.750873 0.501612
vt 0.752987 0.473345
vt 0.754062 0.497608
vt 0.753553 0.475195
vt 0.757542 0.493948
vt 0.754087 0.477027
vt 0.753155 0.495419
vt 0.746964 0.481160
vt 0.388659 0.114282
vt 0.387252 0.115800
vt 0.375156 0.078403
vt 0.379989 0.076585
vt 0.385873 0.117314
vt 0.370621 0.080451
vt 0.384527 0.118795
vt 0.366369 0.082692
vt 0.383132 0.120102
vt 0.362386 0.085092
vt 0.381876 0.121435
vt 0.358659 0.087630
vt 0.380757 0.122791
vt 0.355171 0.090285
vt 0.379771 0.124167
vt 0.351906 0.093045
vt 0.378913 0.125564
vt 0.348849 0.095898
vt 0.378177 0.126985
vt 0.345982 0.098840
vt 0.377556 0.128437
vt 0.343291 0.101869
vt 0.377045 0.129925
vt 0.340761 0.104988
vt 0.376638 0.131460
vt 0.338379 0.108205
vt 0.375987 0.133728
vt 0.335743 0.112228
vt 0.375499 0.136016
vt 0.333319 0.116326
vt 0.375171 0.138331
vt 0.331095 0.120503
vt 0.375002 0.140684
vt 0.329057 0.124766
vt 0.374992 0.143086
vt 0.327195 0.129126
vt 0.375143 0.145552
vt 0.325500 0.133600
vt 0.375459 0.148097
vt 0.323967 0.138203
vt 0.375947 0.150741
vt 0.322590 0.142959
vt 0.376614 0.153502
vt 0.321369 0.147889
vt 0.377473 0.156404
vt 0.320305 0.153019
vt 0.378535 0.159475
vt 0.319400 0.158375
vt 0.379806 0.162770
vt 0.318659 0.163985
vt 0.381465 0.165817
vt 0.318079 0.169628
vt 0.383265 0.169028
vt 0.317651 0.175373
vt 0.385103 0.172458
vt 0.317367 0.181218
vt 0.386947 0.176071
vt 0.317220 0.187159
vt 0.388770 0.179835
vt 0.317205 0.193200
vt 0.390739 0.184571
vt 0.317322 0.199350
vt 0.392689 0.189385
vt 0.317572 0.205617
vt 0.394606 0.194282
vt 0.317960 0.212021
vt 0.396477 0.199276
vt 0.318497 0.218593
vt 0.398296 0.204383
vt 0.319199 0.225375
vt 0.400057 0.209626
vt 0.320091 0.232422
vt 0.402964 0.219138
vt 0.321206 0.239799
vt 0.401844 0.228963
vt 0.323174 0.249883
vt 0.400829 0.238200
vt 0.325335 0.259584
vt 0.400136 0.247102
vt 0.327777 0.268977
vt 0.399729 0.255760
vt 0.330575 0.278125
vt 0.399586 0.264258
vt 0.333799 0.287073
vt 0.399694 0.272670
vt 0.337509 0.295845
vt 0.400036 0.281039
vt 0.341761 0.304430
vt 0.400591 0.289390
vt 0.346601 0.312785
vt 0.401337 0.297739
vt 0.352065 0.320824
vt 0.402242 0.306091
vt 0.358170 0.328421
vt 0.403262 0.314445
vt 0.364906 0.335402
vt 0.404332 0.322798
vt 0.372232 0.341548
vt 0.430150 0.360591
vt 0.405667 0.380994
vt 0.441793 0.361821
vt 0.418385 0.389607
vt 0.474274 0.396037
vt 0.454358 0.421027
vt 0.475850 0.397404
vt 0.458653 0.423167
vt 0.477387 0.398506
vt 0.462889 0.424856
vt 0.478889 0.399383
vt 0.467060 0.426142
vt 0.480361 0.400068
vt 0.471162 0.427065
vt 0.481809 0.400588
vt 0.475201 0.427657
vt 0.483241 0.400965
vt 0.479180 0.427943
vt 0.484665 0.401215
vt 0.483106 0.427942
vt 0.486088 0.401351
vt 0.486984 0.427663
vt 0.487513 0.401380
vt 0.490817 0.427112
vt 0.488945 0.401309
vt 0.494605 0.426287
vt 0.490385 0.401140
vt 0.498344 0.425183
vt 0.491831 0.400874
vt 0.502025 0.423791
vt 0.492692 0.400684
vt 0.505032 0.422442
vt 0.493584 0.400426
vt 0.508013 0.420898
vt 0.494503 0.400104
vt 0.510960 0.419144
vt 0.495441 0.399720
vt 0.513856 0.417166
vt 0.496390 0.399278
vt 0.516680 0.414955
vt 0.497338 0.398784
vt 0.519409 0.412502
vt 0.498273 0.398245
vt 0.522020 0.409803
vt 0.499183 0.397671
vt 0.524486 0.406860
vt 0.500054 0.397073
vt 0.526783 0.403674
vt 0.500874 0.396464
vt 0.528886 0.400254
vt 0.501628 0.395859
vt 0.530772 0.396609
vt 0.502295 0.395285
vt 0.532421 0.392751
vt 0.490725 0.344636
vt 0.526327 0.338705
vt 0.482465 0.329193
vt 0.526219 0.321133
vt 0.470575 0.260658
vt 0.518992 0.255357
vt 0.469997 0.254920
vt 0.519469 0.251587
vt 0.469700 0.249537
vt 0.520050 0.248074
vt 0.469650 0.244495
vt 0.520703 0.244799
vt 0.469820 0.239776
vt 0.521404 0.241738
vt 0.470360 0.235629
vt 0.522136 0.238853
vt 0.471069 0.231803
vt 0.522886 0.236100
vt 0.471925 0.228270
vt 0.523647 0.233430
vt 0.472908 0.225001
vt 0.524414 0.230794
vt 0.474003 0.221969
vt 0.525185 0.228147
vt 0.475194 0.219148
vt 0.525957 0.225450
vt 0.476466 0.216519
vt 0.526727 0.222672
vt 0.477803 0.214066
vt 0.527490 0.219789
vt 0.479158 0.211772
vt 0.528234 0.216834
vt 0.480438 0.209697
vt 0.528933 0.213956
vt 0.481660 0.207821
vt 0.529586 0.211124
vt 0.482830 0.206067
vt 0.530192 0.208303
vt 0.483944 0.204309
vt 0.530745 0.205456
vt 0.485008 0.202501
vt 0.531241 0.202544
vt 0.486028 0.200622
vt 0.531671 0.199527
vt 0.487013 0.198653
vt 0.532023 0.196369
vt 0.487965 0.196578
vt 0.532280 0.193035
vt 0.488890 0.194386
vt 0.532421 0.189494
vt 0.489787 0.192069
vt 0.532418 0.185720
vt 0.490657 0.189624
vt 0.532241 0.181692
vt 0.486356 0.126736
vt 0.517619 0.112242
vt 0.487030 0.117080
vt 0.501353 0.091833
vt 0.408345 0.105452
vt 0.413154 0.070961
vt 0.399482 0.113773
vt 0.393317 0.073616
vt 0.550796 0.653368
vt 0.546339 0.655783
vt 0.541925 0.623251
vt 0.542979 0.623688
vt 0.541650 0.657872
vt 0.540863 0.622690
vt 0.536723 0.659633
vt 0.539793 0.621991
vt 0.531543 0.661061
vt 0.538715 0.621138
vt 0.526086 0.662136
vt 0.537624 0.620110
vt 0.520323 0.662829
vt 0.536511 0.618877
vt 0.514216 0.663098
vt 0.535367 0.617401
vt 0.507722 0.662885
vt 0.534183 0.615633
vt 0.500794 0.662115
vt 0.532948 0.613509
vt 0.493380 0.660695
vt 0.531637 0.610910
vt 0.485426 0.658510
vt 0.530350 0.607952
vt 0.475882 0.645650
vt 0.525319 0.601644
vt 0.468328 0.632851
vt 0.521380 0.595031
vt 0.462442 0.620175
vt 0.518339 0.588222
vt 0.457974 0.607639
vt 0.516059 0.581248
vt 0.454734 0.595246
vt 0.514443 0.574114
vt 0.452579 0.583000
vt 0.513433 0.566819
vt 0.451392 0.570912
vt 0.513001 0.559382
vt 0.451075 0.559006
vt 0.513148 0.551853
vt 0.451534 0.547314
vt 0.513901 0.544319
vt 0.452669 0.535861
vt 0.515317 0.536924
vt 0.454372 0.524655
vt 0.517489 0.529888
vt 0.456528 0.513667
vt 0.515789 0.521710
vt 0.459314 0.502371
vt 0.514769 0.513498
vt 0.462626 0.491931
vt 0.514513 0.506005
vt 0.466472 0.482288
vt 0.514885 0.499121
vt 0.470844 0.473405
vt 0.515773 0.492762
vt 0.475731 0.465257
vt 0.517094 0.486860
vt 0.481119 0.457832
vt 0.518785 0.481356
vt 0.486994 0.451129
vt 0.520798 0.476202
vt 0.493341 0.445164
vt 0.523100 0.471359
vt 0.500144 0.439974
vt 0.525664 0.466796
vt 0.507375 0.435618
vt 0.528469 0.462493
vt 0.514990 0.432186
vt 0.531493 0.458434
vt 0.522913 0.429797
vt 0.534709 0.454609
vt 0.530661 0.428721
vt 0.537049 0.454566
vt 0.538100 0.428805
vt 0.539360 0.454879
vt 0.545190 0.429907
vt 0.541602 0.455514
vt 0.551914 0.431926
vt 0.543760 0.456455
vt 0.558267 0.434813
vt 0.545833 0.457696
vt 0.564237 0.438561
vt 0.547819 0.459249
vt 0.569788 0.443199
vt 0.549710 0.461139
vt 0.574844 0.448786
vt 0.551479 0.463397
vt 0.579281 0.455392
vt 0.553073 0.466048
vt 0.582918 0.463090
vt 0.554405 0.469105
vt 0.585499 0.471936
vt 0.555349 0.472548
vt 0.586691 0.481961
vt 0.555671 0.476304
vt 0.572679 0.537481
vt 0.534454 0.527307
vt 0.574416 0.541484
vt 0.534934 0.535242
vt 0.576202 0.545725
vt 0.535276 0.542625
vt 0.577951 0.550131
vt 0.535620 0.549556
vt 0.579608 0.554658
vt 0.536053 0.556102
vt 0.581135 0.559287
vt 0.536627 0.562314
vt 0.582511 0.564025
vt 0.537376 0.568235
vt 0.583719 0.568895
vt 0.538318 0.573899
vt 0.584748 0.573929
vt 0.539456 0.579332
vt 0.585583 0.579160
vt 0.540777 0.584547
vt 0.586205 0.584616
vt 0.542246 0.589540
vt 0.586587 0.590313
vt 0.543797 0.594285
vt 0.586691 0.596251
vt 0.545401 0.598685
vt 0.586429 0.600619
vt 0.546302 0.601394
vt 0.585947 0.604917
vt 0.547114 0.603862
vt 0.585242 0.609145
vt 0.547855 0.606121
vt 0.584310 0.613302
vt 0.548544 0.608195
vt 0.583145 0.617382
vt 0.549194 0.610107
vt 0.581739 0.621382
vt 0.549813 0.611869
vt 0.580082 0.625293
vt 0.550408 0.613489
vt 0.578161 0.629103
vt 0.550982 0.614969
vt 0.575963 0.632801
vt 0.551536 0.616309
vt 0.573470 0.636368
vt 0.552070 0.617499
vt 0.570664 0.639784
vt 0.552584 0.618532
vt 0.567525 0.643024
vt 0.553079 0.619392
vt 0.555017 0.650617
vt 0.544015 0.624008
vt 0.463923 0.928347
vt 0.455379 0.927369
vt 0.415206 0.907174
vt 0.414600 0.909407
vt 0.447621 0.925226
vt 0.415702 0.904818
vt 0.440651 0.922122
vt 0.416134 0.902339
vt 0.434458 0.918230
vt 0.416530 0.899741
vt 0.429030 0.913692
vt 0.416900 0.897027
vt 0.424357 0.908621
vt 0.417246 0.894198
vt 0.420438 0.903111
vt 0.417562 0.891256
vt 0.417284 0.897240
vt 0.417837 0.888201
vt 0.414922 0.891076
vt 0.418058 0.885032
vt 0.413395 0.884685
vt 0.418210 0.881754
vt 0.412763 0.878145
vt 0.418277 0.878377
vt 0.413105 0.871544
vt 0.418232 0.874910
vt 0.414411 0.865058
vt 0.418194 0.871579
vt 0.416614 0.858779
vt 0.418141 0.868374
vt 0.419662 0.852784
vt 0.418067 0.865274
vt 0.423520 0.847150
vt 0.417959 0.862260
vt 0.428175 0.841957
vt 0.417796 0.859320
vt 0.433626 0.837306
vt 0.417543 0.856454
vt 0.439884 0.833320
vt 0.417145 0.853681
vt 0.446965 0.830155
vt 0.416465 0.851090
vt 0.454885 0.828001
vt 0.415753 0.848549
vt 0.463648 0.827090
vt 0.414787 0.846134
vt 0.473237 0.827701
vt 0.414030 0.843861
vt 0.473237 0.927915
vt 0.413810 0.911523
vt 0.118899 0.468309
vt 0.131492 0.459168
vt 0.156187 0.498372
vt 0.148198 0.504186
vt 0.144632 0.451818
vt 0.164381 0.493796
vt 0.158209 0.446195
vt 0.172703 0.490390
vt 0.172133 0.442260
vt 0.181104 0.488095
vt 0.186325 0.440001
vt 0.189508 0.486885
vt 0.200710 0.439429
vt 0.197843 0.486724
vt 0.215211 0.440584
vt 0.206053 0.487631
vt 0.229744 0.443534
vt 0.214066 0.489628
vt 0.244213 0.448376
vt 0.221778 0.492740
vt 0.258503 0.455245
vt 0.229061 0.497004
vt 0.272471 0.464318
vt 0.235751 0.502464
vt 0.281859 0.477686
vt 0.241254 0.508749
vt 0.289164 0.491529
vt 0.245677 0.515724
vt 0.294520 0.505695
vt 0.249035 0.523225
vt 0.298025 0.520054
vt 0.251337 0.531117
vt 0.299753 0.534493
vt 0.252591 0.539290
vt 0.299753 0.548915
vt 0.252794 0.547656
vt 0.298052 0.563236
vt 0.251933 0.556142
vt 0.294652 0.577375
vt 0.249977 0.564689
vt 0.289528 0.591257
vt 0.246882 0.573241
vt 0.282628 0.604793
vt 0.242578 0.581739
vt 0.273870 0.617879
vt 0.236978 0.590110
vt 0.263147 0.630374
vt 0.229978 0.598258
vt 0.251313 0.641222
vt 0.222331 0.605273
vt 0.238785 0.650231
vt 0.214374 0.610984
vt 0.225695 0.657479
vt 0.206200 0.615475
vt 0.212150 0.663024
vt 0.197883 0.618813
vt 0.198240 0.666895
vt 0.189488 0.621048
vt 0.184051 0.669101
vt 0.181079 0.622212
vt 0.169669 0.669625
vt 0.172726 0.622320
vt 0.155187 0.668429
vt 0.164508 0.621376
vt 0.140706 0.665454
vt 0.156522 0.619372
vt 0.126341 0.660622
vt 0.148881 0.616295
vt 0.112217 0.653823
vt 0.141721 0.612123
vt 0.098481 0.644914
vt 0.135206 0.606832
vt 0.088941 0.631343
vt 0.129539 0.600392
vt 0.081570 0.617353
vt 0.125032 0.593299
vt 0.076200 0.603090
vt 0.121648 0.585717
vt 0.072709 0.588673
vt 0.119360 0.577778
vt 0.071010 0.574209
vt 0.118147 0.569586
vt 0.071042 0.559793
vt 0.117999 0.561231
vt 0.072767 0.545514
vt 0.118917 0.552786
vt 0.076169 0.531457
vt 0.120914 0.544318
vt 0.081254 0.517708
vt 0.124020 0.535884
vt 0.088051 0.504359
vt 0.128277 0.527545
vt 0.096608 0.491518
vt 0.133742 0.519368
vt 0.106996 0.479323
vt 0.140485 0.511433
vt 0.757985 0.722603
vt 0.760921 0.735167
vt 0.713182 0.744182
vt 0.711203 0.736823
vt 0.762366 0.747674
vt 0.714441 0.751451
vt 0.762366 0.760003
vt 0.715035 0.758588
vt 0.760959 0.772035
vt 0.715014 0.765559
vt 0.758177 0.783648
vt 0.714424 0.772320
vt 0.754047 0.794714
vt 0.713308 0.778839
vt 0.748590 0.805092
vt 0.711709 0.785079
vt 0.741828 0.814619
vt 0.709673 0.791001
vt 0.733783 0.823101
vt 0.707249 0.796557
vt 0.724486 0.830300
vt 0.704502 0.801698
vt 0.713992 0.835918
vt 0.701520 0.806366
vt 0.702612 0.839526
vt 0.696027 0.805209
vt 0.690949 0.841166
vt 0.690388 0.803581
vt 0.679255 0.841014
vt 0.684707 0.801447
vt 0.667719 0.839220
vt 0.679074 0.798776
vt 0.656491 0.835905
vt 0.673540 0.795557
vt 0.645692 0.831170
vt 0.668054 0.791840
vt 0.635437 0.825094
vt 0.662739 0.787587
vt 0.625837 0.817745
vt 0.657679 0.782760
vt 0.617001 0.809183
vt 0.652961 0.777358
vt 0.609040 0.799465
vt 0.648604 0.771386
vt 0.602074 0.788644
vt 0.644676 0.764834
vt 0.596232 0.776780
vt 0.641251 0.757693
vt 0.591805 0.764381
vt 0.638527 0.750305
vt 0.588900 0.751900
vt 0.636566 0.742970
vt 0.587469 0.739468
vt 0.635308 0.735729
vt 0.587469 0.727209
vt 0.634702 0.728625
vt 0.588864 0.715238
vt 0.634701 0.721696
vt 0.591627 0.703677
vt 0.635266 0.714976
vt 0.595734 0.692651
vt 0.636360 0.708501
vt 0.601167 0.682299
vt 0.637948 0.702304
vt 0.607910 0.672783
vt 0.639994 0.696424
vt 0.615945 0.664297
vt 0.642459 0.690905
vt 0.625244 0.657078
vt 0.645283 0.685781
vt 0.635757 0.651429
vt 0.648397 0.681118
vt 0.647089 0.647803
vt 0.653879 0.682182
vt 0.658714 0.646127
vt 0.659489 0.683731
vt 0.670382 0.646231
vt 0.665132 0.685801
vt 0.681906 0.647974
vt 0.670695 0.688439
vt 0.693137 0.651237
vt 0.676273 0.691568
vt 0.703945 0.655925
vt 0.681729 0.695223
vt 0.714214 0.661957
vt 0.686997 0.699425
vt 0.723832 0.669266
vt 0.692022 0.704189
vt 0.732688 0.677792
vt 0.696733 0.709537
vt 0.740667 0.687481
vt 0.701077 0.715488
vt 0.747650 0.698276
vt 0.704995 0.722062
vt 0.753506 0.710116
vt 0.708427 0.729278
vt 0.590049 0.494927
vt 0.623692 0.428721
vt 0.634057 0.448936
vt 0.632998 0.496918
vt 0.699325 0.435605
vt 0.672432 0.463157
vt 0.735776 0.466250
vt 0.693227 0.478245
vt 0.735776 0.645349
vt 0.698338 0.604984
vt 0.696994 0.641623
vt 0.704878 0.603313
vt 0.587469 0.534543
vt 0.620064 0.514672
vt 0.401701 0.663513
vt 0.397139 0.664278
vt 0.398394 0.639048
vt 0.399481 0.639387
vt 0.392522 0.664638
vt 0.397328 0.638629
vt 0.387858 0.664601
vt 0.396288 0.638123
vt 0.383148 0.664163
vt 0.395276 0.637525
vt 0.378393 0.663313
vt 0.394295 0.636821
vt 0.373590 0.662028
vt 0.393346 0.635998
vt 0.368740 0.660272
vt 0.392433 0.635036
vt 0.363848 0.657999
vt 0.391566 0.633908
vt 0.358921 0.655151
vt 0.390758 0.632582
vt 0.353976 0.651656
vt 0.390041 0.631001
vt 0.349040 0.647428
vt 0.389418 0.629224
vt 0.342916 0.639276
vt 0.385460 0.620327
vt 0.337447 0.630669
vt 0.382464 0.612042
vt 0.332672 0.621693
vt 0.380179 0.604117
vt 0.328588 0.612398
vt 0.378460 0.596376
vt 0.325173 0.602815
vt 0.377222 0.588690
vt 0.322405 0.592965
vt 0.376420 0.580975
vt 0.320259 0.582878
vt 0.376042 0.573187
vt 0.318706 0.572584
vt 0.376106 0.565332
vt 0.317711 0.562122
vt 0.376663 0.557464
vt 0.317231 0.551523
vt 0.377798 0.549706
vt 0.317205 0.540803
vt 0.379643 0.542265
vt 0.317562 0.529939
vt 0.377191 0.533425
vt 0.318493 0.518411
vt 0.375331 0.524521
vt 0.320046 0.507428
vt 0.374254 0.516292
vt 0.322265 0.496985
vt 0.373831 0.508624
vt 0.325171 0.487090
vt 0.373957 0.501441
vt 0.328772 0.477759
vt 0.374550 0.494676
vt 0.333065 0.469014
vt 0.375545 0.488277
vt 0.338047 0.460887
vt 0.376893 0.482198
vt 0.343713 0.453424
vt 0.378558 0.476404
vt 0.350055 0.446691
vt 0.380509 0.470867
vt 0.357057 0.440783
vt 0.382720 0.465568
vt 0.364684 0.435830
vt 0.385163 0.460496
vt 0.372874 0.432005
vt 0.387802 0.455641
vt 0.381156 0.429684
vt 0.390455 0.455639
vt 0.389334 0.428721
vt 0.393124 0.455983
vt 0.397320 0.428966
vt 0.395762 0.456660
vt 0.405064 0.430315
vt 0.398346 0.457659
vt 0.412538 0.432713
vt 0.400873 0.458985
vt 0.419714 0.436156
vt 0.403345 0.460657
vt 0.426544 0.440687
vt 0.405756 0.462706
vt 0.432943 0.446379
vt 0.408078 0.465171
vt 0.438770 0.453328
vt 0.410257 0.468089
vt 0.443815 0.461636
vt 0.412198 0.471481
vt 0.447788 0.471394
vt 0.413755 0.475336
vt 0.450297 0.482670
vt 0.414659 0.479586
vt 0.440315 0.547086
vt 0.396771 0.538683
vt 0.442298 0.552381
vt 0.397723 0.547310
vt 0.444167 0.557886
vt 0.398392 0.555381
vt 0.445844 0.563516
vt 0.398942 0.562996
vt 0.447283 0.569216
vt 0.399475 0.570230
vt 0.448459 0.574958
vt 0.400054 0.577141
vt 0.449357 0.580742
vt 0.400716 0.583773
vt 0.449967 0.586581
vt 0.401482 0.590163
vt 0.450283 0.592496
vt 0.402356 0.596327
vt 0.450297 0.598507
vt 0.403325 0.602252
vt 0.449997 0.604620
vt 0.404348 0.607878
vt 0.449367 0.610829
vt 0.405339 0.613070
vt 0.448386 0.617112
vt 0.406522 0.617720
vt 0.447075 0.621646
vt 0.406972 0.620428
vt 0.445528 0.625988
vt 0.407338 0.622799
vt 0.443756 0.630136
vt 0.407629 0.624888
vt 0.441764 0.634089
vt 0.407857 0.626745
vt 0.439557 0.637843
vt 0.408032 0.628408
vt 0.437137 0.641395
vt 0.408163 0.629908
vt 0.434506 0.644737
vt 0.408256 0.631265
vt 0.431664 0.647858
vt 0.408316 0.632490
vt 0.428610 0.650746
vt 0.408349 0.633590
vt 0.425343 0.653386
vt 0.408358 0.634565
vt 0.421860 0.655759
vt 0.408348 0.635414
vt 0.418161 0.657845
vt 0.408326 0.636129
vt 0.406199 0.662329
vt 0.400581 0.639646
vt 0.886296 0.262809
vt 0.885246 0.259816
vt 0.838726 0.258947
vt 0.831222 0.258106
vt 0.884383 0.256811
vt 0.845719 0.258490
vt 0.883649 0.253771
vt 0.852152 0.256947
vt 0.883007 0.250680
vt 0.857992 0.254498
vt 0.882436 0.247529
vt 0.863218 0.251293
vt 0.881927 0.244313
vt 0.867807 0.247456
vt 0.881483 0.241028
vt 0.871737 0.243089
vt 0.881108 0.237673
vt 0.874977 0.238276
vt 0.880816 0.234248
vt 0.877483 0.233091
vt 0.880620 0.230759
vt 0.879199 0.227606
vt 0.880538 0.227219
vt 0.880056 0.221899
vt 0.880598 0.223643
vt 0.879960 0.216065
vt 0.880694 0.220217
vt 0.878959 0.210221
vt 0.880824 0.216921
vt 0.877100 0.204474
vt 0.880993 0.213733
vt 0.874419 0.198916
vt 0.881214 0.210637
vt 0.870937 0.193635
vt 0.881644 0.207667
vt 0.866659 0.188724
vt 0.882203 0.204808
vt 0.861574 0.184292
vt 0.882859 0.202045
vt 0.855661 0.180469
vt 0.883655 0.199386
vt 0.848893 0.177418
vt 0.884649 0.196849
vt 0.841248 0.175337
vt 0.885930 0.194457
vt 0.832711 0.174465
vt 0.886963 0.192191
vt 0.823283 0.175090
vt 0.887617 0.265832
vt 0.823283 0.255717
vt 0.739232 0.165032
vt 0.739881 0.169047
vt 0.696891 0.182864
vt 0.699042 0.178362
vt 0.742865 0.179635
vt 0.696602 0.191909
vt 0.746197 0.189725
vt 0.697081 0.200826
vt 0.747077 0.198969
vt 0.698246 0.209412
vt 0.747995 0.207794
vt 0.700048 0.217542
vt 0.748955 0.216339
vt 0.702429 0.225135
vt 0.749966 0.224676
vt 0.705326 0.232137
vt 0.751041 0.232781
vt 0.708682 0.238525
vt 0.752188 0.240846
vt 0.712441 0.244292
vt 0.753423 0.248716
vt 0.716556 0.249444
vt 0.754753 0.256501
vt 0.720983 0.253996
vt 0.756159 0.264342
vt 0.725678 0.257959
vt 0.757577 0.272452
vt 0.730598 0.261338
vt 0.758040 0.269839
vt 0.735769 0.263958
vt 0.758648 0.267259
vt 0.741062 0.266085
vt 0.759339 0.264689
vt 0.746454 0.267732
vt 0.759876 0.262107
vt 0.751924 0.268907
vt 0.760459 0.259578
vt 0.757453 0.269610
vt 0.761034 0.257077
vt 0.763027 0.269834
vt 0.761593 0.254596
vt 0.768631 0.269568
vt 0.762193 0.252143
vt 0.774249 0.268794
vt 0.762765 0.249694
vt 0.779862 0.267490
vt 0.763367 0.247257
vt 0.785449 0.265634
vt 0.763918 0.244814
vt 0.790986 0.263197
vt 0.764397 0.242361
vt 0.796443 0.260149
vt 0.773789 0.224063
vt 0.808139 0.242450
vt 0.773289 0.221719
vt 0.810856 0.237639
vt 0.772763 0.219337
vt 0.813276 0.232667
vt 0.772208 0.216937
vt 0.815395 0.227564
vt 0.771623 0.214537
vt 0.817215 0.222363
vt 0.771009 0.212161
vt 0.818740 0.217097
vt 0.770368 0.209832
vt 0.819980 0.211802
vt 0.769705 0.207572
vt 0.820948 0.206513
vt 0.769028 0.205405
vt 0.821660 0.201262
vt 0.768347 0.203356
vt 0.822140 0.196082
vt 0.767676 0.201448
vt 0.822413 0.191001
vt 0.767033 0.199702
vt 0.822505 0.186043
vt 0.766456 0.198095
vt 0.822448 0.181225
vt 0.764562 0.194237
vt 0.821254 0.173724
vt 0.762748 0.190041
vt 0.819604 0.166281
vt 0.760868 0.185361
vt 0.817478 0.158865
vt 0.758681 0.179968
vt 0.814855 0.151463
vt 0.755949 0.173485
vt 0.811711 0.144086
vt 0.752982 0.166382
vt 0.808038 0.136771
vt 0.749737 0.158909
vt 0.803836 0.129579
vt 0.746994 0.151528
vt 0.799121 0.122583
vt 0.746549 0.141979
vt 0.793913 0.115871
vt 0.746343 0.132638
vt 0.788215 0.109577
vt 0.746581 0.123485
vt 0.782045 0.103854
vt 0.748040 0.115145
vt 0.775430 0.098869
vt 0.741209 0.080820
vt 0.748821 0.070962
vt 0.740507 0.084914
vt 0.728519 0.073998
vt 0.725827 0.141620
vt 0.698841 0.135589
vt 0.731478 0.150700
vt 0.696602 0.154785
s 0
usemtl マテリアル
f 13/1/1 15/2/1 14/3/1
f 13/1/1 16/4/1 15/2/1
f 12/5/1 16/4/1 13/1/1
f 12/5/1 17/6/1 16/4/1
f 11/7/1 17/6/1 12/5/1
f 11/7/1 18/8/1 17/6/1
f 11/7/1 19/9/1 18/8/1
f 10/10/1 19/9/1 11/7/1
f 10/10/1 20/11/1 19/9/1
f 53/12/1 55/13/1 54/14/1
f 53/12/1 1/15/1 55/13/1
f 9/16/1 20/11/1 10/10/1
f 9/16/1 21/17/1 20/11/1
f 9/16/1 22/18/1 21/17/1
f 8/19/1 22/18/1 9/16/1
f 8/19/1 23/20/1 22/18/1
f 7/21/1 23/20/1 8/19/1
f 7/21/1 24/22/1 23/20/1
f 7/21/1 25/23/1 24/22/1
f 6/24/1 25/23/1 7/21/1
f 6/24/1 26/25/1 25/23/1
f 5/26/1 26/25/1 6/24/1
f 5/26/1 36/27/1 26/25/1
f 36/27/1 35/28/1 26/25/1
f 35/28/1 34/29/1 26/25/1
f 34/29/1 33/30/1 26/25/1
f 33/30/1 32/31/1 26/25/1
f 32/31/1 31/32/1 26/25/1
f 31/32/1 30/33/1 26/25/1
f 30/33/1 29/34/1 26/25/1
f 29/34/1 28/35/1 26/25/1
f 28/35/1 27/36/1 26/25/1
f 4/37/1 38/38/1 5/26/1
f 38/38/1 37/39/1 5/26/1
f 37/39/1 36/27/1 5/26/1
f 3/40/1 40/41/1 4/37/1
f 40/41/1 39/42/1 4/37/1
f 39/42/1 38/38/1 4/37/1
f 3/40/1 41/43/1 40/41/1
f 3/40/1 42/44/1 41/43/1
f 2/45/1 42/44/1 3/40/1
f 2/45/1 43/46/1 42/44/1
f 2/45/1 44/47/1 43/46/1
f 53/12/1 2/45/1 1/15/1
f 53/12/1 48/48/1 2/45/1
f 48/48/1 47/49/1 2/45/1
f 47/49/1 46/50/1 2/45/1
f 46/50/1 45/51/1 2/45/1
f 45/51/1 44/47/1 2/45/1
f 53/12/1 49/52/1 48/48/1
f 53/12/1 50/53/1 49/52/1
f 53/12/1 51/54/1 50/53/1
f 53/12/1 52/55/1 51/54/1
f 90/56/1 92/57/1 91/58/1
f 90/56/1 93/59/1 92/57/1
f 89/60/1 93/59/1 90/56/1
f 89/60/1 94/61/1 93/59/1
f 88/62/1 94/61/1 89/60/1
f 88/62/1 95/63/1 94/61/1
f 87/64/1 95/63/1 88/62/1
f 87/64/1 96/65/1 95/63/1
f 86/66/1 96/65/1 87/64/1
f 86/66/1 97/67/1 96/65/1
f 85/68/1 97/67/1 86/66/1
f 85/68/1 98/69/1 97/67/1
f 84/70/1 141/71/1 85/68/1
f 141/71/1 98/69/1 85/68/1
f 84/70/1 142/72/1 141/71/1
f 140/73/1 98/69/1 141/71/1
f 84/70/1 143/74/1 142/72/1
f 139/75/1 98/69/1 140/73/1
f 84/70/1 144/76/1 143/74/1
f 138/77/1 98/69/1 139/75/1
f 138/77/1 99/78/1 98/69/1
f 84/70/1 145/79/1 144/76/1
f 83/80/1 145/79/1 84/70/1
f 137/81/1 99/78/1 138/77/1
f 83/80/1 146/82/1 145/79/1
f 136/83/1 99/78/1 137/81/1
f 83/80/1 147/84/1 146/82/1
f 135/85/1 99/78/1 136/83/1
f 83/80/1 148/86/1 147/84/1
f 134/87/1 99/78/1 135/85/1
f 82/88/1 148/86/1 83/80/1
f 134/87/1 100/89/1 99/78/1
f 82/88/1 149/90/1 148/86/1
f 133/91/1 100/89/1 134/87/1
f 82/88/1 150/92/1 149/90/1
f 132/93/1 100/89/1 133/91/1
f 81/94/1 150/92/1 82/88/1
f 132/93/1 101/95/1 100/89/1
f 81/94/1 151/96/1 150/92/1
f 131/97/1 101/95/1 132/93/1
f 81/94/1 152/98/1 151/96/1
f 130/99/1 101/95/1 131/97/1
f 80/100/1 152/98/1 81/94/1
f 80/100/1 153/101/1 152/98/1
f 130/99/1 102/102/1 101/95/1
f 154/103/1 102/102/1 130/99/1
f 80/100/1 154/103/1 153/101/1
f 80/100/1 102/102/1 154/103/1
f 79/104/1 102/102/1 80/100/1
f 79/104/1 103/105/1 102/102/1
f 78/106/1 104/107/1 79/104/1
f 104/107/1 103/105/1 79/104/1
f 78/106/1 105/108/1 104/107/1
f 77/109/1 105/108/1 78/106/1
f 77/109/1 106/110/1 105/108/1
f 77/109/1 107/111/1 106/110/1
f 76/112/1 107/111/1 77/109/1
f 76/112/1 108/113/1 107/111/1
f 75/114/1 108/113/1 76/112/1
f 75/114/1 109/115/1 108/113/1
f 127/116/1 129/117/1 128/118/1
f 75/114/1 110/119/1 109/115/1
f 126/120/1 129/117/1 127/116/1
f 125/121/1 129/117/1 126/120/1
f 74/122/1 110/119/1 75/114/1
f 74/122/1 111/123/1 110/119/1
f 124/124/1 129/117/1 125/121/1
f 123/125/1 129/117/1 124/124/1
f 74/122/1 112/126/1 111/123/1
f 122/127/1 129/117/1 123/125/1
f 74/122/1 113/128/1 112/126/1
f 121/129/1 129/117/1 122/127/1
f 73/130/1 113/128/1 74/122/1
f 120/131/1 129/117/1 121/129/1
f 73/130/1 114/132/1 113/128/1
f 119/133/1 129/117/1 120/131/1
f 73/130/1 115/134/1 114/132/1
f 118/135/1 129/117/1 119/133/1
f 117/136/1 129/117/1 118/135/1
f 73/130/1 116/137/1 115/134/1
f 116/137/1 129/117/1 117/136/1
f 73/130/1 129/117/1 116/137/1
f 72/138/1 129/117/1 73/130/1
f 72/138/1 56/139/1 129/117/1
f 71/140/1 56/139/1 72/138/1
f 71/140/1 57/141/1 56/139/1
f 71/140/1 58/142/1 57/141/1
f 70/143/1 58/142/1 71/140/1
f 70/143/1 59/144/1 58/142/1
f 70/143/1 60/145/1 59/144/1
f 69/146/1 60/145/1 70/143/1
f 69/146/1 61/147/1 60/145/1
f 69/146/1 62/148/1 61/147/1
f 68/149/1 62/148/1 69/146/1
f 68/149/1 63/150/1 62/148/1
f 68/149/1 64/151/1 63/150/1
f 68/149/1 65/152/1 64/151/1
f 67/153/1 65/152/1 68/149/1
f 67/153/1 66/154/1 65/152/1
f 160/155/1 155/156/1 161/157/1
f 160/155/1 156/158/1 155/156/1
f 156/158/1 158/159/1 157/160/1
f 156/158/1 159/161/1 158/159/1
f 160/155/1 159/161/1 156/158/1
f 208/162/1 162/163/1 209/164/1
f 208/162/1 163/165/1 162/163/1
f 207/166/1 163/165/1 208/162/1
f 207/166/1 164/167/1 163/165/1
f 206/168/1 164/167/1 207/166/1
f 206/168/1 165/169/1 164/167/1
f 205/170/1 165/169/1 206/168/1
f 205/170/1 166/171/1 165/169/1
f 204/172/1 166/171/1 205/170/1
f 204/172/1 167/173/1 166/171/1
f 203/174/1 233/175/1 204/172/1
f 233/175/1 167/173/1 204/172/1
f 203/174/1 234/176/1 233/175/1
f 232/177/1 167/173/1 233/175/1
f 231/178/1 167/173/1 232/177/1
f 203/174/1 235/179/1 234/176/1
f 230/180/1 167/173/1 231/178/1
f 203/174/1 236/181/1 235/179/1
f 230/180/1 168/182/1 167/173/1
f 202/183/1 236/181/1 203/174/1
f 229/184/1 168/182/1 230/180/1
f 202/183/1 237/185/1 236/181/1
f 228/186/1 168/182/1 229/184/1
f 202/183/1 238/187/1 237/185/1
f 228/186/1 169/188/1 168/182/1
f 201/189/1 238/187/1 202/183/1
f 227/190/1 169/188/1 228/186/1
f 201/189/1 239/191/1 238/187/1
f 226/192/1 169/188/1 227/190/1
f 201/189/1 240/193/1 239/191/1
f 226/192/1 170/194/1 169/188/1
f 200/195/1 240/193/1 201/189/1
f 225/196/1 170/194/1 226/192/1
f 200/195/1 241/197/1 240/193/1
f 225/196/1 171/198/1 170/194/1
f 199/199/1 241/197/1 200/195/1
f 224/200/1 171/198/1 225/196/1
f 199/199/1 242/201/1 241/197/1
f 223/202/1 171/198/1 224/200/1
f 199/199/1 243/203/1 242/201/1
f 223/202/1 172/204/1 171/198/1
f 198/205/1 243/203/1 199/199/1
f 222/206/1 172/204/1 223/202/1
f 198/205/1 244/207/1 243/203/1
f 222/206/1 173/208/1 172/204/1
f 197/209/1 244/207/1 198/205/1
f 221/210/1 173/208/1 222/206/1
f 197/209/1 245/211/1 244/207/1
f 196/212/1 245/211/1 197/209/1
f 196/212/1 246/213/1 245/211/1
f 220/214/1 173/208/1 221/210/1
f 220/214/1 174/215/1 173/208/1
f 196/212/1 247/216/1 246/213/1
f 219/217/1 174/215/1 220/214/1
f 219/217/1 175/218/1 174/215/1
f 195/219/1 247/216/1 196/212/1
f 195/219/1 248/220/1 247/216/1
f 218/221/1 175/218/1 219/217/1
f 218/221/1 176/222/1 175/218/1
f 194/223/1 248/220/1 195/219/1
f 217/224/1 176/222/1 218/221/1
f 194/223/1 249/225/1 248/220/1
f 217/224/1 177/226/1 176/222/1
f 193/227/1 249/225/1 194/223/1
f 216/228/1 177/226/1 217/224/1
f 193/227/1 250/229/1 249/225/1
f 215/230/1 177/226/1 216/228/1
f 193/227/1 251/231/1 250/229/1
f 215/230/1 178/232/1 177/226/1
f 192/233/1 251/231/1 193/227/1
f 214/234/1 178/232/1 215/230/1
f 192/233/1 252/235/1 251/231/1
f 213/236/1 178/232/1 214/234/1
f 192/233/1 253/237/1 252/235/1
f 213/236/1 179/238/1 178/232/1
f 191/239/1 253/237/1 192/233/1
f 212/240/1 179/238/1 213/236/1
f 191/239/1 254/241/1 253/237/1
f 211/242/1 179/238/1 212/240/1
f 191/239/1 255/243/1 254/241/1
f 211/242/1 180/244/1 179/238/1
f 190/245/1 255/243/1 191/239/1
f 210/246/1 180/244/1 211/242/1
f 190/245/1 256/247/1 255/243/1
f 257/248/1 180/244/1 210/246/1
f 190/245/1 257/248/1 256/247/1
f 190/245/1 180/244/1 257/248/1
f 190/245/1 181/249/1 180/244/1
f 189/250/1 181/249/1 190/245/1
f 189/250/1 182/251/1 181/249/1
f 188/252/1 182/251/1 189/250/1
f 188/252/1 183/253/1 182/251/1
f 187/254/1 183/253/1 188/252/1
f 187/254/1 184/255/1 183/253/1
f 186/256/1 184/255/1 187/254/1
f 186/256/1 185/257/1 184/255/1
f 292/258/1 294/259/1 293/260/1
f 292/258/1 295/261/1 294/259/1
f 291/262/1 295/261/1 292/258/1
f 291/262/1 296/263/1 295/261/1
f 290/264/1 296/263/1 291/262/1
f 290/264/1 297/265/1 296/263/1
f 289/266/1 297/265/1 290/264/1
f 289/266/1 298/267/1 297/265/1
f 288/268/1 298/267/1 289/266/1
f 288/268/1 299/269/1 298/267/1
f 287/270/1 299/269/1 288/268/1
f 287/270/1 300/271/1 299/269/1
f 286/272/1 343/273/1 287/270/1
f 343/273/1 300/271/1 287/270/1
f 286/272/1 344/274/1 343/273/1
f 342/275/1 300/271/1 343/273/1
f 286/272/1 345/276/1 344/274/1
f 341/277/1 300/271/1 342/275/1
f 286/272/1 346/278/1 345/276/1
f 340/279/1 300/271/1 341/277/1
f 340/279/1 301/280/1 300/271/1
f 286/272/1 347/281/1 346/278/1
f 285/282/1 347/281/1 286/272/1
f 339/283/1 301/280/1 340/279/1
f 285/282/1 348/284/1 347/281/1
f 338/285/1 301/280/1 339/283/1
f 285/282/1 349/286/1 348/284/1
f 337/287/1 301/280/1 338/285/1
f 285/282/1 350/288/1 349/286/1
f 336/289/1 301/280/1 337/287/1
f 284/290/1 350/288/1 285/282/1
f 336/289/1 302/291/1 301/280/1
f 284/290/1 351/292/1 350/288/1
f 335/293/1 302/291/1 336/289/1
f 284/290/1 352/294/1 351/292/1
f 334/295/1 302/291/1 335/293/1
f 283/296/1 352/294/1 284/290/1
f 334/295/1 303/297/1 302/291/1
f 283/296/1 353/298/1 352/294/1
f 333/299/1 303/297/1 334/295/1
f 283/296/1 354/300/1 353/298/1
f 332/301/1 303/297/1 333/299/1
f 282/302/1 354/300/1 283/296/1
f 282/302/1 355/303/1 354/300/1
f 332/301/1 304/304/1 303/297/1
f 356/305/1 304/304/1 332/301/1
f 282/302/1 356/305/1 355/303/1
f 282/302/1 304/304/1 356/305/1
f 281/306/1 304/304/1 282/302/1
f 281/306/1 305/307/1 304/304/1
f 280/308/1 306/309/1 281/306/1
f 306/309/1 305/307/1 281/306/1
f 280/308/1 307/310/1 306/309/1
f 279/311/1 307/310/1 280/308/1
f 279/311/1 308/312/1 307/310/1
f 279/311/1 309/313/1 308/312/1
f 278/314/1 309/313/1 279/311/1
f 278/314/1 310/315/1 309/313/1
f 277/316/1 310/315/1 278/314/1
f 277/316/1 311/317/1 310/315/1
f 329/318/1 331/319/1 330/320/1
f 277/316/1 312/321/1 311/317/1
f 328/322/1 331/319/1 329/318/1
f 327/323/1 331/319/1 328/322/1
f 276/324/1 312/321/1 277/316/1
f 276/324/1 313/325/1 312/321/1
f 326/326/1 331/319/1 327/323/1
f 325/327/1 331/319/1 326/326/1
f 276/324/1 314/328/1 313/325/1
f 324/329/1 331/319/1 325/327/1
f 276/324/1 315/330/1 314/328/1
f 323/331/1 331/319/1 324/329/1
f 275/332/1 315/330/1 276/324/1
f 322/333/1 331/319/1 323/331/1
f 275/332/1 316/334/1 315/330/1
f 321/335/1 331/319/1 322/333/1
f 275/332/1 317/336/1 316/334/1
f 320/337/1 331/319/1 321/335/1
f 319/338/1 331/319/1 320/337/1
f 275/332/1 318/339/1 317/336/1
f 318/339/1 331/319/1 319/338/1
f 275/332/1 331/319/1 318/339/1
f 274/340/1 331/319/1 275/332/1
f 274/340/1 258/341/1 331/319/1
f 273/342/1 258/341/1 274/340/1
f 273/342/1 259/343/1 258/341/1
f 273/342/1 260/344/1 259/343/1
f 272/345/1 260/344/1 273/342/1
f 272/345/1 261/346/1 260/344/1
f 272/345/1 262/347/1 261/346/1
f 271/348/1 262/347/1 272/345/1
f 271/348/1 263/349/1 262/347/1
f 271/348/1 264/350/1 263/349/1
f 270/351/1 264/350/1 271/348/1
f 270/351/1 265/352/1 264/350/1
f 270/351/1 266/353/1 265/352/1
f 270/351/1 267/354/1 266/353/1
f 269/355/1 267/354/1 270/351/1
f 269/355/1 268/356/1 267/354/1
f 368/357/1 370/358/1 369/359/1
f 392/360/1 394/361/1 393/362/1
f 367/363/1 370/358/1 368/357/1
f 367/363/1 371/364/1 370/358/1
f 391/365/1 394/361/1 392/360/1
f 391/365/1 395/366/1 394/361/1
f 366/367/1 371/364/1 367/363/1
f 366/367/1 372/368/1 371/364/1
f 390/369/1 395/366/1 391/365/1
f 365/370/1 372/368/1 366/367/1
f 365/370/1 373/371/1 372/368/1
f 390/369/1 396/372/1 395/366/1
f 389/373/1 396/372/1 390/369/1
f 364/374/1 373/371/1 365/370/1
f 461/375/1 463/376/1 462/377/1
f 461/375/1 357/378/1 463/376/1
f 364/374/1 374/379/1 373/371/1
f 388/380/1 396/372/1 389/373/1
f 363/381/1 374/379/1 364/374/1
f 388/380/1 397/382/1 396/372/1
f 363/381/1 375/383/1 374/379/1
f 362/384/1 375/383/1 363/381/1
f 387/385/1 397/382/1 388/380/1
f 362/384/1 376/386/1 375/383/1
f 387/385/1 398/387/1 397/382/1
f 361/388/1 376/386/1 362/384/1
f 386/389/1 398/387/1 387/385/1
f 361/388/1 377/390/1 376/386/1
f 360/391/1 377/390/1 361/388/1
f 385/392/1 398/387/1 386/389/1
f 385/392/1 399/393/1 398/387/1
f 360/391/1 378/394/1 377/390/1
f 359/395/1 378/394/1 360/391/1
f 384/396/1 399/393/1 385/392/1
f 359/395/1 379/397/1 378/394/1
f 358/398/1 379/397/1 359/395/1
f 384/396/1 400/399/1 399/393/1
f 383/400/1 400/399/1 384/396/1
f 358/398/1 380/401/1 379/397/1
f 357/378/1 380/401/1 358/398/1
f 382/402/1 400/399/1 383/400/1
f 382/402/1 420/403/1 400/399/1
f 420/403/1 401/404/1 400/399/1
f 461/375/1 459/405/1 357/378/1
f 459/405/1 458/406/1 357/378/1
f 458/406/1 457/407/1 357/378/1
f 457/407/1 456/408/1 357/378/1
f 456/408/1 455/409/1 357/378/1
f 455/409/1 454/410/1 357/378/1
f 454/410/1 453/411/1 357/378/1
f 453/411/1 452/412/1 357/378/1
f 452/412/1 451/413/1 357/378/1
f 451/413/1 450/414/1 357/378/1
f 450/414/1 449/415/1 357/378/1
f 449/415/1 448/416/1 357/378/1
f 448/416/1 380/401/1 357/378/1
f 448/416/1 447/417/1 380/401/1
f 447/417/1 381/418/1 380/401/1
f 381/418/1 421/419/1 382/402/1
f 421/419/1 420/403/1 382/402/1
f 446/420/1 381/418/1 447/417/1
f 419/421/1 401/404/1 420/403/1
f 381/418/1 422/422/1 421/419/1
f 445/423/1 381/418/1 446/420/1
f 418/424/1 401/404/1 419/421/1
f 381/418/1 423/425/1 422/422/1
f 444/426/1 381/418/1 445/423/1
f 417/427/1 401/404/1 418/424/1
f 381/418/1 424/428/1 423/425/1
f 443/429/1 381/418/1 444/426/1
f 443/429/1 424/428/1 381/418/1
f 416/430/1 401/404/1 417/427/1
f 443/429/1 425/431/1 424/428/1
f 416/430/1 402/432/1 401/404/1
f 442/433/1 425/431/1 443/429/1
f 442/433/1 426/434/1 425/431/1
f 415/435/1 402/432/1 416/430/1
f 442/433/1 427/436/1 426/434/1
f 441/437/1 427/436/1 442/433/1
f 414/438/1 402/432/1 415/435/1
f 441/437/1 428/439/1 427/436/1
f 440/440/1 428/439/1 441/437/1
f 413/441/1 402/432/1 414/438/1
f 440/440/1 429/442/1 428/439/1
f 413/441/1 403/443/1 402/432/1
f 439/444/1 429/442/1 440/440/1
f 439/444/1 430/445/1 429/442/1
f 412/446/1 403/443/1 413/441/1
f 439/444/1 431/447/1 430/445/1
f 438/448/1 431/447/1 439/444/1
f 411/449/1 403/443/1 412/446/1
f 438/448/1 432/450/1 431/447/1
f 411/449/1 404/451/1 403/443/1
f 437/452/1 432/450/1 438/448/1
f 461/375/1 460/453/1 459/405/1
f 437/452/1 433/454/1 432/450/1
f 410/455/1 404/451/1 411/449/1
f 436/456/1 433/454/1 437/452/1
f 409/457/1 404/451/1 410/455/1
f 409/457/1 405/458/1 404/451/1
f 435/459/1 433/454/1 436/456/1
f 408/460/1 405/458/1 409/457/1
f 408/460/1 406/461/1 405/458/1
f 434/462/1 433/454/1 435/459/1
f 407/463/1 406/461/1 408/460/1
f 561/464/1 563/465/1 562/466/1
f 560/467/1 563/465/1 561/464/1
f 560/467/1 564/468/1 563/465/1
f 559/469/1 564/468/1 560/467/1
f 558/470/1 564/468/1 559/469/1
f 558/470/1 565/471/1 564/468/1
f 557/472/1 565/471/1 558/470/1
f 557/472/1 566/473/1 565/471/1
f 556/474/1 566/473/1 557/472/1
f 555/475/1 566/473/1 556/474/1
f 555/475/1 567/476/1 566/473/1
f 554/477/1 567/476/1 555/475/1
f 554/477/1 568/478/1 567/476/1
f 553/479/1 568/478/1 554/477/1
f 552/480/1 568/478/1 553/479/1
f 552/480/1 569/481/1 568/478/1
f 551/482/1 569/481/1 552/480/1
f 551/482/1 570/483/1 569/481/1
f 550/484/1 570/483/1 551/482/1
f 549/485/1 548/486/1 550/484/1
f 548/486/1 547/487/1 550/484/1
f 547/487/1 546/488/1 550/484/1
f 546/488/1 545/489/1 550/484/1
f 545/489/1 544/490/1 550/484/1
f 544/490/1 543/491/1 550/484/1
f 543/491/1 542/492/1 550/484/1
f 542/492/1 541/493/1 550/484/1
f 541/493/1 540/494/1 550/484/1
f 540/494/1 539/495/1 550/484/1
f 539/495/1 570/483/1 550/484/1
f 539/495/1 538/496/1 570/483/1
f 538/496/1 537/497/1 570/483/1
f 537/497/1 571/498/1 570/483/1
f 537/497/1 536/499/1 571/498/1
f 536/499/1 572/500/1 571/498/1
f 535/501/1 572/500/1 536/499/1
f 534/502/1 572/500/1 535/501/1
f 533/503/1 572/500/1 534/502/1
f 532/504/1 572/500/1 533/503/1
f 531/505/1 572/500/1 532/504/1
f 531/505/1 573/506/1 572/500/1
f 530/507/1 573/506/1 531/505/1
f 529/508/1 573/506/1 530/507/1
f 528/509/1 573/506/1 529/508/1
f 528/509/1 574/510/1 573/506/1
f 527/511/1 574/510/1 528/509/1
f 526/512/1 574/510/1 527/511/1
f 526/512/1 575/513/1 574/510/1
f 525/514/1 575/513/1 526/512/1
f 524/515/1 575/513/1 525/514/1
f 523/516/1 637/517/1 524/515/1
f 637/517/1 575/513/1 524/515/1
f 522/518/1 637/517/1 523/516/1
f 521/519/1 637/517/1 522/518/1
f 520/520/1 637/517/1 521/519/1
f 519/521/1 637/517/1 520/520/1
f 519/521/1 601/522/1 637/517/1
f 636/523/1 575/513/1 637/517/1
f 519/521/1 602/524/1 601/522/1
f 518/525/1 602/524/1 519/521/1
f 518/525/1 603/526/1 602/524/1
f 517/527/1 603/526/1 518/525/1
f 517/527/1 604/528/1 603/526/1
f 516/529/1 604/528/1 517/527/1
f 516/529/1 605/530/1 604/528/1
f 516/529/1 606/531/1 605/530/1
f 515/532/1 606/531/1 516/529/1
f 515/532/1 607/533/1 606/531/1
f 514/534/1 607/533/1 515/532/1
f 514/534/1 608/535/1 607/533/1
f 514/534/1 609/536/1 608/535/1
f 513/537/1 609/536/1 514/534/1
f 513/537/1 610/538/1 609/536/1
f 513/537/1 611/539/1 610/538/1
f 512/540/1 611/539/1 513/537/1
f 512/540/1 612/541/1 611/539/1
f 511/542/1 612/541/1 512/540/1
f 511/542/1 613/543/1 612/541/1
f 511/542/1 614/544/1 613/543/1
f 510/545/1 614/544/1 511/542/1
f 510/545/1 615/546/1 614/544/1
f 510/545/1 616/547/1 615/546/1
f 635/548/1 575/513/1 636/523/1
f 509/549/1 616/547/1 510/545/1
f 634/550/1 575/513/1 635/548/1
f 509/549/1 617/551/1 616/547/1
f 633/552/1 575/513/1 634/550/1
f 598/553/1 600/554/1 599/555/1
f 633/552/1 576/556/1 575/513/1
f 509/549/1 618/557/1 617/551/1
f 597/558/1 600/554/1 598/553/1
f 632/559/1 576/556/1 633/552/1
f 632/559/1 577/560/1 576/556/1
f 596/561/1 600/554/1 597/558/1
f 508/562/1 618/557/1 509/549/1
f 508/562/1 619/563/1 618/557/1
f 632/559/1 578/564/1 577/560/1
f 631/565/1 578/564/1 632/559/1
f 595/566/1 600/554/1 596/561/1
f 631/565/1 579/567/1 578/564/1
f 630/568/1 579/567/1 631/565/1
f 594/569/1 600/554/1 595/566/1
f 508/562/1 620/570/1 619/563/1
f 630/568/1 580/571/1 579/567/1
f 593/572/1 600/554/1 594/569/1
f 629/573/1 580/571/1 630/568/1
f 629/573/1 581/574/1 580/571/1
f 592/575/1 600/554/1 593/572/1
f 508/562/1 621/576/1 620/570/1
f 629/573/1 582/577/1 581/574/1
f 628/578/1 582/577/1 629/573/1
f 591/579/1 600/554/1 592/575/1
f 628/578/1 583/580/1 582/577/1
f 507/581/1 621/576/1 508/562/1
f 590/582/1 600/554/1 591/579/1
f 507/581/1 622/583/1 621/576/1
f 627/584/1 583/580/1 628/578/1
f 627/584/1 584/585/1 583/580/1
f 589/586/1 600/554/1 590/582/1
f 627/584/1 585/587/1 584/585/1
f 588/588/1 600/554/1 589/586/1
f 626/589/1 585/587/1 627/584/1
f 626/589/1 586/590/1 585/587/1
f 587/591/1 600/554/1 588/588/1
f 626/589/1 587/591/1 586/590/1
f 507/581/1 623/592/1 622/583/1
f 626/589/1 600/554/1 587/591/1
f 625/593/1 600/554/1 626/589/1
f 507/581/1 624/594/1 623/592/1
f 624/594/1 600/554/1 625/593/1
f 507/581/1 487/595/1 624/594/1
f 487/595/1 600/554/1 624/594/1
f 506/596/1 487/595/1 507/581/1
f 506/596/1 488/597/1 487/595/1
f 486/598/1 600/554/1 487/595/1
f 505/599/1 488/597/1 506/596/1
f 505/599/1 489/600/1 488/597/1
f 485/601/1 600/554/1 486/598/1
f 485/601/1 464/602/1 600/554/1
f 504/603/1 489/600/1 505/599/1
f 504/603/1 490/604/1 489/600/1
f 484/605/1 464/602/1 485/601/1
f 484/605/1 465/606/1 464/602/1
f 504/603/1 491/607/1 490/604/1
f 483/608/1 465/606/1 484/605/1
f 503/609/1 491/607/1 504/603/1
f 483/608/1 466/610/1 465/606/1
f 503/609/1 492/611/1 491/607/1
f 482/612/1 466/610/1 483/608/1
f 482/612/1 467/613/1 466/610/1
f 502/614/1 492/611/1 503/609/1
f 502/614/1 493/615/1 492/611/1
f 481/616/1 467/613/1 482/612/1
f 481/616/1 468/617/1 467/613/1
f 502/614/1 494/618/1 493/615/1
f 480/619/1 468/617/1 481/616/1
f 480/619/1 469/620/1 468/617/1
f 501/621/1 494/618/1 502/614/1
f 501/621/1 495/622/1 494/618/1
f 479/623/1 469/620/1 480/619/1
f 479/623/1 470/624/1 469/620/1
f 501/621/1 496/625/1 495/622/1
f 479/623/1 471/626/1 470/624/1
f 478/627/1 471/626/1 479/623/1
f 500/628/1 496/625/1 501/621/1
f 478/627/1 472/629/1 471/626/1
f 500/628/1 497/630/1 496/625/1
f 477/631/1 472/629/1 478/627/1
f 477/631/1 473/632/1 472/629/1
f 500/628/1 498/633/1 497/630/1
f 476/634/1 473/632/1 477/631/1
f 499/635/1 498/633/1 500/628/1
f 476/634/1 474/636/1 473/632/1
f 475/637/1 474/636/1 476/634/1
f 672/638/1 674/639/1 673/640/1
f 672/638/1 675/641/1 674/639/1
f 672/638/1 676/642/1 675/641/1
f 672/638/1 677/643/1 676/642/1
f 671/644/1 677/643/1 672/638/1
f 671/644/1 678/645/1 677/643/1
f 671/644/1 679/646/1 678/645/1
f 671/644/1 680/647/1 679/646/1
f 670/648/1 680/647/1 671/644/1
f 670/648/1 681/649/1 680/647/1
f 670/648/1 682/650/1 681/649/1
f 669/651/1 682/650/1 670/648/1
f 669/651/1 683/652/1 682/650/1
f 669/651/1 684/653/1 683/652/1
f 668/654/1 684/653/1 669/651/1
f 668/654/1 685/655/1 684/653/1
f 668/654/1 696/656/1 685/655/1
f 696/656/1 695/657/1 685/655/1
f 695/657/1 694/658/1 685/655/1
f 694/658/1 693/659/1 685/655/1
f 693/659/1 692/660/1 685/655/1
f 692/660/1 691/661/1 685/655/1
f 691/661/1 690/662/1 685/655/1
f 690/662/1 689/663/1 685/655/1
f 689/663/1 688/664/1 685/655/1
f 688/664/1 687/665/1 685/655/1
f 687/665/1 686/666/1 685/655/1
f 667/667/1 698/668/1 668/654/1
f 698/668/1 697/669/1 668/654/1
f 697/669/1 696/656/1 668/654/1
f 667/667/1 699/670/1 698/668/1
f 667/667/1 700/671/1 699/670/1
f 667/667/1 701/672/1 700/671/1
f 666/673/1 701/672/1 667/667/1
f 666/673/1 702/674/1 701/672/1
f 666/673/1 703/675/1 702/674/1
f 665/676/1 703/675/1 666/673/1
f 665/676/1 704/677/1 703/675/1
f 665/676/1 705/678/1 704/677/1
f 664/679/1 705/678/1 665/676/1
f 664/679/1 706/680/1 705/678/1
f 663/681/1 706/680/1 664/679/1
f 663/681/1 707/682/1 706/680/1
f 663/681/1 708/683/1 707/682/1
f 662/684/1 708/683/1 663/681/1
f 662/684/1 709/685/1 708/683/1
f 661/686/1 709/685/1 662/684/1
f 661/686/1 710/687/1 709/685/1
f 661/686/1 711/688/1 710/687/1
f 660/689/1 711/688/1 661/686/1
f 736/690/1 738/691/1 737/692/1
f 736/690/1 735/693/1 738/691/1
f 735/693/1 739/694/1 738/691/1
f 660/689/1 712/695/1 711/688/1
f 659/696/1 712/695/1 660/689/1
f 659/696/1 713/697/1 712/695/1
f 734/698/1 739/694/1 735/693/1
f 658/699/1 713/697/1 659/696/1
f 658/699/1 714/700/1 713/697/1
f 658/699/1 715/701/1 714/700/1
f 657/702/1 715/701/1 658/699/1
f 657/702/1 716/703/1 715/701/1
f 656/704/1 716/703/1 657/702/1
f 656/704/1 717/705/1 716/703/1
f 656/704/1 718/706/1 717/705/1
f 655/707/1 718/706/1 656/704/1
f 655/707/1 719/708/1 718/706/1
f 733/709/1 739/694/1 734/698/1
f 732/710/1 739/694/1 733/709/1
f 731/711/1 739/694/1 732/710/1
f 655/707/1 720/712/1 719/708/1
f 730/713/1 739/694/1 731/711/1
f 729/714/1 739/694/1 730/713/1
f 728/715/1 739/694/1 729/714/1
f 655/707/1 721/716/1 720/712/1
f 654/717/1 721/716/1 655/707/1
f 727/718/1 739/694/1 728/715/1
f 726/719/1 739/694/1 727/718/1
f 725/720/1 739/694/1 726/719/1
f 654/717/1 722/721/1 721/716/1
f 724/722/1 739/694/1 725/720/1
f 723/723/1 739/694/1 724/722/1
f 722/721/1 739/694/1 723/723/1
f 654/717/1 739/694/1 722/721/1
f 653/724/1 739/694/1 654/717/1
f 653/724/1 638/725/1 739/694/1
f 653/724/1 639/726/1 638/725/1
f 652/727/1 639/726/1 653/724/1
f 652/727/1 640/728/1 639/726/1
f 652/727/1 641/729/1 640/728/1
f 651/730/1 641/729/1 652/727/1
f 651/730/1 642/731/1 641/729/1
f 651/730/1 643/732/1 642/731/1
f 651/730/1 644/733/1 643/732/1
f 650/734/1 644/733/1 651/730/1
f 650/734/1 645/735/1 644/733/1
f 650/734/1 646/736/1 645/735/1
f 650/734/1 647/737/1 646/736/1
f 649/738/1 647/737/1 650/734/1
f 649/738/1 648/739/1 647/737/1
f 752/740/2 753/741/2 754/742/2
f 752/740/2 754/742/2 755/743/2
f 751/744/2 752/740/2 755/743/2
f 751/744/2 755/743/2 756/745/2
f 750/746/2 751/744/2 756/745/2
f 750/746/2 756/745/2 757/747/2
f 750/746/2 757/747/2 758/748/2
f 749/749/2 750/746/2 758/748/2
f 749/749/2 758/748/2 759/750/2
f 792/751/2 793/752/2 794/753/2
f 792/751/2 794/753/2 740/754/2
f 748/755/2 749/749/2 759/750/2
f 748/755/2 759/750/2 760/756/2
f 748/755/2 760/756/2 761/757/2
f 747/758/2 748/755/2 761/757/2
f 747/758/2 761/757/2 762/759/2
f 746/760/2 747/758/2 762/759/2
f 746/760/2 762/759/2 763/761/2
f 746/760/2 763/761/2 764/762/2
f 745/763/2 746/760/2 764/762/2
f 745/763/2 764/762/2 765/764/2
f 744/765/2 745/763/2 765/764/2
f 744/765/2 765/764/2 775/766/2
f 775/766/2 765/764/2 774/767/2
f 774/767/2 765/764/2 773/768/2
f 773/768/2 765/764/2 772/769/2
f 772/769/2 765/764/2 771/770/2
f 771/770/2 765/764/2 770/771/2
f 770/771/2 765/764/2 769/772/2
f 769/772/2 765/764/2 768/773/2
f 768/773/2 765/764/2 767/774/2
f 767/774/2 765/764/2 766/775/2
f 743/776/2 744/765/2 777/777/2
f 777/777/2 744/765/2 776/778/2
f 776/778/2 744/765/2 775/766/2
f 742/779/2 743/776/2 779/780/2
f 779/780/2 743/776/2 778/781/2
f 778/781/2 743/776/2 777/777/2
f 742/779/2 779/780/2 780/782/2
f 742/779/2 780/782/2 781/783/2
f 741/784/2 742/779/2 781/783/2
f 741/784/2 781/783/2 782/785/2
f 741/784/2 782/785/2 783/786/2
f 792/751/2 740/754/2 741/784/2
f 792/751/2 741/784/2 787/787/2
f 787/787/2 741/784/2 786/788/2
f 786/788/2 741/784/2 785/789/2
f 785/789/2 741/784/2 784/790/2
f 784/790/2 741/784/2 783/786/2
f 792/751/2 787/787/2 788/791/2
f 792/751/2 788/791/2 789/792/2
f 792/751/2 789/792/2 790/793/2
f 792/751/2 790/793/2 791/794/2
f 829/795/2 830/796/2 831/797/2
f 829/795/2 831/797/2 832/798/2
f 828/799/2 829/795/2 832/798/2
f 828/799/2 832/798/2 833/800/2
f 827/801/2 828/799/2 833/800/2
f 827/801/2 833/800/2 834/802/2
f 826/803/2 827/801/2 834/802/2
f 826/803/2 834/802/2 835/804/2
f 825/805/2 826/803/2 835/804/2
f 825/805/2 835/804/2 836/806/2
f 824/807/2 825/805/2 836/806/2
f 824/807/2 836/806/2 837/808/2
f 823/809/2 824/807/2 880/810/2
f 880/810/2 824/807/2 837/808/2
f 823/809/2 880/810/2 881/811/2
f 879/812/2 880/810/2 837/808/2
f 823/809/2 881/811/2 882/813/2
f 878/814/2 879/812/2 837/808/2
f 823/809/2 882/813/2 883/815/2
f 877/816/2 878/814/2 837/808/2
f 877/816/2 837/808/2 838/817/2
f 823/809/2 883/815/2 884/818/2
f 822/819/2 823/809/2 884/818/2
f 876/820/2 877/816/2 838/817/2
f 822/819/2 884/818/2 885/821/2
f 875/822/2 876/820/2 838/817/2
f 822/819/2 885/821/2 886/823/2
f 874/824/2 875/822/2 838/817/2
f 822/819/2 886/823/2 887/825/2
f 873/826/2 874/824/2 838/817/2
f 821/827/2 822/819/2 887/825/2
f 873/826/2 838/817/2 839/828/2
f 821/827/2 887/825/2 888/829/2
f 872/830/2 873/826/2 839/828/2
f 821/827/2 888/829/2 889/831/2
f 871/832/2 872/830/2 839/828/2
f 820/833/2 821/827/2 889/831/2
f 871/832/2 839/828/2 840/834/2
f 820/833/2 889/831/2 890/835/2
f 870/836/2 871/832/2 840/834/2
f 820/833/2 890/835/2 891/837/2
f 869/838/2 870/836/2 840/834/2
f 819/839/2 820/833/2 891/837/2
f 819/839/2 891/837/2 892/840/2
f 869/838/2 840/834/2 841/841/2
f 893/842/2 869/838/2 841/841/2
f 819/839/2 892/840/2 893/842/2
f 819/839/2 893/842/2 841/841/2
f 818/843/2 819/839/2 841/841/2
f 818/843/2 841/841/2 842/844/2
f 817/845/2 818/843/2 843/846/2
f 843/846/2 818/843/2 842/844/2
f 817/845/2 843/846/2 844/847/2
f 816/848/2 817/845/2 844/847/2
f 816/848/2 844/847/2 845/849/2
f 816/848/2 845/849/2 846/850/2
f 815/851/2 816/848/2 846/850/2
f 815/851/2 846/850/2 847/852/2
f 814/853/2 815/851/2 847/852/2
f 814/853/2 847/852/2 848/854/2
f 866/855/2 867/856/2 868/857/2
f 814/853/2 848/854/2 849/858/2
f 865/859/2 866/855/2 868/857/2
f 864/860/2 865/859/2 868/857/2
f 813/861/2 814/853/2 849/858/2
f 813/861/2 849/858/2 850/862/2
f 863/863/2 864/860/2 868/857/2
f 862/864/2 863/863/2 868/857/2
f 813/861/2 850/862/2 851/865/2
f 861/866/2 862/864/2 868/857/2
f 813/861/2 851/865/2 852/867/2
f 860/868/2 861/866/2 868/857/2
f 812/869/2 813/861/2 852/867/2
f 859/870/2 860/868/2 868/857/2
f 812/869/2 852/867/2 853/871/2
f 858/872/2 859/870/2 868/857/2
f 812/869/2 853/871/2 854/873/2
f 857/874/2 858/872/2 868/857/2
f 856/875/2 857/874/2 868/857/2
f 812/869/2 854/873/2 855/876/2
f 855/876/2 856/875/2 868/857/2
f 812/869/2 855/876/2 868/857/2
f 811/877/2 812/869/2 868/857/2
f 811/877/2 868/857/2 795/878/2
f 810/879/2 811/877/2 795/878/2
f 810/879/2 795/878/2 796/880/2
f 810/879/2 796/880/2 797/881/2
f 809/882/2 810/879/2 797/881/2
f 809/882/2 797/881/2 798/883/2
f 809/882/2 798/883/2 799/884/2
f 808/885/2 809/882/2 799/884/2
f 808/885/2 799/884/2 800/886/2
f 808/885/2 800/886/2 801/887/2
f 807/888/2 808/885/2 801/887/2
f 807/888/2 801/887/2 802/889/2
f 807/888/2 802/889/2 803/890/2
f 807/888/2 803/890/2 804/891/2
f 806/892/2 807/888/2 804/891/2
f 806/892/2 804/891/2 805/893/2
f 899/894/2 900/895/2 894/896/2
f 899/894/2 894/896/2 895/897/2
f 895/897/2 896/898/2 897/899/2
f 895/897/2 897/899/2 898/900/2
f 899/894/2 895/897/2 898/900/2
f 947/901/2 948/902/2 901/903/2
f 947/901/2 901/903/2 902/904/2
f 946/905/2 947/901/2 902/904/2
f 946/905/2 902/904/2 903/906/2
f 945/907/2 946/905/2 903/906/2
f 945/907/2 903/906/2 904/908/2
f 944/909/2 945/907/2 904/908/2
f 944/909/2 904/908/2 905/910/2
f 943/911/2 944/909/2 905/910/2
f 943/911/2 905/910/2 906/912/2
f 942/913/2 943/911/2 972/914/2
f 972/914/2 943/911/2 906/912/2
f 942/913/2 972/914/2 973/915/2
f 971/916/2 972/914/2 906/912/2
f 970/917/2 971/916/2 906/912/2
f 942/913/2 973/915/2 974/918/2
f 969/919/2 970/917/2 906/912/2
f 942/913/2 974/918/2 975/920/2
f 969/919/2 906/912/2 907/921/2
f 941/922/2 942/913/2 975/920/2
f 968/923/2 969/919/2 907/921/2
f 941/922/2 975/920/2 976/924/2
f 967/925/2 968/923/2 907/921/2
f 941/922/2 976/924/2 977/926/2
f 967/925/2 907/921/2 908/927/2
f 940/928/2 941/922/2 977/926/2
f 966/929/2 967/925/2 908/927/2
f 940/928/2 977/926/2 978/930/2
f 965/931/2 966/929/2 908/927/2
f 940/928/2 978/930/2 979/932/2
f 965/931/2 908/927/2 909/933/2
f 939/934/2 940/928/2 979/932/2
f 964/935/2 965/931/2 909/933/2
f 939/934/2 979/932/2 980/936/2
f 964/935/2 909/933/2 910/937/2
f 938/938/2 939/934/2 980/936/2
f 963/939/2 964/935/2 910/937/2
f 938/938/2 980/936/2 981/940/2
f 962/941/2 963/939/2 910/937/2
f 938/938/2 981/940/2 982/942/2
f 962/941/2 910/937/2 911/943/2
f 937/944/2 938/938/2 982/942/2
f 961/945/2 962/941/2 911/943/2
f 937/944/2 982/942/2 983/946/2
f 961/945/2 911/943/2 912/947/2
f 936/948/2 937/944/2 983/946/2
f 960/949/2 961/945/2 912/947/2
f 936/948/2 983/946/2 984/950/2
f 935/951/2 936/948/2 984/950/2
f 935/951/2 984/950/2 985/952/2
f 959/953/2 960/949/2 912/947/2
f 959/953/2 912/947/2 913/954/2
f 935/951/2 985/952/2 986/955/2
f 958/956/2 959/953/2 913/954/2
f 958/956/2 913/954/2 914/957/2
f 934/958/2 935/951/2 986/955/2
f 934/958/2 986/955/2 987/959/2
f 957/960/2 958/956/2 914/957/2
f 957/960/2 914/957/2 915/961/2
f 933/962/2 934/958/2 987/959/2
f 956/963/2 957/960/2 915/961/2
f 933/962/2 987/959/2 988/964/2
f 956/963/2 915/961/2 916/965/2
f 932/966/2 933/962/2 988/964/2
f 955/967/2 956/963/2 916/965/2
f 932/966/2 988/964/2 989/968/2
f 954/969/2 955/967/2 916/965/2
f 932/966/2 989/968/2 990/970/2
f 954/969/2 916/965/2 917/971/2
f 931/972/2 932/966/2 990/970/2
f 953/973/2 954/969/2 917/971/2
f 931/972/2 990/970/2 991/974/2
f 952/975/2 953/973/2 917/971/2
f 931/972/2 991/974/2 992/976/2
f 952/975/2 917/971/2 918/977/2
f 930/978/2 931/972/2 992/976/2
f 951/979/2 952/975/2 918/977/2
f 930/978/2 992/976/2 993/980/2
f 950/981/2 951/979/2 918/977/2
f 930/978/2 993/980/2 994/982/2
f 950/981/2 918/977/2 919/983/2
f 929/984/2 930/978/2 994/982/2
f 949/985/2 950/981/2 919/983/2
f 929/984/2 994/982/2 995/986/2
f 996/987/2 949/985/2 919/983/2
f 929/984/2 995/986/2 996/987/2
f 929/984/2 996/987/2 919/983/2
f 929/984/2 919/983/2 920/988/2
f 928/989/2 929/984/2 920/988/2
f 928/989/2 920/988/2 921/990/2
f 927/991/2 928/989/2 921/990/2
f 927/991/2 921/990/2 922/992/2
f 926/993/2 927/991/2 922/992/2
f 926/993/2 922/992/2 923/994/2
f 925/995/2 926/993/2 923/994/2
f 925/995/2 923/994/2 924/996/2
f 1031/997/2 1032/998/2 1033/999/2
f 1031/997/2 1033/999/2 1034/1000/2
f 1030/1001/2 1031/997/2 1034/1000/2
f 1030/1001/2 1034/1000/2 1035/1002/2
f 1029/1003/2 1030/1001/2 1035/1002/2
f 1029/1003/2 1035/1002/2 1036/1004/2
f 1028/1005/2 1029/1003/2 1036/1004/2
f 1028/1005/2 1036/1004/2 1037/1006/2
f 1027/1007/2 1028/1005/2 1037/1006/2
f 1027/1007/2 1037/1006/2 1038/1008/2
f 1026/1009/2 1027/1007/2 1038/1008/2
f 1026/1009/2 1038/1008/2 1039/1010/2
f 1025/1011/2 1026/1009/2 1082/1012/2
f 1082/1012/2 1026/1009/2 1039/1010/2
f 1025/1011/2 1082/1012/2 1083/1013/2
f 1081/1014/2 1082/1012/2 1039/1010/2
f 1025/1011/2 1083/1013/2 1084/1015/2
f 1080/1016/2 1081/1014/2 1039/1010/2
f 1025/1011/2 1084/1015/2 1085/1017/2
f 1079/1018/2 1080/1016/2 1039/1010/2
f 1079/1018/2 1039/1010/2 1040/1019/2
f 1025/1011/2 1085/1017/2 1086/1020/2
f 1024/1021/2 1025/1011/2 1086/1020/2
f 1078/1022/2 1079/1018/2 1040/1019/2
f 1024/1021/2 1086/1020/2 1087/1023/2
f 1077/1024/2 1078/1022/2 1040/1019/2
f 1024/1021/2 1087/1023/2 1088/1025/2
f 1076/1026/2 1077/1024/2 1040/1019/2
f 1024/1021/2 1088/1025/2 1089/1027/2
f 1075/1028/2 1076/1026/2 1040/1019/2
f 1023/1029/2 1024/1021/2 1089/1027/2
f 1075/1028/2 1040/1019/2 1041/1030/2
f 1023/1029/2 1089/1027/2 1090/1031/2
f 1074/1032/2 1075/1028/2 1041/1030/2
f 1023/1029/2 1090/1031/2 1091/1033/2
f 1073/1034/2 1074/1032/2 1041/1030/2
f 1022/1035/2 1023/1029/2 1091/1033/2
f 1073/1034/2 1041/1030/2 1042/1036/2
f 1022/1035/2 1091/1033/2 1092/1037/2
f 1072/1038/2 1073/1034/2 1042/1036/2
f 1022/1035/2 1092/1037/2 1093/1039/2
f 1071/1040/2 1072/1038/2 1042/1036/2
f 1021/1041/2 1022/1035/2 1093/1039/2
f 1021/1041/2 1093/1039/2 1094/1042/2
f 1071/1040/2 1042/1036/2 1043/1043/2
f 1095/1044/2 1071/1040/2 1043/1043/2
f 1021/1041/2 1094/1042/2 1095/1044/2
f 1021/1041/2 1095/1044/2 1043/1043/2
f 1020/1045/2 1021/1041/2 1043/1043/2
f 1020/1045/2 1043/1043/2 1044/1046/2
f 1019/1047/2 1020/1045/2 1045/1048/2
f 1045/1048/2 1020/1045/2 1044/1046/2
f 1019/1047/2 1045/1048/2 1046/1049/2
f 1018/1050/2 1019/1047/2 1046/1049/2
f 1018/1050/2 1046/1049/2 1047/1051/2
f 1018/1050/2 1047/1051/2 1048/1052/2
f 1017/1053/2 1018/1050/2 1048/1052/2
f 1017/1053/2 1048/1052/2 1049/1054/2
f 1016/1055/2 1017/1053/2 1049/1054/2
f 1016/1055/2 1049/1054/2 1050/1056/2
f 1068/1057/2 1069/1058/2 1070/1059/2
f 1016/1055/2 1050/1056/2 1051/1060/2
f 1067/1061/2 1068/1057/2 1070/1059/2
f 1066/1062/2 1067/1061/2 1070/1059/2
f 1015/1063/2 1016/1055/2 1051/1060/2
f 1015/1063/2 1051/1060/2 1052/1064/2
f 1065/1065/2 1066/1062/2 1070/1059/2
f 1064/1066/2 1065/1065/2 1070/1059/2
f 1015/1063/2 1052/1064/2 1053/1067/2
f 1063/1068/2 1064/1066/2 1070/1059/2
f 1015/1063/2 1053/1067/2 1054/1069/2
f 1062/1070/2 1063/1068/2 1070/1059/2
f 1014/1071/2 1015/1063/2 1054/1069/2
f 1061/1072/2 1062/1070/2 1070/1059/2
f 1014/1071/2 1054/1069/2 1055/1073/2
f 1060/1074/2 1061/1072/2 1070/1059/2
f 1014/1071/2 1055/1073/2 1056/1075/2
f 1059/1076/2 1060/1074/2 1070/1059/2
f 1058/1077/2 1059/1076/2 1070/1059/2
f 1014/1071/2 1056/1075/2 1057/1078/2
f 1057/1078/2 1058/1077/2 1070/1059/2
f 1014/1071/2 1057/1078/2 1070/1059/2
f 1013/1079/2 1014/1071/2 1070/1059/2
f 1013/1079/2 1070/1059/2 997/1080/2
f 1012/1081/2 1013/1079/2 997/1080/2
f 1012/1081/2 997/1080/2 998/1082/2
f 1012/1081/2 998/1082/2 999/1083/2
f 1011/1084/2 1012/1081/2 999/1083/2
f 1011/1084/2 999/1083/2 1000/1085/2
f 1011/1084/2 1000/1085/2 1001/1086/2
f 1010/1087/2 1011/1084/2 1001/1086/2
f 1010/1087/2 1001/1086/2 1002/1088/2
f 1010/1087/2 1002/1088/2 1003/1089/2
f 1009/1090/2 1010/1087/2 1003/1089/2
f 1009/1090/2 1003/1089/2 1004/1091/2
f 1009/1090/2 1004/1091/2 1005/1092/2
f 1009/1090/2 1005/1092/2 1006/1093/2
f 1008/1094/2 1009/1090/2 1006/1093/2
f 1008/1094/2 1006/1093/2 1007/1095/2
f 1107/1096/2 1108/1097/2 1109/1098/2
f 1131/1099/2 1132/1100/2 1133/1101/2
f 1106/1102/2 1107/1096/2 1109/1098/2
f 1106/1102/2 1109/1098/2 1110/1103/2
f 1130/1104/2 1131/1099/2 1133/1101/2
f 1130/1104/2 1133/1101/2 1134/1105/2
f 1105/1106/2 1106/1102/2 1110/1103/2
f 1105/1106/2 1110/1103/2 1111/1107/2
f 1129/1108/2 1130/1104/2 1134/1105/2
f 1104/1109/2 1105/1106/2 1111/1107/2
f 1104/1109/2 1111/1107/2 1112/1110/2
f 1129/1108/2 1134/1105/2 1135/1111/2
f 1128/1112/2 1129/1108/2 1135/1111/2
f 1103/1113/2 1104/1109/2 1112/1110/2
f 1200/1114/2 1201/1115/2 1202/1116/2
f 1200/1114/2 1202/1116/2 1096/1117/2
f 1103/1113/2 1112/1110/2 1113/1118/2
f 1127/1119/2 1128/1112/2 1135/1111/2
f 1102/1120/2 1103/1113/2 1113/1118/2
f 1127/1119/2 1135/1111/2 1136/1121/2
f 1102/1120/2 1113/1118/2 1114/1122/2
f 1101/1123/2 1102/1120/2 1114/1122/2
f 1126/1124/2 1127/1119/2 1136/1121/2
f 1101/1123/2 1114/1122/2 1115/1125/2
f 1126/1124/2 1136/1121/2 1137/1126/2
f 1100/1127/2 1101/1123/2 1115/1125/2
f 1125/1128/2 1126/1124/2 1137/1126/2
f 1100/1127/2 1115/1125/2 1116/1129/2
f 1099/1130/2 1100/1127/2 1116/1129/2
f 1124/1131/2 1125/1128/2 1137/1126/2
f 1124/1131/2 1137/1126/2 1138/1132/2
f 1099/1130/2 1116/1129/2 1117/1133/2
f 1098/1134/2 1099/1130/2 1117/1133/2
f 1123/1135/2 1124/1131/2 1138/1132/2
f 1098/1134/2 1117/1133/2 1118/1136/2
f 1097/1137/2 1098/1134/2 1118/1136/2
f 1123/1135/2 1138/1132/2 1139/1138/2
f 1122/1139/2 1123/1135/2 1139/1138/2
f 1097/1137/2 1118/1136/2 1119/1140/2
f 1096/1117/2 1097/1137/2 1119/1140/2
f 1121/1141/2 1122/1139/2 1139/1138/2
f 1121/1141/2 1139/1138/2 1159/1142/2
f 1159/1142/2 1139/1138/2 1140/1143/2
f 1200/1114/2 1096/1117/2 1198/1144/2
f 1198/1144/2 1096/1117/2 1197/1145/2
f 1197/1145/2 1096/1117/2 1196/1146/2
f 1196/1146/2 1096/1117/2 1195/1147/2
f 1195/1147/2 1096/1117/2 1194/1148/2
f 1194/1148/2 1096/1117/2 1193/1149/2
f 1193/1149/2 1096/1117/2 1192/1150/2
f 1192/1150/2 1096/1117/2 1191/1151/2
f 1191/1151/2 1096/1117/2 1190/1152/2
f 1190/1152/2 1096/1117/2 1189/1153/2
f 1189/1153/2 1096/1117/2 1188/1154/2
f 1188/1154/2 1096/1117/2 1187/1155/2
f 1187/1155/2 1096/1117/2 1119/1140/2
f 1187/1155/2 1119/1140/2 1186/1156/2
f 1186/1156/2 1119/1140/2 1120/1157/2
f 1120/1157/2 1121/1141/2 1160/1158/2
f 1160/1158/2 1121/1141/2 1159/1142/2
f 1185/1159/2 1186/1156/2 1120/1157/2
f 1158/1160/2 1159/1142/2 1140/1143/2
f 1120/1157/2 1160/1158/2 1161/1161/2
f 1184/1162/2 1185/1159/2 1120/1157/2
f 1157/1163/2 1158/1160/2 1140/1143/2
f 1120/1157/2 1161/1161/2 1162/1164/2
f 1183/1165/2 1184/1162/2 1120/1157/2
f 1156/1166/2 1157/1163/2 1140/1143/2
f 1120/1157/2 1162/1164/2 1163/1167/2
f 1182/1168/2 1183/1165/2 1120/1157/2
f 1182/1168/2 1120/1157/2 1163/1167/2
f 1155/1169/2 1156/1166/2 1140/1143/2
f 1182/1168/2 1163/1167/2 1164/1170/2
f 1155/1169/2 1140/1143/2 1141/1171/2
f 1181/1172/2 1182/1168/2 1164/1170/2
f 1181/1172/2 1164/1170/2 1165/1173/2
f 1154/1174/2 1155/1169/2 1141/1171/2
f 1181/1172/2 1165/1173/2 1166/1175/2
f 1180/1176/2 1181/1172/2 1166/1175/2
f 1153/1177/2 1154/1174/2 1141/1171/2
f 1180/1176/2 1166/1175/2 1167/1178/2
f 1179/1179/2 1180/1176/2 1167/1178/2
f 1152/1180/2 1153/1177/2 1141/1171/2
f 1179/1179/2 1167/1178/2 1168/1181/2
f 1152/1180/2 1141/1171/2 1142/1182/2
f 1178/1183/2 1179/1179/2 1168/1181/2
f 1178/1183/2 1168/1181/2 1169/1184/2
f 1151/1185/2 1152/1180/2 1142/1182/2
f 1178/1183/2 1169/1184/2 1170/1186/2
f 1177/1187/2 1178/1183/2 1170/1186/2
f 1150/1188/2 1151/1185/2 1142/1182/2
f 1177/1187/2 1170/1186/2 1171/1189/2
f 1150/1188/2 1142/1182/2 1143/1190/2
f 1176/1191/2 1177/1187/2 1171/1189/2
f 1200/1114/2 1198/1144/2 1199/1192/2
f 1176/1191/2 1171/1189/2 1172/1193/2
f 1149/1194/2 1150/1188/2 1143/1190/2
f 1175/1195/2 1176/1191/2 1172/1193/2
f 1148/1196/2 1149/1194/2 1143/1190/2
f 1148/1196/2 1143/1190/2 1144/1197/2
f 1174/1198/2 1175/1195/2 1172/1193/2
f 1147/1199/2 1148/1196/2 1144/1197/2
f 1147/1199/2 1144/1197/2 1145/1200/2
f 1173/1201/2 1174/1198/2 1172/1193/2
f 1146/1202/2 1147/1199/2 1145/1200/2
f 1300/1203/2 1301/1204/2 1302/1205/2
f 1299/1206/2 1300/1203/2 1302/1205/2
f 1299/1206/2 1302/1205/2 1303/1207/2
f 1298/1208/2 1299/1206/2 1303/1207/2
f 1297/1209/2 1298/1208/2 1303/1207/2
f 1297/1209/2 1303/1207/2 1304/1210/2
f 1296/1211/2 1297/1209/2 1304/1210/2
f 1296/1211/2 1304/1210/2 1305/1212/2
f 1295/1213/2 1296/1211/2 1305/1212/2
f 1294/1214/2 1295/1213/2 1305/1212/2
f 1294/1214/2 1305/1212/2 1306/1215/2
f 1293/1216/2 1294/1214/2 1306/1215/2
f 1293/1216/2 1306/1215/2 1307/1217/2
f 1292/1218/2 1293/1216/2 1307/1217/2
f 1291/1219/2 1292/1218/2 1307/1217/2
f 1291/1219/2 1307/1217/2 1308/1220/2
f 1290/1221/2 1291/1219/2 1308/1220/2
f 1290/1221/2 1308/1220/2 1309/1222/2
f 1289/1223/2 1290/1221/2 1309/1222/2
f 1288/1224/2 1289/1223/2 1287/1225/2
f 1287/1225/2 1289/1223/2 1286/1226/2
f 1286/1226/2 1289/1223/2 1285/1227/2
f 1285/1227/2 1289/1223/2 1284/1228/2
f 1284/1228/2 1289/1223/2 1283/1229/2
f 1283/1229/2 1289/1223/2 1282/1230/2
f 1282/1230/2 1289/1223/2 1281/1231/2
f 1281/1231/2 1289/1223/2 1280/1232/2
f 1280/1232/2 1289/1223/2 1279/1233/2
f 1279/1233/2 1289/1223/2 1278/1234/2
f 1278/1234/2 1289/1223/2 1309/1222/2
f 1278/1234/2 1309/1222/2 1277/1235/2
f 1277/1235/2 1309/1222/2 1276/1236/2
f 1276/1236/2 1309/1222/2 1310/1237/2
f 1276/1236/2 1310/1237/2 1275/1238/2
f 1275/1238/2 1310/1237/2 1311/1239/2
f 1274/1240/2 1275/1238/2 1311/1239/2
f 1273/1241/2 1274/1240/2 1311/1239/2
f 1272/1242/2 1273/1241/2 1311/1239/2
f 1271/1243/2 1272/1242/2 1311/1239/2
f 1270/1244/2 1271/1243/2 1311/1239/2
f 1270/1244/2 1311/1239/2 1312/1245/2
f 1269/1246/2 1270/1244/2 1312/1245/2
f 1268/1247/2 1269/1246/2 1312/1245/2
f 1267/1248/2 1268/1247/2 1312/1245/2
f 1267/1248/2 1312/1245/2 1313/1249/2
f 1266/1250/2 1267/1248/2 1313/1249/2
f 1265/1251/2 1266/1250/2 1313/1249/2
f 1265/1251/2 1313/1249/2 1314/1252/2
f 1264/1253/2 1265/1251/2 1314/1252/2
f 1263/1254/2 1264/1253/2 1314/1252/2
f 1262/1255/2 1263/1254/2 1376/1256/2
f 1376/1256/2 1263/1254/2 1314/1252/2
f 1261/1257/2 1262/1255/2 1376/1256/2
f 1260/1258/2 1261/1257/2 1376/1256/2
f 1259/1259/2 1260/1258/2 1376/1256/2
f 1258/1260/2 1259/1259/2 1376/1256/2
f 1258/1260/2 1376/1256/2 1340/1261/2
f 1375/1262/2 1376/1256/2 1314/1252/2
f 1258/1260/2 1340/1261/2 1341/1263/2
f 1257/1264/2 1258/1260/2 1341/1263/2
f 1257/1264/2 1341/1263/2 1342/1265/2
f 1256/1266/2 1257/1264/2 1342/1265/2
f 1256/1266/2 1342/1265/2 1343/1267/2
f 1255/1268/2 1256/1266/2 1343/1267/2
f 1255/1268/2 1343/1267/2 1344/1269/2
f 1255/1268/2 1344/1269/2 1345/1270/2
f 1254/1271/2 1255/1268/2 1345/1270/2
f 1254/1271/2 1345/1270/2 1346/1272/2
f 1253/1273/2 1254/1271/2 1346/1272/2
f 1253/1273/2 1346/1272/2 1347/1274/2
f 1253/1273/2 1347/1274/2 1348/1275/2
f 1252/1276/2 1253/1273/2 1348/1275/2
f 1252/1276/2 1348/1275/2 1349/1277/2
f 1252/1276/2 1349/1277/2 1350/1278/2
f 1251/1279/2 1252/1276/2 1350/1278/2
f 1251/1279/2 1350/1278/2 1351/1280/2
f 1250/1281/2 1251/1279/2 1351/1280/2
f 1250/1281/2 1351/1280/2 1352/1282/2
f 1250/1281/2 1352/1282/2 1353/1283/2
f 1249/1284/2 1250/1281/2 1353/1283/2
f 1249/1284/2 1353/1283/2 1354/1285/2
f 1249/1284/2 1354/1285/2 1355/1286/2
f 1374/1287/2 1375/1262/2 1314/1252/2
f 1248/1288/2 1249/1284/2 1355/1286/2
f 1373/1289/2 1374/1287/2 1314/1252/2
f 1248/1288/2 1355/1286/2 1356/1290/2
f 1372/1291/2 1373/1289/2 1314/1252/2
f 1337/1292/2 1338/1293/2 1339/1294/2
f 1372/1291/2 1314/1252/2 1315/1295/2
f 1248/1288/2 1356/1290/2 1357/1296/2
f 1336/1297/2 1337/1292/2 1339/1294/2
f 1371/1298/2 1372/1291/2 1315/1295/2
f 1371/1298/2 1315/1295/2 1316/1299/2
f 1335/1300/2 1336/1297/2 1339/1294/2
f 1247/1301/2 1248/1288/2 1357/1296/2
f 1247/1301/2 1357/1296/2 1358/1302/2
f 1371/1298/2 1316/1299/2 1317/1303/2
f 1370/1304/2 1371/1298/2 1317/1303/2
f 1334/1305/2 1335/1300/2 1339/1294/2
f 1370/1304/2 1317/1303/2 1318/1306/2
f 1369/1307/2 1370/1304/2 1318/1306/2
f 1333/1308/2 1334/1305/2 1339/1294/2
f 1247/1301/2 1358/1302/2 1359/1309/2
f 1369/1307/2 1318/1306/2 1319/1310/2
f 1332/1311/2 1333/1308/2 1339/1294/2
f 1368/1312/2 1369/1307/2 1319/1310/2
f 1368/1312/2 1319/1310/2 1320/1313/2
f 1331/1314/2 1332/1311/2 1339/1294/2
f 1247/1301/2 1359/1309/2 1360/1315/2
f 1368/1312/2 1320/1313/2 1321/1316/2
f 1367/1317/2 1368/1312/2 1321/1316/2
f 1330/1318/2 1331/1314/2 1339/1294/2
f 1367/1317/2 1321/1316/2 1322/1319/2
f 1246/1320/2 1247/1301/2 1360/1315/2
f 1329/1321/2 1330/1318/2 1339/1294/2
f 1246/1320/2 1360/1315/2 1361/1322/2
f 1366/1323/2 1367/1317/2 1322/1319/2
f 1366/1323/2 1322/1319/2 1323/1324/2
f 1328/1325/2 1329/1321/2 1339/1294/2
f 1366/1323/2 1323/1324/2 1324/1326/2
f 1327/1327/2 1328/1325/2 1339/1294/2
f 1365/1328/2 1366/1323/2 1324/1326/2
f 1365/1328/2 1324/1326/2 1325/1329/2
f 1326/1330/2 1327/1327/2 1339/1294/2
f 1365/1328/2 1325/1329/2 1326/1330/2
f 1246/1320/2 1361/1322/2 1362/1331/2
f 1365/1328/2 1326/1330/2 1339/1294/2
f 1364/1332/2 1365/1328/2 1339/1294/2
f 1246/1320/2 1362/1331/2 1363/1333/2
f 1363/1333/2 1364/1332/2 1339/1294/2
f 1246/1320/2 1363/1333/2 1226/1334/2
f 1226/1334/2 1363/1333/2 1339/1294/2
f 1245/1335/2 1246/1320/2 1226/1334/2
f 1245/1335/2 1226/1334/2 1227/1336/2
f 1225/1337/2 1226/1334/2 1339/1294/2
f 1244/1338/2 1245/1335/2 1227/1336/2
f 1244/1338/2 1227/1336/2 1228/1339/2
f 1224/1340/2 1225/1337/2 1339/1294/2
f 1224/1340/2 1339/1294/2 1203/1341/2
f 1243/1342/2 1244/1338/2 1228/1339/2
f 1243/1342/2 1228/1339/2 1229/1343/2
f 1223/1344/2 1224/1340/2 1203/1341/2
f 1223/1344/2 1203/1341/2 1204/1345/2
f 1243/1342/2 1229/1343/2 1230/1346/2
f 1222/1347/2 1223/1344/2 1204/1345/2
f 1242/1348/2 1243/1342/2 1230/1346/2
f 1222/1347/2 1204/1345/2 1205/1349/2
f 1242/1348/2 1230/1346/2 1231/1350/2
f 1221/1351/2 1222/1347/2 1205/1349/2
f 1221/1351/2 1205/1349/2 1206/1352/2
f 1241/1353/2 1242/1348/2 1231/1350/2
f 1241/1353/2 1231/1350/2 1232/1354/2
f 1220/1355/2 1221/1351/2 1206/1352/2
f 1220/1355/2 1206/1352/2 1207/1356/2
f 1241/1353/2 1232/1354/2 1233/1357/2
f 1219/1358/2 1220/1355/2 1207/1356/2
f 1219/1358/2 1207/1356/2 1208/1359/2
f 1240/1360/2 1241/1353/2 1233/1357/2
f 1240/1360/2 1233/1357/2 1234/1361/2
f 1218/1362/2 1219/1358/2 1208/1359/2
f 1218/1362/2 1208/1359/2 1209/1363/2
f 1240/1360/2 1234/1361/2 1235/1364/2
f 1218/1362/2 1209/1363/2 1210/1365/2
f 1217/1366/2 1218/1362/2 1210/1365/2
f 1239/1367/2 1240/1360/2 1235/1364/2
f 1217/1366/2 1210/1365/2 1211/1368/2
f 1239/1367/2 1235/1364/2 1236/1369/2
f 1216/1370/2 1217/1366/2 1211/1368/2
f 1216/1370/2 1211/1368/2 1212/1371/2
f 1239/1367/2 1236/1369/2 1237/1372/2
f 1215/1373/2 1216/1370/2 1212/1371/2
f 1238/1374/2 1239/1367/2 1237/1372/2
f 1215/1373/2 1212/1371/2 1213/1375/2
f 1214/1376/2 1215/1373/2 1213/1375/2
f 1411/1377/2 1412/1378/2 1413/1379/2
f 1411/1377/2 1413/1379/2 1414/1380/2
f 1411/1377/2 1414/1380/2 1415/1381/2
f 1411/1377/2 1415/1381/2 1416/1382/2
f 1410/1383/2 1411/1377/2 1416/1382/2
f 1410/1383/2 1416/1382/2 1417/1384/2
f 1410/1383/2 1417/1384/2 1418/1385/2
f 1410/1383/2 1418/1385/2 1419/1386/2
f 1409/1387/2 1410/1383/2 1419/1386/2
f 1409/1387/2 1419/1386/2 1420/1388/2
f 1409/1387/2 1420/1388/2 1421/1389/2
f 1408/1390/2 1409/1387/2 1421/1389/2
f 1408/1390/2 1421/1389/2 1422/1391/2
f 1408/1390/2 1422/1391/2 1423/1392/2
f 1407/1393/2 1408/1390/2 1423/1392/2
f 1407/1393/2 1423/1392/2 1424/1394/2
f 1407/1393/2 1424/1394/2 1435/1395/2
f 1435/1395/2 1424/1394/2 1434/1396/2
f 1434/1396/2 1424/1394/2 1433/1397/2
f 1433/1397/2 1424/1394/2 1432/1398/2
f 1432/1398/2 1424/1394/2 1431/1399/2
f 1431/1399/2 1424/1394/2 1430/1400/2
f 1430/1400/2 1424/1394/2 1429/1401/2
f 1429/1401/2 1424/1394/2 1428/1402/2
f 1428/1402/2 1424/1394/2 1427/1403/2
f 1427/1403/2 1424/1394/2 1426/1404/2
f 1426/1404/2 1424/1394/2 1425/1405/2
f 1406/1406/2 1407/1393/2 1437/1407/2
f 1437/1407/2 1407/1393/2 1436/1408/2
f 1436/1408/2 1407/1393/2 1435/1395/2
f 1406/1406/2 1437/1407/2 1438/1409/2
f 1406/1406/2 1438/1409/2 1439/1410/2
f 1406/1406/2 1439/1410/2 1440/1411/2
f 1405/1412/2 1406/1406/2 1440/1411/2
f 1405/1412/2 1440/1411/2 1441/1413/2
f 1405/1412/2 1441/1413/2 1442/1414/2
f 1404/1415/2 1405/1412/2 1442/1414/2
f 1404/1415/2 1442/1414/2 1443/1416/2
f 1404/1415/2 1443/1416/2 1444/1417/2
f 1403/1418/2 1404/1415/2 1444/1417/2
f 1403/1418/2 1444/1417/2 1445/1419/2
f 1402/1420/2 1403/1418/2 1445/1419/2
f 1402/1420/2 1445/1419/2 1446/1421/2
f 1402/1420/2 1446/1421/2 1447/1422/2
f 1401/1423/2 1402/1420/2 1447/1422/2
f 1401/1423/2 1447/1422/2 1448/1424/2
f 1400/1425/2 1401/1423/2 1448/1424/2
f 1400/1425/2 1448/1424/2 1449/1426/2
f 1400/1425/2 1449/1426/2 1450/1427/2
f 1399/1428/2 1400/1425/2 1450/1427/2
f 1475/1429/2 1476/1430/2 1477/1431/2
f 1475/1429/2 1477/1431/2 1474/1432/2
f 1474/1432/2 1477/1431/2 1478/1433/2
f 1399/1428/2 1450/1427/2 1451/1434/2
f 1398/1435/2 1399/1428/2 1451/1434/2
f 1398/1435/2 1451/1434/2 1452/1436/2
f 1473/1437/2 1474/1432/2 1478/1433/2
f 1397/1438/2 1398/1435/2 1452/1436/2
f 1397/1438/2 1452/1436/2 1453/1439/2
f 1397/1438/2 1453/1439/2 1454/1440/2
f 1396/1441/2 1397/1438/2 1454/1440/2
f 1396/1441/2 1454/1440/2 1455/1442/2
f 1395/1443/2 1396/1441/2 1455/1442/2
f 1395/1443/2 1455/1442/2 1456/1444/2
f 1395/1443/2 1456/1444/2 1457/1445/2
f 1394/1446/2 1395/1443/2 1457/1445/2
f 1394/1446/2 1457/1445/2 1458/1447/2
f 1472/1448/2 1473/1437/2 1478/1433/2
f 1471/1449/2 1472/1448/2 1478/1433/2
f 1470/1450/2 1471/1449/2 1478/1433/2
f 1394/1446/2 1458/1447/2 1459/1451/2
f 1469/1452/2 1470/1450/2 1478/1433/2
f 1468/1453/2 1469/1452/2 1478/1433/2
f 1467/1454/2 1468/1453/2 1478/1433/2
f 1394/1446/2 1459/1451/2 1460/1455/2
f 1393/1456/2 1394/1446/2 1460/1455/2
f 1466/1457/2 1467/1454/2 1478/1433/2
f 1465/1458/2 1466/1457/2 1478/1433/2
f 1464/1459/2 1465/1458/2 1478/1433/2
f 1393/1456/2 1460/1455/2 1461/1460/2
f 1463/1461/2 1464/1459/2 1478/1433/2
f 1462/1462/2 1463/1461/2 1478/1433/2
f 1461/1460/2 1462/1462/2 1478/1433/2
f 1393/1456/2 1461/1460/2 1478/1433/2
f 1392/1463/2 1393/1456/2 1478/1433/2
f 1392/1463/2 1478/1433/2 1377/1464/2
f 1392/1463/2 1377/1464/2 1378/1465/2
f 1391/1466/2 1392/1463/2 1378/1465/2
f 1391/1466/2 1378/1465/2 1379/1467/2
f 1391/1466/2 1379/1467/2 1380/1468/2
f 1390/1469/2 1391/1466/2 1380/1468/2
f 1390/1469/2 1380/1468/2 1381/1470/2
f 1390/1469/2 1381/1470/2 1382/1471/2
f 1390/1469/2 1382/1471/2 1383/1472/2
f 1389/1473/2 1390/1469/2 1383/1472/2
f 1389/1473/2 1383/1472/2 1384/1474/2
f 1389/1473/2 1384/1474/2 1385/1475/2
f 1389/1473/2 1385/1475/2 1386/1476/2
f 1388/1477/2 1389/1473/2 1386/1476/2
f 1388/1477/2 1386/1476/2 1387/1478/2
s 1
f 1480/1479/3 1482/1480/4 1481/1481/4 1479/1482/3
f 1482/1480/4 1484/1483/5 1483/1484/5 1481/1481/4
f 1484/1483/5 1486/1485/6 1485/1486/6 1483/1484/5
f 1486/1485/6 1488/1487/7 1487/1488/7 1485/1486/6
f 1488/1487/7 1490/1489/8 1489/1490/8 1487/1488/7
f 1490/1489/8 1492/1491/9 1491/1492/9 1489/1490/8
f 1492/1491/9 1494/1493/10 1493/1494/10 1491/1492/9
f 1494/1493/10 1496/1495/11 1495/1496/11 1493/1494/10
f 1496/1495/11 1498/1497/12 1497/1498/12 1495/1496/11
f 1498/1497/12 1500/1499/13 1499/1500/13 1497/1498/12
f 1500/1499/13 1502/1501/14 1501/1502/14 1499/1500/13
f 1502/1501/14 1504/1503/15 1503/1504/15 1501/1502/14
f 1504/1503/15 1506/1505/16 1505/1506/16 1503/1504/15
f 1506/1505/16 1508/1507/17 1507/1508/17 1505/1506/16
f 1508/1507/17 1510/1509/18 1509/1510/18 1507/1508/17
f 1510/1509/18 1512/1511/19 1511/1512/19 1509/1510/18
f 1512/1511/19 1514/1513/20 1513/1514/20 1511/1512/19
f 1514/1513/20 1516/1515/21 1515/1516/21 1513/1514/20
f 1516/1515/21 1518/1517/22 1517/1518/22 1515/1516/21
f 1518/1517/22 1520/1519/23 1519/1520/23 1517/1518/22
f 1520/1519/23 1522/1521/24 1521/1522/24 1519/1520/23
f 1522/1521/24 1524/1523/25 1523/1524/25 1521/1522/24
f 1524/1523/25 1526/1525/26 1525/1526/26 1523/1524/25
f 1526/1525/26 1528/1527/27 1527/1528/27 1525/1526/26
f 1528/1527/27 1530/1529/28 1529/1530/28 1527/1528/27
f 1530/1529/28 1532/1531/29 1531/1532/29 1529/1530/28
f 1532/1531/29 1534/1533/30 1533/1534/30 1531/1532/29
f 1534/1533/30 1536/1535/31 1535/1536/31 1533/1534/30
f 1536/1535/31 1538/1537/32 1537/1538/32 1535/1536/31
f 1538/1537/32 1540/1539/33 1539/1540/33 1537/1538/32
f 1540/1539/33 1542/1541/34 1541/1542/34 1539/1540/33
f 1542/1541/34 1544/1543/35 1543/1544/35 1541/1542/34
f 1544/1543/35 1546/1545/36 1545/1546/36 1543/1544/35
f 1546/1545/36 1548/1547/37 1547/1548/37 1545/1546/36
f 1548/1547/37 1550/1549/38 1549/1550/38 1547/1548/37
f 1550/1549/38 1552/1551/39 1551/1552/39 1549/1550/38
f 1552/1551/39 1554/1553/40 1553/1554/40 1551/1552/39
f 1554/1553/40 1556/1555/41 1555/1556/41 1553/1554/40
f 1556/1555/41 1558/1557/42 1557/1558/42 1555/1556/41
f 1558/1557/42 1560/1559/43 1559/1560/43 1557/1558/42
f 1560/1559/43 1562/1561/44 1561/1562/44 1559/1560/43
f 1562/1561/44 1564/1563/45 1563/1564/45 1561/1562/44
f 1564/1563/45 1566/1565/46 1565/1566/46 1563/1564/45
f 1566/1565/46 1568/1567/47 1567/1568/47 1565/1566/46
f 1568/1567/47 1570/1569/48 1569/1570/48 1567/1568/47
f 1570/1569/48 1572/1571/49 1571/1572/49 1569/1570/48
f 1572/1571/49 1574/1573/50 1573/1574/50 1571/1572/49
f 1574/1573/50 1576/1575/51 1575/1576/51 1573/1574/50
f 1576/1575/51 1578/1577/52 1577/1578/52 1575/1576/51
f 1578/1577/52 1580/1579/53 1579/1580/53 1577/1578/52
f 1580/1579/53 1582/1581/54 1581/1582/54 1579/1580/53
f 1582/1581/54 1584/1583/55 1583/1584/55 1581/1582/54
f 1584/1583/55 1586/1585/56 1585/1586/56 1583/1584/55
f 1586/1585/56 1588/1587/57 1587/1588/57 1585/1586/56
f 1588/1587/57 1590/1589/58 1589/1590/58 1587/1588/57
f 1590/1589/58 1592/1591/59 1591/1592/59 1589/1590/58
f 1592/1591/59 1594/1593/60 1593/1594/60 1591/1592/59
f 1594/1593/60 1596/1595/61 1595/1596/61 1593/1594/60
f 1596/1595/61 1598/1597/62 1597/1598/62 1595/1596/61
f 1598/1597/62 1600/1599/63 1599/1600/63 1597/1598/62
f 1600/1599/63 1602/1601/64 1601/1602/64 1599/1600/63
f 1602/1601/64 1604/1603/65 1603/1604/65 1601/1602/64
f 1604/1603/65 1606/1605/66 1605/1606/66 1603/1604/65
f 1606/1605/66 1608/1607/67 1607/1608/67 1605/1606/66
f 1608/1607/67 1610/1609/68 1609/1610/68 1607/1608/67
f 1610/1609/68 1612/1611/69 1611/1612/69 1609/1610/68
f 1612/1611/69 1614/1613/70 1613/1614/70 1611/1612/69
f 1614/1613/70 1616/1615/71 1615/1616/71 1613/1614/70
f 1616/1615/71 1618/1617/72 1617/1618/72 1615/1616/71
f 1618/1617/72 1620/1619/73 1619/1620/73 1617/1618/72
f 1620/1619/73 1622/1621/74 1621/1622/74 1619/1620/73
f 1622/1621/74 1624/1623/75 1623/1624/75 1621/1622/74
f 1624/1623/75 1626/1625/76 1625/1626/76 1623/1624/75
f 1626/1625/76 1628/1627/77 1627/1628/77 1625/1626/76
f 1628/1627/77 1630/1629/78 1629/1630/78 1627/1628/77
f 1630/1629/78 1632/1631/79 1631/1632/79 1629/1630/78
f 1632/1631/79 1634/1633/80 1633/1634/80 1631/1632/79
f 1634/1633/80 1636/1635/81 1635/1636/81 1633/1634/80
f 1636/1635/81 1638/1637/82 1637/1638/82 1635/1636/81
f 1638/1637/82 1640/1639/83 1639/1640/83 1637/1638/82
f 1640/1639/83 1642/1641/84 1641/1642/84 1639/1640/83
f 1642/1641/84 1644/1643/85 1643/1644/85 1641/1642/84
f 1644/1643/85 1646/1645/86 1645/1646/86 1643/1644/85
f 1646/1645/86 1648/1647/87 1647/1648/87 1645/1646/86
f 1648/1647/87 1650/1649/88 1649/1650/88 1647/1648/87
f 1650/1649/88 1652/1651/89 1651/1652/89 1649/1650/88
f 1652/1651/89 1654/1653/90 1653/1654/90 1651/1652/89
f 1654/1653/90 1656/1655/91 1655/1656/91 1653/1654/90
f 1656/1655/91 1658/1657/92 1657/1658/92 1655/1656/91
f 1658/1657/92 1660/1659/93 1659/1660/93 1657/1658/92
f 1660/1659/93 1662/1661/94 1661/1662/94 1659/1660/93
f 1662/1661/94 1664/1663/95 1663/1664/95 1661/1662/94
f 1664/1663/95 1666/1665/96 1665/1666/96 1663/1664/95
f 1666/1665/96 1668/1667/97 1667/1668/97 1665/1666/96
f 1668/1667/97 1670/1669/98 1669/1670/98 1667/1668/97
f 1670/1669/98 1672/1671/99 1671/1672/99 1669/1670/98
f 1672/1671/99 1674/1673/100 1673/1674/100 1671/1672/99
f 1674/1673/100 1676/1675/100 1675/1676/100 1673/1674/100
f 1676/1675/100 1678/1677/101 1677/1678/101 1675/1676/100
f 1678/1677/101 1680/1679/102 1679/1680/102 1677/1678/101
f 1680/1679/102 1682/1681/103 1681/1682/103 1679/1680/102
f 1682/1681/103 1480/1479/3 1479/1482/3 1681/1682/103
f 1684/1683/104 1686/1684/105 1685/1685/105 1683/1686/104
f 1686/1684/105 1688/1687/106 1687/1688/106 1685/1685/105
f 1688/1687/106 1690/1689/107 1689/1690/107 1687/1688/106
f 1690/1689/107 1692/1691/108 1691/1692/108 1689/1690/107
f 1692/1691/108 1694/1693/109 1693/1694/109 1691/1692/108
f 1694/1693/109 1696/1695/110 1695/1696/110 1693/1694/109
f 1696/1695/110 1698/1697/111 1697/1698/111 1695/1696/110
f 1698/1697/111 1700/1699/112 1699/1700/112 1697/1698/111
f 1700/1699/112 1702/1701/113 1701/1702/113 1699/1700/112
f 1702/1701/113 1704/1703/114 1703/1704/114 1701/1702/113
f 1704/1703/114 1706/1705/115 1705/1706/115 1703/1704/114
f 1706/1705/115 1708/1707/116 1707/1708/116 1705/1706/115
f 1708/1707/116 1710/1709/117 1709/1710/117 1707/1708/116
f 1710/1709/117 1712/1711/118 1711/1712/118 1709/1710/117
f 1712/1711/118 1714/1713/119 1713/1714/119 1711/1712/118
f 1714/1713/119 1716/1715/120 1715/1716/120 1713/1714/119
f 1716/1715/120 1718/1717/121 1717/1718/121 1715/1716/120
f 1718/1717/121 1720/1719/122 1719/1720/122 1717/1718/121
f 1720/1719/122 1722/1721/123 1721/1722/123 1719/1720/122
f 1722/1721/123 1724/1723/124 1723/1724/124 1721/1722/123
f 1724/1723/124 1726/1725/125 1725/1726/125 1723/1724/124
f 1726/1725/125 1728/1727/126 1727/1728/126 1725/1726/125
f 1728/1727/126 1730/1729/127 1729/1730/127 1727/1728/126
f 1730/1729/127 1732/1731/128 1731/1732/128 1729/1730/127
f 1732/1731/128 1734/1733/129 1733/1734/129 1731/1732/128
f 1734/1733/129 1736/1735/130 1735/1736/130 1733/1734/129
f 1736/1735/130 1738/1737/131 1737/1738/131 1735/1736/130
f 1738/1737/131 1740/1739/132 1739/1740/132 1737/1738/131
f 1740/1739/132 1742/1741/133 1741/1742/133 1739/1740/132
f 1742/1741/133 1744/1743/134 1743/1744/134 1741/1742/133
f 1744/1743/134 1746/1745/135 1745/1746/135 1743/1744/134
f 1746/1745/135 1748/1747/136 1747/1748/136 1745/1746/135
f 1748/1747/136 1750/1749/137 1749/1750/137 1747/1748/136
f 1750/1749/137 1752/1751/138 1751/1752/138 1749/1750/137
f 1752/1751/138 1754/1753/139 1753/1754/139 1751/1752/138
f 1754/1753/139 1756/1755/140 1755/1756/140 1753/1754/139
f 1756/1755/140 1758/1757/141 1757/1758/141 1755/1756/140
f 1758/1757/141 1760/1759/142 1759/1760/142 1757/1758/141
f 1760/1759/142 1762/1761/143 1761/1762/143 1759/1760/142
f 1762/1761/143 1764/1763/144 1763/1764/144 1761/1762/143
f 1764/1763/144 1766/1765/145 1765/1766/145 1763/1764/144
f 1766/1765/145 1768/1767/146 1767/1768/146 1765/1766/145
f 1768/1767/146 1770/1769/147 1769/1770/147 1767/1768/146
f 1770/1769/147 1772/1771/148 1771/1772/148 1769/1770/147
f 1772/1771/148 1774/1773/149 1773/1774/149 1771/1772/148
f 1774/1773/149 1776/1775/150 1775/1776/150 1773/1774/149
f 1776/1775/150 1778/1777/151 1777/1778/151 1775/1776/150
f 1778/1777/151 1780/1779/152 1779/1780/152 1777/1778/151
f 1780/1779/152 1782/1781/153 1781/1782/153 1779/1780/152
f 1782/1781/153 1784/1783/154 1783/1784/154 1781/1782/153
f 1784/1783/154 1786/1785/155 1785/1786/155 1783/1784/154
f 1786/1785/155 1788/1787/156 1787/1788/156 1785/1786/155
f 1788/1787/156 1790/1789/157 1789/1790/157 1787/1788/156
f 1790/1789/157 1792/1791/158 1791/1792/158 1789/1790/157
f 1792/1791/158 1794/1793/159 1793/1794/159 1791/1792/158
f 1794/1793/159 1796/1795/160 1795/1796/160 1793/1794/159
f 1796/1795/160 1798/1797/161 1797/1798/161 1795/1796/160
f 1798/1797/161 1800/1799/162 1799/1800/162 1797/1798/161
f 1800/1799/162 1802/1801/163 1801/1802/163 1799/1800/162
f 1802/1801/163 1804/1803/164 1803/1804/164 1801/1802/163
f 1804/1803/164 1806/1805/165 1805/1806/165 1803/1804/164
f 1806/1805/165 1808/1807/166 1807/1808/166 1805/1806/165
f 1808/1807/166 1810/1809/167 1809/1810/167 1807/1808/166
f 1810/1809/167 1812/1811/168 1811/1812/168 1809/1810/167
f 1812/1811/168 1814/1813/169 1813/1814/169 1811/1812/168
f 1814/1813/169 1816/1815/170 1815/1816/170 1813/1814/169
f 1816/1815/170 1818/1817/171 1817/1818/171 1815/1816/170
f 1818/1817/171 1820/1819/172 1819/1820/172 1817/1818/171
f 1820/1819/172 1822/1821/173 1821/1822/173 1819/1820/172
f 1822/1821/173 1824/1823/174 1823/1824/174 1821/1822/173
f 1824/1823/174 1826/1825/175 1825/1826/175 1823/1824/174
f 1826/1825/175 1828/1827/176 1827/1828/176 1825/1826/175
f 1828/1827/176 1830/1829/177 1829/1830/177 1827/1828/176
f 1830/1829/177 1832/1831/178 1831/1832/178 1829/1830/177
f 1832/1831/178 1834/1833/179 1833/1834/179 1831/1832/178
f 1834/1833/179 1836/1835/180 1835/1836/180 1833/1834/179
f 1836/1835/180 1838/1837/181 1837/1838/181 1835/1836/180
f 1838/1837/181 1840/1839/182 1839/1840/182 1837/1838/181
f 1840/1839/182 1842/1841/183 1841/1842/183 1839/1840/182
f 1842/1841/183 1844/1843/184 1843/1844/184 1841/1842/183
f 1844/1843/184 1846/1845/185 1845/1846/185 1843/1844/184
f 1846/1845/185 1848/1847/186 1847/1848/186 1845/1846/185
f 1848/1847/186 1850/1849/187 1849/1850/187 1847/1848/186
f 1850/1849/187 1852/1851/188 1851/1852/188 1849/1850/187
f 1852/1851/188 1854/1853/189 1853/1854/189 1851/1852/188
f 1854/1853/189 1856/1855/190 1855/1856/190 1853/1854/189
f 1856/1855/190 1858/1857/191 1857/1858/191 1855/1856/190
f 1858/1857/191 1860/1859/192 1859/1860/192 1857/1858/191
f 1860/1859/192 1862/1861/193 1861/1862/193 1859/1860/192
f 1862/1861/193 1864/1863/194 1863/1864/194 1861/1862/193
f 1864/1863/194 1866/1865/195 1865/1866/195 1863/1864/194
f 1866/1865/195 1868/1867/196 1867/1868/196 1865/1866/195
f 1868/1867/196 1870/1869/197 1869/1870/197 1867/1868/196
f 1870/1869/197 1872/1871/198 1871/1872/198 1869/1870/197
f 1872/1871/198 1874/1873/199 1873/1874/199 1871/1872/198
f 1874/1873/199 1876/1875/200 1875/1876/200 1873/1874/199
f 1876/1875/200 1878/1877/201 1877/1878/201 1875/1876/200
f 1878/1877/201 1880/1879/202 1879/1880/202 1877/1878/201
f 1880/1879/202 1882/1881/203 1881/1882/203 1879/1880/202
f 1882/1881/203 1884/1883/204 1883/1884/204 1881/1882/203
f 1884/1883/204 1886/1885/205 1885/1886/205 1883/1884/204
f 1886/1885/205 1888/1887/206 1887/1888/206 1885/1886/205
f 1888/1887/206 1890/1889/207 1889/1890/207 1887/1888/206
f 1890/1889/207 1892/1891/208 1891/1892/208 1889/1890/207
f 1892/1891/208 1894/1893/209 1893/1894/209 1891/1892/208
f 1894/1893/209 1896/1895/210 1895/1896/210 1893/1894/209
f 1896/1895/210 1898/1897/211 1897/1898/211 1895/1896/210
f 1898/1897/211 1900/1899/212 1899/1900/212 1897/1898/211
f 1900/1899/212 1902/1901/213 1901/1902/213 1899/1900/212
f 1902/1901/213 1904/1903/214 1903/1904/214 1901/1902/213
f 1904/1903/214 1906/1905/215 1905/1906/215 1903/1904/214
f 1906/1905/215 1908/1907/216 1907/1908/216 1905/1906/215
f 1908/1907/216 1910/1909/217 1909/1910/217 1907/1908/216
f 1910/1909/217 1912/1911/218 1911/1912/218 1909/1910/217
f 1912/1911/218 1914/1913/219 1913/1914/219 1911/1912/218
f 1914/1913/219 1916/1915/220 1915/1916/220 1913/1914/219
f 1916/1915/220 1918/1917/221 1917/1918/221 1915/1916/220
f 1918/1917/221 1920/1919/222 1919/1920/222 1917/1918/221
f 1920/1919/222 1922/1921/223 1921/1922/223 1919/1920/222
f 1922/1921/223 1924/1923/224 1923/1924/224 1921/1922/223
f 1924/1923/224 1926/1925/225 1925/1926/225 1923/1924/224
f 1926/1925/225 1928/1927/226 1927/1928/226 1925/1926/225
f 1928/1927/226 1930/1929/227 1929/1930/227 1927/1928/226
f 1930/1929/227 1932/1931/228 1931/1932/228 1929/1930/227
f 1932/1931/228 1934/1933/229 1933/1934/229 1931/1932/228
f 1934/1933/229 1936/1935/230 1935/1936/230 1933/1934/229
f 1936/1935/230 1938/1937/231 1937/1938/231 1935/1936/230
f 1938/1937/231 1940/1939/232 1939/1940/232 1937/1938/231
f 1940/1939/232 1942/1941/233 1941/1942/233 1939/1940/232
f 1942/1941/233 1944/1943/234 1943/1944/234 1941/1942/233
f 1944/1943/234 1946/1945/235 1945/1946/235 1943/1944/234
f 1946/1945/235 1948/1947/236 1947/1948/236 1945/1946/235
f 1948/1947/236 1950/1949/237 1949/1950/237 1947/1948/236
f 1950/1949/237 1952/1951/238 1951/1952/238 1949/1950/237
f 1952/1951/238 1954/1953/239 1953/1954/239 1951/1952/238
f 1954/1953/239 1956/1955/240 1955/1956/240 1953/1954/239
f 1956/1955/240 1684/1683/104 1683/1686/104 1955/1956/240
f 1958/1957/241 1960/1958/242 1959/1959/242 1957/1960/241
f 1960/1958/242 1962/1961/243 1961/1962/243 1959/1959/242
f 1962/1961/243 1964/1963/244 1963/1964/244 1961/1962/243
f 1964/1963/244 1966/1965/245 1965/1966/245 1963/1964/244
f 1966/1965/245 1968/1967/246 1967/1968/246 1965/1966/245
f 1968/1967/246 1970/1969/247 1969/1970/247 1967/1968/246
f 1970/1969/247 1972/1971/248 1971/1972/248 1969/1970/247
f 1972/1971/248 1974/1973/249 1973/1974/249 1971/1972/248
f 1974/1973/249 1976/1975/250 1975/1976/250 1973/1974/249
f 1976/1975/250 1978/1977/251 1977/1978/251 1975/1976/250
f 1978/1977/251 1980/1979/252 1979/1980/252 1977/1978/251
f 1980/1979/252 1982/1981/253 1981/1982/253 1979/1980/252
f 1982/1981/253 1984/1983/254 1983/1984/254 1981/1982/253
f 1984/1983/254 1986/1985/255 1985/1986/255 1983/1984/254
f 1986/1985/255 1988/1987/256 1987/1988/256 1985/1986/255
f 1988/1987/256 1990/1989/257 1989/1990/257 1987/1988/256
f 1990/1989/257 1992/1991/258 1991/1992/258 1989/1990/257
f 1992/1991/258 1994/1993/259 1993/1994/259 1991/1992/258
f 1994/1993/259 1996/1995/260 1995/1996/260 1993/1994/259
f 1996/1995/260 1998/1997/261 1997/1998/261 1995/1996/260
f 1998/1997/261 2000/1999/262 1999/2000/262 1997/1998/261
f 2000/1999/262 2002/2001/263 2001/2002/263 1999/2000/262
f 2002/2001/263 2004/2003/264 2003/2004/264 2001/2002/263
f 2004/2003/264 2006/2005/265 2005/2006/265 2003/2004/264
f 2006/2005/265 2008/2007/266 2007/2008/266 2005/2006/265
f 2008/2007/266 2010/2009/267 2009/2010/267 2007/2008/266
f 2010/2009/267 2012/2011/268 2011/2012/268 2009/2010/267
f 2012/2011/268 2014/2013/269 2013/2014/269 2011/2012/268
f 2014/2013/269 2016/2015/270 2015/2016/270 2013/2014/269
f 2016/2015/270 2018/2017/271 2017/2018/271 2015/2016/270
f 2018/2017/271 2020/2019/272 2019/2020/272 2017/2018/271
f 2020/2019/272 2022/2021/273 2021/2022/273 2019/2020/272
f 2022/2021/273 2024/2023/274 2023/2024/274 2021/2022/273
f 2024/2023/274 2026/2025/275 2025/2026/275 2023/2024/274
f 2026/2025/275 2028/2027/276 2027/2028/276 2025/2026/275
f 2028/2027/276 2030/2029/277 2029/2030/277 2027/2028/276
f 2030/2029/277 1958/1957/241 1957/1960/241 2029/2030/277
f 2032/2031/278 2034/2032/279 2033/2033/279 2031/2034/278
f 2034/2032/279 2036/2035/280 2035/2036/280 2033/2033/279
f 2036/2035/280 2038/2037/281 2037/2038/281 2035/2036/280
f 2038/2037/281 2040/2039/282 2039/2040/282 2037/2038/281
f 2040/2039/282 2042/2041/283 2041/2042/283 2039/2040/282
f 2042/2041/283 2044/2043/284 2043/2044/284 2041/2042/283
f 2044/2043/284 2046/2045/285 2045/2046/285 2043/2044/284
f 2046/2045/285 2048/2047/286 2047/2048/286 2045/2046/285
f 2048/2047/286 2050/2049/287 2049/2050/287 2047/2048/286
f 2050/2049/287 2052/2051/288 2051/2052/288 2049/2050/287
f 2052/2051/288 2054/2053/289 2053/2054/289 2051/2052/288
f 2054/2053/289 2056/2055/290 2055/2056/290 2053/2054/289
f 2056/2055/290 2058/2057/291 2057/2058/291 2055/2056/290
f 2058/2057/291 2060/2059/292 2059/2060/292 2057/2058/291
f 2060/2059/292 2062/2061/293 2061/2062/293 2059/2060/292
f 2062/2061/293 2064/2063/294 2063/2064/294 2061/2062/293
f 2064/2063/294 2066/2065/295 2065/2066/295 2063/2064/294
f 2066/2065/295 2068/2067/296 2067/2068/296 2065/2066/295
f 2068/2067/296 2070/2069/297 2069/2070/297 2067/2068/296
f 2070/2069/297 2072/2071/298 2071/2072/298 2069/2070/297
f 2072/2071/298 2074/2073/299 2073/2074/299 2071/2072/298
f 2074/2073/299 2076/2075/300 2075/2076/300 2073/2074/299
f 2076/2075/300 2078/2077/301 2077/2078/301 2075/2076/300
f 2078/2077/301 2080/2079/302 2079/2080/302 2077/2078/301
f 2080/2079/302 2082/2081/303 2081/2082/303 2079/2080/302
f 2082/2081/303 2084/2083/304 2083/2084/304 2081/2082/303
f 2084/2083/304 2086/2085/305 2085/2086/305 2083/2084/304
f 2086/2085/305 2088/2087/306 2087/2088/306 2085/2086/305
f 2088/2087/306 2090/2089/307 2089/2090/307 2087/2088/306
f 2090/2089/307 2092/2091/308 2091/2092/308 2089/2090/307
f 2092/2091/308 2094/2093/309 2093/2094/309 2091/2092/308
f 2094/2093/309 2096/2095/310 2095/2096/310 2093/2094/309
f 2096/2095/310 2098/2097/311 2097/2098/311 2095/2096/310
f 2098/2097/311 2100/2099/312 2099/2100/312 2097/2098/311
f 2100/2099/312 2102/2101/313 2101/2102/313 2099/2100/312
f 2102/2101/313 2104/2103/202 2103/2104/202 2101/2102/313
f 2104/2103/202 2106/2105/314 2105/2106/314 2103/2104/202
f 2106/2105/314 2108/2107/315 2107/2108/315 2105/2106/314
f 2108/2107/315 2110/2109/316 2109/2110/316 2107/2108/315
f 2110/2109/316 2112/2111/317 2111/2112/317 2109/2110/316
f 2112/2111/317 2114/2113/318 2113/2114/318 2111/2112/317
f 2114/2113/318 2116/2115/319 2115/2116/319 2113/2114/318
f 2116/2115/319 2118/2117/320 2117/2118/320 2115/2116/319
f 2118/2117/320 2120/2119/321 2119/2120/321 2117/2118/320
f 2120/2119/321 2122/2121/322 2121/2122/322 2119/2120/321
f 2122/2121/322 2124/2123/323 2123/2124/323 2121/2122/322
f 2124/2123/323 2126/2125/324 2125/2126/324 2123/2124/323
f 2126/2125/324 2128/2127/325 2127/2128/325 2125/2126/324
f 2128/2127/325 2130/2129/326 2129/2130/326 2127/2128/325
f 2130/2129/326 2132/2131/100 2131/2132/100 2129/2130/326
f 2132/2131/100 2134/2133/327 2133/2134/327 2131/2132/100
f 2134/2133/327 2136/2135/328 2135/2136/328 2133/2134/327
f 2136/2135/328 2138/2137/329 2137/2138/329 2135/2136/328
f 2138/2137/329 2140/2139/330 2139/2140/330 2137/2138/329
f 2140/2139/330 2142/2141/331 2141/2142/331 2139/2140/330
f 2142/2141/331 2144/2143/332 2143/2144/332 2141/2142/331
f 2144/2143/332 2146/2145/333 2145/2146/333 2143/2144/332
f 2146/2145/333 2148/2147/334 2147/2148/334 2145/2146/333
f 2148/2147/334 2150/2149/335 2149/2150/335 2147/2148/334
f 2150/2149/335 2152/2151/336 2151/2152/336 2149/2150/335
f 2152/2151/336 2154/2153/337 2153/2154/337 2151/2152/336
f 2154/2153/337 2156/2155/338 2155/2156/338 2153/2154/337
f 2156/2155/338 2158/2157/339 2157/2158/339 2155/2156/338
f 2158/2157/339 2160/2159/340 2159/2160/340 2157/2158/339
f 2160/2159/340 2162/2161/341 2161/2162/341 2159/2160/340
f 2162/2161/341 2164/2163/342 2163/2164/342 2161/2162/341
f 2164/2163/342 2166/2165/343 2165/2166/343 2163/2164/342
f 2166/2165/343 2168/2167/344 2167/2168/344 2165/2166/343
f 2168/2167/344 2170/2169/345 2169/2170/345 2167/2168/344
f 2170/2169/345 2172/2171/346 2171/2172/346 2169/2170/345
f 2172/2171/346 2174/2173/347 2173/2174/347 2171/2172/346
f 2174/2173/347 2176/2175/348 2175/2176/348 2173/2174/347
f 2176/2175/348 2178/2177/349 2177/2178/349 2175/2176/348
f 2178/2177/349 2180/2179/350 2179/2180/350 2177/2178/349
f 2180/2179/350 2182/2181/351 2181/2182/351 2179/2180/350
f 2182/2181/351 2184/2183/326 2183/2184/326 2181/2182/351
f 2184/2183/326 2186/2185/100 2185/2186/100 2183/2184/326
f 2186/2185/100 2188/2187/352 2187/2188/352 2185/2186/100
f 2188/2187/352 2190/2189/166 2189/2190/166 2187/2188/352
f 2190/2189/166 2192/2191/353 2191/2192/353 2189/2190/166
f 2192/2191/353 2194/2193/354 2193/2194/354 2191/2192/353
f 2194/2193/354 2196/2195/355 2195/2196/355 2193/2194/354
f 2196/2195/355 2198/2197/356 2197/2198/356 2195/2196/355
f 2198/2197/356 2200/2199/357 2199/2200/357 2197/2198/356
f 2200/2199/357 2202/2201/358 2201/2202/358 2199/2200/357
f 2202/2201/358 2204/2203/359 2203/2204/359 2201/2202/358
f 2204/2203/359 2206/2205/360 2205/2206/360 2203/2204/359
f 2206/2205/360 2208/2207/361 2207/2208/361 2205/2206/360
f 2208/2207/361 2210/2209/362 2209/2210/362 2207/2208/361
f 2210/2209/362 2212/2211/363 2211/2212/363 2209/2210/362
f 2212/2211/363 2214/2213/364 2213/2214/364 2211/2212/363
f 2214/2213/364 2216/2215/365 2215/2216/365 2213/2214/364
f 2216/2215/365 2218/2217/366 2217/2218/366 2215/2216/365
f 2218/2217/366 2220/2219/367 2219/2220/367 2217/2218/366
f 2220/2219/367 2222/2221/368 2221/2222/368 2219/2220/367
f 2222/2221/368 2224/2223/369 2223/2224/369 2221/2222/368
f 2224/2223/369 2226/2225/370 2225/2226/370 2223/2224/369
f 2226/2225/370 2228/2227/371 2227/2228/371 2225/2226/370
f 2228/2227/371 2230/2229/372 2229/2230/372 2227/2228/371
f 2230/2229/372 2232/2231/373 2231/2232/373 2229/2230/372
f 2232/2231/373 2234/2233/374 2233/2234/374 2231/2232/373
f 2234/2233/374 2236/2235/375 2235/2236/375 2233/2234/374
f 2236/2235/375 2238/2237/326 2237/2238/326 2235/2236/375
f 2238/2237/326 2240/2239/100 2239/2240/100 2237/2238/326
f 2240/2239/100 2242/2241/101 2241/2242/101 2239/2240/100
f 2242/2241/101 2244/2243/102 2243/2244/102 2241/2242/101
f 2244/2243/102 2032/2031/278 2031/2034/278 2243/2244/102
f 2246/2245/376 2248/2246/377 2247/2247/377 2245/2248/376
f 2248/2246/377 2250/2249/378 2249/2250/378 2247/2247/377
f 2250/2249/378 2252/2251/379 2251/2252/379 2249/2250/378
f 2252/2251/379 2254/2253/380 2253/2254/380 2251/2252/379
f 2254/2253/380 2256/2255/381 2255/2256/381 2253/2254/380
f 2256/2255/381 2258/2257/382 2257/2258/382 2255/2256/381
f 2258/2257/382 2260/2259/383 2259/2260/383 2257/2258/382
f 2260/2259/383 2262/2261/384 2261/2262/384 2259/2260/383
f 2262/2261/384 2264/2263/385 2263/2264/385 2261/2262/384
f 2264/2263/385 2266/2265/386 2265/2266/386 2263/2264/385
f 2266/2265/386 2268/2267/387 2267/2268/387 2265/2266/386
f 2268/2267/387 2270/2269/388 2269/2270/388 2267/2268/387
f 2270/2269/388 2272/2271/389 2271/2272/389 2269/2270/388
f 2272/2271/389 2274/2273/390 2273/2274/390 2271/2272/389
f 2274/2273/390 2276/2275/391 2275/2276/391 2273/2274/390
f 2276/2275/391 2278/2277/392 2277/2278/392 2275/2276/391
f 2278/2277/392 2280/2279/393 2279/2280/393 2277/2278/392
f 2280/2279/393 2282/2281/394 2281/2282/394 2279/2280/393
f 2282/2281/394 2284/2283/395 2283/2284/395 2281/2282/394
f 2284/2283/395 2286/2285/396 2285/2286/396 2283/2284/395
f 2286/2285/396 2288/2287/397 2287/2288/397 2285/2286/396
f 2288/2287/397 2290/2289/398 2289/2290/398 2287/2288/397
f 2290/2289/398 2292/2291/399 2291/2292/399 2289/2290/398
f 2292/2291/399 2294/2293/400 2293/2294/400 2291/2292/399
f 2294/2293/400 2296/2295/401 2295/2296/401 2293/2294/400
f 2296/2295/401 2298/2297/402 2297/2298/402 2295/2296/401
f 2298/2297/402 2300/2299/403 2299/2300/403 2297/2298/402
f 2300/2299/403 2302/2301/404 2301/2302/404 2299/2300/403
f 2302/2301/404 2304/2303/405 2303/2304/405 2301/2302/404
f 2304/2303/405 2306/2305/406 2305/2306/406 2303/2304/405
f 2306/2305/406 2308/2307/283 2307/2308/283 2305/2306/406
f 2308/2307/283 2310/2309/407 2309/2310/407 2307/2308/283
f 2310/2309/407 2312/2311/408 2311/2312/408 2309/2310/407
f 2312/2311/408 2314/2313/409 2313/2314/409 2311/2312/408
f 2314/2313/409 2316/2315/410 2315/2316/410 2313/2314/409
f 2316/2315/410 2318/2317/411 2317/2318/411 2315/2316/410
f 2318/2317/411 2320/2319/412 2319/2320/412 2317/2318/411
f 2320/2319/412 2322/2321/413 2321/2322/413 2319/2320/412
f 2322/2321/413 2324/2323/414 2323/2324/414 2321/2322/413
f 2324/2323/414 2326/2325/415 2325/2326/415 2323/2324/414
f 2326/2325/415 2328/2327/416 2327/2328/416 2325/2326/415
f 2328/2327/416 2330/2329/417 2329/2330/417 2327/2328/416
f 2330/2329/417 2332/2331/418 2331/2332/418 2329/2330/417
f 2332/2331/418 2334/2333/419 2333/2334/419 2331/2332/418
f 2334/2333/419 2336/2335/420 2335/2336/420 2333/2334/419
f 2336/2335/420 2338/2337/421 2337/2338/421 2335/2336/420
f 2338/2337/421 2340/2339/422 2339/2340/422 2337/2338/421
f 2340/2339/422 2342/2341/423 2341/2342/423 2339/2340/422
f 2342/2341/423 2344/2343/424 2343/2344/424 2341/2342/423
f 2344/2343/424 2346/2345/425 2345/2346/425 2343/2344/424
f 2346/2345/425 2348/2347/426 2347/2348/426 2345/2346/425
f 2348/2347/426 2350/2349/427 2349/2350/427 2347/2348/426
f 2350/2349/427 2352/2351/428 2351/2352/428 2349/2350/427
f 2352/2351/428 2354/2353/429 2353/2354/429 2351/2352/428
f 2354/2353/429 2356/2355/430 2355/2356/430 2353/2354/429
f 2356/2355/430 2358/2357/431 2357/2358/431 2355/2356/430
f 2358/2357/431 2360/2359/432 2359/2360/432 2357/2358/431
f 2360/2359/432 2362/2361/433 2361/2362/433 2359/2360/432
f 2362/2361/433 2364/2363/434 2363/2364/434 2361/2362/433
f 2364/2363/434 2366/2365/435 2365/2366/435 2363/2364/434
f 2366/2365/435 2368/2367/436 2367/2368/436 2365/2366/435
f 2368/2367/436 2370/2369/437 2369/2370/437 2367/2368/436
f 2370/2369/437 2372/2371/438 2371/2372/438 2369/2370/437
f 2372/2371/438 2374/2373/439 2373/2374/439 2371/2372/438
f 2374/2373/439 2376/2375/440 2375/2376/440 2373/2374/439
f 2376/2375/440 2378/2377/441 2377/2378/441 2375/2376/440
f 2378/2377/441 2380/2379/442 2379/2380/442 2377/2378/441
f 2380/2379/442 2382/2381/443 2381/2382/443 2379/2380/442
f 2382/2381/443 2384/2383/444 2383/2384/444 2381/2382/443
f 2384/2383/444 2386/2385/445 2385/2386/445 2383/2384/444
f 2386/2385/445 2388/2387/446 2387/2388/446 2385/2386/445
f 2388/2387/446 2390/2389/447 2389/2390/447 2387/2388/446
f 2390/2389/447 2392/2391/448 2391/2392/448 2389/2390/447
f 2392/2391/448 2246/2245/376 2245/2248/376 2391/2392/448
f 2394/2393/449 2396/2394/450 2395/2395/450 2393/2396/449
f 2396/2394/450 2398/2397/451 2397/2398/451 2395/2395/450
f 2398/2397/451 2400/2399/452 2399/2400/452 2397/2398/451
f 2400/2399/452 2402/2401/453 2401/2402/453 2399/2400/452
f 2402/2401/453 2404/2403/454 2403/2404/454 2401/2402/453
f 2404/2403/454 2406/2405/455 2405/2406/455 2403/2404/454
f 2406/2405/455 2408/2407/456 2407/2408/456 2405/2406/455
f 2408/2407/456 2410/2409/457 2409/2410/457 2407/2408/456
f 2410/2409/457 2412/2411/458 2411/2412/458 2409/2410/457
f 2412/2411/458 2414/2413/459 2413/2414/459 2411/2412/458
f 2414/2413/459 2416/2415/460 2415/2416/460 2413/2414/459
f 2416/2415/460 2418/2417/461 2417/2418/461 2415/2416/460
f 2418/2417/461 2420/2419/462 2419/2420/462 2417/2418/461
f 2420/2419/462 2422/2421/463 2421/2422/463 2419/2420/462
f 2422/2421/463 2424/2423/464 2423/2424/464 2421/2422/463
f 2424/2423/464 2426/2425/465 2425/2426/465 2423/2424/464
f 2426/2425/465 2428/2427/466 2427/2428/466 2425/2426/465
f 2428/2427/466 2430/2429/467 2429/2430/467 2427/2428/466
f 2430/2429/467 2432/2431/468 2431/2432/468 2429/2430/467
f 2432/2431/468 2434/2433/469 2433/2434/469 2431/2432/468
f 2434/2433/469 2436/2435/470 2435/2436/470 2433/2434/469
f 2436/2435/470 2438/2437/471 2437/2438/471 2435/2436/470
f 2438/2437/471 2440/2439/472 2439/2440/472 2437/2438/471
f 2440/2439/472 2442/2441/473 2441/2442/473 2439/2440/472
f 2442/2441/473 2394/2393/449 2393/2396/449 2441/2442/473
f 2444/2443/474 2446/2444/475 2445/2445/475 2443/2446/474
f 2446/2444/475 2448/2447/476 2447/2448/476 2445/2445/475
f 2448/2447/476 2450/2449/477 2449/2450/477 2447/2448/476
f 2450/2449/477 2452/2451/478 2451/2452/478 2449/2450/477
f 2452/2451/478 2454/2453/479 2453/2454/479 2451/2452/478
f 2454/2453/479 2456/2455/480 2455/2456/480 2453/2454/479
f 2456/2455/480 2458/2457/481 2457/2458/481 2455/2456/480
f 2458/2457/481 2460/2459/482 2459/2460/482 2457/2458/481
f 2460/2459/482 2462/2461/483 2461/2462/483 2459/2460/482
f 2462/2461/483 2464/2463/484 2463/2464/484 2461/2462/483
f 2464/2463/484 2466/2465/485 2465/2466/485 2463/2464/484
f 2466/2465/485 2468/2467/486 2467/2468/486 2465/2466/485
f 2468/2467/486 2470/2469/487 2469/2470/487 2467/2468/486
f 2470/2469/487 2472/2471/488 2471/2472/488 2469/2470/487
f 2472/2471/488 2474/2473/489 2473/2474/489 2471/2472/488
f 2474/2473/489 2476/2475/490 2475/2476/490 2473/2474/489
f 2476/2475/490 2478/2477/491 2477/2478/491 2475/2476/490
f 2478/2477/491 2480/2479/492 2479/2480/492 2477/2478/491
f 2480/2479/492 2482/2481/493 2481/2482/493 2479/2480/492
f 2482/2481/493 2484/2483/494 2483/2484/494 2481/2482/493
f 2484/2483/494 2486/2485/495 2485/2486/495 2483/2484/494
f 2486/2485/495 2488/2487/496 2487/2488/496 2485/2486/495
f 2488/2487/496 2490/2489/497 2489/2490/497 2487/2488/496
f 2490/2489/497 2492/2491/498 2491/2492/498 2489/2490/497
f 2492/2491/498 2494/2493/499 2493/2494/499 2491/2492/498
f 2494/2493/499 2496/2495/500 2495/2496/500 2493/2494/499
f 2496/2495/500 2498/2497/501 2497/2498/501 2495/2496/500
f 2498/2497/501 2500/2499/502 2499/2500/502 2497/2498/501
f 2500/2499/502 2502/2501/503 2501/2502/503 2499/2500/502
f 2502/2501/503 2504/2503/504 2503/2504/504 2501/2502/503
f 2504/2503/504 2506/2505/505 2505/2506/505 2503/2504/504
f 2506/2505/505 2508/2507/506 2507/2508/506 2505/2506/505
f 2508/2507/506 2510/2509/507 2509/2510/507 2507/2508/506
f 2510/2509/507 2512/2511/508 2511/2512/508 2509/2510/507
f 2512/2511/508 2514/2513/509 2513/2514/509 2511/2512/508
f 2514/2513/509 2516/2515/510 2515/2516/510 2513/2514/509
f 2516/2515/510 2518/2517/511 2517/2518/511 2515/2516/510
f 2518/2517/511 2520/2519/512 2519/2520/512 2517/2518/511
f 2520/2519/512 2522/2521/513 2521/2522/513 2519/2520/512
f 2522/2521/513 2524/2523/514 2523/2524/514 2521/2522/513
f 2524/2523/514 2526/2525/515 2525/2526/515 2523/2524/514
f 2526/2525/515 2528/2527/516 2527/2528/516 2525/2526/515
f 2528/2527/516 2530/2529/517 2529/2530/517 2527/2528/516
f 2530/2529/517 2532/2531/518 2531/2532/518 2529/2530/517
f 2532/2531/518 2534/2533/519 2533/2534/519 2531/2532/518
f 2534/2533/519 2536/2535/520 2535/2536/520 2533/2534/519
f 2536/2535/520 2538/2537/521 2537/2538/521 2535/2536/520
f 2538/2537/521 2444/2443/474 2443/2446/474 2537/2538/521
f 2540/2539/522 2542/2540/523 2541/2541/523 2539/2542/522
f 2542/2540/523 2544/2543/35 2543/2544/35 2541/2541/523
f 2544/2543/35 2546/2545/524 2545/2546/524 2543/2544/35
f 2546/2545/524 2548/2547/525 2547/2548/525 2545/2546/524
f 2548/2547/525 2550/2549/526 2549/2550/526 2547/2548/525
f 2550/2549/526 2552/2551/527 2551/2552/527 2549/2550/526
f 2552/2551/527 2554/2553/528 2553/2554/528 2551/2552/527
f 2554/2553/528 2556/2555/529 2555/2556/529 2553/2554/528
f 2556/2555/529 2558/2557/530 2557/2558/530 2555/2556/529
f 2558/2557/530 2560/2559/531 2559/2560/531 2557/2558/530
f 2560/2559/531 2562/2561/532 2561/2562/532 2559/2560/531
f 2562/2561/532 2564/2563/533 2563/2564/533 2561/2562/532
f 2564/2563/533 2566/2565/534 2565/2566/534 2563/2564/533
f 2566/2565/534 2568/2567/535 2567/2568/535 2565/2566/534
f 2568/2567/535 2570/2569/536 2569/2570/536 2567/2568/535
f 2570/2569/536 2572/2571/537 2571/2572/537 2569/2570/536
f 2572/2571/537 2574/2573/538 2573/2574/538 2571/2572/537
f 2574/2573/538 2576/2575/539 2575/2576/539 2573/2574/538
f 2576/2575/539 2578/2577/540 2577/2578/540 2575/2576/539
f 2578/2577/540 2580/2579/541 2579/2580/541 2577/2578/540
f 2580/2579/541 2582/2581/542 2581/2582/542 2579/2580/541
f 2582/2581/542 2584/2583/543 2583/2584/543 2581/2582/542
f 2584/2583/543 2586/2585/544 2585/2586/544 2583/2584/543
f 2586/2585/544 2588/2587/545 2587/2588/545 2585/2586/544
f 2588/2587/545 2590/2589/546 2589/2590/546 2587/2588/545
f 2590/2589/546 2592/2591/547 2591/2592/547 2589/2590/546
f 2592/2591/547 2594/2593/548 2593/2594/548 2591/2592/547
f 2594/2593/548 2596/2595/549 2595/2596/549 2593/2594/548
f 2596/2595/549 2598/2597/550 2597/2598/550 2595/2596/549
f 2598/2597/550 2600/2599/551 2599/2600/551 2597/2598/550
f 2600/2599/551 2602/2601/552 2601/2602/552 2599/2600/551
f 2602/2601/552 2604/2603/553 2603/2604/553 2601/2602/552
f 2604/2603/553 2606/2605/554 2605/2606/554 2603/2604/553
f 2606/2605/554 2608/2607/555 2607/2608/555 2605/2606/554
f 2608/2607/555 2610/2609/556 2609/2610/556 2607/2608/555
f 2610/2609/556 2612/2611/557 2611/2612/557 2609/2610/556
f 2612/2611/557 2614/2613/558 2613/2614/558 2611/2612/557
f 2614/2613/558 2616/2615/559 2615/2616/559 2613/2614/558
f 2616/2615/559 2618/2617/560 2617/2618/560 2615/2616/559
f 2618/2617/560 2620/2619/561 2619/2620/561 2617/2618/560
f 2620/2619/561 2622/2621/562 2621/2622/562 2619/2620/561
f 2622/2621/562 2624/2623/563 2623/2624/563 2621/2622/562
f 2624/2623/563 2626/2625/564 2625/2626/564 2623/2624/563
f 2626/2625/564 2628/2627/565 2627/2628/565 2625/2626/564
f 2628/2627/565 2630/2629/566 2629/2630/566 2627/2628/565
f 2630/2629/566 2632/2631/567 2631/2632/567 2629/2630/566
f 2632/2631/567 2634/2633/568 2633/2634/568 2631/2632/567
f 2634/2633/568 2540/2539/522 2539/2542/522 2633/2634/568
f 2636/2635/569 2638/2636/570 2637/2637/570 2635/2638/569
f 2638/2636/570 2640/2639/571 2639/2640/571 2637/2637/570
f 2640/2639/571 2642/2641/572 2641/2642/572 2639/2640/571
f 2642/2641/572 2644/2643/573 2643/2644/573 2641/2642/572
f 2644/2643/573 2646/2645/574 2645/2646/574 2643/2644/573
f 2646/2645/574 2648/2647/575 2647/2648/575 2645/2646/574
f 2648/2647/575 2636/2635/569 2635/2638/569 2647/2648/575
f 2650/2649/376 2652/2650/377 2651/2651/377 2649/2652/376
f 2652/2650/377 2654/2653/378 2653/2654/378 2651/2651/377
f 2654/2653/378 2656/2655/379 2655/2656/379 2653/2654/378
f 2656/2655/379 2658/2657/380 2657/2658/380 2655/2656/379
f 2658/2657/380 2660/2659/381 2659/2660/381 2657/2658/380
f 2660/2659/381 2662/2661/382 2661/2662/382 2659/2660/381
f 2662/2661/382 2664/2663/383 2663/2664/383 2661/2662/382
f 2664/2663/383 2666/2665/384 2665/2666/384 2663/2664/383
f 2666/2665/384 2668/2667/385 2667/2668/385 2665/2666/384
f 2668/2667/385 2670/2669/386 2669/2670/386 2667/2668/385
f 2670/2669/386 2672/2671/387 2671/2672/387 2669/2670/386
f 2672/2671/387 2674/2673/388 2673/2674/388 2671/2672/387
f 2674/2673/388 2676/2675/389 2675/2676/389 2673/2674/388
f 2676/2675/389 2678/2677/390 2677/2678/390 2675/2676/389
f 2678/2677/390 2680/2679/391 2679/2680/391 2677/2678/390
f 2680/2679/391 2682/2681/392 2681/2682/392 2679/2680/391
f 2682/2681/392 2684/2683/393 2683/2684/393 2681/2682/392
f 2684/2683/393 2686/2685/394 2685/2686/394 2683/2684/393
f 2686/2685/394 2688/2687/395 2687/2688/395 2685/2686/394
f 2688/2687/395 2690/2689/396 2689/2690/396 2687/2688/395
f 2690/2689/396 2692/2691/397 2691/2692/397 2689/2690/396
f 2692/2691/397 2694/2693/398 2693/2694/398 2691/2692/397
f 2694/2693/398 2696/2695/399 2695/2696/399 2693/2694/398
f 2696/2695/399 2698/2697/400 2697/2698/400 2695/2696/399
f 2698/2697/400 2700/2699/401 2699/2700/401 2697/2698/400
f 2700/2699/401 2702/2701/402 2701/2702/402 2699/2700/401
f 2702/2701/402 2704/2703/403 2703/2704/403 2701/2702/402
f 2704/2703/403 2706/2705/404 2705/2706/404 2703/2704/403
f 2706/2705/404 2708/2707/405 2707/2708/405 2705/2706/404
f 2708/2707/405 2710/2709/406 2709/2710/406 2707/2708/405
f 2710/2709/406 2712/2711/283 2711/2712/283 2709/2710/406
f 2712/2711/283 2714/2713/407 2713/2714/407 2711/2712/283
f 2714/2713/407 2716/2715/408 2715/2716/408 2713/2714/407
f 2716/2715/408 2718/2717/409 2717/2718/409 2715/2716/408
f 2718/2717/409 2720/2719/410 2719/2720/410 2717/2718/409
f 2720/2719/410 2722/2721/411 2721/2722/411 2719/2720/410
f 2722/2721/411 2724/2723/412 2723/2724/412 2721/2722/411
f 2724/2723/412 2726/2725/413 2725/2726/413 2723/2724/412
f 2726/2725/413 2728/2727/414 2727/2728/414 2725/2726/413
f 2728/2727/414 2730/2729/415 2729/2730/415 2727/2728/414
f 2730/2729/415 2732/2731/416 2731/2732/416 2729/2730/415
f 2732/2731/416 2734/2733/417 2733/2734/417 2731/2732/416
f 2734/2733/417 2736/2735/418 2735/2736/418 2733/2734/417
f 2736/2735/418 2738/2737/576 2737/2738/576 2735/2736/418
f 2738/2737/576 2740/2739/420 2739/2740/420 2737/2738/576
f 2740/2739/420 2742/2741/421 2741/2742/421 2739/2740/420
f 2742/2741/421 2744/2743/422 2743/2744/422 2741/2742/421
f 2744/2743/422 2746/2745/423 2745/2746/423 2743/2744/422
f 2746/2745/423 2748/2747/424 2747/2748/424 2745/2746/423
f 2748/2747/424 2750/2749/425 2749/2750/425 2747/2748/424
f 2750/2749/425 2752/2751/426 2751/2752/426 2749/2750/425
f 2752/2751/426 2754/2753/427 2753/2754/427 2751/2752/426
f 2754/2753/427 2756/2755/428 2755/2756/428 2753/2754/427
f 2756/2755/428 2758/2757/429 2757/2758/429 2755/2756/428
f 2758/2757/429 2760/2759/430 2759/2760/430 2757/2758/429
f 2760/2759/430 2762/2761/431 2761/2762/431 2759/2760/430
f 2762/2761/431 2764/2763/432 2763/2764/432 2761/2762/431
f 2764/2763/432 2766/2765/433 2765/2766/433 2763/2764/432
f 2766/2765/433 2768/2767/434 2767/2768/434 2765/2766/433
f 2768/2767/434 2770/2769/435 2769/2770/435 2767/2768/434
f 2770/2769/435 2772/2771/436 2771/2772/436 2769/2770/435
f 2772/2771/436 2774/2773/437 2773/2774/437 2771/2772/436
f 2774/2773/437 2776/2775/438 2775/2776/438 2773/2774/437
f 2776/2775/438 2778/2777/439 2777/2778/439 2775/2776/438
f 2778/2777/439 2780/2779/440 2779/2780/440 2777/2778/439
f 2780/2779/440 2782/2781/441 2781/2782/441 2779/2780/440
f 2782/2781/441 2784/2783/442 2783/2784/442 2781/2782/441
f 2784/2783/442 2786/2785/443 2785/2786/443 2783/2784/442
f 2786/2785/443 2788/2787/444 2787/2788/444 2785/2786/443
f 2788/2787/444 2790/2789/445 2789/2790/445 2787/2788/444
f 2790/2789/445 2792/2791/446 2791/2792/446 2789/2790/445
f 2792/2791/446 2794/2793/447 2793/2794/447 2791/2792/446
f 2794/2793/447 2796/2795/448 2795/2796/448 2793/2794/447
f 2796/2795/448 2650/2649/376 2649/2652/376 2795/2796/448
f 2798/2797/577 2800/2798/578 2799/2799/578 2797/2800/577
f 2800/2798/578 2802/2801/451 2801/2802/451 2799/2799/578
f 2802/2801/451 2804/2803/452 2803/2804/452 2801/2802/451
f 2804/2803/452 2806/2805/453 2805/2806/453 2803/2804/452
f 2806/2805/453 2808/2807/454 2807/2808/454 2805/2806/453
f 2808/2807/454 2810/2809/455 2809/2810/455 2807/2808/454
f 2810/2809/455 2812/2811/579 2811/2812/579 2809/2810/455
f 2812/2811/579 2814/2813/457 2813/2814/457 2811/2812/579
f 2814/2813/457 2816/2815/458 2815/2816/458 2813/2814/457
f 2816/2815/458 2818/2817/459 2817/2818/459 2815/2816/458
f 2818/2817/459 2820/2819/460 2819/2820/460 2817/2818/459
f 2820/2819/460 2822/2821/461 2821/2822/461 2819/2820/460
f 2822/2821/461 2824/2823/462 2823/2824/462 2821/2822/461
f 2824/2823/462 2826/2825/463 2825/2826/463 2823/2824/462
f 2826/2825/463 2828/2827/464 2827/2828/464 2825/2826/463
f 2828/2827/464 2830/2829/465 2829/2830/465 2827/2828/464
f 2830/2829/465 2832/2831/466 2831/2832/466 2829/2830/465
f 2832/2831/466 2834/2833/467 2833/2834/467 2831/2832/466
f 2834/2833/467 2836/2835/468 2835/2836/468 2833/2834/467
f 2836/2835/468 2838/2837/469 2837/2838/469 2835/2836/468
f 2838/2837/469 2840/2839/470 2839/2840/470 2837/2838/469
f 2840/2839/470 2842/2841/471 2841/2842/471 2839/2840/470
f 2842/2841/471 2844/2843/472 2843/2844/472 2841/2842/471
f 2844/2843/472 2846/2845/580 2845/2846/580 2843/2844/472
f 2846/2845/580 2798/2797/577 2797/2800/577 2845/2846/580
f 2848/2847/102 2850/2848/581 2849/2849/581 2847/2850/102
f 2850/2848/581 2852/2851/582 2851/2852/582 2849/2849/581
f 2852/2851/582 2854/2853/583 2853/2854/583 2851/2852/582
f 2854/2853/583 2856/2855/584 2855/2856/584 2853/2854/583
f 2856/2855/584 2858/2857/585 2857/2858/585 2855/2856/584
f 2858/2857/585 2860/2859/586 2859/2860/586 2857/2858/585
f 2860/2859/586 2862/2861/587 2861/2862/587 2859/2860/586
f 2862/2861/587 2864/2863/588 2863/2864/588 2861/2862/587
f 2864/2863/588 2866/2865/589 2865/2866/589 2863/2864/588
f 2866/2865/589 2868/2867/590 2867/2868/590 2865/2866/589
f 2868/2867/590 2870/2869/591 2869/2870/591 2867/2868/590
f 2870/2869/591 2872/2871/592 2871/2872/592 2869/2870/591
f 2872/2871/592 2874/2873/593 2873/2874/593 2871/2872/592
f 2874/2873/593 2876/2875/594 2875/2876/594 2873/2874/593
f 2876/2875/594 2878/2877/595 2877/2878/595 2875/2876/594
f 2878/2877/595 2880/2879/596 2879/2880/596 2877/2878/595
f 2880/2879/596 2882/2881/597 2881/2882/597 2879/2880/596
f 2882/2881/597 2884/2883/598 2883/2884/598 2881/2882/597
f 2884/2883/598 2886/2885/599 2885/2886/599 2883/2884/598
f 2886/2885/599 2888/2887/600 2887/2888/600 2885/2886/599
f 2888/2887/600 2890/2889/601 2889/2890/601 2887/2888/600
f 2890/2889/601 2892/2891/602 2891/2892/602 2889/2890/601
f 2892/2891/602 2894/2893/603 2893/2894/603 2891/2892/602
f 2894/2893/603 2896/2895/604 2895/2896/604 2893/2894/603
f 2896/2895/604 2898/2897/605 2897/2898/605 2895/2896/604
f 2898/2897/605 2900/2899/606 2899/2900/606 2897/2898/605
f 2900/2899/606 2902/2901/607 2901/2902/607 2899/2900/606
f 2902/2901/607 2904/2903/608 2903/2904/608 2901/2902/607
f 2904/2903/608 2906/2905/609 2905/2906/609 2903/2904/608
f 2906/2905/609 2908/2907/610 2907/2908/610 2905/2906/609
f 2908/2907/610 2910/2909/611 2909/2910/611 2907/2908/610
f 2910/2909/611 2912/2911/612 2911/2912/612 2909/2910/611
f 2912/2911/612 2914/2913/613 2913/2914/613 2911/2912/612
f 2914/2913/613 2916/2915/614 2915/2916/614 2913/2914/613
f 2916/2915/614 2918/2917/615 2917/2918/615 2915/2916/614
f 2918/2917/615 2920/2919/616 2919/2920/616 2917/2918/615
f 2920/2919/616 2922/2921/617 2921/2922/617 2919/2920/616
f 2922/2921/617 2924/2923/618 2923/2924/618 2921/2922/617
f 2924/2923/618 2926/2925/619 2925/2926/619 2923/2924/618
f 2926/2925/619 2928/2927/620 2927/2928/620 2925/2926/619
f 2928/2927/620 2930/2929/621 2929/2930/621 2927/2928/620
f 2930/2929/621 2932/2931/622 2931/2932/622 2929/2930/621
f 2932/2931/622 2934/2933/623 2933/2934/623 2931/2932/622
f 2934/2933/623 2936/2935/624 2935/2936/624 2933/2934/623
f 2936/2935/624 2938/2937/625 2937/2938/625 2935/2936/624
f 2938/2937/625 2940/2939/626 2939/2940/626 2937/2938/625
f 2940/2939/626 2942/2941/627 2941/2942/627 2939/2940/626
f 2942/2941/627 2944/2943/628 2943/2944/628 2941/2942/627
f 2944/2943/628 2946/2945/629 2945/2946/629 2943/2944/628
f 2946/2945/629 2948/2947/630 2947/2948/630 2945/2946/629
f 2948/2947/630 2950/2949/326 2949/2950/326 2947/2948/630
f 2950/2949/326 2952/2951/100 2951/2952/100 2949/2950/326
f 2952/2951/100 2954/2953/101 2953/2954/101 2951/2952/100
f 2954/2953/101 2956/2955/102 2955/2956/102 2953/2954/101
f 2956/2955/102 2848/2847/102 2847/2850/102 2955/2956/102
