# Blender 4.4.0
# www.blender.org
mtllib Back_UI.mtl
o 立方体.001
v 17.923147 13.515634 0.499999
v 17.923147 19.816368 0.499999
v 17.923147 13.515634 -0.500001
v 17.923147 19.816368 -0.500001
v 33.615055 13.515634 0.499999
v 33.615055 19.816368 0.499999
v 33.615055 13.515634 -0.500001
v 33.615055 19.816368 -0.500001
v 21.476738 15.580544 -1.000001
v 21.529356 15.571948 -1.000001
v 21.579023 15.558108 -1.000001
v 21.625305 15.539425 -1.000001
v 21.667768 15.516296 -1.000001
v 21.705976 15.489123 -1.000001
v 21.739498 15.458305 -1.000001
v 21.767899 15.424239 -1.000001
v 21.790743 15.387327 -1.000001
v 21.807598 15.347966 -1.000001
v 21.818027 15.306557 -1.000001
v 21.821602 15.263499 -1.000001
v 21.815966 15.205408 -1.000001
v 21.799427 15.151277 -1.000001
v 21.772539 15.101312 -1.000001
v 21.735861 15.055721 -1.000001
v 21.689947 15.014714 -1.000001
v 21.635353 14.978498 -1.000001
v 21.572632 14.947284 -1.000001
v 21.502342 14.921276 -1.000001
v 21.425039 14.900686 -1.000001
v 21.341278 14.885721 -1.000001
v 21.251614 14.876589 -1.000001
v 21.156601 14.873499 -1.000001
v 21.120560 14.873707 -1.000001
v 21.084934 14.874332 -1.000001
v 21.049726 14.875374 -1.000001
v 21.014935 14.876832 -1.000001
v 20.980560 14.878707 -1.000001
v 20.946602 14.880999 -1.000001
v 20.913059 14.883707 -1.000001
v 20.879936 14.886832 -1.000001
v 20.847227 14.890374 -1.000000
v 20.814936 14.894332 -1.000000
v 20.783060 14.898707 -1.000000
v 20.751602 14.903499 -1.000000
v 20.765930 14.999856 -1.000000
v 20.788731 15.091022 -1.000001
v 20.819727 15.176390 -1.000001
v 20.858639 15.255350 -1.000001
v 20.905190 15.327298 -1.000001
v 20.959101 15.391623 -1.000001
v 21.020096 15.447721 -1.000001
v 21.087898 15.494980 -1.000001
v 21.162228 15.532796 -1.000001
v 21.242805 15.560559 -1.000001
v 21.329357 15.577662 -1.000001
v 21.421602 15.583499 -1.000001
v 22.023300 18.404301 -1.000001
v 21.907690 18.406578 -1.000001
v 21.766212 18.410139 -1.000001
v 21.605305 18.414795 -1.000001
v 21.431414 18.420353 -1.000001
v 21.250977 18.426624 -1.000001
v 21.070435 18.433414 -1.000001
v 20.896231 18.440536 -1.000001
v 20.734804 18.447796 -1.000001
v 20.592598 18.455004 -1.000001
v 20.476049 18.461969 -1.000001
v 20.391602 18.468498 -1.000001
v 20.355734 18.471100 -1.000001
v 20.322990 18.473892 -1.000001
v 20.293163 18.476858 -1.000001
v 20.266047 18.479980 -1.000001
v 20.241428 18.483242 -1.000001
v 20.219101 18.486624 -1.000001
v 20.198858 18.490110 -1.000001
v 20.180490 18.493685 -1.000001
v 20.163788 18.497328 -1.000001
v 20.148546 18.501022 -1.000001
v 20.134554 18.504751 -1.000001
v 20.121601 18.508499 -1.000001
v 19.891602 18.218498 -1.000001
v 19.914299 18.202244 -1.000001
v 19.937342 18.185953 -1.000001
v 19.960665 18.169592 -1.000001
v 19.984194 18.153130 -1.000001
v 20.007862 18.136526 -1.000001
v 20.031601 18.119749 -1.000001
v 20.055340 18.102764 -1.000001
v 20.079010 18.085537 -1.000001
v 20.102539 18.068029 -1.000001
v 20.125860 18.050213 -1.000001
v 20.148905 18.032047 -1.000001
v 20.171600 18.013498 -1.000001
v 20.242643 17.958248 -1.000001
v 20.329102 17.888985 -1.000001
v 20.428476 17.807953 -1.000001
v 20.538269 17.717388 -1.000001
v 20.655977 17.619532 -1.000001
v 20.779102 17.516624 -1.000001
v 20.905144 17.410904 -1.000001
v 21.031601 17.304609 -1.000001
v 21.155975 17.199984 -1.000001
v 21.275768 17.099262 -1.000001
v 21.388477 17.004688 -1.000001
v 21.491602 16.918499 -1.000001
v 21.433907 16.937370 -1.000001
v 21.375885 16.954054 -1.000001
v 21.317617 16.968655 -1.000001
v 21.259193 16.981277 -1.000001
v 21.200703 16.992023 -1.000001
v 21.142227 17.000999 -1.000001
v 21.083855 17.008308 -1.000001
v 21.025677 17.014055 -1.000001
v 20.967773 17.018343 -1.000001
v 20.910236 17.021276 -1.000001
v 20.853149 17.022961 -1.000001
v 20.796602 17.023499 -1.000001
v 20.594204 17.013269 -1.000001
v 20.402851 16.983337 -1.000001
v 20.223789 16.934826 -1.000001
v 20.058268 16.868870 -1.000001
v 19.907537 16.786592 -1.000000
v 19.772850 16.689123 -1.000000
v 19.655455 16.577593 -1.000000
v 19.556601 16.453129 -1.000000
v 19.477539 16.316858 -1.000000
v 19.419518 16.169910 -1.000000
v 19.383789 16.013414 -1.000000
v 19.371601 15.848498 -1.000000
v 19.385201 15.653322 -1.000000
v 19.425396 15.470837 -1.000000
v 19.491287 15.301858 -1.000000
v 19.581970 15.147202 -1.000000
v 19.696543 15.007686 -1.000000
v 19.834101 14.884124 -1.000000
v 19.993742 14.777332 -1.000000
v 20.174564 14.688128 -1.000000
v 20.375664 14.617327 -1.000000
v 20.596138 14.565744 -1.000000
v 20.835085 14.534196 -1.000000
v 21.091602 14.523499 -1.000001
v 21.255995 14.529543 -1.000001
v 21.408823 14.547272 -1.000001
v 21.549570 14.576077 -1.000001
v 21.677713 14.615351 -1.000001
v 21.792730 14.664486 -1.000001
v 21.894102 14.722874 -1.000001
v 21.981306 14.789907 -1.000001
v 22.053823 14.864981 -1.000001
v 22.111134 14.947483 -1.000001
v 22.152714 15.036809 -1.000001
v 22.178043 15.132350 -1.000001
v 22.186602 15.233499 -1.000001
v 22.180332 15.318763 -1.000001
v 22.161858 15.401439 -1.000001
v 22.131681 15.480608 -1.000001
v 22.090305 15.555351 -1.000001
v 22.038237 15.624746 -1.000001
v 21.975977 15.687874 -1.000001
v 21.904030 15.743814 -1.000001
v 21.822899 15.791647 -1.000001
v 21.733086 15.830452 -1.000001
v 21.635098 15.859309 -1.000001
v 21.529434 15.877298 -1.000001
v 21.416601 15.883499 -1.000001
v 21.266384 15.875156 -1.000001
v 21.128197 15.850929 -1.000001
v 21.001991 15.812015 -1.000001
v 20.887711 15.759610 -1.000001
v 20.785307 15.694914 -1.000001
v 20.694725 15.619123 -1.000001
v 20.615915 15.533438 -1.000001
v 20.548822 15.439054 -1.000000
v 20.493397 15.337171 -1.000000
v 20.449587 15.228985 -1.000000
v 20.417339 15.115695 -1.000000
v 20.396603 14.998499 -1.000000
v 20.300276 15.040052 -1.000000
v 20.211416 15.087179 -1.000000
v 20.130196 15.139827 -1.000000
v 20.056787 15.197944 -1.000000
v 19.991364 15.261477 -1.000000
v 19.934101 15.330374 -1.000000
v 19.885172 15.404584 -1.000000
v 19.844749 15.484055 -1.000000
v 19.813007 15.568733 -1.000000
v 19.790119 15.658568 -1.000000
v 19.776260 15.753508 -1.000000
v 19.771601 15.853498 -1.000000
v 19.781225 15.973354 -1.000000
v 19.809425 16.087341 -1.000000
v 19.855194 16.194593 -1.000000
v 19.917526 16.294239 -1.000000
v 19.995415 16.385414 -1.000000
v 20.087851 16.467249 -1.000001
v 20.193829 16.538876 -1.000001
v 20.312342 16.599424 -1.000001
v 20.442383 16.648029 -1.000001
v 20.582943 16.683823 -1.000001
v 20.733019 16.705935 -1.000001
v 20.891602 16.713499 -1.000001
v 21.092564 16.706141 -1.000001
v 21.279287 16.684216 -1.000001
v 21.453791 16.647951 -1.000001
v 21.618084 16.597572 -1.000001
v 21.774183 16.533304 -1.000001
v 21.924103 16.455374 -1.000001
v 22.069855 16.364006 -1.000001
v 22.213453 16.259424 -1.000001
v 22.356915 16.141859 -1.000001
v 22.502251 16.011532 -1.000001
v 22.651474 15.868670 -1.000001
v 22.806602 15.713499 -1.000001
v 23.091602 16.008499 -1.000001
v 22.983498 16.097281 -1.000001
v 22.868015 16.192503 -1.000001
v 22.747149 16.292482 -1.000001
v 22.622898 16.395536 -1.000001
v 22.497259 16.499977 -1.000001
v 22.372227 16.604124 -1.000001
v 22.249800 16.706291 -1.000001
v 22.131973 16.804794 -1.000001
v 22.020742 16.897951 -1.000001
v 21.918106 16.984077 -1.000001
v 21.826061 17.061487 -1.000001
v 21.746601 17.128498 -1.000001
v 21.669828 17.191801 -1.000001
v 21.581161 17.265327 -1.000001
v 21.483086 17.347013 -1.000001
v 21.378084 17.434795 -1.000001
v 21.268637 17.526604 -1.000001
v 21.157227 17.620375 -1.000001
v 21.046339 17.714041 -1.000001
v 20.938454 17.805536 -1.000001
v 20.836054 17.892796 -1.000001
v 20.741625 17.973753 -1.000001
v 20.657646 18.046343 -1.000001
v 20.586601 18.108500 -1.000001
v 20.667313 18.105307 -1.000001
v 20.773546 18.100883 -1.000001
v 20.900196 18.095451 -1.000001
v 21.042158 18.089239 -1.000001
v 21.194328 18.082472 -1.000001
v 21.351603 18.075375 -1.000001
v 21.508877 18.068172 -1.000001
v 21.661047 18.061092 -1.000001
v 21.803009 18.054358 -1.000001
v 21.929657 18.048199 -1.000001
v 22.035891 18.042837 -1.000001
v 22.116602 18.038500 -1.000001
v 22.144197 18.037144 -1.000001
v 22.171949 18.035582 -1.000001
v 22.199804 18.033812 -1.000001
v 22.227713 18.031832 -1.000001
v 22.255621 18.029644 -1.000001
v 22.283478 18.027248 -1.000001
v 22.311228 18.024645 -1.000001
v 22.338823 18.021832 -1.000001
v 22.366211 18.018812 -1.000001
v 22.393337 18.015583 -1.000001
v 22.420153 18.012144 -1.000001
v 22.446602 18.008499 -1.000001
v 22.461601 18.423500 -1.000001
v 22.432369 18.419954 -1.000001
v 22.402319 18.416809 -1.000001
v 22.371679 18.414045 -1.000001
v 22.340675 18.411648 -1.000001
v 22.309532 18.409595 -1.000001
v 22.278477 18.407875 -1.000001
v 22.247734 18.406466 -1.000001
v 22.217527 18.405352 -1.000001
v 22.188086 18.404514 -1.000001
v 22.159634 18.403938 -1.000001
v 22.132397 18.403606 -1.000001
v 22.106602 18.403500 -1.000001
v 25.626808 16.796207 -1.000001
v 25.632412 16.744331 -1.000001
v 25.638399 16.692873 -1.000001
v 25.644751 16.641832 -1.000001
v 25.651449 16.591208 -1.000001
v 25.658478 16.540998 -1.000001
v 25.665817 16.491207 -1.000001
v 25.673454 16.441832 -1.000001
v 25.681368 16.392874 -1.000001
v 25.689543 16.344332 -1.000001
v 25.697960 16.296207 -1.000001
v 25.706602 16.248499 -1.000001
v 24.161602 16.248499 -1.000001
v 24.161602 15.918499 -1.000001
v 25.646603 15.918499 -1.000001
v 25.559265 15.770188 -1.000001
v 25.459982 15.630350 -1.000001
v 25.349102 15.499124 -1.000001
v 25.226973 15.376647 -1.000001
v 25.093941 15.263059 -1.000001
v 24.950352 15.158499 -1.000001
v 24.796556 15.063106 -1.000001
v 24.632898 14.977017 -1.000001
v 24.459726 14.900373 -1.000001
v 24.277390 14.833314 -1.000001
v 24.086231 14.775975 -1.000001
v 23.886602 14.728498 -1.000001
v 23.907076 14.707209 -1.000001
v 23.928314 14.683591 -1.000001
v 23.950039 14.658030 -1.000001
v 23.971972 14.630906 -1.000001
v 23.993835 14.602602 -1.000001
v 24.015352 14.573499 -1.000001
v 24.036243 14.543979 -1.000001
v 24.056231 14.514424 -1.000001
v 24.075039 14.485217 -1.000001
v 24.092388 14.456739 -1.000001
v 24.108002 14.429373 -1.000001
v 24.121601 14.403499 -1.000001
v 24.316364 14.458079 -1.000001
v 24.503036 14.521809 -1.000001
v 24.681446 14.594670 -1.000001
v 24.851418 14.676647 -1.000001
v 25.012777 14.767720 -1.000001
v 25.165352 14.867874 -1.000001
v 25.308969 14.977089 -1.000001
v 25.443455 15.095350 -1.000001
v 25.568634 15.222639 -1.000001
v 25.684334 15.358938 -1.000001
v 25.790380 15.504230 -1.000001
v 25.886602 15.658499 -1.000001
v 25.955299 15.516642 -1.000001
v 26.034519 15.381138 -1.000001
v 26.125196 15.252092 -1.000001
v 26.228270 15.129610 -1.000001
v 26.344675 15.013794 -1.000001
v 26.475351 14.904749 -1.000001
v 26.621237 14.802579 -1.000001
v 26.783268 14.707388 -1.000001
v 26.962383 14.619280 -1.000001
v 27.159519 14.538360 -1.000001
v 27.375612 14.464731 -1.000001
v 27.611603 14.398499 -1.000001
v 27.621553 14.421973 -1.000001
v 27.633709 14.447132 -1.000001
v 27.647774 14.473577 -1.000001
v 27.663454 14.500906 -1.000001
v 27.680454 14.528721 -1.000001
v 27.698477 14.556623 -1.000001
v 27.717230 14.584213 -1.000001
v 27.736418 14.611092 -1.000001
v 27.755743 14.636858 -1.000001
v 27.774912 14.661114 -1.000001
v 27.793631 14.683461 -1.000001
v 27.811604 14.703499 -1.000001
v 27.574427 14.764931 -1.000001
v 27.359612 14.834124 -1.000001
v 27.165977 14.910921 -1.000001
v 26.992344 14.995166 -1.000001
v 26.837528 15.086702 -1.000001
v 26.700352 15.185374 -1.000001
v 26.579636 15.291025 -1.000001
v 26.474195 15.403499 -1.000001
v 26.382853 15.522639 -1.000001
v 26.304426 15.648291 -1.000001
v 26.237736 15.780295 -1.000001
v 26.181602 15.918499 -1.000001
v 27.491602 15.918499 -1.000001
v 27.491602 16.248499 -1.000001
v 26.091602 16.248499 -1.000001
v 26.081909 16.296207 -1.000001
v 26.072805 16.344332 -1.000001
v 26.064259 16.392874 -1.000001
v 26.056232 16.441832 -1.000001
v 26.048691 16.491207 -1.000001
v 26.041603 16.540998 -1.000001
v 26.034929 16.591208 -1.000001
v 26.028639 16.641832 -1.000001
v 26.022696 16.692873 -1.000001
v 26.017065 16.744331 -1.000001
v 26.011711 16.796207 -1.000001
v 26.006601 16.848499 -1.000001
v 25.621603 16.848499 -1.000001
v 26.161852 18.879625 -1.000001
v 26.122759 18.823338 -1.000001
v 26.084572 18.765141 -1.000001
v 26.047527 18.705536 -1.000001
v 26.011873 18.645029 -1.000001
v 25.977852 18.584124 -1.000001
v 25.945705 18.523323 -1.000001
v 25.915676 18.463129 -1.000001
v 25.888008 18.404045 -1.000001
v 25.862946 18.346579 -1.000001
v 25.840729 18.291227 -1.000001
v 25.821602 18.238499 -1.000001
v 24.291601 18.238499 -1.000001
v 24.291601 16.978498 -1.000001
v 27.601603 16.978498 -1.000001
v 27.607183 16.783510 -1.000001
v 27.617088 16.579842 -1.000001
v 27.632305 16.369436 -1.000001
v 27.653824 16.154240 -1.000001
v 27.682634 15.936195 -1.000001
v 27.719727 15.717249 -1.000001
v 27.766090 15.499344 -1.000001
v 27.822714 15.284425 -1.000001
v 27.890587 15.074436 -1.000001
v 27.970699 14.871323 -1.000001
v 28.064041 14.677029 -1.000001
v 28.171602 14.493499 -1.000001
v 28.190987 14.509172 -1.000001
v 28.213755 14.525975 -1.000001
v 28.239336 14.543577 -1.000001
v 28.267159 14.561646 -1.000001
v 28.296646 14.579856 -1.000001
v 28.327229 14.597874 -1.000001
v 28.358330 14.615371 -1.000001
v 28.389381 14.632017 -1.000001
v 28.419806 14.647484 -1.000001
v 28.449034 14.661439 -1.000001
v 28.476490 14.673553 -1.000001
v 28.501602 14.683498 -1.000001
v 28.390341 14.870649 -1.000001
v 28.295677 15.068198 -1.000001
v 28.216290 15.274046 -1.000001
v 28.150862 15.486092 -1.000001
v 28.098072 15.702234 -1.000001
v 28.056602 15.920374 -1.000001
v 28.025133 16.138409 -1.000001
v 28.002344 16.354240 -1.000001
v 27.986916 16.565765 -1.000001
v 27.977528 16.770884 -1.000001
v 27.972864 16.967495 -1.000001
v 27.971603 17.153500 -1.000001
v 27.971603 18.238499 -1.000001
v 26.221601 18.238499 -1.000001
v 26.241163 18.284081 -1.000001
v 26.262251 18.330652 -1.000001
v 26.284727 18.377953 -1.000001
v 26.308455 18.425722 -1.000001
v 26.333292 18.473700 -1.000001
v 26.359102 18.521624 -1.000001
v 26.385746 18.569237 -1.000001
v 26.413084 18.616278 -1.000001
v 26.440977 18.662483 -1.000001
v 26.469288 18.707596 -1.000001
v 26.497875 18.751354 -1.000001
v 26.526602 18.793499 -1.000001
v 26.201603 18.933498 -1.000001
v 24.661602 17.273499 -1.000001
v 24.661602 17.938499 -1.000001
v 27.601603 17.938499 -1.000001
v 27.601603 17.273499 -1.000001
v 31.676603 17.708500 -1.000002
v 31.676603 16.678499 -1.000001
v 30.281603 16.678499 -1.000001
v 30.281603 16.238499 -1.000001
v 31.676603 16.238499 -1.000001
v 31.676603 15.178499 -1.000001
v 30.186604 15.178499 -1.000001
v 30.186604 14.738499 -1.000001
v 32.166603 14.738499 -1.000001
v 32.166603 18.148499 -1.000002
v 30.231602 18.148499 -1.000001
v 30.231602 17.708500 -1.000001
v 21.476738 15.580544 0.999999
v 21.529356 15.571948 0.999999
v 21.579023 15.558108 0.999999
v 21.625305 15.539425 0.999999
v 21.667768 15.516296 0.999999
v 21.705976 15.489123 0.999999
v 21.739498 15.458305 0.999999
v 21.767899 15.424239 0.999999
v 21.790743 15.387327 0.999999
v 21.807598 15.347966 0.999999
v 21.818027 15.306557 0.999999
v 21.821602 15.263499 0.999999
v 21.815966 15.205408 0.999999
v 21.799427 15.151277 0.999999
v 21.772539 15.101312 0.999999
v 21.735861 15.055721 0.999999
v 21.689947 15.014714 0.999999
v 21.635353 14.978498 0.999999
v 21.572632 14.947284 0.999999
v 21.502342 14.921276 0.999999
v 21.425039 14.900686 0.999999
v 21.341278 14.885721 0.999999
v 21.251614 14.876589 0.999999
v 21.156601 14.873499 0.999999
v 21.120560 14.873707 0.999999
v 21.084934 14.874332 0.999999
v 21.049726 14.875374 0.999999
v 21.014935 14.876832 0.999999
v 20.980560 14.878707 0.999999
v 20.946602 14.880999 0.999999
v 20.913059 14.883707 0.999999
v 20.879936 14.886832 0.999999
v 20.847227 14.890374 0.999999
v 20.814936 14.894332 0.999999
v 20.783060 14.898707 0.999999
v 20.751602 14.903499 0.999999
v 20.765930 14.999856 0.999999
v 20.788731 15.091022 0.999999
v 20.819727 15.176390 0.999999
v 20.858639 15.255350 0.999999
v 20.905190 15.327298 0.999999
v 20.959101 15.391623 0.999999
v 21.020096 15.447721 0.999999
v 21.087898 15.494980 0.999999
v 21.162228 15.532796 0.999999
v 21.242805 15.560559 0.999999
v 21.329357 15.577662 0.999999
v 21.421602 15.583499 0.999999
v 22.023300 18.404301 0.999999
v 21.907690 18.406578 0.999999
v 21.766212 18.410139 0.999999
v 21.605305 18.414795 0.999999
v 21.431414 18.420353 0.999999
v 21.250977 18.426624 0.999999
v 21.070435 18.433414 0.999999
v 20.896231 18.440536 0.999999
v 20.734804 18.447796 0.999999
v 20.592598 18.455004 0.999999
v 20.476049 18.461969 0.999999
v 20.391602 18.468498 0.999999
v 20.355734 18.471100 0.999999
v 20.322990 18.473892 0.999999
v 20.293163 18.476858 0.999999
v 20.266047 18.479980 0.999999
v 20.241428 18.483242 0.999999
v 20.219101 18.486624 0.999999
v 20.198858 18.490110 0.999999
v 20.180490 18.493685 0.999999
v 20.163788 18.497328 0.999999
v 20.148546 18.501022 0.999999
v 20.134554 18.504751 0.999999
v 20.121601 18.508499 0.999999
v 19.891602 18.218498 0.999999
v 19.914299 18.202244 0.999999
v 19.937342 18.185953 0.999999
v 19.960665 18.169592 0.999999
v 19.984194 18.153130 0.999999
v 20.007862 18.136526 0.999999
v 20.031601 18.119749 0.999999
v 20.055340 18.102764 0.999999
v 20.079010 18.085537 0.999999
v 20.102539 18.068029 0.999999
v 20.125860 18.050213 0.999999
v 20.148905 18.032047 0.999999
v 20.171600 18.013498 0.999999
v 20.242643 17.958248 0.999999
v 20.329102 17.888985 0.999999
v 20.428476 17.807953 0.999999
v 20.538269 17.717388 0.999999
v 20.655977 17.619532 0.999999
v 20.779102 17.516624 0.999999
v 20.905144 17.410904 0.999999
v 21.031601 17.304609 0.999999
v 21.155975 17.199984 0.999999
v 21.275768 17.099262 0.999999
v 21.388477 17.004688 0.999999
v 21.491602 16.918499 0.999999
v 21.433907 16.937370 0.999999
v 21.375885 16.954054 0.999999
v 21.317617 16.968655 0.999999
v 21.259193 16.981277 0.999999
v 21.200703 16.992023 0.999999
v 21.142227 17.000999 0.999999
v 21.083855 17.008308 0.999999
v 21.025677 17.014055 0.999999
v 20.967773 17.018343 0.999999
v 20.910236 17.021276 0.999999
v 20.853149 17.022961 0.999999
v 20.796602 17.023499 0.999999
v 20.594204 17.013269 0.999999
v 20.402851 16.983337 0.999999
v 20.223789 16.934828 0.999999
v 20.058268 16.868870 0.999999
v 19.907537 16.786592 0.999999
v 19.772850 16.689123 0.999999
v 19.655455 16.577593 1.000000
v 19.556601 16.453129 1.000000
v 19.477539 16.316858 1.000000
v 19.419518 16.169910 1.000000
v 19.383789 16.013414 1.000000
v 19.371601 15.848498 1.000000
v 19.385201 15.653322 1.000000
v 19.425396 15.470837 1.000000
v 19.491287 15.301858 1.000000
v 19.581970 15.147202 1.000000
v 19.696543 15.007686 1.000000
v 19.834101 14.884124 1.000000
v 19.993742 14.777332 1.000000
v 20.174564 14.688128 1.000000
v 20.375664 14.617327 1.000000
v 20.596138 14.565744 1.000000
v 20.835085 14.534196 0.999999
v 21.091602 14.523499 0.999999
v 21.255995 14.529543 0.999999
v 21.408823 14.547272 0.999999
v 21.549570 14.576077 0.999999
v 21.677713 14.615351 0.999999
v 21.792730 14.664486 0.999999
v 21.894102 14.722874 0.999999
v 21.981306 14.789907 0.999999
v 22.053823 14.864981 0.999999
v 22.111134 14.947483 0.999999
v 22.152714 15.036809 0.999999
v 22.178043 15.132350 0.999999
v 22.186602 15.233499 0.999999
v 22.180332 15.318763 0.999999
v 22.161858 15.401439 0.999999
v 22.131681 15.480608 0.999999
v 22.090305 15.555351 0.999999
v 22.038237 15.624746 0.999999
v 21.975977 15.687874 0.999999
v 21.904030 15.743814 0.999999
v 21.822899 15.791647 0.999999
v 21.733086 15.830452 0.999999
v 21.635098 15.859309 0.999999
v 21.529434 15.877298 0.999999
v 21.416601 15.883499 0.999999
v 21.266384 15.875156 0.999999
v 21.128197 15.850929 0.999999
v 21.001991 15.812015 0.999999
v 20.887711 15.759610 0.999999
v 20.785307 15.694914 0.999999
v 20.694725 15.619123 0.999999
v 20.615915 15.533438 0.999999
v 20.548822 15.439054 0.999999
v 20.493397 15.337171 0.999999
v 20.449587 15.228985 0.999999
v 20.417339 15.115695 0.999999
v 20.396603 14.998499 1.000000
v 20.300276 15.040052 1.000000
v 20.211416 15.087179 1.000000
v 20.130196 15.139827 1.000000
v 20.056787 15.197944 1.000000
v 19.991364 15.261477 1.000000
v 19.934101 15.330374 1.000000
v 19.885172 15.404584 1.000000
v 19.844749 15.484055 1.000000
v 19.813007 15.568733 1.000000
v 19.790119 15.658568 1.000000
v 19.776260 15.753508 1.000000
v 19.771601 15.853498 1.000000
v 19.781225 15.973354 1.000000
v 19.809425 16.087341 1.000000
v 19.855194 16.194593 1.000000
v 19.917526 16.294239 0.999999
v 19.995415 16.385414 0.999999
v 20.087851 16.467249 0.999999
v 20.193829 16.538876 0.999999
v 20.312342 16.599424 0.999999
v 20.442383 16.648029 0.999999
v 20.582943 16.683823 0.999999
v 20.733019 16.705935 0.999999
v 20.891602 16.713499 0.999999
v 21.092564 16.706141 0.999999
v 21.279287 16.684217 0.999999
v 21.453791 16.647953 0.999999
v 21.618084 16.597572 0.999999
v 21.774183 16.533304 0.999999
v 21.924103 16.455374 0.999999
v 22.069855 16.364006 0.999999
v 22.213453 16.259424 0.999999
v 22.356915 16.141859 0.999999
v 22.502251 16.011532 0.999999
v 22.651474 15.868670 0.999999
v 22.806602 15.713499 0.999999
v 23.091602 16.008499 0.999999
v 22.983498 16.097281 0.999999
v 22.868015 16.192503 0.999999
v 22.747149 16.292484 0.999999
v 22.622898 16.395536 0.999999
v 22.497259 16.499977 0.999999
v 22.372227 16.604124 0.999999
v 22.249800 16.706291 0.999999
v 22.131973 16.804796 0.999999
v 22.020742 16.897953 0.999999
v 21.918106 16.984077 0.999999
v 21.826061 17.061487 0.999999
v 21.746601 17.128498 0.999999
v 21.669828 17.191801 0.999999
v 21.581161 17.265327 0.999999
v 21.483086 17.347015 0.999999
v 21.378084 17.434795 0.999999
v 21.268637 17.526604 0.999999
v 21.157227 17.620375 0.999999
v 21.046339 17.714041 0.999999
v 20.938454 17.805536 0.999999
v 20.836054 17.892796 0.999999
v 20.741625 17.973753 0.999999
v 20.657646 18.046343 0.999999
v 20.586601 18.108500 0.999999
v 20.667313 18.105307 0.999999
v 20.773546 18.100883 0.999999
v 20.900196 18.095451 0.999999
v 21.042158 18.089239 0.999999
v 21.194328 18.082472 0.999999
v 21.351603 18.075375 0.999999
v 21.508877 18.068172 0.999999
v 21.661047 18.061092 0.999999
v 21.803009 18.054358 0.999999
v 21.929657 18.048199 0.999999
v 22.035891 18.042837 0.999999
v 22.116602 18.038500 0.999999
v 22.144197 18.037144 0.999999
v 22.171949 18.035582 0.999999
v 22.199804 18.033812 0.999999
v 22.227713 18.031832 0.999999
v 22.255621 18.029644 0.999999
v 22.283478 18.027248 0.999999
v 22.311228 18.024645 0.999999
v 22.338823 18.021832 0.999999
v 22.366211 18.018812 0.999999
v 22.393337 18.015583 0.999999
v 22.420153 18.012144 0.999999
v 22.446602 18.008499 0.999999
v 22.461601 18.423500 0.999999
v 22.432369 18.419954 0.999999
v 22.402319 18.416809 0.999999
v 22.371679 18.414045 0.999999
v 22.340675 18.411648 0.999999
v 22.309532 18.409595 0.999999
v 22.278477 18.407875 0.999999
v 22.247734 18.406466 0.999999
v 22.217527 18.405352 0.999999
v 22.188086 18.404514 0.999999
v 22.159634 18.403938 0.999999
v 22.132397 18.403606 0.999999
v 22.106602 18.403500 0.999999
v 25.626808 16.796207 0.999999
v 25.632412 16.744331 0.999999
v 25.638399 16.692873 0.999999
v 25.644751 16.641832 0.999999
v 25.651449 16.591208 0.999999
v 25.658478 16.540998 0.999999
v 25.665817 16.491207 0.999999
v 25.673454 16.441832 0.999999
v 25.681368 16.392874 0.999999
v 25.689543 16.344332 0.999999
v 25.697960 16.296207 0.999999
v 25.706602 16.248499 0.999999
v 24.161602 16.248499 0.999999
v 24.161602 15.918499 0.999999
v 25.646603 15.918499 0.999999
v 25.559265 15.770188 0.999999
v 25.459982 15.630350 0.999999
v 25.349102 15.499124 0.999999
v 25.226973 15.376647 0.999999
v 25.093941 15.263059 0.999999
v 24.950352 15.158499 0.999999
v 24.796556 15.063106 0.999999
v 24.632898 14.977017 0.999999
v 24.459726 14.900373 0.999999
v 24.277390 14.833314 0.999999
v 24.086231 14.775975 0.999999
v 23.886602 14.728498 0.999999
v 23.907076 14.707209 0.999999
v 23.928314 14.683591 0.999999
v 23.950039 14.658030 0.999999
v 23.971972 14.630906 0.999999
v 23.993835 14.602602 0.999999
v 24.015352 14.573499 0.999999
v 24.036243 14.543979 0.999999
v 24.056232 14.514424 0.999999
v 24.075039 14.485217 0.999999
v 24.092388 14.456739 0.999999
v 24.108002 14.429373 0.999999
v 24.121601 14.403499 0.999999
v 24.316364 14.458079 0.999999
v 24.503038 14.521809 0.999999
v 24.681446 14.594670 0.999999
v 24.851418 14.676647 0.999999
v 25.012777 14.767720 0.999999
v 25.165352 14.867874 0.999999
v 25.308969 14.977089 0.999999
v 25.443455 15.095350 0.999999
v 25.568634 15.222639 0.999999
v 25.684334 15.358938 0.999999
v 25.790380 15.504230 0.999999
v 25.886602 15.658499 0.999999
v 25.955299 15.516642 0.999999
v 26.034519 15.381138 0.999999
v 26.125196 15.252092 0.999999
v 26.228270 15.129610 0.999999
v 26.344675 15.013794 0.999999
v 26.475353 14.904749 0.999999
v 26.621239 14.802579 0.999999
v 26.783270 14.707388 0.999999
v 26.962383 14.619280 0.999999
v 27.159519 14.538360 0.999999
v 27.375612 14.464731 0.999999
v 27.611603 14.398499 0.999999
v 27.621553 14.421973 0.999999
v 27.633709 14.447132 0.999999
v 27.647774 14.473577 0.999999
v 27.663454 14.500906 0.999999
v 27.680454 14.528721 0.999999
v 27.698477 14.556623 0.999999
v 27.717230 14.584213 0.999999
v 27.736418 14.611092 0.999999
v 27.755743 14.636858 0.999999
v 27.774912 14.661114 0.999999
v 27.793631 14.683461 0.999999
v 27.811604 14.703499 0.999999
v 27.574427 14.764931 0.999999
v 27.359612 14.834124 0.999999
v 27.165977 14.910921 0.999999
v 26.992344 14.995166 0.999999
v 26.837528 15.086702 0.999999
v 26.700352 15.185374 0.999999
v 26.579636 15.291025 0.999999
v 26.474195 15.403499 0.999999
v 26.382853 15.522639 0.999999
v 26.304426 15.648291 0.999999
v 26.237736 15.780295 0.999999
v 26.181602 15.918499 0.999999
v 27.491602 15.918499 0.999999
v 27.491602 16.248499 0.999999
v 26.091602 16.248499 0.999999
v 26.081909 16.296207 0.999999
v 26.072805 16.344332 0.999999
v 26.064259 16.392874 0.999999
v 26.056232 16.441832 0.999999
v 26.048691 16.491207 0.999999
v 26.041603 16.540998 0.999999
v 26.034929 16.591208 0.999999
v 26.028639 16.641832 0.999999
v 26.022696 16.692873 0.999999
v 26.017065 16.744331 0.999999
v 26.011713 16.796207 0.999999
v 26.006601 16.848499 0.999999
v 25.621603 16.848499 0.999999
v 26.161852 18.879625 0.999999
v 26.122761 18.823338 0.999999
v 26.084572 18.765141 0.999999
v 26.047529 18.705536 0.999999
v 26.011875 18.645029 0.999999
v 25.977852 18.584124 0.999999
v 25.945705 18.523323 0.999999
v 25.915676 18.463129 0.999999
v 25.888008 18.404045 0.999999
v 25.862946 18.346579 0.999999
v 25.840729 18.291227 0.999999
v 25.821602 18.238499 0.999999
v 24.291601 18.238499 0.999999
v 24.291601 16.978498 0.999999
v 27.601603 16.978498 0.999999
v 27.607183 16.783510 0.999999
v 27.617088 16.579842 0.999999
v 27.632305 16.369436 0.999999
v 27.653824 16.154240 0.999999
v 27.682636 15.936195 0.999999
v 27.719727 15.717249 0.999999
v 27.766090 15.499344 0.999999
v 27.822714 15.284425 0.999999
v 27.890587 15.074436 0.999999
v 27.970699 14.871323 0.999999
v 28.064041 14.677029 0.999999
v 28.171602 14.493499 0.999999
v 28.190987 14.509172 0.999999
v 28.213755 14.525975 0.999999
v 28.239336 14.543577 0.999999
v 28.267159 14.561646 0.999999
v 28.296646 14.579856 0.999999
v 28.327229 14.597874 0.999999
v 28.358330 14.615371 0.999999
v 28.389381 14.632017 0.999999
v 28.419806 14.647484 0.999999
v 28.449034 14.661439 0.999999
v 28.476490 14.673553 0.999999
v 28.501602 14.683498 0.999999
v 28.390341 14.870649 0.999999
v 28.295677 15.068198 0.999999
v 28.216290 15.274046 0.999999
v 28.150862 15.486092 0.999999
v 28.098072 15.702234 0.999999
v 28.056602 15.920374 0.999999
v 28.025133 16.138409 0.999999
v 28.002344 16.354240 0.999999
v 27.986916 16.565765 0.999999
v 27.977528 16.770884 0.999999
v 27.972864 16.967495 0.999999
v 27.971603 17.153500 0.999999
v 27.971603 18.238499 0.999999
v 26.221601 18.238499 0.999999
v 26.241163 18.284081 0.999999
v 26.262251 18.330652 0.999999
v 26.284727 18.377953 0.999999
v 26.308455 18.425722 0.999999
v 26.333292 18.473700 0.999999
v 26.359102 18.521624 0.999999
v 26.385746 18.569237 0.999999
v 26.413084 18.616278 0.999999
v 26.440977 18.662483 0.999999
v 26.469288 18.707596 0.999999
v 26.497875 18.751354 0.999999
v 26.526602 18.793499 0.999999
v 26.201603 18.933498 0.999999
v 24.661602 17.273499 0.999999
v 24.661602 17.938499 0.999999
v 27.601603 17.938499 0.999999
v 27.601603 17.273499 0.999999
v 31.676603 17.708500 0.999998
v 31.676603 16.678499 0.999998
v 30.281603 16.678499 0.999999
v 30.281603 16.238499 0.999999
v 31.676603 16.238499 0.999999
v 31.676603 15.178499 0.999999
v 30.186604 15.178499 0.999999
v 30.186604 14.738499 0.999999
v 32.166603 14.738499 0.999999
v 32.166603 18.148499 0.999998
v 30.231602 18.148499 0.999999
v 30.231602 17.708500 0.999999
v 31.676603 17.708500 0.999998
v 31.676603 17.708500 -1.000002
v 31.676603 16.678499 0.999998
v 31.676603 16.678499 -1.000001
v 30.281603 16.678499 0.999999
v 30.281603 16.678499 -1.000001
v 30.281603 16.238499 0.999999
v 30.281603 16.238499 -1.000001
v 31.676603 16.238499 0.999999
v 31.676603 16.238499 -1.000001
v 31.676603 15.178499 0.999999
v 31.676603 15.178499 -1.000001
v 30.186604 15.178499 0.999999
v 30.186604 15.178499 -1.000001
v 30.186604 14.738499 0.999999
v 30.186604 14.738499 -1.000001
v 32.166603 14.738499 0.999999
v 32.166603 14.738499 -1.000001
v 32.166603 18.148499 0.999998
v 32.166603 18.148499 -1.000002
v 30.231602 18.148499 0.999999
v 30.231602 18.148499 -1.000001
v 30.231602 17.708500 0.999999
v 30.231602 17.708500 -1.000001
v 25.626808 16.796207 0.999999
v 25.626808 16.796207 -1.000001
v 25.632412 16.744331 0.999999
v 25.632412 16.744331 -1.000001
v 25.638399 16.692873 0.999999
v 25.638399 16.692873 -1.000001
v 25.644751 16.641832 0.999999
v 25.644751 16.641832 -1.000001
v 25.651449 16.591208 0.999999
v 25.651449 16.591208 -1.000001
v 25.658478 16.540998 0.999999
v 25.658478 16.540998 -1.000001
v 25.665817 16.491207 0.999999
v 25.665817 16.491207 -1.000001
v 25.673454 16.441832 0.999999
v 25.673454 16.441832 -1.000001
v 25.681368 16.392874 0.999999
v 25.681368 16.392874 -1.000001
v 25.689543 16.344332 0.999999
v 25.689543 16.344332 -1.000001
v 25.697960 16.296207 0.999999
v 25.697960 16.296207 -1.000001
v 25.706602 16.248499 0.999999
v 25.706602 16.248499 -1.000001
v 24.161602 16.248499 0.999999
v 24.161602 16.248499 -1.000001
v 24.161602 15.918499 0.999999
v 24.161602 15.918499 -1.000001
v 25.646603 15.918499 0.999999
v 25.646603 15.918499 -1.000001
v 25.559265 15.770188 0.999999
v 25.559265 15.770188 -1.000001
v 25.459982 15.630350 0.999999
v 25.459982 15.630350 -1.000001
v 25.349102 15.499124 0.999999
v 25.349102 15.499124 -1.000001
v 25.226973 15.376647 0.999999
v 25.226973 15.376647 -1.000001
v 25.093941 15.263059 0.999999
v 25.093941 15.263059 -1.000001
v 24.950352 15.158499 0.999999
v 24.950352 15.158499 -1.000001
v 24.796556 15.063106 0.999999
v 24.796556 15.063106 -1.000001
v 24.632898 14.977017 0.999999
v 24.632898 14.977017 -1.000001
v 24.459726 14.900373 0.999999
v 24.459726 14.900373 -1.000001
v 24.277390 14.833314 0.999999
v 24.277390 14.833314 -1.000001
v 24.086231 14.775975 0.999999
v 24.086231 14.775975 -1.000001
v 23.886602 14.728498 0.999999
v 23.886602 14.728498 -1.000001
v 23.907076 14.707209 0.999999
v 23.907076 14.707209 -1.000001
v 23.928314 14.683591 0.999999
v 23.928314 14.683591 -1.000001
v 23.950039 14.658030 0.999999
v 23.950039 14.658030 -1.000001
v 23.971972 14.630906 0.999999
v 23.971972 14.630906 -1.000001
v 23.993835 14.602602 0.999999
v 23.993835 14.602602 -1.000001
v 24.015352 14.573499 0.999999
v 24.015352 14.573499 -1.000001
v 24.036243 14.543979 0.999999
v 24.036243 14.543979 -1.000001
v 24.056232 14.514424 0.999999
v 24.056231 14.514424 -1.000001
v 24.075039 14.485217 0.999999
v 24.075039 14.485217 -1.000001
v 24.092388 14.456739 0.999999
v 24.092388 14.456739 -1.000001
v 24.108002 14.429373 0.999999
v 24.108002 14.429373 -1.000001
v 24.121601 14.403499 0.999999
v 24.121601 14.403499 -1.000001
v 24.316364 14.458079 0.999999
v 24.316364 14.458079 -1.000001
v 24.503038 14.521809 0.999999
v 24.503036 14.521809 -1.000001
v 24.681446 14.594670 0.999999
v 24.681446 14.594670 -1.000001
v 24.851418 14.676647 0.999999
v 24.851418 14.676647 -1.000001
v 25.012777 14.767720 0.999999
v 25.012777 14.767720 -1.000001
v 25.165352 14.867874 0.999999
v 25.165352 14.867874 -1.000001
v 25.308969 14.977089 0.999999
v 25.308969 14.977089 -1.000001
v 25.443455 15.095350 0.999999
v 25.443455 15.095350 -1.000001
v 25.568634 15.222639 0.999999
v 25.568634 15.222639 -1.000001
v 25.684334 15.358938 0.999999
v 25.684334 15.358938 -1.000001
v 25.790380 15.504230 0.999999
v 25.790380 15.504230 -1.000001
v 25.886602 15.658499 0.999999
v 25.886602 15.658499 -1.000001
v 25.955299 15.516642 0.999999
v 25.955299 15.516642 -1.000001
v 26.034519 15.381138 0.999999
v 26.034519 15.381138 -1.000001
v 26.125196 15.252092 0.999999
v 26.125196 15.252092 -1.000001
v 26.228270 15.129610 0.999999
v 26.228270 15.129610 -1.000001
v 26.344675 15.013794 0.999999
v 26.344675 15.013794 -1.000001
v 26.475353 14.904749 0.999999
v 26.475351 14.904749 -1.000001
v 26.621239 14.802579 0.999999
v 26.621237 14.802579 -1.000001
v 26.783270 14.707388 0.999999
v 26.783268 14.707388 -1.000001
v 26.962383 14.619280 0.999999
v 26.962383 14.619280 -1.000001
v 27.159519 14.538360 0.999999
v 27.159519 14.538360 -1.000001
v 27.375612 14.464731 0.999999
v 27.375612 14.464731 -1.000001
v 27.611603 14.398499 0.999999
v 27.611603 14.398499 -1.000001
v 27.621553 14.421973 0.999999
v 27.621553 14.421973 -1.000001
v 27.633709 14.447132 0.999999
v 27.633709 14.447132 -1.000001
v 27.647774 14.473577 0.999999
v 27.647774 14.473577 -1.000001
v 27.663454 14.500906 0.999999
v 27.663454 14.500906 -1.000001
v 27.680454 14.528721 0.999999
v 27.680454 14.528721 -1.000001
v 27.698477 14.556623 0.999999
v 27.698477 14.556623 -1.000001
v 27.717230 14.584213 0.999999
v 27.717230 14.584213 -1.000001
v 27.736418 14.611092 0.999999
v 27.736418 14.611092 -1.000001
v 27.755743 14.636858 0.999999
v 27.755743 14.636858 -1.000001
v 27.774912 14.661114 0.999999
v 27.774912 14.661114 -1.000001
v 27.793631 14.683461 0.999999
v 27.793631 14.683461 -1.000001
v 27.811604 14.703499 0.999999
v 27.811604 14.703499 -1.000001
v 27.574427 14.764931 0.999999
v 27.574427 14.764931 -1.000001
v 27.359612 14.834124 0.999999
v 27.359612 14.834124 -1.000001
v 27.165977 14.910921 0.999999
v 27.165977 14.910921 -1.000001
v 26.992344 14.995166 0.999999
v 26.992344 14.995166 -1.000001
v 26.837528 15.086702 0.999999
v 26.837528 15.086702 -1.000001
v 26.700352 15.185374 0.999999
v 26.700352 15.185374 -1.000001
v 26.579636 15.291025 0.999999
v 26.579636 15.291025 -1.000001
v 26.474195 15.403499 0.999999
v 26.474195 15.403499 -1.000001
v 26.382853 15.522639 0.999999
v 26.382853 15.522639 -1.000001
v 26.304426 15.648291 0.999999
v 26.304426 15.648291 -1.000001
v 26.237736 15.780295 0.999999
v 26.237736 15.780295 -1.000001
v 26.181602 15.918499 0.999999
v 26.181602 15.918499 -1.000001
v 27.491602 15.918499 0.999999
v 27.491602 15.918499 -1.000001
v 27.491602 16.248499 0.999999
v 27.491602 16.248499 -1.000001
v 26.091602 16.248499 0.999999
v 26.091602 16.248499 -1.000001
v 26.081909 16.296207 0.999999
v 26.081909 16.296207 -1.000001
v 26.072805 16.344332 0.999999
v 26.072805 16.344332 -1.000001
v 26.064259 16.392874 0.999999
v 26.064259 16.392874 -1.000001
v 26.056232 16.441832 0.999999
v 26.056232 16.441832 -1.000001
v 26.048691 16.491207 0.999999
v 26.048691 16.491207 -1.000001
v 26.041603 16.540998 0.999999
v 26.041603 16.540998 -1.000001
v 26.034929 16.591208 0.999999
v 26.034929 16.591208 -1.000001
v 26.028639 16.641832 0.999999
v 26.028639 16.641832 -1.000001
v 26.022696 16.692873 0.999999
v 26.022696 16.692873 -1.000001
v 26.017065 16.744331 0.999999
v 26.017065 16.744331 -1.000001
v 26.011713 16.796207 0.999999
v 26.011711 16.796207 -1.000001
v 26.006601 16.848499 0.999999
v 26.006601 16.848499 -1.000001
v 25.621603 16.848499 0.999999
v 25.621603 16.848499 -1.000001
v 26.161852 18.879625 0.999999
v 26.161852 18.879625 -1.000001
v 26.122761 18.823338 0.999999
v 26.122759 18.823338 -1.000001
v 26.084572 18.765141 0.999999
v 26.084572 18.765141 -1.000001
v 26.047529 18.705536 0.999999
v 26.047527 18.705536 -1.000001
v 26.011875 18.645029 0.999999
v 26.011873 18.645029 -1.000001
v 25.977852 18.584124 0.999999
v 25.977852 18.584124 -1.000001
v 25.945705 18.523323 0.999999
v 25.945705 18.523323 -1.000001
v 25.915676 18.463129 0.999999
v 25.915676 18.463129 -1.000001
v 25.888008 18.404045 0.999999
v 25.888008 18.404045 -1.000001
v 25.862946 18.346579 0.999999
v 25.862946 18.346579 -1.000001
v 25.840729 18.291227 0.999999
v 25.840729 18.291227 -1.000001
v 25.821602 18.238499 0.999999
v 25.821602 18.238499 -1.000001
v 24.291601 18.238499 0.999999
v 24.291601 18.238499 -1.000001
v 24.291601 16.978498 0.999999
v 24.291601 16.978498 -1.000001
v 27.601603 16.978498 0.999999
v 27.601603 16.978498 -1.000001
v 27.607183 16.783510 0.999999
v 27.607183 16.783510 -1.000001
v 27.617088 16.579842 0.999999
v 27.617088 16.579842 -1.000001
v 27.632305 16.369436 0.999999
v 27.632305 16.369436 -1.000001
v 27.653824 16.154240 0.999999
v 27.653824 16.154240 -1.000001
v 27.682636 15.936195 0.999999
v 27.682634 15.936195 -1.000001
v 27.719727 15.717249 0.999999
v 27.719727 15.717249 -1.000001
v 27.766090 15.499344 0.999999
v 27.766090 15.499344 -1.000001
v 27.822714 15.284425 0.999999
v 27.822714 15.284425 -1.000001
v 27.890587 15.074436 0.999999
v 27.890587 15.074436 -1.000001
v 27.970699 14.871323 0.999999
v 27.970699 14.871323 -1.000001
v 28.064041 14.677029 0.999999
v 28.064041 14.677029 -1.000001
v 28.171602 14.493499 0.999999
v 28.171602 14.493499 -1.000001
v 28.190987 14.509172 0.999999
v 28.190987 14.509172 -1.000001
v 28.213755 14.525975 0.999999
v 28.213755 14.525975 -1.000001
v 28.239336 14.543577 0.999999
v 28.239336 14.543577 -1.000001
v 28.267159 14.561646 0.999999
v 28.267159 14.561646 -1.000001
v 28.296646 14.579856 0.999999
v 28.296646 14.579856 -1.000001
v 28.327229 14.597874 0.999999
v 28.327229 14.597874 -1.000001
v 28.358330 14.615371 0.999999
v 28.358330 14.615371 -1.000001
v 28.389381 14.632017 0.999999
v 28.389381 14.632017 -1.000001
v 28.419806 14.647484 0.999999
v 28.419806 14.647484 -1.000001
v 28.449034 14.661439 0.999999
v 28.449034 14.661439 -1.000001
v 28.476490 14.673553 0.999999
v 28.476490 14.673553 -1.000001
v 28.501602 14.683498 0.999999
v 28.501602 14.683498 -1.000001
v 28.390341 14.870649 0.999999
v 28.390341 14.870649 -1.000001
v 28.295677 15.068198 0.999999
v 28.295677 15.068198 -1.000001
v 28.216290 15.274046 0.999999
v 28.216290 15.274046 -1.000001
v 28.150862 15.486092 0.999999
v 28.150862 15.486092 -1.000001
v 28.098072 15.702234 0.999999
v 28.098072 15.702234 -1.000001
v 28.056602 15.920374 0.999999
v 28.056602 15.920374 -1.000001
v 28.025133 16.138409 0.999999
v 28.025133 16.138409 -1.000001
v 28.002344 16.354240 0.999999
v 28.002344 16.354240 -1.000001
v 27.986916 16.565765 0.999999
v 27.986916 16.565765 -1.000001
v 27.977528 16.770884 0.999999
v 27.977528 16.770884 -1.000001
v 27.972864 16.967495 0.999999
v 27.972864 16.967495 -1.000001
v 27.971603 17.153500 0.999999
v 27.971603 17.153500 -1.000001
v 27.971603 18.238499 0.999999
v 27.971603 18.238499 -1.000001
v 26.221601 18.238499 0.999999
v 26.221601 18.238499 -1.000001
v 26.241163 18.284081 0.999999
v 26.241163 18.284081 -1.000001
v 26.262251 18.330652 0.999999
v 26.262251 18.330652 -1.000001
v 26.284727 18.377953 0.999999
v 26.284727 18.377953 -1.000001
v 26.308455 18.425722 0.999999
v 26.308455 18.425722 -1.000001
v 26.333292 18.473700 0.999999
v 26.333292 18.473700 -1.000001
v 26.359102 18.521624 0.999999
v 26.359102 18.521624 -1.000001
v 26.385746 18.569237 0.999999
v 26.385746 18.569237 -1.000001
v 26.413084 18.616278 0.999999
v 26.413084 18.616278 -1.000001
v 26.440977 18.662483 0.999999
v 26.440977 18.662483 -1.000001
v 26.469288 18.707596 0.999999
v 26.469288 18.707596 -1.000001
v 26.497875 18.751354 0.999999
v 26.497875 18.751354 -1.000001
v 26.526602 18.793499 0.999999
v 26.526602 18.793499 -1.000001
v 26.201603 18.933498 0.999999
v 26.201603 18.933498 -1.000001
v 24.661602 17.273499 0.999999
v 24.661602 17.273499 -1.000001
v 24.661602 17.938499 0.999999
v 24.661602 17.938499 -1.000001
v 27.601603 17.938499 0.999999
v 27.601603 17.938499 -1.000001
v 27.601603 17.273499 0.999999
v 27.601603 17.273499 -1.000001
v 21.476738 15.580544 0.999999
v 21.476738 15.580544 -1.000001
v 21.529356 15.571948 0.999999
v 21.529356 15.571948 -1.000001
v 21.579023 15.558108 0.999999
v 21.579023 15.558108 -1.000001
v 21.625305 15.539425 0.999999
v 21.625305 15.539425 -1.000001
v 21.667768 15.516296 0.999999
v 21.667768 15.516296 -1.000001
v 21.705976 15.489123 0.999999
v 21.705976 15.489123 -1.000001
v 21.739498 15.458305 0.999999
v 21.739498 15.458305 -1.000001
v 21.767899 15.424239 0.999999
v 21.767899 15.424239 -1.000001
v 21.790743 15.387327 0.999999
v 21.790743 15.387327 -1.000001
v 21.807598 15.347966 0.999999
v 21.807598 15.347966 -1.000001
v 21.818027 15.306557 0.999999
v 21.818027 15.306557 -1.000001
v 21.821602 15.263499 0.999999
v 21.821602 15.263499 -1.000001
v 21.815966 15.205408 0.999999
v 21.815966 15.205408 -1.000001
v 21.799427 15.151277 0.999999
v 21.799427 15.151277 -1.000001
v 21.772539 15.101312 0.999999
v 21.772539 15.101312 -1.000001
v 21.735861 15.055721 0.999999
v 21.735861 15.055721 -1.000001
v 21.689947 15.014714 0.999999
v 21.689947 15.014714 -1.000001
v 21.635353 14.978498 0.999999
v 21.635353 14.978498 -1.000001
v 21.572632 14.947284 0.999999
v 21.572632 14.947284 -1.000001
v 21.502342 14.921276 0.999999
v 21.502342 14.921276 -1.000001
v 21.425039 14.900686 0.999999
v 21.425039 14.900686 -1.000001
v 21.341278 14.885721 0.999999
v 21.341278 14.885721 -1.000001
v 21.251614 14.876589 0.999999
v 21.251614 14.876589 -1.000001
v 21.156601 14.873499 0.999999
v 21.156601 14.873499 -1.000001
v 21.120560 14.873707 0.999999
v 21.120560 14.873707 -1.000001
v 21.084934 14.874332 0.999999
v 21.084934 14.874332 -1.000001
v 21.049726 14.875374 0.999999
v 21.049726 14.875374 -1.000001
v 21.014935 14.876832 0.999999
v 21.014935 14.876832 -1.000001
v 20.980560 14.878707 0.999999
v 20.980560 14.878707 -1.000001
v 20.946602 14.880999 0.999999
v 20.946602 14.880999 -1.000001
v 20.913059 14.883707 0.999999
v 20.913059 14.883707 -1.000001
v 20.879936 14.886832 0.999999
v 20.879936 14.886832 -1.000001
v 20.847227 14.890374 0.999999
v 20.847227 14.890374 -1.000000
v 20.814936 14.894332 0.999999
v 20.814936 14.894332 -1.000000
v 20.783060 14.898707 0.999999
v 20.783060 14.898707 -1.000000
v 20.751602 14.903499 0.999999
v 20.751602 14.903499 -1.000000
v 20.765930 14.999856 0.999999
v 20.765930 14.999856 -1.000000
v 20.788731 15.091022 0.999999
v 20.788731 15.091022 -1.000001
v 20.819727 15.176390 0.999999
v 20.819727 15.176390 -1.000001
v 20.858639 15.255350 0.999999
v 20.858639 15.255350 -1.000001
v 20.905190 15.327298 0.999999
v 20.905190 15.327298 -1.000001
v 20.959101 15.391623 0.999999
v 20.959101 15.391623 -1.000001
v 21.020096 15.447721 0.999999
v 21.020096 15.447721 -1.000001
v 21.087898 15.494980 0.999999
v 21.087898 15.494980 -1.000001
v 21.162228 15.532796 0.999999
v 21.162228 15.532796 -1.000001
v 21.242805 15.560559 0.999999
v 21.242805 15.560559 -1.000001
v 21.329357 15.577662 0.999999
v 21.329357 15.577662 -1.000001
v 21.421602 15.583499 0.999999
v 21.421602 15.583499 -1.000001
v 22.023300 18.404301 0.999999
v 22.023300 18.404301 -1.000001
v 21.907690 18.406578 0.999999
v 21.907690 18.406578 -1.000001
v 21.766212 18.410139 0.999999
v 21.766212 18.410139 -1.000001
v 21.605305 18.414795 0.999999
v 21.605305 18.414795 -1.000001
v 21.431414 18.420353 0.999999
v 21.431414 18.420353 -1.000001
v 21.250977 18.426624 0.999999
v 21.250977 18.426624 -1.000001
v 21.070435 18.433414 0.999999
v 21.070435 18.433414 -1.000001
v 20.896231 18.440536 0.999999
v 20.896231 18.440536 -1.000001
v 20.734804 18.447796 0.999999
v 20.734804 18.447796 -1.000001
v 20.592598 18.455004 0.999999
v 20.592598 18.455004 -1.000001
v 20.476049 18.461969 0.999999
v 20.476049 18.461969 -1.000001
v 20.391602 18.468498 0.999999
v 20.391602 18.468498 -1.000001
v 20.355734 18.471100 0.999999
v 20.355734 18.471100 -1.000001
v 20.322990 18.473892 0.999999
v 20.322990 18.473892 -1.000001
v 20.293163 18.476858 0.999999
v 20.293163 18.476858 -1.000001
v 20.266047 18.479980 0.999999
v 20.266047 18.479980 -1.000001
v 20.241428 18.483242 0.999999
v 20.241428 18.483242 -1.000001
v 20.219101 18.486624 0.999999
v 20.219101 18.486624 -1.000001
v 20.198858 18.490110 0.999999
v 20.198858 18.490110 -1.000001
v 20.180490 18.493685 0.999999
v 20.180490 18.493685 -1.000001
v 20.163788 18.497328 0.999999
v 20.163788 18.497328 -1.000001
v 20.148546 18.501022 0.999999
v 20.148546 18.501022 -1.000001
v 20.134554 18.504751 0.999999
v 20.134554 18.504751 -1.000001
v 20.121601 18.508499 0.999999
v 20.121601 18.508499 -1.000001
v 19.891602 18.218498 0.999999
v 19.891602 18.218498 -1.000001
v 19.914299 18.202244 0.999999
v 19.914299 18.202244 -1.000001
v 19.937342 18.185953 0.999999
v 19.937342 18.185953 -1.000001
v 19.960665 18.169592 0.999999
v 19.960665 18.169592 -1.000001
v 19.984194 18.153130 0.999999
v 19.984194 18.153130 -1.000001
v 20.007862 18.136526 0.999999
v 20.007862 18.136526 -1.000001
v 20.031601 18.119749 0.999999
v 20.031601 18.119749 -1.000001
v 20.055340 18.102764 0.999999
v 20.055340 18.102764 -1.000001
v 20.079010 18.085537 0.999999
v 20.079010 18.085537 -1.000001
v 20.102539 18.068029 0.999999
v 20.102539 18.068029 -1.000001
v 20.125860 18.050213 0.999999
v 20.125860 18.050213 -1.000001
v 20.148905 18.032047 0.999999
v 20.148905 18.032047 -1.000001
v 20.171600 18.013498 0.999999
v 20.171600 18.013498 -1.000001
v 20.242643 17.958248 0.999999
v 20.242643 17.958248 -1.000001
v 20.329102 17.888985 0.999999
v 20.329102 17.888985 -1.000001
v 20.428476 17.807953 0.999999
v 20.428476 17.807953 -1.000001
v 20.538269 17.717388 0.999999
v 20.538269 17.717388 -1.000001
v 20.655977 17.619532 0.999999
v 20.655977 17.619532 -1.000001
v 20.779102 17.516624 0.999999
v 20.779102 17.516624 -1.000001
v 20.905144 17.410904 0.999999
v 20.905144 17.410904 -1.000001
v 21.031601 17.304609 0.999999
v 21.031601 17.304609 -1.000001
v 21.155975 17.199984 0.999999
v 21.155975 17.199984 -1.000001
v 21.275768 17.099262 0.999999
v 21.275768 17.099262 -1.000001
v 21.388477 17.004688 0.999999
v 21.388477 17.004688 -1.000001
v 21.491602 16.918499 0.999999
v 21.491602 16.918499 -1.000001
v 21.433907 16.937370 0.999999
v 21.433907 16.937370 -1.000001
v 21.375885 16.954054 0.999999
v 21.375885 16.954054 -1.000001
v 21.317617 16.968655 0.999999
v 21.317617 16.968655 -1.000001
v 21.259193 16.981277 0.999999
v 21.259193 16.981277 -1.000001
v 21.200703 16.992023 0.999999
v 21.200703 16.992023 -1.000001
v 21.142227 17.000999 0.999999
v 21.142227 17.000999 -1.000001
v 21.083855 17.008308 0.999999
v 21.083855 17.008308 -1.000001
v 21.025677 17.014055 0.999999
v 21.025677 17.014055 -1.000001
v 20.967773 17.018343 0.999999
v 20.967773 17.018343 -1.000001
v 20.910236 17.021276 0.999999
v 20.910236 17.021276 -1.000001
v 20.853149 17.022961 0.999999
v 20.853149 17.022961 -1.000001
v 20.796602 17.023499 0.999999
v 20.796602 17.023499 -1.000001
v 20.594204 17.013269 0.999999
v 20.594204 17.013269 -1.000001
v 20.402851 16.983337 0.999999
v 20.402851 16.983337 -1.000001
v 20.223789 16.934828 0.999999
v 20.223789 16.934826 -1.000001
v 20.058268 16.868870 0.999999
v 20.058268 16.868870 -1.000001
v 19.907537 16.786592 0.999999
v 19.907537 16.786592 -1.000000
v 19.772850 16.689123 0.999999
v 19.772850 16.689123 -1.000000
v 19.655455 16.577593 1.000000
v 19.655455 16.577593 -1.000000
v 19.556601 16.453129 1.000000
v 19.556601 16.453129 -1.000000
v 19.477539 16.316858 1.000000
v 19.477539 16.316858 -1.000000
v 19.419518 16.169910 1.000000
v 19.419518 16.169910 -1.000000
v 19.383789 16.013414 1.000000
v 19.383789 16.013414 -1.000000
v 19.371601 15.848498 1.000000
v 19.371601 15.848498 -1.000000
v 19.385201 15.653322 1.000000
v 19.385201 15.653322 -1.000000
v 19.425396 15.470837 1.000000
v 19.425396 15.470837 -1.000000
v 19.491287 15.301858 1.000000
v 19.491287 15.301858 -1.000000
v 19.581970 15.147202 1.000000
v 19.581970 15.147202 -1.000000
v 19.696543 15.007686 1.000000
v 19.696543 15.007686 -1.000000
v 19.834101 14.884124 1.000000
v 19.834101 14.884124 -1.000000
v 19.993742 14.777332 1.000000
v 19.993742 14.777332 -1.000000
v 20.174564 14.688128 1.000000
v 20.174564 14.688128 -1.000000
v 20.375664 14.617327 1.000000
v 20.375664 14.617327 -1.000000
v 20.596138 14.565744 1.000000
v 20.596138 14.565744 -1.000000
v 20.835085 14.534196 0.999999
v 20.835085 14.534196 -1.000000
v 21.091602 14.523499 0.999999
v 21.091602 14.523499 -1.000001
v 21.255995 14.529543 0.999999
v 21.255995 14.529543 -1.000001
v 21.408823 14.547272 0.999999
v 21.408823 14.547272 -1.000001
v 21.549570 14.576077 0.999999
v 21.549570 14.576077 -1.000001
v 21.677713 14.615351 0.999999
v 21.677713 14.615351 -1.000001
v 21.792730 14.664486 0.999999
v 21.792730 14.664486 -1.000001
v 21.894102 14.722874 0.999999
v 21.894102 14.722874 -1.000001
v 21.981306 14.789907 0.999999
v 21.981306 14.789907 -1.000001
v 22.053823 14.864981 0.999999
v 22.053823 14.864981 -1.000001
v 22.111134 14.947483 0.999999
v 22.111134 14.947483 -1.000001
v 22.152714 15.036809 0.999999
v 22.152714 15.036809 -1.000001
v 22.178043 15.132350 0.999999
v 22.178043 15.132350 -1.000001
v 22.186602 15.233499 0.999999
v 22.186602 15.233499 -1.000001
v 22.180332 15.318763 0.999999
v 22.180332 15.318763 -1.000001
v 22.161858 15.401439 0.999999
v 22.161858 15.401439 -1.000001
v 22.131681 15.480608 0.999999
v 22.131681 15.480608 -1.000001
v 22.090305 15.555351 0.999999
v 22.090305 15.555351 -1.000001
v 22.038237 15.624746 0.999999
v 22.038237 15.624746 -1.000001
v 21.975977 15.687874 0.999999
v 21.975977 15.687874 -1.000001
v 21.904030 15.743814 0.999999
v 21.904030 15.743814 -1.000001
v 21.822899 15.791647 0.999999
v 21.822899 15.791647 -1.000001
v 21.733086 15.830452 0.999999
v 21.733086 15.830452 -1.000001
v 21.635098 15.859309 0.999999
v 21.635098 15.859309 -1.000001
v 21.529434 15.877298 0.999999
v 21.529434 15.877298 -1.000001
v 21.416601 15.883499 0.999999
v 21.416601 15.883499 -1.000001
v 21.266384 15.875156 0.999999
v 21.266384 15.875156 -1.000001
v 21.128197 15.850929 0.999999
v 21.128197 15.850929 -1.000001
v 21.001991 15.812015 0.999999
v 21.001991 15.812015 -1.000001
v 20.887711 15.759610 0.999999
v 20.887711 15.759610 -1.000001
v 20.785307 15.694914 0.999999
v 20.785307 15.694914 -1.000001
v 20.694725 15.619123 0.999999
v 20.694725 15.619123 -1.000001
v 20.615915 15.533438 0.999999
v 20.615915 15.533438 -1.000001
v 20.548822 15.439054 0.999999
v 20.548822 15.439054 -1.000000
v 20.493397 15.337171 0.999999
v 20.493397 15.337171 -1.000000
v 20.449587 15.228985 0.999999
v 20.449587 15.228985 -1.000000
v 20.417339 15.115695 0.999999
v 20.417339 15.115695 -1.000000
v 20.396603 14.998499 1.000000
v 20.396603 14.998499 -1.000000
v 20.300276 15.040052 1.000000
v 20.300276 15.040052 -1.000000
v 20.211416 15.087179 1.000000
v 20.211416 15.087179 -1.000000
v 20.130196 15.139827 1.000000
v 20.130196 15.139827 -1.000000
v 20.056787 15.197944 1.000000
v 20.056787 15.197944 -1.000000
v 19.991364 15.261477 1.000000
v 19.991364 15.261477 -1.000000
v 19.934101 15.330374 1.000000
v 19.934101 15.330374 -1.000000
v 19.885172 15.404584 1.000000
v 19.885172 15.404584 -1.000000
v 19.844749 15.484055 1.000000
v 19.844749 15.484055 -1.000000
v 19.813007 15.568733 1.000000
v 19.813007 15.568733 -1.000000
v 19.790119 15.658568 1.000000
v 19.790119 15.658568 -1.000000
v 19.776260 15.753508 1.000000
v 19.776260 15.753508 -1.000000
v 19.771601 15.853498 1.000000
v 19.771601 15.853498 -1.000000
v 19.781225 15.973354 1.000000
v 19.781225 15.973354 -1.000000
v 19.809425 16.087341 1.000000
v 19.809425 16.087341 -1.000000
v 19.855194 16.194593 1.000000
v 19.855194 16.194593 -1.000000
v 19.917526 16.294239 0.999999
v 19.917526 16.294239 -1.000000
v 19.995415 16.385414 0.999999
v 19.995415 16.385414 -1.000000
v 20.087851 16.467249 0.999999
v 20.087851 16.467249 -1.000001
v 20.193829 16.538876 0.999999
v 20.193829 16.538876 -1.000001
v 20.312342 16.599424 0.999999
v 20.312342 16.599424 -1.000001
v 20.442383 16.648029 0.999999
v 20.442383 16.648029 -1.000001
v 20.582943 16.683823 0.999999
v 20.582943 16.683823 -1.000001
v 20.733019 16.705935 0.999999
v 20.733019 16.705935 -1.000001
v 20.891602 16.713499 0.999999
v 20.891602 16.713499 -1.000001
v 21.092564 16.706141 0.999999
v 21.092564 16.706141 -1.000001
v 21.279287 16.684217 0.999999
v 21.279287 16.684216 -1.000001
v 21.453791 16.647953 0.999999
v 21.453791 16.647951 -1.000001
v 21.618084 16.597572 0.999999
v 21.618084 16.597572 -1.000001
v 21.774183 16.533304 0.999999
v 21.774183 16.533304 -1.000001
v 21.924103 16.455374 0.999999
v 21.924103 16.455374 -1.000001
v 22.069855 16.364006 0.999999
v 22.069855 16.364006 -1.000001
v 22.213453 16.259424 0.999999
v 22.213453 16.259424 -1.000001
v 22.356915 16.141859 0.999999
v 22.356915 16.141859 -1.000001
v 22.502251 16.011532 0.999999
v 22.502251 16.011532 -1.000001
v 22.651474 15.868670 0.999999
v 22.651474 15.868670 -1.000001
v 22.806602 15.713499 0.999999
v 22.806602 15.713499 -1.000001
v 23.091602 16.008499 0.999999
v 23.091602 16.008499 -1.000001
v 22.983498 16.097281 0.999999
v 22.983498 16.097281 -1.000001
v 22.868015 16.192503 0.999999
v 22.868015 16.192503 -1.000001
v 22.747149 16.292484 0.999999
v 22.747149 16.292482 -1.000001
v 22.622898 16.395536 0.999999
v 22.622898 16.395536 -1.000001
v 22.497259 16.499977 0.999999
v 22.497259 16.499977 -1.000001
v 22.372227 16.604124 0.999999
v 22.372227 16.604124 -1.000001
v 22.249800 16.706291 0.999999
v 22.249800 16.706291 -1.000001
v 22.131973 16.804796 0.999999
v 22.131973 16.804794 -1.000001
v 22.020742 16.897953 0.999999
v 22.020742 16.897951 -1.000001
v 21.918106 16.984077 0.999999
v 21.918106 16.984077 -1.000001
v 21.826061 17.061487 0.999999
v 21.826061 17.061487 -1.000001
v 21.746601 17.128498 0.999999
v 21.746601 17.128498 -1.000001
v 21.669828 17.191801 0.999999
v 21.669828 17.191801 -1.000001
v 21.581161 17.265327 0.999999
v 21.581161 17.265327 -1.000001
v 21.483086 17.347015 0.999999
v 21.483086 17.347013 -1.000001
v 21.378084 17.434795 0.999999
v 21.378084 17.434795 -1.000001
v 21.268637 17.526604 0.999999
v 21.268637 17.526604 -1.000001
v 21.157227 17.620375 0.999999
v 21.157227 17.620375 -1.000001
v 21.046339 17.714041 0.999999
v 21.046339 17.714041 -1.000001
v 20.938454 17.805536 0.999999
v 20.938454 17.805536 -1.000001
v 20.836054 17.892796 0.999999
v 20.836054 17.892796 -1.000001
v 20.741625 17.973753 0.999999
v 20.741625 17.973753 -1.000001
v 20.657646 18.046343 0.999999
v 20.657646 18.046343 -1.000001
v 20.586601 18.108500 0.999999
v 20.586601 18.108500 -1.000001
v 20.667313 18.105307 0.999999
v 20.667313 18.105307 -1.000001
v 20.773546 18.100883 0.999999
v 20.773546 18.100883 -1.000001
v 20.900196 18.095451 0.999999
v 20.900196 18.095451 -1.000001
v 21.042158 18.089239 0.999999
v 21.042158 18.089239 -1.000001
v 21.194328 18.082472 0.999999
v 21.194328 18.082472 -1.000001
v 21.351603 18.075375 0.999999
v 21.351603 18.075375 -1.000001
v 21.508877 18.068172 0.999999
v 21.508877 18.068172 -1.000001
v 21.661047 18.061092 0.999999
v 21.661047 18.061092 -1.000001
v 21.803009 18.054358 0.999999
v 21.803009 18.054358 -1.000001
v 21.929657 18.048199 0.999999
v 21.929657 18.048199 -1.000001
v 22.035891 18.042837 0.999999
v 22.035891 18.042837 -1.000001
v 22.116602 18.038500 0.999999
v 22.116602 18.038500 -1.000001
v 22.144197 18.037144 0.999999
v 22.144197 18.037144 -1.000001
v 22.171949 18.035582 0.999999
v 22.171949 18.035582 -1.000001
v 22.199804 18.033812 0.999999
v 22.199804 18.033812 -1.000001
v 22.227713 18.031832 0.999999
v 22.227713 18.031832 -1.000001
v 22.255621 18.029644 0.999999
v 22.255621 18.029644 -1.000001
v 22.283478 18.027248 0.999999
v 22.283478 18.027248 -1.000001
v 22.311228 18.024645 0.999999
v 22.311228 18.024645 -1.000001
v 22.338823 18.021832 0.999999
v 22.338823 18.021832 -1.000001
v 22.366211 18.018812 0.999999
v 22.366211 18.018812 -1.000001
v 22.393337 18.015583 0.999999
v 22.393337 18.015583 -1.000001
v 22.420153 18.012144 0.999999
v 22.420153 18.012144 -1.000001
v 22.446602 18.008499 0.999999
v 22.446602 18.008499 -1.000001
v 22.461601 18.423500 0.999999
v 22.461601 18.423500 -1.000001
v 22.432369 18.419954 0.999999
v 22.432369 18.419954 -1.000001
v 22.402319 18.416809 0.999999
v 22.402319 18.416809 -1.000001
v 22.371679 18.414045 0.999999
v 22.371679 18.414045 -1.000001
v 22.340675 18.411648 0.999999
v 22.340675 18.411648 -1.000001
v 22.309532 18.409595 0.999999
v 22.309532 18.409595 -1.000001
v 22.278477 18.407875 0.999999
v 22.278477 18.407875 -1.000001
v 22.247734 18.406466 0.999999
v 22.247734 18.406466 -1.000001
v 22.217527 18.405352 0.999999
v 22.217527 18.405352 -1.000001
v 22.188086 18.404514 0.999999
v 22.188086 18.404514 -1.000001
v 22.159634 18.403938 0.999999
v 22.159634 18.403938 -1.000001
v 22.132397 18.403606 0.999999
v 22.132397 18.403606 -1.000001
v 22.106602 18.403500 0.999999
v 22.106602 18.403500 -1.000001
vn -0.0000 -0.0000 -1.0000
vn -0.0000 0.0014 -1.0000
vn -0.0000 0.0015 -1.0000
vn -0.0000 0.0003 -1.0000
vn -0.0000 0.0009 -1.0000
vn -0.0000 -0.0002 -1.0000
vn -0.0000 0.0001 -1.0000
vn 1.0000 -0.0000 -0.0000
vn -1.0000 -0.0001 -0.0000
vn 1.0000 0.0001 -0.0000
vn -0.0000 -0.0000 1.0000
vn -0.0000 -0.0014 1.0000
vn -0.0000 -0.0015 1.0000
vn -0.0000 0.0016 1.0000
vn -0.0000 0.0011 1.0000
vn -0.0000 0.0020 1.0000
vn -1.0000 -0.0000 -0.0000
vn -0.3727 0.9280 0.0002
vn -0.3727 -0.9280 -0.0000
vn -0.3726 0.9280 -0.0000
vn -0.3727 0.9280 -0.0000
vn -0.3726 -0.9280 -0.0000
vn -0.3726 0.9280 0.0002
vn 0.3726 -0.9280 0.0002
vn -0.3727 -0.9280 -0.0002
vn 0.3726 0.9280 0.0001
vn 0.3726 -0.9280 -0.0000
vn -0.3727 0.9280 -0.0001
vn 0.3726 0.9280 -0.0000
vn -0.9938 -0.1115 -0.0000
vn -0.9947 -0.1032 -0.0000
vn -0.9928 -0.1195 -0.0000
vn -0.9919 -0.1273 -0.0000
vn -0.9909 -0.1349 -0.0000
vn -0.9898 -0.1423 -0.0000
vn -0.9888 -0.1493 -0.0000
vn -0.9898 -0.1422 -0.0000
vn -0.9877 -0.1562 -0.0000
vn -0.9867 -0.1628 -0.0000
vn -0.9856 -0.1692 -0.0000
vn -0.9845 -0.1753 -0.0000
vn -0.3964 0.9181 -0.0000
vn -0.9845 -0.1752 -0.0000
vn -0.3727 0.9280 -0.0003
vn -0.4526 -0.8917 -0.0000
vn -0.8388 0.5444 -0.0000
vn -0.7897 0.6135 -0.0000
vn -0.7359 0.6771 -0.0000
vn -0.6785 0.7346 -0.0000
vn -0.6185 0.7858 -0.0000
vn -0.5573 0.8303 -0.0000
vn -0.4957 0.8685 -0.0000
vn -0.4343 0.9008 -0.0000
vn -0.3742 0.9273 -0.0000
vn -0.3155 0.9489 -0.0000
vn -0.3742 0.9274 -0.0000
vn -0.2588 0.9659 -0.0000
vn -0.3154 0.9489 -0.0000
vn -0.7569 0.6536 -0.0004
vn -0.7323 -0.6810 -0.0000
vn -0.7569 0.6536 -0.0000
vn -0.7529 -0.6582 -0.0000
vn -0.7698 -0.6383 -0.0000
vn -0.7528 -0.6582 -0.0000
vn -0.7845 -0.6201 -0.0000
vn -0.7699 -0.6382 -0.0000
vn -0.7978 -0.6029 -0.0000
vn -0.8102 -0.5861 -0.0000
vn -0.7978 -0.6030 -0.0000
vn -0.8223 -0.5690 -0.0000
vn -0.8346 -0.5508 -0.0000
vn -0.8224 -0.5690 -0.0000
vn -0.8475 -0.5309 -0.0000
vn -0.8614 -0.5080 -0.0000
vn -0.8770 -0.4805 -0.0000
vn -0.1570 -0.9876 -0.0000
vn 0.2960 -0.9552 -0.0000
vn -0.1570 -0.9876 -0.0001
vn 0.3498 -0.9368 -0.0000
vn 0.4055 -0.9141 -0.0000
vn 0.3500 -0.9368 -0.0000
vn 0.4624 -0.8867 -0.0000
vn 0.4054 -0.9141 -0.0000
vn 0.5196 -0.8544 -0.0000
vn 0.5766 -0.8170 -0.0000
vn 0.6325 -0.7746 -0.0000
vn 0.6865 -0.7272 -0.0000
vn 0.6326 -0.7745 -0.0000
vn 0.7375 -0.6753 -0.0000
vn 0.6864 -0.7272 -0.0000
vn 0.7852 -0.6192 -0.0000
vn 0.7376 -0.6752 -0.0000
vn 0.8283 -0.5603 -0.0000
vn 0.7852 -0.6193 -0.0000
vn -0.0107 -0.9999 -0.0000
vn -0.8821 -0.4711 -0.0000
vn -0.8412 -0.5407 -0.0000
vn -0.8823 -0.4706 -0.0000
vn -0.7918 -0.6108 -0.0000
vn -0.7351 -0.6779 -0.0000
vn -0.6727 -0.7399 -0.0000
vn -0.7352 -0.6778 -0.0000
vn -0.6065 -0.7951 -0.0000
vn -0.5395 -0.8420 -0.0000
vn -0.4731 -0.8810 -0.0000
vn -0.5394 -0.8421 -0.0000
vn -0.4098 -0.9122 -0.0000
vn -0.4732 -0.8810 -0.0000
vn -0.3504 -0.9366 -0.0000
vn -0.4097 -0.9122 -0.0000
vn -0.2960 -0.9552 -0.0000
vn -0.3505 -0.9366 -0.0000
vn 0.1657 -0.9862 -0.0002
vn -0.2959 -0.9552 -0.0000
vn 0.9108 -0.4128 -0.0000
vn 0.1656 -0.9862 -0.0000
vn 0.8918 -0.4524 -0.0000
vn 0.8753 -0.4837 -0.0000
vn 0.8604 -0.5096 -0.0000
vn 0.8752 -0.4837 -0.0000
vn 0.8467 -0.5321 -0.0000
vn 0.8336 -0.5524 -0.0000
vn 0.8205 -0.5716 -0.0000
vn 0.8070 -0.5906 -0.0000
vn 0.7923 -0.6101 -0.0000
vn 0.7757 -0.6311 -0.0000
vn 0.7556 -0.6550 -0.0000
vn 0.7649 0.6442 -0.0000
vn 0.2781 0.9606 -0.0000
vn 0.7649 0.6441 -0.0002
vn 0.3370 0.9415 -0.0000
vn 0.2782 0.9605 -0.0000
vn 0.4017 0.9158 -0.0000
vn 0.3369 0.9415 -0.0000
vn 0.4717 0.8818 -0.0000
vn 0.5454 0.8381 -0.0000
vn 0.4717 0.8817 -0.0000
vn 0.6206 0.7841 -0.0000
vn 0.5455 0.8381 -0.0000
vn 0.6937 0.7203 -0.0000
vn 0.6205 0.7842 -0.0000
vn 0.7615 0.6482 -0.0000
vn 0.8212 0.5706 -0.0000
vn 0.8710 0.4914 -0.0000
vn 0.8213 0.5705 -0.0000
vn 0.9101 0.4144 -0.0000
vn 0.4271 -0.9042 -0.0000
vn 0.9103 0.4140 -0.0000
vn 0.3472 0.9378 -0.0000
vn 0.3727 0.9280 -0.0000
vn 0.9813 0.1925 -0.0000
vn 0.3472 0.9378 -0.0002
vn 0.9837 0.1796 -0.0000
vn 0.9859 0.1676 -0.0000
vn 0.9877 0.1564 -0.0000
vn 0.9893 0.1460 -0.0000
vn 0.9907 0.1364 -0.0000
vn 0.9918 0.1276 -0.0000
vn 0.9907 0.1363 -0.0000
vn 0.9928 0.1195 -0.0000
vn 0.9918 0.1275 -0.0000
vn 0.9937 0.1122 -0.0000
vn 0.9944 0.1057 -0.0000
vn 0.9950 0.0999 -0.0000
vn 0.3603 0.9328 -0.0000
vn 0.9950 0.1000 -0.0000
vn -0.3856 0.9227 -0.0000
vn 0.3603 0.9328 0.0002
vn -0.8131 0.5821 -0.0000
vn -0.8288 0.5596 -0.0000
vn -0.8428 0.5383 -0.0000
vn -0.8555 0.5178 -0.0000
vn -0.8673 0.4977 -0.0000
vn -0.8786 0.4776 -0.0000
vn -0.8895 0.4569 -0.0000
vn -0.9003 0.4353 -0.0000
vn -0.9112 0.4120 -0.0000
vn -0.9224 0.3862 -0.0000
vn -0.9342 0.3568 -0.0000
vn -0.3282 0.9446 -0.0000
vn -0.3690 -0.9294 -0.0000
vn -0.9993 -0.0386 -0.0000
vn -0.3689 -0.9295 -0.0000
vn -0.9982 -0.0604 -0.0000
vn -0.9963 -0.0858 -0.0000
vn -0.9933 -0.1153 -0.0000
vn -0.9888 -0.1490 -0.0000
vn -0.9822 -0.1876 -0.0000
vn -0.9728 -0.2315 -0.0000
vn -0.9596 -0.2813 -0.0000
vn -0.9414 -0.3374 -0.0000
vn -0.9595 -0.2816 -0.0000
vn -0.9163 -0.4005 -0.0000
vn -0.8828 -0.4697 -0.0000
vn -0.9164 -0.4002 -0.0000
vn -0.0463 -0.9989 -0.0000
vn 0.6111 -0.7916 -0.0000
vn -0.0464 -0.9989 -0.0000
vn 0.5804 -0.8143 -0.0000
vn 0.6114 -0.7913 -0.0000
vn 0.5558 -0.8313 -0.0000
vn 0.5351 -0.8448 -0.0000
vn 0.5165 -0.8563 -0.0000
vn 0.4990 -0.8666 -0.0000
vn 0.4814 -0.8765 -0.0000
vn 0.4628 -0.8864 -0.0000
vn 0.4420 -0.8970 -0.0000
vn 0.4629 -0.8864 -0.0000
vn 0.4173 -0.9088 -0.0000
vn 0.4421 -0.8970 -0.0000
vn 0.3856 -0.9227 -0.0000
vn 0.8141 -0.5807 0.0001
vn 0.8813 0.4726 -0.0000
vn 0.8141 -0.5807 -0.0000
vn 0.9179 0.3967 -0.0000
vn 0.8812 0.4727 -0.0000
vn 0.9448 0.3275 -0.0000
vn 0.9639 0.2662 -0.0000
vn 0.9773 0.2121 -0.0000
vn 0.9863 0.1649 -0.0000
vn 0.9923 0.1240 -0.0000
vn 0.9863 0.1648 -0.0000
vn 0.9960 0.0889 -0.0000
vn 0.9923 0.1239 -0.0000
vn 0.9982 0.0592 -0.0000
vn 0.9994 0.0347 -0.0000
vn 0.9999 0.0152 -0.0000
vn 1.0000 0.0034 -0.0000
vn 0.4303 0.9027 -0.0000
vn 0.9150 -0.4034 -0.0000
vn 0.9071 -0.4209 -0.0000
vn 0.8994 -0.4370 -0.0000
vn 0.8919 -0.4523 -0.0000
vn 0.8843 -0.4670 -0.0000
vn 0.8766 -0.4813 -0.0000
vn 0.8687 -0.4954 -0.0000
vn 0.8516 -0.5242 -0.0000
vn 0.8604 -0.5097 -0.0000
vn 0.8421 -0.5393 -0.0000
vn 0.8318 -0.5551 -0.0000
vn 0.8524 0.5230 -0.0000
vn -0.0942 0.9956 0.0001
vn 0.8524 0.5229 -0.0000
vn -0.0942 0.9956 -0.0000
vn 0.3727 -0.9280 -0.0000
vn -0.2127 -0.9771 -0.0000
vn -0.1061 -0.9944 -0.0000
vn -0.1060 -0.9944 -0.0000
vn -0.3188 -0.9478 -0.0000
vn -0.4240 -0.9057 -0.0000
vn -0.3189 -0.9478 -0.0000
vn -0.5270 -0.8499 -0.0000
vn -0.4240 -0.9056 -0.0000
vn -0.6269 -0.7791 -0.0000
vn -0.7219 -0.6920 -0.0000
vn -0.8096 -0.5869 -0.0000
vn -0.8862 -0.4633 -0.0000
vn -0.8096 -0.5870 -0.0000
vn -0.9469 -0.3215 -0.0000
vn -0.9863 -0.1650 -0.0000
vn -1.0000 0.0070 -0.0000
vn -0.9804 0.1969 -0.0000
vn -1.0000 0.0069 -0.0000
vn -0.9217 0.3880 -0.0000
vn -0.9804 0.1968 -0.0000
vn -0.8310 0.5563 -0.0000
vn -0.7218 0.6921 -0.0000
vn -0.6075 0.7943 -0.0000
vn -0.4969 0.8678 -0.0000
vn -0.3941 0.9191 -0.0000
vn -0.3005 0.9538 -0.0000
vn -0.2153 0.9765 -0.0000
vn -0.1380 0.9904 -0.0000
vn -0.2154 0.9765 -0.0000
vn -0.0670 0.9978 -0.0000
vn -0.1379 0.9904 -0.0000
vn -0.0134 0.9999 -0.0000
vn 0.0117 0.9999 -0.0000
vn 0.0236 0.9997 -0.0000
vn 0.0357 0.9994 -0.0000
vn 0.0482 0.9988 -0.0000
vn 0.0609 0.9981 -0.0000
vn 0.0739 0.9973 -0.0000
vn 0.0872 0.9962 -0.0000
vn 0.1008 0.9949 -0.0000
vn 0.1147 0.9934 -0.0000
vn 0.1288 0.9917 -0.0000
vn 0.1433 0.9897 -0.0000
vn 0.5273 0.8497 -0.0000
vn 0.9808 -0.1951 -0.0000
vn 0.5274 0.8496 0.0001
vn 0.9561 -0.2929 -0.0000
vn 0.9807 -0.1954 -0.0000
vn 0.9195 -0.3931 -0.0000
vn 0.9561 -0.2930 -0.0000
vn 0.8690 -0.4948 -0.0000
vn 0.9195 -0.3930 -0.0000
vn 0.8032 -0.5957 -0.0000
vn 0.7212 -0.6927 -0.0000
vn 0.6228 -0.7823 -0.0000
vn 0.7212 -0.6928 -0.0000
vn 0.5100 -0.8602 -0.0000
vn 0.6228 -0.7824 -0.0000
vn 0.3860 -0.9225 -0.0000
vn 0.2561 -0.9666 -0.0000
vn 0.3859 -0.9225 -0.0000
vn 0.1262 -0.9920 -0.0000
vn 0.0048 -1.0000 -0.0000
vn 0.0224 0.9997 -0.0000
vn 0.0147 0.9999 -0.0000
vn 0.0270 0.9996 -0.0000
vn 0.0304 0.9995 -0.0000
vn 0.0333 0.9994 -0.0000
vn 0.0362 0.9993 -0.0000
vn 0.0392 0.9992 -0.0000
vn 0.0429 0.9991 -0.0000
vn 0.0478 0.9989 -0.0000
vn 0.0551 0.9985 -0.0000
vn 0.0684 0.9977 -0.0000
vn 0.0747 0.9972 -0.0000
vn 0.0787 0.9969 -0.0000
vn 0.0920 0.9958 -0.0000
vn 0.1067 0.9943 -0.0000
vn 0.1229 0.9924 -0.0000
vn 0.1406 0.9901 -0.0000
vn 0.1598 0.9872 -0.0000
vn 0.1405 0.9901 -0.0000
vn 0.1804 0.9836 -0.0000
vn 0.1597 0.9872 -0.0000
vn 0.2021 0.9794 -0.0000
vn 0.2243 0.9745 -0.0000
vn 0.2465 0.9691 -0.0000
vn 0.2244 0.9745 -0.0000
vn 0.2673 0.9636 -0.0000
vn 0.2466 0.9691 -0.0000
vn -0.1316 0.9913 -0.0001
vn -0.9694 -0.2454 -0.0000
vn -0.1316 0.9913 -0.0000
vn -0.5798 -0.8148 -0.0000
vn -0.9694 -0.2454 -0.0001
vn -0.5758 -0.8176 -0.0000
vn -0.5797 -0.8148 -0.0000
vn -0.5738 -0.8190 -0.0000
vn -0.5757 -0.8177 -0.0000
vn -0.5795 -0.8150 -0.0000
vn -0.5757 -0.8176 -0.0000
vn -0.5852 -0.8109 -0.0000
vn -0.5927 -0.8054 -0.0000
vn -0.6020 -0.7985 -0.0000
vn -0.6131 -0.7900 -0.0000
vn -0.6260 -0.7798 -0.0000
vn -0.6234 -0.7819 -0.0000
vn -0.6260 -0.7799 -0.0000
vn -0.6196 -0.7849 -0.0000
vn -0.6286 -0.7777 -0.0000
vn -0.6341 -0.7732 -0.0000
vn -0.6378 -0.7702 -0.0000
vn -0.6403 -0.7681 -0.0000
vn -0.6420 -0.7667 -0.0000
vn -0.6430 -0.7658 -0.0000
vn -0.6436 -0.7654 -0.0000
vn -0.6436 -0.7653 -0.0000
vn -0.6432 -0.7657 -0.0000
vn -0.3016 0.9534 0.0004
vn 0.2937 0.9559 -0.0000
vn -0.3016 0.9534 -0.0000
vn 0.2597 0.9657 -0.0000
vn 0.2272 0.9739 -0.0000
vn 0.1960 0.9806 -0.0000
vn 0.2271 0.9739 -0.0000
vn 0.1662 0.9861 -0.0000
vn 0.1380 0.9904 -0.0000
vn 0.1113 0.9938 -0.0000
vn 0.0861 0.9963 -0.0000
vn 0.0624 0.9981 -0.0000
vn 0.0402 0.9992 -0.0000
vn 0.0195 0.9998 -0.0000
vn -0.0205 0.9998 -0.0000
vn -0.1014 0.9948 -0.0000
vn -0.2058 0.9786 -0.0000
vn -0.1013 0.9949 -0.0000
vn -0.3132 0.9497 -0.0000
vn -0.2059 0.9786 -0.0000
vn -0.4220 0.9066 -0.0000
vn -0.5305 0.8477 -0.0000
vn -0.6361 0.7716 -0.0000
vn -0.7355 0.6775 -0.0000
vn -0.8247 0.5656 -0.0000
vn -0.8991 0.4377 -0.0000
vn -0.9548 0.2972 -0.0000
vn -0.9888 0.1491 -0.0000
vn -1.0000 0.0021 -0.0000
vn -0.9888 0.1490 -0.0000
vn -0.9897 -0.1430 -0.0000
vn -0.9566 -0.2914 -0.0000
vn -0.9897 -0.1432 -0.0000
vn -0.8989 -0.4381 -0.0000
vn -0.9566 -0.2915 -0.0000
vn -0.8183 -0.5747 -0.0000
vn -0.7198 -0.6941 -0.0000
vn -0.8183 -0.5748 -0.0000
vn -0.6103 -0.7922 -0.0000
vn -0.4966 -0.8680 -0.0000
vn -0.3845 -0.9231 -0.0000
vn -0.2776 -0.9607 -0.0000
vn -0.3846 -0.9231 -0.0000
vn -0.1778 -0.9841 -0.0000
vn -0.0857 -0.9963 -0.0000
vn -0.1777 -0.9841 -0.0000
vn -0.0025 -1.0000 -0.0000
vn 0.0757 -0.9971 -0.0000
vn 0.1569 -0.9876 -0.0000
vn 0.0755 -0.9971 -0.0000
vn 0.2451 -0.9695 -0.0000
vn 0.1570 -0.9876 -0.0000
vn 0.3407 -0.9402 -0.0000
vn 0.4436 -0.8962 -0.0000
vn 0.5521 -0.8338 -0.0000
vn 0.6630 -0.7486 -0.0000
vn 0.7702 -0.6378 -0.0000
vn 0.8655 -0.5010 -0.0000
vn 0.9395 -0.3426 -0.0000
vn 0.8654 -0.5010 -0.0000
vn 0.9851 -0.1718 -0.0000
vn 1.0000 -0.0055 -0.0000
vn 0.9851 -0.1719 -0.0000
vn 0.9892 0.1467 -0.0000
vn 0.9573 0.2890 -0.0000
vn 0.9892 0.1466 -0.0000
vn 0.9062 0.4229 -0.0000
vn 0.9573 0.2891 -0.0000
vn 0.8381 0.5456 -0.0000
vn 0.7557 0.6549 -0.0000
vn 0.8381 0.5455 -0.0000
vn 0.6618 0.7497 -0.0000
vn 0.5590 0.8292 -0.0000
vn 0.4496 0.8932 -0.0000
vn 0.3366 0.9416 -0.0000
vn 0.2225 0.9749 -0.0000
vn 0.1099 0.9939 -0.0000
vn -0.0003 1.0000 -0.0000
vn -0.1125 0.9937 -0.0000
vn -0.2306 0.9730 -0.0000
vn -0.3524 0.9358 -0.0000
vn -0.2306 0.9731 -0.0000
vn -0.4727 0.8812 -0.0000
vn -0.5861 0.8103 -0.0000
vn -0.4726 0.8813 -0.0000
vn -0.6880 0.7257 -0.0000
vn -0.5860 0.8103 -0.0000
vn -0.7755 0.6313 -0.0000
vn -0.8473 0.5311 -0.0000
vn -0.9036 0.4283 -0.0000
vn -0.9455 0.3258 -0.0000
vn -0.9036 0.4284 -0.0000
vn -0.9744 0.2246 -0.0000
vn -0.9455 0.3257 -0.0000
vn -0.1404 0.9901 -0.0001
vn -0.9745 0.2243 -0.0000
vn 0.4311 0.9023 -0.0000
vn -0.1404 0.9901 -0.0000
vn 0.5052 0.8630 -0.0000
vn 0.4313 0.9022 -0.0000
vn 0.5814 0.8136 -0.0000
vn 0.5051 0.8630 -0.0000
vn 0.6580 0.7530 -0.0000
vn 0.7326 0.6806 -0.0000
vn 0.8022 0.5970 -0.0000
vn 0.7327 0.6806 -0.0000
vn 0.8637 0.5039 -0.0000
vn 0.9149 0.4037 -0.0000
vn 0.8638 0.5039 -0.0000
vn 0.9539 0.3001 -0.0000
vn 0.9148 0.4038 -0.0000
vn 0.9806 0.1959 -0.0000
vn 0.9954 0.0956 -0.0000
vn 0.9999 -0.0168 -0.0000
vn 0.9869 -0.1615 -0.0000
vn 0.9477 -0.3190 -0.0000
vn 0.8853 -0.4651 -0.0000
vn 0.9478 -0.3190 -0.0000
vn 0.8044 -0.5940 -0.0000
vn 0.8853 -0.4650 -0.0000
vn 0.7109 -0.7033 -0.0000
vn 0.8045 -0.5940 -0.0000
vn 0.6098 -0.7925 -0.0000
vn 0.5053 -0.8629 -0.0000
vn 0.6099 -0.7925 -0.0000
vn 0.4001 -0.9165 -0.0000
vn 0.2961 -0.9552 -0.0000
vn 0.1944 -0.9809 -0.0000
vn 0.0959 -0.9954 -0.0000
vn 0.0055 -1.0000 -0.0000
vn 0.0958 -0.9954 -0.0000
vn -0.0762 -0.9971 -0.0000
vn -0.1590 -0.9873 -0.0000
vn -0.0763 -0.9971 -0.0000
vn -0.2466 -0.9691 -0.0000
vn -0.3353 -0.9421 -0.0000
vn -0.4195 -0.9077 -0.0000
vn -0.3352 -0.9421 -0.0000
vn -0.4953 -0.8687 -0.0000
vn -0.5594 -0.8289 -0.0000
vn -0.4952 -0.8688 -0.0000
vn -0.6115 -0.7912 -0.0000
vn -0.6509 -0.7592 -0.0000
vn -0.6797 -0.7335 -0.0000
vn -0.6994 -0.7147 -0.0000
vn 0.0022 -1.0000 -0.0000
vn 0.9945 0.1048 -0.0000
vn 0.0023 -1.0000 -0.0000
vn 0.6354 0.7722 -0.0000
vn 0.6368 0.7710 -0.0000
vn 0.6379 0.7701 -0.0000
vn 0.6388 0.7694 -0.0000
vn 0.6396 0.7687 -0.0000
vn 0.6404 0.7681 -0.0000
vn 0.6411 0.7675 -0.0000
vn 0.6417 0.7669 -0.0000
vn 0.6424 0.7663 -0.0000
vn 0.6432 0.7657 -0.0000
vn 0.6442 0.7649 -0.0000
vn 0.6404 0.7680 -0.0000
vn 0.6373 0.7707 -0.0000
vn 0.6392 0.7691 -0.0000
vn 0.6407 0.7678 -0.0000
vn 0.6420 0.7667 -0.0000
vn 0.6433 0.7656 -0.0000
vn 0.6446 0.7645 -0.0000
vn 0.6461 0.7633 -0.0000
vn 0.6477 0.7619 -0.0000
vn 0.6460 0.7633 -0.0000
vn 0.6497 0.7602 -0.0000
vn 0.6524 0.7579 -0.0000
vn 0.6562 0.7546 -0.0000
vn 0.4906 -0.8714 0.0003
vn -0.0406 -0.9992 -0.0000
vn 0.4906 -0.8714 -0.0000
vn -0.0422 -0.9991 -0.0000
vn -0.0433 -0.9991 -0.0000
vn -0.0441 -0.9990 -0.0000
vn -0.0448 -0.9990 -0.0000
vn -0.0454 -0.9990 -0.0000
vn -0.0461 -0.9989 -0.0000
vn -0.0469 -0.9989 -0.0000
vn -0.0480 -0.9988 -0.0000
vn -0.0495 -0.9988 -0.0000
vn -0.0520 -0.9986 -0.0000
vn -0.0514 -0.9987 -0.0000
vn -0.0526 -0.9986 -0.0000
vn -0.0598 -0.9982 -0.0000
vn -0.0671 -0.9977 -0.0000
vn -0.0745 -0.9972 -0.0000
vn -0.0819 -0.9966 -0.0000
vn -0.0895 -0.9960 -0.0000
vn -0.0974 -0.9952 -0.0000
vn -0.1055 -0.9944 -0.0000
vn -0.1139 -0.9935 -0.0000
vn -0.1227 -0.9924 -0.0000
vn -0.1319 -0.9913 -0.0000
vn 0.2717 -0.9624 -0.0000
vn 0.2897 0.9571 -0.0000
vn -0.1123 0.9937 -0.0000
vn 0.2898 0.9571 -0.0000
vn -0.0970 0.9953 -0.0000
vn -0.0835 0.9965 -0.0000
vn -0.0714 0.9974 -0.0000
vn -0.0605 0.9982 -0.0000
vn -0.0506 0.9987 -0.0000
vn -0.0413 0.9991 -0.0000
vn -0.0326 0.9995 -0.0000
vn -0.0243 0.9997 -0.0000
vn -0.0162 0.9999 -0.0000
vn -0.0082 1.0000 -0.0000
vn 0.0027 1.0000 -0.0000
vn -0.5773 0.5774 0.5774
vn -0.5773 -0.5774 -0.5774
vn -0.5774 -0.5774 0.5773
vn -0.5774 0.5774 -0.5773
vn 0.5774 -0.5774 -0.5773
vn 0.5773 0.5774 -0.5774
vn 0.5773 -0.5774 0.5774
vn 0.5774 0.5774 0.5773
vt 0.406412 0.407596
vt 0.407228 0.404024
vt 0.406479 0.407634
vt 0.406340 0.407558
vt 0.406261 0.407521
vt 0.406175 0.407485
vt 0.406082 0.407452
vt 0.405980 0.407420
vt 0.405868 0.407391
vt 0.405744 0.407363
vt 0.405609 0.407339
vt 0.405461 0.407319
vt 0.405299 0.407302
vt 0.405122 0.407288
vt 0.404705 0.407252
vt 0.404133 0.407227
vt 0.403436 0.407212
vt 0.402646 0.407206
vt 0.401794 0.407207
vt 0.400912 0.407217
vt 0.400031 0.407232
vt 0.394602 0.402780
vt 0.395187 0.407732
vt 0.395050 0.407789
vt 0.399183 0.407253
vt 0.395328 0.407678
vt 0.395473 0.407630
vt 0.398398 0.407278
vt 0.395620 0.407585
vt 0.395768 0.407545
vt 0.397709 0.407306
vt 0.395917 0.407508
vt 0.396064 0.407476
vt 0.397147 0.407337
vt 0.396208 0.407447
vt 0.396350 0.407422
vt 0.396487 0.407401
vt 0.396743 0.407369
vt 0.396618 0.407384
vt 0.394734 0.402811
vt 0.394868 0.402839
vt 0.395004 0.402864
vt 0.395140 0.402887
vt 0.395277 0.402907
vt 0.395415 0.402924
vt 0.395552 0.402939
vt 0.395691 0.402941
vt 0.407098 0.403839
vt 0.395829 0.402940
vt 0.406966 0.403654
vt 0.395967 0.402938
vt 0.406833 0.403469
vt 0.396103 0.402934
vt 0.406700 0.403281
vt 0.396635 0.402941
vt 0.397155 0.402949
vt 0.397776 0.402961
vt 0.398471 0.402974
vt 0.399217 0.402986
vt 0.399987 0.402998
vt 0.406565 0.403093
vt 0.400757 0.402997
vt 0.401501 0.402998
vt 0.402196 0.403001
vt 0.402816 0.403004
vt 0.403336 0.403009
vt 0.403730 0.403011
vt 0.406432 0.402901
vt 0.406298 0.402706
vt 0.403317 0.402293
vt 0.406164 0.402509
vt 0.406031 0.402308
vt 0.405898 0.402103
vt 0.405766 0.401895
vt 0.402830 0.401454
vt 0.396239 0.402934
vt 0.405636 0.401681
vt 0.405230 0.401046
vt 0.402283 0.400519
vt 0.404735 0.400248
vt 0.401691 0.399512
vt 0.404164 0.399315
vt 0.403532 0.398270
vt 0.401066 0.398456
vt 0.402853 0.397142
vt 0.400425 0.397375
vt 0.399782 0.396293
vt 0.402143 0.395955
vt 0.399150 0.395234
vt 0.401415 0.394736
vt 0.398544 0.394221
vt 0.400685 0.393509
vt 0.397979 0.393279
vt 0.399966 0.392302
vt 0.397468 0.392431
vt 0.399275 0.391140
vt 0.397026 0.391702
vt 0.396567 0.390928
vt 0.398624 0.390048
vt 0.396035 0.390035
vt 0.401238 0.390031
vt 0.402482 0.389799
vt 0.401513 0.390012
vt 0.400960 0.390036
vt 0.400678 0.390027
vt 0.400392 0.390000
vt 0.400104 0.389957
vt 0.403376 0.389353
vt 0.399813 0.389895
vt 0.398029 0.389054
vt 0.399520 0.389812
vt 0.399225 0.389709
vt 0.395443 0.389042
vt 0.404190 0.388688
vt 0.398928 0.389582
vt 0.398629 0.389432
vt 0.398330 0.389256
vt 0.404918 0.387819
vt 0.394801 0.387967
vt 0.405558 0.386759
vt 0.394121 0.386830
vt 0.400709 0.386314
vt 0.406103 0.385523
vt 0.399728 0.386315
vt 0.401469 0.386153
vt 0.393415 0.385652
vt 0.398799 0.386133
vt 0.402172 0.385819
vt 0.406548 0.384125
vt 0.397913 0.385773
vt 0.402813 0.385325
vt 0.403390 0.384680
vt 0.397061 0.385238
vt 0.392694 0.384451
vt 0.403897 0.383897
vt 0.396234 0.384532
vt 0.406889 0.382580
vt 0.404331 0.382986
vt 0.395422 0.383658
vt 0.391970 0.383246
vt 0.404689 0.381957
vt 0.394614 0.382621
vt 0.407122 0.380900
vt 0.391254 0.382058
vt 0.404965 0.380823
vt 0.393803 0.381423
vt 0.407241 0.379102
vt 0.405157 0.379593
vt 0.390557 0.380906
vt 0.392978 0.380067
vt 0.405260 0.378278
vt 0.389893 0.379808
vt 0.407241 0.377197
vt 0.392129 0.378559
vt 0.389271 0.378784
vt 0.405271 0.376890
vt 0.407117 0.375202
vt 0.391248 0.376902
vt 0.390325 0.375099
vt 0.405185 0.375440
vt 0.396695 0.376505
vt 0.397967 0.376363
vt 0.397248 0.376530
vt 0.396163 0.376335
vt 0.398609 0.376009
vt 0.395657 0.376031
vt 0.405052 0.374236
vt 0.399177 0.375484
vt 0.406835 0.372853
vt 0.395179 0.375603
vt 0.399673 0.374801
vt 0.394734 0.375062
vt 0.400097 0.373976
vt 0.404879 0.373096
vt 0.394323 0.374419
vt 0.400452 0.373021
vt 0.393952 0.373685
vt 0.404669 0.372022
vt 0.406439 0.370669
vt 0.393623 0.372871
vt 0.396893 0.372914
vt 0.400739 0.371953
vt 0.396622 0.372902
vt 0.397332 0.372799
vt 0.396358 0.372822
vt 0.397732 0.372556
vt 0.396102 0.372677
vt 0.404421 0.371015
vt 0.398092 0.372186
vt 0.395858 0.372472
vt 0.393340 0.371988
vt 0.395626 0.372212
vt 0.400960 0.370784
vt 0.398410 0.371697
vt 0.395411 0.371901
vt 0.398687 0.371097
vt 0.395214 0.371545
vt 0.404138 0.370073
vt 0.393106 0.371046
vt 0.405932 0.368659
vt 0.395039 0.371146
vt 0.398921 0.370393
vt 0.401116 0.369531
vt 0.394888 0.370711
vt 0.403819 0.369200
vt 0.392925 0.370057
vt 0.399110 0.369594
vt 0.394763 0.370243
vt 0.394666 0.369749
vt 0.401209 0.368205
vt 0.403465 0.368394
vt 0.399257 0.368705
vt 0.392800 0.369031
vt 0.394601 0.369231
vt 0.405322 0.366834
vt 0.394564 0.368528
vt 0.403078 0.367657
vt 0.399358 0.367735
vt 0.392729 0.367807
vt 0.401240 0.366824
vt 0.394584 0.367867
vt 0.402658 0.366988
vt 0.399414 0.366691
vt 0.394659 0.367253
vt 0.404613 0.365201
vt 0.402206 0.366389
vt 0.392746 0.366643
vt 0.401211 0.365401
vt 0.394787 0.366686
vt 0.399423 0.365581
vt 0.401724 0.365859
vt 0.394964 0.366171
vt 0.392849 0.365547
vt 0.395188 0.365710
vt 0.403810 0.363771
vt 0.399386 0.364412
vt 0.395457 0.365306
vt 0.393035 0.364526
vt 0.395769 0.364961
vt 0.396121 0.364678
vt 0.399228 0.364369
vt 0.396510 0.364460
vt 0.399069 0.364330
vt 0.398908 0.364297
vt 0.398746 0.364268
vt 0.398582 0.364245
vt 0.396934 0.364310
vt 0.402918 0.362554
vt 0.398417 0.364227
vt 0.398250 0.364215
vt 0.398081 0.364208
vt 0.397911 0.364206
vt 0.397391 0.364230
vt 0.397739 0.364208
vt 0.397566 0.364217
vt 0.393303 0.363588
vt 0.393652 0.362741
vt 0.401944 0.361558
vt 0.394078 0.361991
vt 0.400891 0.360793
vt 0.394581 0.361347
vt 0.399766 0.360269
vt 0.395158 0.360816
vt 0.395808 0.360406
vt 0.398573 0.359994
vt 0.396529 0.360125
vt 0.397319 0.359979
vt 0.376905 0.466990
vt 0.378615 0.468138
vt 0.378383 0.468779
vt 0.378846 0.467469
vt 0.379074 0.466775
vt 0.377075 0.466488
vt 0.379297 0.466065
vt 0.377246 0.465967
vt 0.377416 0.465430
vt 0.379514 0.465343
vt 0.377585 0.464878
vt 0.379723 0.464616
vt 0.377752 0.464317
vt 0.379923 0.463889
vt 0.377916 0.463749
vt 0.380113 0.463170
vt 0.378076 0.463176
vt 0.378231 0.462603
vt 0.380290 0.462463
vt 0.378381 0.462032
vt 0.380454 0.461774
vt 0.378525 0.461466
vt 0.380602 0.461111
vt 0.378662 0.460908
vt 0.380733 0.460479
vt 0.378789 0.460362
vt 0.371072 0.446723
vt 0.372301 0.456330
vt 0.370286 0.459853
vt 0.388168 0.460923
vt 0.386587 0.457185
vt 0.389080 0.445675
vt 0.372783 0.448282
vt 0.387069 0.449138
vt 0.371201 0.444471
vt 0.372997 0.444713
vt 0.373110 0.442351
vt 0.371320 0.442091
vt 0.237239 0.694959
vt 0.239133 0.695596
vt 0.237263 0.695592
vt 0.239109 0.694963
vt 0.237215 0.694332
vt 0.239083 0.694336
vt 0.373210 0.439883
vt 0.371423 0.439606
vt 0.239056 0.693713
vt 0.237189 0.693709
vt 0.239026 0.693096
vt 0.237162 0.693091
vt 0.238995 0.692483
vt 0.237132 0.692478
vt 0.238963 0.691876
vt 0.237101 0.691871
vt 0.373289 0.437333
vt 0.371501 0.437041
vt 0.238928 0.691273
vt 0.237069 0.691269
vt 0.238893 0.690676
vt 0.237033 0.690671
vt 0.238856 0.690083
vt 0.236996 0.690079
vt 0.238817 0.689496
vt 0.236956 0.689491
vt 0.373340 0.434723
vt 0.371547 0.434423
vt 0.238778 0.688914
vt 0.236913 0.688909
vt 0.238737 0.688336
vt 0.236867 0.688332
vt 0.230076 0.684323
vt 0.230066 0.688316
vt 0.246243 0.688354
vt 0.246252 0.684362
vt 0.373358 0.432075
vt 0.371552 0.431775
vt 0.373336 0.429415
vt 0.371508 0.429123
vt 0.236440 0.684271
vt 0.236161 0.682600
vt 0.239038 0.684262
vt 0.239457 0.682466
vt 0.235831 0.681004
vt 0.237861 0.681120
vt 0.239933 0.680772
vt 0.373268 0.426764
vt 0.371409 0.426492
vt 0.237521 0.679405
vt 0.238322 0.679252
vt 0.235445 0.679485
vt 0.240465 0.679182
vt 0.234996 0.678045
vt 0.237131 0.677767
vt 0.238831 0.677492
vt 0.373149 0.424147
vt 0.241054 0.677699
vt 0.371244 0.423907
vt 0.234479 0.676686
vt 0.236685 0.676207
vt 0.241695 0.676322
vt 0.239387 0.675841
vt 0.233887 0.675410
vt 0.372971 0.421586
vt 0.371008 0.421393
vt 0.242388 0.675054
vt 0.236178 0.674727
vt 0.239990 0.674299
vt 0.233217 0.674218
vt 0.243131 0.673897
vt 0.235608 0.673328
vt 0.240638 0.672865
vt 0.232461 0.673113
vt 0.372729 0.419105
vt 0.370691 0.418975
vt 0.243922 0.672853
vt 0.234968 0.672011
vt 0.231614 0.672097
vt 0.241331 0.671542
vt 0.244761 0.671923
vt 0.230670 0.671171
vt 0.234255 0.670777
vt 0.245643 0.671108
vt 0.372417 0.416726
vt 0.370286 0.416677
vt 0.242068 0.670327
vt 0.229623 0.670338
vt 0.246570 0.670411
vt 0.233464 0.669628
vt 0.247537 0.669833
vt 0.242848 0.669223
vt 0.228468 0.669599
vt 0.247437 0.669576
vt 0.232590 0.668565
vt 0.247333 0.669291
vt 0.228554 0.669356
vt 0.247226 0.668982
vt 0.370415 0.416564
vt 0.228644 0.669085
vt 0.370557 0.416425
vt 0.370709 0.416265
vt 0.370869 0.416087
vt 0.371031 0.415894
vt 0.371195 0.415692
vt 0.371357 0.415483
vt 0.371513 0.415271
vt 0.371662 0.415060
vt 0.371798 0.414854
vt 0.371922 0.414658
vt 0.372027 0.414474
vt 0.243670 0.668228
vt 0.228736 0.668791
vt 0.247119 0.668654
vt 0.228830 0.668480
vt 0.247011 0.668312
vt 0.231629 0.667590
vt 0.228921 0.668154
vt 0.246905 0.667960
vt 0.244534 0.667343
vt 0.229011 0.667820
vt 0.246803 0.667603
vt 0.229098 0.667482
vt 0.246704 0.667246
vt 0.230576 0.666702
vt 0.229179 0.667145
vt 0.245438 0.666569
vt 0.246611 0.666893
vt 0.229254 0.666814
vt 0.246526 0.666549
vt 0.229321 0.666494
vt 0.229379 0.666189
vt 0.229427 0.665905
vt 0.246382 0.665905
vt 0.246449 0.666218
vt 0.370286 0.468969
vt 0.372671 0.504976
vt 0.370286 0.510310
vt 0.379705 0.510310
vt 0.379705 0.504976
vt 0.372671 0.492488
vt 0.372671 0.487154
vt 0.379462 0.492488
vt 0.379462 0.487154
vt 0.372671 0.474303
vt 0.379924 0.474303
vt 0.379924 0.468969
vt 0.390614 0.468732
vt 0.390536 0.468779
vt 0.389594 0.464532
vt 0.390699 0.468686
vt 0.390791 0.468642
vt 0.390891 0.468598
vt 0.391001 0.468557
vt 0.391120 0.468518
vt 0.391252 0.468481
vt 0.391397 0.468448
vt 0.391556 0.468417
vt 0.391731 0.468390
vt 0.391922 0.468368
vt 0.392130 0.468349
vt 0.392620 0.468300
vt 0.393296 0.468261
vt 0.394118 0.468232
vt 0.395049 0.468212
vt 0.396054 0.468201
vt 0.397094 0.468197
vt 0.398133 0.468201
vt 0.404465 0.462865
vt 0.404016 0.468779
vt 0.403854 0.468713
vt 0.399135 0.468212
vt 0.403686 0.468653
vt 0.403515 0.468598
vt 0.400060 0.468229
vt 0.403341 0.468547
vt 0.403166 0.468502
vt 0.400873 0.468251
vt 0.402990 0.468462
vt 0.402816 0.468426
vt 0.401536 0.468279
vt 0.402645 0.468394
vt 0.402478 0.468367
vt 0.402316 0.468344
vt 0.402014 0.468310
vt 0.402161 0.468326
vt 0.404309 0.462903
vt 0.404152 0.462938
vt 0.403992 0.462970
vt 0.403832 0.462999
vt 0.403671 0.463025
vt 0.403509 0.463048
vt 0.403347 0.463067
vt 0.402557 0.463138
vt 0.389738 0.464323
vt 0.401821 0.463193
vt 0.389876 0.464122
vt 0.401136 0.463234
vt 0.390010 0.463930
vt 0.400498 0.463263
vt 0.390138 0.463745
vt 0.399904 0.463281
vt 0.399345 0.463298
vt 0.398746 0.463317
vt 0.398075 0.463340
vt 0.397356 0.463362
vt 0.396613 0.463383
vt 0.390266 0.463562
vt 0.395870 0.463393
vt 0.395151 0.463403
vt 0.394480 0.463415
vt 0.393882 0.463426
vt 0.393381 0.463438
vt 0.393000 0.463445
vt 0.390392 0.463375
vt 0.390519 0.463185
vt 0.393389 0.462747
vt 0.390645 0.462993
vt 0.390771 0.462797
vt 0.390896 0.462598
vt 0.391021 0.462395
vt 0.393849 0.461931
vt 0.400347 0.463266
vt 0.391144 0.462187
vt 0.391526 0.461568
vt 0.394364 0.461022
vt 0.391994 0.460793
vt 0.394922 0.460041
vt 0.392533 0.459884
vt 0.393129 0.458868
vt 0.395510 0.459014
vt 0.393769 0.457770
vt 0.396114 0.457963
vt 0.396721 0.456909
vt 0.394438 0.456615
vt 0.397317 0.455879
vt 0.395125 0.455428
vt 0.397888 0.454894
vt 0.395813 0.454235
vt 0.398421 0.453977
vt 0.396490 0.453061
vt 0.398903 0.453152
vt 0.397142 0.451930
vt 0.399320 0.452443
vt 0.399753 0.451690
vt 0.397756 0.450868
vt 0.400254 0.450821
vt 0.395233 0.450886
vt 0.394968 0.450872
vt 0.394030 0.450679
vt 0.395502 0.450887
vt 0.395774 0.450874
vt 0.396049 0.450845
vt 0.396326 0.450800
vt 0.393161 0.450260
vt 0.396607 0.450736
vt 0.398317 0.449901
vt 0.396888 0.450652
vt 0.397172 0.450548
vt 0.400812 0.449854
vt 0.392367 0.449629
vt 0.397457 0.450422
vt 0.397743 0.450274
vt 0.398030 0.450100
vt 0.391652 0.448800
vt 0.401418 0.448808
vt 0.391021 0.447786
vt 0.402059 0.447703
vt 0.395694 0.447293
vt 0.390479 0.446600
vt 0.396641 0.447280
vt 0.394958 0.447147
vt 0.402725 0.446557
vt 0.397535 0.447092
vt 0.394276 0.446834
vt 0.390031 0.445257
vt 0.398385 0.446733
vt 0.393651 0.446365
vt 0.393086 0.445751
vt 0.399200 0.446206
vt 0.403404 0.445388
vt 0.392586 0.445002
vt 0.399989 0.445513
vt 0.389681 0.443770
vt 0.392155 0.444128
vt 0.400762 0.444659
vt 0.404087 0.444216
vt 0.391796 0.443141
vt 0.401527 0.443647
vt 0.389434 0.442153
vt 0.404763 0.443060
vt 0.391515 0.442049
vt 0.402294 0.442480
vt 0.389296 0.440419
vt 0.391313 0.440865
vt 0.405419 0.441938
vt 0.403072 0.441162
vt 0.391196 0.439598
vt 0.406046 0.440870
vt 0.389271 0.438581
vt 0.403871 0.439695
vt 0.406633 0.439875
vt 0.391168 0.438258
vt 0.389363 0.436654
vt 0.404699 0.438084
vt 0.405566 0.436331
vt 0.391231 0.436858
vt 0.399438 0.437773
vt 0.398904 0.437804
vt 0.398209 0.437653
vt 0.399948 0.437602
vt 0.397585 0.437320
vt 0.400433 0.437302
vt 0.391344 0.435694
vt 0.397029 0.436821
vt 0.389604 0.434384
vt 0.400889 0.436882
vt 0.396542 0.436169
vt 0.401312 0.436355
vt 0.396122 0.435377
vt 0.391495 0.434592
vt 0.401699 0.435729
vt 0.395766 0.434461
vt 0.402048 0.435016
vt 0.391683 0.433553
vt 0.389958 0.432270
vt 0.402354 0.434226
vt 0.399200 0.434310
vt 0.395475 0.433434
vt 0.399460 0.434296
vt 0.398774 0.434206
vt 0.399714 0.434215
vt 0.398385 0.433975
vt 0.399959 0.434071
vt 0.391909 0.432577
vt 0.398033 0.433623
vt 0.400193 0.433871
vt 0.402616 0.433370
vt 0.400412 0.433616
vt 0.395246 0.432309
vt 0.397719 0.433156
vt 0.400616 0.433313
vt 0.397444 0.432580
vt 0.400801 0.432966
vt 0.392170 0.431666
vt 0.402829 0.432458
vt 0.390419 0.430324
vt 0.400965 0.432580
vt 0.397209 0.431905
vt 0.395079 0.431101
vt 0.401105 0.432158
vt 0.392467 0.430818
vt 0.402991 0.431501
vt 0.397015 0.431135
vt 0.401220 0.431706
vt 0.401306 0.431226
vt 0.394972 0.429824
vt 0.392797 0.430036
vt 0.396863 0.430280
vt 0.403098 0.430510
vt 0.401362 0.430726
vt 0.390985 0.428554
vt 0.401389 0.430047
vt 0.393161 0.429319
vt 0.396752 0.429345
vt 0.403150 0.429327
vt 0.394923 0.428491
vt 0.401360 0.429410
vt 0.393557 0.428668
vt 0.396685 0.428339
vt 0.401280 0.428817
vt 0.391648 0.426970
vt 0.393985 0.428084
vt 0.403118 0.428204
vt 0.394933 0.427118
vt 0.401149 0.428273
vt 0.396660 0.427268
vt 0.394444 0.427567
vt 0.400972 0.427778
vt 0.403004 0.427148
vt 0.400749 0.427336
vt 0.392404 0.425579
vt 0.396681 0.426139
vt 0.400484 0.426949
vt 0.402811 0.426165
vt 0.400179 0.426620
vt 0.399835 0.426352
vt 0.396832 0.426095
vt 0.399457 0.426147
vt 0.396985 0.426056
vt 0.397140 0.426021
vt 0.397296 0.425992
vt 0.397454 0.425967
vt 0.399045 0.426008
vt 0.393247 0.424393
vt 0.397614 0.425948
vt 0.397775 0.425934
vt 0.397937 0.425924
vt 0.398102 0.425920
vt 0.398603 0.425938
vt 0.398267 0.425921
vt 0.398435 0.425927
vt 0.402540 0.425263
vt 0.402192 0.424450
vt 0.394175 0.423419
vt 0.401771 0.423733
vt 0.395180 0.422666
vt 0.401277 0.423118
vt 0.396259 0.422145
vt 0.400713 0.422613
vt 0.400080 0.422226
vt 0.397406 0.421865
vt 0.399381 0.421964
vt 0.398617 0.421834
vt 0.382461 0.412495
vt 0.380983 0.414284
vt 0.380751 0.413643
vt 0.380520 0.412973
vt 0.380292 0.412280
vt 0.382291 0.411993
vt 0.380069 0.411570
vt 0.382120 0.411472
vt 0.381950 0.410934
vt 0.379852 0.410848
vt 0.381781 0.410383
vt 0.379643 0.410120
vt 0.381614 0.409822
vt 0.379443 0.409394
vt 0.381450 0.409253
vt 0.379253 0.408674
vt 0.381290 0.408681
vt 0.381135 0.408107
vt 0.379076 0.407967
vt 0.380985 0.407536
vt 0.378912 0.407279
vt 0.380841 0.406970
vt 0.378764 0.406616
vt 0.380705 0.406413
vt 0.378633 0.405983
vt 0.380577 0.405867
vt 0.388294 0.392228
vt 0.389080 0.405358
vt 0.387065 0.401835
vt 0.371198 0.406429
vt 0.372779 0.402690
vt 0.370286 0.391180
vt 0.386583 0.393788
vt 0.372297 0.394642
vt 0.388166 0.389976
vt 0.386369 0.390217
vt 0.386256 0.387856
vt 0.388046 0.387596
vt 0.400242 0.498023
vt 0.400218 0.498656
vt 0.398348 0.498660
vt 0.398372 0.498027
vt 0.400266 0.497395
vt 0.398398 0.497400
vt 0.386156 0.385389
vt 0.387943 0.385111
vt 0.398426 0.496777
vt 0.400292 0.496773
vt 0.398454 0.496159
vt 0.400320 0.496155
vt 0.398486 0.495547
vt 0.400349 0.495542
vt 0.398518 0.494940
vt 0.400380 0.494935
vt 0.386078 0.382838
vt 0.387865 0.382546
vt 0.398553 0.494337
vt 0.400412 0.494333
vt 0.398589 0.493740
vt 0.400448 0.493736
vt 0.398625 0.493147
vt 0.400485 0.493143
vt 0.398664 0.492560
vt 0.400525 0.492555
vt 0.386026 0.380227
vt 0.387819 0.379927
vt 0.398703 0.491978
vt 0.400568 0.491973
vt 0.398744 0.491400
vt 0.400614 0.491396
vt 0.407405 0.487387
vt 0.407415 0.491380
vt 0.391239 0.491418
vt 0.391229 0.487426
vt 0.386008 0.377580
vt 0.387814 0.377280
vt 0.386030 0.374920
vt 0.387858 0.374628
vt 0.401041 0.487335
vt 0.401320 0.485664
vt 0.398442 0.487326
vt 0.398024 0.485530
vt 0.401650 0.484068
vt 0.399619 0.484184
vt 0.397548 0.483836
vt 0.386098 0.372269
vt 0.387957 0.371997
vt 0.399959 0.482469
vt 0.399159 0.482316
vt 0.402036 0.482549
vt 0.397015 0.482246
vt 0.402485 0.481109
vt 0.400350 0.480831
vt 0.398650 0.480556
vt 0.386217 0.369652
vt 0.396427 0.480763
vt 0.388122 0.369412
vt 0.403002 0.479750
vt 0.400796 0.479271
vt 0.395786 0.479386
vt 0.398094 0.478905
vt 0.403593 0.478474
vt 0.386395 0.367091
vt 0.388359 0.366897
vt 0.395093 0.478118
vt 0.401302 0.477791
vt 0.397491 0.477363
vt 0.404264 0.477282
vt 0.394349 0.476961
vt 0.401873 0.476392
vt 0.396843 0.475929
vt 0.405020 0.476177
vt 0.386637 0.364610
vt 0.388675 0.364479
vt 0.393559 0.475917
vt 0.402513 0.475075
vt 0.405867 0.475161
vt 0.396150 0.474606
vt 0.392720 0.474987
vt 0.406811 0.474235
vt 0.403226 0.473841
vt 0.391837 0.474172
vt 0.386949 0.362231
vt 0.389080 0.362182
vt 0.395413 0.473392
vt 0.407858 0.473402
vt 0.390911 0.473475
vt 0.404017 0.472692
vt 0.389944 0.472897
vt 0.394633 0.472287
vt 0.409013 0.472663
vt 0.390044 0.472640
vt 0.404891 0.471629
vt 0.390148 0.472355
vt 0.408927 0.472420
vt 0.390255 0.472046
vt 0.388951 0.362069
vt 0.408837 0.472149
vt 0.388809 0.361931
vt 0.388657 0.361770
vt 0.388498 0.361591
vt 0.388335 0.361399
vt 0.388171 0.361197
vt 0.388010 0.360988
vt 0.387853 0.360775
vt 0.387704 0.360565
vt 0.387568 0.360360
vt 0.387445 0.360163
vt 0.387339 0.359979
vt 0.393810 0.471292
vt 0.408744 0.471855
vt 0.390362 0.471718
vt 0.408651 0.471543
vt 0.390470 0.471376
vt 0.405852 0.470654
vt 0.408560 0.471218
vt 0.390575 0.471024
vt 0.392947 0.470407
vt 0.408470 0.470884
vt 0.390678 0.470667
vt 0.408383 0.470546
vt 0.390776 0.470310
vt 0.406905 0.469766
vt 0.408302 0.470209
vt 0.392043 0.469633
vt 0.390869 0.469957
vt 0.408227 0.469878
vt 0.390955 0.469612
vt 0.408160 0.469558
vt 0.408102 0.469253
vt 0.408054 0.468969
vt 0.391099 0.468969
vt 0.391032 0.469282
vt 0.389753 0.468969
vt 0.389753 0.510310
vt 0.387368 0.504976
vt 0.380334 0.510310
vt 0.380334 0.504976
vt 0.387368 0.492488
vt 0.387368 0.487154
vt 0.380577 0.492488
vt 0.380577 0.487154
vt 0.387368 0.474303
vt 0.380115 0.474303
vt 0.380115 0.468969
vt 0.100643 0.553965
vt 0.088156 0.706738
vt 0.088156 0.553965
vt 0.107434 0.553965
vt 0.100643 0.706738
vt 0.112768 0.553965
vt 0.107434 0.706738
vt 0.119559 0.553965
vt 0.112768 0.706738
vt 0.132410 0.553965
vt 0.119559 0.706738
vt 0.139663 0.553965
vt 0.132410 0.706738
vt 0.144997 0.553965
vt 0.139663 0.706738
vt 0.154636 0.553965
vt 0.144997 0.706738
vt 0.195976 0.706738
vt 0.154636 0.706738
vt 0.205396 0.553965
vt 0.195976 0.553965
vt 0.081122 0.553965
vt 0.075788 0.706738
vt 0.075788 0.553965
vt 0.081122 0.706738
vt 0.345777 0.512942
vt 0.345147 0.665715
vt 0.345147 0.512942
vt 0.346402 0.512942
vt 0.345777 0.665715
vt 0.347021 0.512942
vt 0.346402 0.665715
vt 0.347636 0.512942
vt 0.347021 0.665715
vt 0.348246 0.512942
vt 0.347636 0.665715
vt 0.348850 0.512942
vt 0.348246 0.665715
vt 0.349450 0.512942
vt 0.348850 0.665715
vt 0.350045 0.512942
vt 0.349450 0.665715
vt 0.350635 0.512942
vt 0.350045 0.665715
vt 0.351220 0.512942
vt 0.350635 0.665715
vt 0.351799 0.512942
vt 0.351220 0.665715
vt 0.359320 0.512942
vt 0.351799 0.665715
vt 0.232469 0.512942
vt 0.228468 0.665715
vt 0.228468 0.512942
vt 0.239697 0.512942
vt 0.232469 0.665715
vt 0.241545 0.512942
vt 0.239697 0.665715
vt 0.243308 0.512942
vt 0.241545 0.665715
vt 0.244988 0.512942
vt 0.243308 0.665715
vt 0.246588 0.512942
vt 0.244988 0.665715
vt 0.248109 0.512942
vt 0.246588 0.665715
vt 0.249557 0.512942
vt 0.248109 0.665715
vt 0.250935 0.512942
vt 0.249557 0.665715
vt 0.252247 0.512942
vt 0.250935 0.665715
vt 0.253502 0.512942
vt 0.252247 0.665715
vt 0.254706 0.512942
vt 0.253502 0.665715
vt 0.255867 0.512942
vt 0.254706 0.665715
vt 0.256997 0.512942
vt 0.255867 0.665715
vt 0.257274 0.512942
vt 0.256997 0.665715
vt 0.257578 0.512942
vt 0.257274 0.665715
vt 0.257905 0.512942
vt 0.257578 0.665715
vt 0.258251 0.512942
vt 0.257905 0.665715
vt 0.258610 0.512942
vt 0.258251 0.665715
vt 0.258978 0.512942
vt 0.258610 0.665715
vt 0.259350 0.512942
vt 0.258978 0.665715
vt 0.259721 0.512942
vt 0.259350 0.665715
vt 0.260087 0.512942
vt 0.259721 0.665715
vt 0.260443 0.512942
vt 0.260087 0.665715
vt 0.260783 0.512942
vt 0.260443 0.665715
vt 0.261104 0.512942
vt 0.260783 0.665715
vt 0.262260 0.512942
vt 0.261104 0.665715
vt 0.263453 0.512942
vt 0.262260 0.665715
vt 0.264692 0.512942
vt 0.263453 0.665715
vt 0.265984 0.512942
vt 0.264692 0.665715
vt 0.267339 0.512942
vt 0.265984 0.665715
vt 0.268763 0.512942
vt 0.267339 0.665715
vt 0.270261 0.512942
vt 0.268763 0.665715
vt 0.271836 0.512942
vt 0.270261 0.665715
vt 0.273496 0.512942
vt 0.271836 0.665715
vt 0.275241 0.512942
vt 0.273496 0.665715
vt 0.277077 0.512942
vt 0.275241 0.665715
vt 0.279005 0.512942
vt 0.277077 0.665715
vt 0.280757 0.512942
vt 0.279005 0.665715
vt 0.282444 0.512942
vt 0.280757 0.665715
vt 0.284070 0.512942
vt 0.282444 0.665715
vt 0.285637 0.512942
vt 0.284070 0.665715
vt 0.287152 0.512942
vt 0.285637 0.665715
vt 0.288618 0.512942
vt 0.287152 0.665715
vt 0.290046 0.512942
vt 0.288618 0.665715
vt 0.291444 0.512942
vt 0.290046 0.665715
vt 0.292823 0.512942
vt 0.291444 0.665715
vt 0.294195 0.512942
vt 0.292823 0.665715
vt 0.295575 0.512942
vt 0.294195 0.665715
vt 0.296977 0.512942
vt 0.295575 0.665715
vt 0.297265 0.512942
vt 0.296977 0.665715
vt 0.297576 0.512942
vt 0.297265 0.665715
vt 0.297904 0.512942
vt 0.297576 0.665715
vt 0.298244 0.512942
vt 0.297904 0.665715
vt 0.298591 0.512942
vt 0.298244 0.665715
vt 0.298940 0.512942
vt 0.298591 0.665715
vt 0.299287 0.512942
vt 0.298940 0.665715
vt 0.299626 0.512942
vt 0.299287 0.665715
vt 0.299952 0.512942
vt 0.299626 0.665715
vt 0.300261 0.512942
vt 0.299952 0.665715
vt 0.300547 0.512942
vt 0.300261 0.665715
vt 0.300805 0.512942
vt 0.300547 0.665715
vt 0.302179 0.512942
vt 0.300805 0.665715
vt 0.303519 0.512942
vt 0.302179 0.665715
vt 0.304844 0.512942
vt 0.303519 0.665715
vt 0.306170 0.512942
vt 0.304844 0.665715
vt 0.307511 0.512942
vt 0.306170 0.665715
vt 0.308881 0.512942
vt 0.307511 0.665715
vt 0.310291 0.512942
vt 0.308882 0.665715
vt 0.311748 0.512942
vt 0.310291 0.665715
vt 0.313259 0.512942
vt 0.311748 0.665715
vt 0.314829 0.512942
vt 0.313259 0.665715
vt 0.316462 0.512942
vt 0.314829 0.665715
vt 0.318160 0.512942
vt 0.316462 0.665715
vt 0.324537 0.512942
vt 0.318160 0.665715
vt 0.328538 0.512942
vt 0.324537 0.665715
vt 0.335352 0.512942
vt 0.328538 0.665715
vt 0.335933 0.512942
vt 0.335352 0.665715
vt 0.336518 0.512942
vt 0.335933 0.665715
vt 0.337108 0.512942
vt 0.336518 0.665715
vt 0.337703 0.512942
vt 0.337108 0.665715
vt 0.338302 0.512942
vt 0.337703 0.665715
vt 0.338907 0.512942
vt 0.338302 0.665715
vt 0.339517 0.512942
vt 0.338907 0.665715
vt 0.340131 0.512942
vt 0.339517 0.665715
vt 0.340751 0.512942
vt 0.340131 0.665715
vt 0.341375 0.512942
vt 0.340751 0.665715
vt 0.342004 0.512942
vt 0.341375 0.665715
vt 0.342639 0.512942
vt 0.342004 0.665715
vt 0.344513 0.512942
vt 0.342639 0.665715
vt 0.344513 0.665715
vt 0.243869 0.512752
vt 0.243160 0.359979
vt 0.243869 0.359979
vt 0.242431 0.512752
vt 0.243160 0.512752
vt 0.241686 0.359979
vt 0.242431 0.359979
vt 0.240933 0.512752
vt 0.241686 0.512752
vt 0.240176 0.512752
vt 0.240933 0.359979
vt 0.239422 0.512752
vt 0.240176 0.359979
vt 0.238678 0.512752
vt 0.239422 0.359979
vt 0.237949 0.512752
vt 0.238678 0.359979
vt 0.237242 0.512752
vt 0.237949 0.359979
vt 0.236562 0.512752
vt 0.237242 0.359979
vt 0.235916 0.512752
vt 0.236562 0.359979
vt 0.228468 0.512752
vt 0.235916 0.359979
vt 0.354820 0.512752
vt 0.370096 0.359979
vt 0.370096 0.512752
vt 0.338707 0.512752
vt 0.354820 0.359979
vt 0.336343 0.512752
vt 0.338707 0.359979
vt 0.333874 0.512752
vt 0.336343 0.359979
vt 0.331321 0.512752
vt 0.333874 0.359979
vt 0.328710 0.512752
vt 0.331321 0.359979
vt 0.326064 0.512752
vt 0.328710 0.359979
vt 0.323403 0.512752
vt 0.326064 0.359979
vt 0.320751 0.512752
vt 0.323403 0.359979
vt 0.318132 0.512752
vt 0.320751 0.359979
vt 0.315564 0.512752
vt 0.318132 0.359979
vt 0.313071 0.512752
vt 0.315564 0.359979
vt 0.310672 0.512752
vt 0.313071 0.359979
vt 0.308387 0.512752
vt 0.310672 0.359979
vt 0.308174 0.512752
vt 0.308387 0.359979
vt 0.307942 0.512752
vt 0.308174 0.359979
vt 0.307696 0.512752
vt 0.307942 0.359979
vt 0.307438 0.512752
vt 0.307696 0.359979
vt 0.307174 0.512752
vt 0.307438 0.359979
vt 0.306910 0.512752
vt 0.307174 0.359979
vt 0.306650 0.512752
vt 0.306910 0.359979
vt 0.306397 0.512752
vt 0.306650 0.359979
vt 0.306158 0.512752
vt 0.306397 0.359979
vt 0.305938 0.512752
vt 0.306158 0.359979
vt 0.305739 0.512752
vt 0.305938 0.359979
vt 0.305567 0.512752
vt 0.305739 0.359979
vt 0.303235 0.512752
vt 0.305567 0.359979
vt 0.300795 0.512752
vt 0.303235 0.359979
vt 0.298270 0.512752
vt 0.300795 0.359979
vt 0.295680 0.512752
vt 0.298270 0.359979
vt 0.293047 0.512752
vt 0.295680 0.359979
vt 0.290395 0.512752
vt 0.293047 0.359979
vt 0.287747 0.512752
vt 0.290395 0.359979
vt 0.285128 0.512752
vt 0.287747 0.359979
vt 0.282562 0.512752
vt 0.285128 0.359979
vt 0.280075 0.512752
vt 0.282562 0.359979
vt 0.277692 0.512752
vt 0.280075 0.359979
vt 0.275437 0.512752
vt 0.277692 0.359979
vt 0.262283 0.512752
vt 0.275437 0.359979
vt 0.253764 0.512752
vt 0.262283 0.359979
vt 0.253203 0.512752
vt 0.253764 0.359979
vt 0.252629 0.512752
vt 0.253203 0.359979
vt 0.252045 0.512752
vt 0.252629 0.359979
vt 0.251455 0.512752
vt 0.252045 0.359979
vt 0.250861 0.512752
vt 0.251455 0.359979
vt 0.250267 0.512752
vt 0.250861 0.359979
vt 0.249675 0.512752
vt 0.250267 0.359979
vt 0.249089 0.512752
vt 0.249675 0.359979
vt 0.248512 0.512752
vt 0.249089 0.359979
vt 0.247949 0.512752
vt 0.248512 0.359979
vt 0.247400 0.512752
vt 0.247949 0.359979
vt 0.246871 0.512752
vt 0.247400 0.359979
vt 0.244550 0.512752
vt 0.246871 0.359979
vt 0.244550 0.359979
vt 0.381884 0.665715
vt 0.389946 0.512942
vt 0.389946 0.665715
vt 0.367572 0.665715
vt 0.381884 0.512942
vt 0.359511 0.665715
vt 0.367572 0.512942
vt 0.404258 0.512942
vt 0.404258 0.665715
vt 0.225021 0.553965
vt 0.224744 0.706738
vt 0.224744 0.553965
vt 0.225315 0.553965
vt 0.225021 0.706738
vt 0.225634 0.553965
vt 0.225315 0.706738
vt 0.225983 0.553965
vt 0.225634 0.706738
vt 0.226361 0.553965
vt 0.225983 0.706738
vt 0.226769 0.553965
vt 0.226361 0.706738
vt 0.227204 0.553965
vt 0.226769 0.706738
vt 0.227665 0.553965
vt 0.227204 0.706738
vt 0.228150 0.553965
vt 0.227665 0.706738
vt 0.206091 0.553965
vt 0.205586 0.706738
vt 0.205586 0.553965
vt 0.206613 0.553965
vt 0.206091 0.706738
vt 0.207318 0.553965
vt 0.206613 0.706738
vt 0.207979 0.553965
vt 0.207318 0.706738
vt 0.208599 0.553965
vt 0.207979 0.706738
vt 0.209180 0.553965
vt 0.208599 0.706738
vt 0.209725 0.553965
vt 0.209180 0.706738
vt 0.210238 0.553965
vt 0.209725 0.706738
vt 0.210724 0.553965
vt 0.210238 0.706738
vt 0.211189 0.553965
vt 0.210724 0.706738
vt 0.211641 0.553965
vt 0.211189 0.706738
vt 0.212087 0.553965
vt 0.211641 0.706738
vt 0.212537 0.553965
vt 0.212087 0.706738
vt 0.213002 0.553965
vt 0.212537 0.706738
vt 0.213177 0.553965
vt 0.213002 0.706738
vt 0.213351 0.553965
vt 0.213177 0.706738
vt 0.213522 0.553965
vt 0.213351 0.706738
vt 0.213693 0.553965
vt 0.213522 0.706738
vt 0.213861 0.553965
vt 0.213693 0.706738
vt 0.214029 0.553965
vt 0.213862 0.706738
vt 0.214196 0.553965
vt 0.214029 0.706738
vt 0.214361 0.553965
vt 0.214196 0.706738
vt 0.214526 0.553965
vt 0.214361 0.706738
vt 0.214691 0.553965
vt 0.214526 0.706738
vt 0.214854 0.553965
vt 0.214691 0.706738
vt 0.215018 0.553965
vt 0.214854 0.706738
vt 0.216189 0.553965
vt 0.215018 0.706738
vt 0.217300 0.706738
vt 0.216189 0.706738
vt 0.218345 0.553965
vt 0.217300 0.553965
vt 0.219321 0.553965
vt 0.218345 0.706738
vt 0.220222 0.553965
vt 0.219321 0.706738
vt 0.221045 0.553965
vt 0.220222 0.706738
vt 0.221787 0.553965
vt 0.221045 0.706738
vt 0.222448 0.553965
vt 0.221787 0.706738
vt 0.223033 0.553965
vt 0.222448 0.706738
vt 0.223550 0.553965
vt 0.223033 0.706738
vt 0.224019 0.553965
vt 0.223550 0.706738
vt 0.224473 0.553965
vt 0.224019 0.706738
vt 0.224473 0.706738
vt 0.228278 0.544502
vt 0.075788 0.543939
vt 0.228278 0.543939
vt 0.228278 0.545191
vt 0.075788 0.544502
vt 0.228278 0.545975
vt 0.075788 0.545191
vt 0.228278 0.546822
vt 0.075788 0.545975
vt 0.228278 0.547702
vt 0.075788 0.546822
vt 0.228278 0.548583
vt 0.075788 0.547702
vt 0.228278 0.549434
vt 0.075788 0.548583
vt 0.228278 0.550223
vt 0.075788 0.549434
vt 0.228278 0.550920
vt 0.075788 0.550223
vt 0.228278 0.551492
vt 0.075788 0.550920
vt 0.228278 0.551910
vt 0.075788 0.551492
vt 0.228278 0.552087
vt 0.075788 0.551910
vt 0.228278 0.552250
vt 0.075788 0.552087
vt 0.228278 0.552402
vt 0.075788 0.552250
vt 0.228278 0.552555
vt 0.075788 0.552402
vt 0.228278 0.552708
vt 0.075788 0.552555
vt 0.228278 0.552860
vt 0.075788 0.552708
vt 0.228278 0.553012
vt 0.075788 0.552860
vt 0.228278 0.553165
vt 0.075788 0.553012
vt 0.228278 0.553318
vt 0.075788 0.553165
vt 0.228277 0.553470
vt 0.075788 0.553318
vt 0.228277 0.553622
vt 0.075788 0.553470
vt 0.228277 0.553775
vt 0.075788 0.553622
vt 0.228278 0.363662
vt 0.075788 0.359979
vt 0.228278 0.359979
vt 0.228278 0.363887
vt 0.075788 0.363662
vt 0.228278 0.364114
vt 0.075788 0.363887
vt 0.228278 0.364342
vt 0.075788 0.364114
vt 0.228278 0.364572
vt 0.075788 0.364342
vt 0.228278 0.364803
vt 0.075788 0.364572
vt 0.228278 0.365037
vt 0.075788 0.364803
vt 0.228278 0.365272
vt 0.075788 0.365037
vt 0.228278 0.365511
vt 0.075788 0.365272
vt 0.228278 0.365751
vt 0.075788 0.365511
vt 0.228278 0.365995
vt 0.075788 0.365751
vt 0.228278 0.366242
vt 0.075788 0.365995
vt 0.228278 0.366492
vt 0.075788 0.366242
vt 0.228278 0.367244
vt 0.075788 0.366492
vt 0.228278 0.368181
vt 0.075788 0.367244
vt 0.228278 0.369274
vt 0.075788 0.368181
vt 0.228278 0.370493
vt 0.075788 0.369274
vt 0.228278 0.371808
vt 0.075788 0.370493
vt 0.228278 0.373190
vt 0.075788 0.371808
vt 0.228278 0.374609
vt 0.075788 0.373190
vt 0.228278 0.376034
vt 0.075788 0.374609
vt 0.228278 0.377437
vt 0.075788 0.376034
vt 0.228278 0.378787
vt 0.075788 0.377437
vt 0.228278 0.380056
vt 0.075788 0.378787
vt 0.228278 0.381213
vt 0.075788 0.380056
vt 0.228278 0.381575
vt 0.075788 0.381213
vt 0.228278 0.381921
vt 0.075788 0.381575
vt 0.228278 0.382255
vt 0.075788 0.381921
vt 0.228278 0.382578
vt 0.075788 0.382255
vt 0.228278 0.382890
vt 0.075788 0.382578
vt 0.228278 0.383194
vt 0.075788 0.382890
vt 0.228278 0.383491
vt 0.075788 0.383194
vt 0.228278 0.383783
vt 0.075788 0.383491
vt 0.228278 0.384068
vt 0.075788 0.383783
vt 0.228278 0.384350
vt 0.075788 0.384068
vt 0.228278 0.384629
vt 0.075788 0.384350
vt 0.228278 0.384903
vt 0.075788 0.384629
vt 0.228278 0.385894
vt 0.075788 0.384903
vt 0.228278 0.386892
vt 0.075788 0.385894
vt 0.228278 0.387942
vt 0.075788 0.386892
vt 0.228278 0.389075
vt 0.075788 0.387942
vt 0.228278 0.390311
vt 0.075788 0.389075
vt 0.228278 0.391660
vt 0.075788 0.390311
vt 0.228278 0.393125
vt 0.075788 0.391660
vt 0.228278 0.394706
vt 0.075788 0.393125
vt 0.228278 0.396399
vt 0.075788 0.394706
vt 0.228278 0.398199
vt 0.075788 0.396399
vt 0.228278 0.400101
vt 0.075788 0.398199
vt 0.228278 0.402097
vt 0.075788 0.400101
vt 0.228278 0.404460
vt 0.075788 0.402097
vt 0.228278 0.406677
vt 0.075788 0.404460
vt 0.228278 0.408747
vt 0.075788 0.406677
vt 0.228278 0.410670
vt 0.075788 0.408747
vt 0.228278 0.412447
vt 0.075788 0.410670
vt 0.228278 0.414085
vt 0.075788 0.412447
vt 0.228278 0.415592
vt 0.075788 0.414085
vt 0.228278 0.416984
vt 0.075788 0.415592
vt 0.228278 0.418284
vt 0.075788 0.416984
vt 0.228278 0.419524
vt 0.075788 0.418284
vt 0.075788 0.420746
vt 0.075788 0.419524
vt 0.228278 0.420746
vt 0.075788 0.421999
vt 0.228278 0.422801
vt 0.228278 0.421999
vt 0.228278 0.423573
vt 0.075788 0.422801
vt 0.228278 0.424341
vt 0.075788 0.423573
vt 0.228278 0.425125
vt 0.075788 0.424341
vt 0.228278 0.425941
vt 0.075788 0.425125
vt 0.228278 0.426802
vt 0.075788 0.425941
vt 0.228278 0.427717
vt 0.075788 0.426802
vt 0.228278 0.428691
vt 0.075788 0.427717
vt 0.228278 0.429728
vt 0.075788 0.428691
vt 0.228278 0.430827
vt 0.075788 0.429728
vt 0.228278 0.431990
vt 0.075788 0.430827
vt 0.228278 0.433215
vt 0.075788 0.431990
vt 0.228278 0.434247
vt 0.075788 0.433215
vt 0.228278 0.435252
vt 0.075788 0.434247
vt 0.228278 0.436221
vt 0.075788 0.435252
vt 0.228278 0.437148
vt 0.075788 0.436221
vt 0.228278 0.438025
vt 0.075788 0.437147
vt 0.228278 0.438846
vt 0.075788 0.438024
vt 0.228278 0.439608
vt 0.075788 0.438846
vt 0.228278 0.440308
vt 0.075788 0.439608
vt 0.228278 0.440949
vt 0.075788 0.440308
vt 0.228278 0.441540
vt 0.075788 0.440949
vt 0.228278 0.442097
vt 0.075788 0.441540
vt 0.228278 0.442651
vt 0.075788 0.442097
vt 0.228278 0.443388
vt 0.075788 0.442651
vt 0.228278 0.444120
vt 0.075788 0.443388
vt 0.228278 0.444893
vt 0.075788 0.444120
vt 0.228278 0.445736
vt 0.075788 0.444893
vt 0.228278 0.446664
vt 0.075788 0.445736
vt 0.228278 0.447681
vt 0.075788 0.446664
vt 0.228278 0.448786
vt 0.075788 0.447681
vt 0.228278 0.449974
vt 0.075788 0.448786
vt 0.228278 0.451236
vt 0.075788 0.449974
vt 0.228278 0.452562
vt 0.075788 0.451236
vt 0.228278 0.453942
vt 0.075788 0.452562
vt 0.228278 0.455364
vt 0.075788 0.453942
vt 0.228278 0.456051
vt 0.075788 0.455364
vt 0.228278 0.456766
vt 0.075788 0.456051
vt 0.228278 0.457516
vt 0.075788 0.456766
vt 0.228278 0.458304
vt 0.075788 0.457516
vt 0.228278 0.459136
vt 0.075788 0.458304
vt 0.228278 0.460015
vt 0.075788 0.459136
vt 0.228278 0.460944
vt 0.075788 0.460015
vt 0.228278 0.461926
vt 0.075788 0.460944
vt 0.228278 0.462962
vt 0.075788 0.461926
vt 0.228278 0.464054
vt 0.075788 0.462962
vt 0.228278 0.465206
vt 0.075788 0.464054
vt 0.228278 0.466416
vt 0.075788 0.465206
vt 0.228278 0.467867
vt 0.075788 0.466416
vt 0.228278 0.469253
vt 0.075788 0.467867
vt 0.228278 0.470570
vt 0.075788 0.469253
vt 0.075788 0.471813
vt 0.075788 0.470570
vt 0.228278 0.472979
vt 0.228278 0.471813
vt 0.075788 0.474066
vt 0.075788 0.472979
vt 0.228278 0.475075
vt 0.228278 0.474066
vt 0.228278 0.476007
vt 0.075788 0.475075
vt 0.228278 0.476870
vt 0.075788 0.476007
vt 0.228278 0.477679
vt 0.075788 0.476870
vt 0.228278 0.478455
vt 0.075788 0.477679
vt 0.228278 0.479232
vt 0.075788 0.478455
vt 0.228278 0.480212
vt 0.075788 0.479232
vt 0.228278 0.481157
vt 0.075788 0.480212
vt 0.228278 0.482112
vt 0.075788 0.481157
vt 0.228278 0.483116
vt 0.075788 0.482112
vt 0.228278 0.484203
vt 0.075788 0.483116
vt 0.228278 0.485394
vt 0.075788 0.484203
vt 0.228278 0.486707
vt 0.075788 0.485394
vt 0.228278 0.488152
vt 0.075788 0.486707
vt 0.228278 0.489737
vt 0.075788 0.488152
vt 0.228278 0.491465
vt 0.075788 0.489736
vt 0.228278 0.493339
vt 0.075788 0.491465
vt 0.228278 0.495363
vt 0.075788 0.493339
vt 0.228278 0.499191
vt 0.075788 0.495363
vt 0.228278 0.500387
vt 0.075788 0.499191
vt 0.228278 0.501669
vt 0.075788 0.500387
vt 0.228278 0.503014
vt 0.075788 0.501669
vt 0.228278 0.504399
vt 0.075788 0.503014
vt 0.228278 0.505803
vt 0.075788 0.504399
vt 0.228278 0.507202
vt 0.075788 0.505803
vt 0.228278 0.508574
vt 0.075788 0.507202
vt 0.228278 0.509896
vt 0.075788 0.508574
vt 0.228278 0.511146
vt 0.075788 0.509896
vt 0.228278 0.512302
vt 0.075788 0.511146
vt 0.228278 0.513340
vt 0.075788 0.512302
vt 0.228278 0.514238
vt 0.075788 0.513340
vt 0.228278 0.515090
vt 0.075788 0.514238
vt 0.228278 0.516078
vt 0.075788 0.515090
vt 0.228278 0.517175
vt 0.075788 0.516078
vt 0.228278 0.518354
vt 0.075788 0.517175
vt 0.228278 0.519586
vt 0.075788 0.518354
vt 0.228278 0.520843
vt 0.075788 0.519586
vt 0.228278 0.522098
vt 0.075788 0.520843
vt 0.228278 0.523323
vt 0.075788 0.522098
vt 0.228278 0.524490
vt 0.075788 0.523323
vt 0.228278 0.525572
vt 0.075788 0.524490
vt 0.228278 0.526541
vt 0.075788 0.525572
vt 0.228278 0.527368
vt 0.075788 0.526541
vt 0.228278 0.527763
vt 0.075788 0.527368
vt 0.228278 0.528282
vt 0.075788 0.527763
vt 0.228278 0.528900
vt 0.075788 0.528282
vt 0.228278 0.529594
vt 0.075788 0.528900
vt 0.228278 0.530338
vt 0.075788 0.529594
vt 0.228278 0.531107
vt 0.075788 0.530338
vt 0.228278 0.531876
vt 0.075788 0.531107
vt 0.228278 0.532620
vt 0.075788 0.531876
vt 0.228278 0.533315
vt 0.075788 0.532620
vt 0.228278 0.533935
vt 0.075788 0.533315
vt 0.228278 0.534455
vt 0.075788 0.533935
vt 0.228278 0.534851
vt 0.075788 0.534455
vt 0.228278 0.535003
vt 0.075788 0.534851
vt 0.228278 0.535155
vt 0.075788 0.535003
vt 0.228278 0.535308
vt 0.075788 0.535155
vt 0.228278 0.535461
vt 0.075788 0.535308
vt 0.228278 0.535613
vt 0.075788 0.535461
vt 0.228278 0.535765
vt 0.075788 0.535613
vt 0.228278 0.535918
vt 0.075788 0.535765
vt 0.228278 0.536071
vt 0.075788 0.535918
vt 0.228278 0.536223
vt 0.075788 0.536071
vt 0.228278 0.536375
vt 0.075788 0.536223
vt 0.228278 0.536528
vt 0.075788 0.536375
vt 0.228278 0.536681
vt 0.075788 0.536528
vt 0.228278 0.541703
vt 0.075788 0.536681
vt 0.228278 0.541856
vt 0.075788 0.541703
vt 0.228278 0.542008
vt 0.075788 0.541856
vt 0.228278 0.542160
vt 0.075788 0.542008
vt 0.228278 0.542314
vt 0.075788 0.542160
vt 0.228278 0.542467
vt 0.075788 0.542314
vt 0.228278 0.542620
vt 0.075788 0.542467
vt 0.228278 0.542772
vt 0.075788 0.542620
vt 0.228278 0.542925
vt 0.075788 0.542772
vt 0.228278 0.543077
vt 0.075788 0.542925
vt 0.228278 0.543230
vt 0.075788 0.543077
vt 0.228278 0.543382
vt 0.075788 0.543230
vt 0.228278 0.543534
vt 0.075788 0.543382
vt 0.075788 0.543534
vt 0.820036 0.390725
vt 0.910465 0.487525
vt 0.820036 0.487525
vt 0.893113 0.565830
vt 0.820036 0.487604
vt 0.893113 0.487604
vt 0.639097 0.487525
vt 0.729527 0.584324
vt 0.639097 0.584324
vt 0.729527 0.487525
vt 0.819956 0.584324
vt 0.729527 0.681124
vt 0.639097 0.681124
vt 0.639097 0.390725
vt 0.205396 0.706738
vt 0.359320 0.665715
vt 0.228468 0.359979
vt 0.359511 0.512942
vt 0.228150 0.706738
vt 0.075788 0.553775
vt 0.910465 0.390725
vt 0.820036 0.565830
vt 0.819956 0.487525
vt 0.729527 0.390725
s 1
usemtl マテリアル.004
f 79/1/1 81/2/1 80/3/1
f 78/4/1 81/2/1 79/1/1
f 77/5/1 81/2/1 78/4/1
f 76/6/1 81/2/1 77/5/1
f 75/7/1 81/2/1 76/6/1
f 74/8/1 81/2/1 75/7/1
f 73/9/1 81/2/1 74/8/1
f 72/10/1 81/2/1 73/9/1
f 71/11/1 81/2/1 72/10/1
f 70/12/1 81/2/1 71/11/1
f 69/13/1 81/2/1 70/12/1
f 68/14/1 81/2/1 69/13/1
f 67/15/1 81/2/1 68/14/1
f 66/16/1 81/2/1 67/15/1
f 65/17/1 81/2/1 66/16/1
f 64/18/1 81/2/1 65/17/1
f 63/19/1 81/2/1 64/18/1
f 62/20/1 81/2/1 63/19/1
f 61/21/1 81/2/1 62/20/1
f 262/22/1 264/23/1 263/24/1
f 60/25/1 81/2/1 61/21/1
f 262/22/1 265/26/1 264/23/1
f 262/22/1 266/27/1 265/26/1
f 59/28/1 81/2/1 60/25/1
f 262/22/1 267/29/1 266/27/1
f 262/22/1 268/30/1 267/29/1
f 58/31/1 81/2/1 59/28/1
f 262/22/1 269/32/1 268/30/1
f 262/22/1 270/33/1 269/32/1
f 57/34/1 81/2/1 58/31/1
f 262/22/1 271/35/1 270/33/1
f 262/22/1 272/36/1 271/35/1
f 262/22/1 273/37/1 272/36/1
f 275/38/1 81/2/1 57/34/1
f 262/22/1 274/39/1 273/37/1
f 262/22/1 275/38/1 274/39/1
f 262/22/1 261/40/1 275/38/1
f 261/40/1 260/41/1 275/38/1
f 260/41/1 259/42/1 275/38/1
f 259/42/1 258/43/1 275/38/1
f 258/43/1 257/44/1 275/38/1
f 257/44/1 256/45/1 275/38/1
f 256/45/1 255/46/1 275/38/1
f 255/46/1 81/2/1 275/38/1
f 255/46/1 254/47/2 81/2/1
f 254/47/2 82/48/3 81/2/1
f 254/47/2 253/49/2 82/48/3
f 253/49/2 83/50/1 82/48/3
f 253/49/2 252/51/1 83/50/1
f 252/51/1 84/52/1 83/50/1
f 252/51/1 251/53/1 84/52/1
f 251/53/1 85/54/1 84/52/1
f 251/53/1 249/55/1 85/54/1
f 249/55/1 248/56/1 85/54/1
f 248/56/1 247/57/1 85/54/1
f 247/57/1 246/58/1 85/54/1
f 246/58/1 245/59/1 85/54/1
f 245/59/1 244/60/1 85/54/1
f 244/60/1 86/61/4 85/54/1
f 244/60/1 243/62/5 86/61/4
f 243/62/5 242/63/5 86/61/4
f 242/63/5 241/64/1 86/61/4
f 241/64/1 240/65/1 86/61/4
f 240/65/1 239/66/1 86/61/4
f 239/66/1 238/67/1 86/61/4
f 238/67/1 87/68/1 86/61/4
f 238/67/1 88/69/1 87/68/1
f 237/70/1 88/69/1 238/67/1
f 237/70/1 89/71/1 88/69/1
f 237/70/1 90/72/1 89/71/1
f 237/70/1 91/73/1 90/72/1
f 237/70/1 92/74/1 91/73/1
f 236/75/1 92/74/1 237/70/1
f 251/53/1 250/76/1 249/55/1
f 236/75/1 93/77/1 92/74/1
f 236/75/1 94/78/1 93/77/1
f 235/79/1 94/78/1 236/75/1
f 235/79/1 95/80/1 94/78/1
f 234/81/1 95/80/1 235/79/1
f 234/81/1 96/82/1 95/80/1
f 234/81/1 97/83/1 96/82/1
f 233/84/1 97/83/1 234/81/1
f 233/84/1 98/85/1 97/83/1
f 232/86/1 98/85/1 233/84/1
f 231/87/1 98/85/1 232/86/1
f 231/87/1 99/88/1 98/85/1
f 230/89/1 99/88/1 231/87/1
f 230/89/1 100/90/1 99/88/1
f 229/91/1 100/90/1 230/89/1
f 229/91/1 101/92/1 100/90/1
f 228/93/1 101/92/1 229/91/1
f 228/93/1 102/94/1 101/92/1
f 227/95/1 102/94/1 228/93/1
f 227/95/1 103/96/1 102/94/1
f 226/97/1 103/96/1 227/95/1
f 225/98/1 103/96/1 226/97/1
f 225/98/1 104/99/1 103/96/1
f 224/100/1 104/99/1 225/98/1
f 116/101/1 118/102/1 117/103/1
f 115/104/1 118/102/1 116/101/1
f 114/105/1 118/102/1 115/104/1
f 113/106/1 118/102/1 114/105/1
f 112/107/1 118/102/1 113/106/1
f 112/107/1 119/108/1 118/102/1
f 111/109/1 119/108/1 112/107/1
f 224/100/1 105/110/1 104/99/1
f 110/111/1 119/108/1 111/109/1
f 109/112/1 119/108/1 110/111/1
f 223/113/1 105/110/1 224/100/1
f 109/112/1 120/114/1 119/108/1
f 108/115/1 120/114/1 109/112/1
f 107/116/1 120/114/1 108/115/1
f 106/117/1 120/114/1 107/116/1
f 105/110/1 120/114/1 106/117/1
f 105/110/1 121/118/1 120/114/1
f 223/113/1 121/118/1 105/110/1
f 222/119/1 121/118/1 223/113/1
f 222/119/1 122/120/1 121/118/1
f 221/121/1 122/120/1 222/119/1
f 221/121/1 201/122/1 122/120/1
f 201/122/1 123/123/1 122/120/1
f 221/121/1 202/124/1 201/122/1
f 200/125/1 123/123/1 201/122/1
f 220/126/1 202/124/1 221/121/1
f 220/126/1 203/127/1 202/124/1
f 199/128/1 123/123/1 200/125/1
f 199/128/1 124/129/1 123/123/1
f 220/126/1 204/130/1 203/127/1
f 198/131/1 124/129/1 199/128/1
f 197/132/1 124/129/1 198/131/1
f 220/126/1 205/133/1 204/130/1
f 219/134/1 205/133/1 220/126/1
f 196/135/1 124/129/1 197/132/1
f 219/134/1 206/136/1 205/133/1
f 196/135/1 125/137/1 124/129/1
f 195/138/1 125/137/1 196/135/1
f 219/134/1 207/139/1 206/136/1
f 218/140/1 207/139/1 219/134/1
f 194/141/1 125/137/1 195/138/1
f 218/140/1 208/142/1 207/139/1
f 194/141/1 126/143/1 125/137/1
f 217/144/1 208/142/1 218/140/1
f 193/145/1 126/143/1 194/141/1
f 217/144/1 209/146/1 208/142/1
f 193/145/1 127/147/1 126/143/1
f 192/148/1 127/147/1 193/145/1
f 216/149/1 209/146/1 217/144/1
f 216/149/1 210/150/1 209/146/1
f 191/151/1 127/147/1 192/148/1
f 215/152/1 210/150/1 216/149/1
f 191/151/1 128/153/1 127/147/1
f 215/152/1 211/154/1 210/150/1
f 214/155/1 211/154/1 215/152/1
f 190/156/1 128/153/1 191/151/1
f 190/156/1 129/157/1 128/153/1
f 214/155/1 212/158/1 211/154/1
f 213/159/1 212/158/1 214/155/1
f 189/160/1 129/157/1 190/156/1
f 164/161/1 166/162/1 165/163/1
f 163/164/1 166/162/1 164/161/1
f 163/164/1 167/165/1 166/162/1
f 162/166/1 167/165/1 163/164/1
f 188/167/1 129/157/1 189/160/1
f 162/166/1 168/168/1 167/165/1
f 188/167/1 130/169/1 129/157/1
f 161/170/1 168/168/1 162/166/1
f 161/170/1 169/171/1 168/168/1
f 160/172/1 169/171/1 161/170/1
f 160/172/1 170/173/1 169/171/1
f 187/174/1 130/169/1 188/167/1
f 159/175/1 170/173/1 160/172/1
f 159/175/1 171/176/1 170/173/1
f 158/177/1 171/176/1 159/175/1
f 186/178/1 130/169/1 187/174/1
f 186/178/1 131/179/1 130/169/1
f 157/180/1 171/176/1 158/177/1
f 157/180/1 56/181/1 171/176/1
f 56/181/1 172/182/1 171/176/1
f 157/180/1 9/183/1 56/181/1
f 55/184/1 172/182/1 56/181/1
f 157/180/1 10/185/1 9/183/1
f 54/186/1 172/182/1 55/184/1
f 157/180/1 11/187/1 10/185/1
f 185/188/1 131/179/1 186/178/1
f 53/189/1 172/182/1 54/186/1
f 157/180/1 12/190/1 11/187/1
f 156/191/1 12/190/1 157/180/1
f 156/191/1 13/192/1 12/190/1
f 53/189/1 173/193/1 172/182/1
f 52/194/1 173/193/1 53/189/1
f 156/191/1 14/195/1 13/192/1
f 51/196/1 173/193/1 52/194/1
f 156/191/1 15/197/1 14/195/1
f 184/198/1 131/179/1 185/188/1
f 155/199/1 15/197/1 156/191/1
f 184/198/1 132/200/1 131/179/1
f 155/199/1 16/201/1 15/197/1
f 50/202/1 173/193/1 51/196/1
f 50/202/1 174/203/1 173/193/1
f 155/199/1 17/204/1 16/201/1
f 183/205/1 132/200/1 184/198/1
f 154/206/1 17/204/1 155/199/1
f 49/207/1 174/203/1 50/202/1
f 154/206/1 18/208/1 17/204/1
f 154/206/1 19/209/1 18/208/1
f 49/207/1 175/210/1 174/203/1
f 182/211/1 132/200/1 183/205/1
f 48/212/1 175/210/1 49/207/1
f 153/213/1 19/209/1 154/206/1
f 153/213/1 20/214/1 19/209/1
f 182/211/1 133/215/1 132/200/1
f 153/213/1 21/216/1 20/214/1
f 181/217/1 133/215/1 182/211/1
f 47/218/1 175/210/1 48/212/1
f 152/219/1 21/216/1 153/213/1
f 47/218/1 176/220/1 175/210/1
f 152/219/1 22/221/1 21/216/1
f 180/222/1 133/215/1 181/217/1
f 46/223/1 176/220/1 47/218/1
f 152/219/1 23/224/1 22/221/1
f 180/222/1 134/225/1 133/215/1
f 179/226/1 134/225/1 180/222/1
f 151/227/1 23/224/1 152/219/1
f 46/223/1 177/228/1 176/220/1
f 151/227/1 24/229/1 23/224/1
f 45/230/1 177/228/1 46/223/1
f 178/231/1 134/225/1 179/226/1
f 151/227/1 25/232/1 24/229/1
f 177/228/1 134/225/1 178/231/1
f 150/233/1 25/232/1 151/227/1
f 150/233/1 26/234/1 25/232/1
f 177/228/1 135/235/1 134/225/1
f 44/236/1 177/228/1 45/230/1
f 44/236/1 135/235/1 177/228/1
f 150/233/1 27/237/1 26/234/1
f 149/238/1 27/237/1 150/233/1
f 149/238/1 28/239/1 27/237/1
f 149/238/1 29/240/1 28/239/1
f 43/241/1 135/235/1 44/236/1
f 149/238/1 30/242/1 29/240/1
f 42/243/1 135/235/1 43/241/1
f 41/244/6 135/235/1 42/243/1
f 40/245/1 135/235/1 41/244/6
f 39/246/1 135/235/1 40/245/1
f 149/238/1 31/247/1 30/242/1
f 39/246/1 136/248/1 135/235/1
f 38/249/1 136/248/1 39/246/1
f 37/250/1 136/248/1 38/249/1
f 36/251/1 136/248/1 37/250/1
f 35/252/1 136/248/1 36/251/1
f 149/238/1 32/253/1 31/247/1
f 34/254/1 136/248/1 35/252/1
f 33/255/1 136/248/1 34/254/1
f 32/253/1 136/248/1 33/255/1
f 149/238/1 136/248/1 32/253/1
f 148/256/1 136/248/1 149/238/1
f 147/257/1 136/248/1 148/256/1
f 147/257/1 137/258/1 136/248/1
f 146/259/1 137/258/1 147/257/1
f 146/259/1 138/260/1 137/258/1
f 145/261/1 138/260/1 146/259/1
f 145/261/1 139/262/1 138/260/1
f 144/263/1 139/262/1 145/261/1
f 143/264/1 139/262/1 144/263/1
f 143/264/1 140/265/1 139/262/1
f 142/266/1 140/265/1 143/264/1
f 142/266/1 141/267/7 140/265/1
f 443/268/1 379/269/1 444/270/1
f 443/268/1 380/271/1 379/269/1
f 443/268/1 381/272/1 380/271/1
f 442/273/1 381/272/1 443/268/1
f 442/273/1 382/274/1 381/272/1
f 441/275/1 382/274/1 442/273/1
f 440/276/1 382/274/1 441/275/1
f 440/276/1 383/277/1 382/274/1
f 439/278/1 383/277/1 440/276/1
f 439/278/1 384/279/1 383/277/1
f 438/280/1 384/279/1 439/278/1
f 438/280/1 385/281/1 384/279/1
f 437/282/1 385/281/1 438/280/1
f 437/282/1 386/283/1 385/281/1
f 436/284/1 386/283/1 437/282/1
f 435/285/1 386/283/1 436/284/1
f 435/285/1 387/286/1 386/283/1
f 434/287/1 387/286/1 435/285/1
f 434/287/1 388/288/1 387/286/1
f 433/289/1 388/288/1 434/287/1
f 433/289/1 389/290/1 388/288/1
f 432/291/1 389/290/1 433/289/1
f 432/291/1 390/292/1 389/290/1
f 431/293/1 390/292/1 432/291/1
f 429/294/1 447/295/1 430/296/1
f 447/295/1 431/293/1 430/296/1
f 447/295/1 390/292/1 431/293/1
f 447/295/1 391/297/1 390/292/1
f 447/295/1 446/298/1 391/297/1
f 446/298/1 392/299/1 391/297/1
f 429/294/1 448/300/1 447/295/1
f 445/301/1 392/299/1 446/298/1
f 429/294/1 445/301/1 448/300/1
f 429/294/1 392/299/1 445/301/1
f 428/302/1 393/303/1 429/294/1
f 393/303/1 392/299/1 429/294/1
f 428/302/1 394/304/1 393/303/1
f 427/305/1 394/304/1 428/302/1
f 376/306/1 378/307/1 377/308/1
f 376/306/1 276/309/1 378/307/1
f 375/310/1 276/309/1 376/306/1
f 375/310/1 277/311/1 276/309/1
f 427/305/1 395/312/1 394/304/1
f 426/313/1 395/312/1 427/305/1
f 375/310/1 278/314/1 277/311/1
f 374/315/1 278/314/1 375/310/1
f 374/315/1 279/316/1 278/314/1
f 373/317/1 279/316/1 374/315/1
f 373/317/1 280/318/1 279/316/1
f 372/319/1 280/318/1 373/317/1
f 372/319/1 281/320/1 280/318/1
f 371/321/1 281/320/1 372/319/1
f 426/313/1 396/322/1 395/312/1
f 425/323/1 396/322/1 426/313/1
f 371/321/1 282/324/1 281/320/1
f 370/325/1 282/324/1 371/321/1
f 370/325/1 283/326/1 282/324/1
f 369/327/1 283/326/1 370/325/1
f 369/327/1 284/328/1 283/326/1
f 368/329/1 284/328/1 369/327/1
f 368/329/1 285/330/1 284/328/1
f 367/331/1 285/330/1 368/329/1
f 425/323/1 397/332/1 396/322/1
f 424/333/1 397/332/1 425/323/1
f 367/331/1 286/334/1 285/330/1
f 366/335/1 286/334/1 367/331/1
f 366/335/1 287/336/1 286/334/1
f 365/337/1 287/336/1 366/335/1
f 363/338/1 365/337/1 364/339/1
f 363/338/1 287/336/1 365/337/1
f 363/338/1 288/340/1 287/336/1
f 363/338/1 289/341/1 288/340/1
f 424/333/1 398/342/1 397/332/1
f 423/343/1 398/342/1 424/333/1
f 423/343/1 399/344/1 398/342/1
f 422/345/1 399/344/1 423/343/1
s 0
f 362/346/8 289/341/9 363/338/10
s 1
f 361/347/1 290/348/1 362/346/1
s 0
f 290/348/8 289/341/9 362/346/10
s 1
f 361/347/1 291/349/1 290/348/1
f 360/350/1 291/349/1 361/347/1
f 360/350/1 326/351/1 291/349/1
f 326/351/1 292/352/1 291/349/1
f 422/345/1 400/353/1 399/344/1
f 421/354/1 400/353/1 422/345/1
f 360/350/1 327/355/1 326/351/1
f 325/356/1 292/352/1 326/351/1
f 359/357/1 327/355/1 360/350/1
f 325/356/1 293/358/1 292/352/1
f 358/359/1 327/355/1 359/357/1
f 358/359/1 328/360/1 327/355/1
f 324/361/1 293/358/1 325/356/1
f 421/354/1 401/362/1 400/353/1
f 324/361/1 294/363/1 293/358/1
f 420/364/1 401/362/1 421/354/1
f 357/365/1 328/360/1 358/359/1
f 357/365/1 329/366/1 328/360/1
f 324/361/1 295/367/1 294/363/1
f 323/368/1 295/367/1 324/361/1
f 356/369/1 329/366/1 357/365/1
f 420/364/1 402/370/1 401/362/1
f 419/371/1 402/370/1 420/364/1
f 323/368/1 296/372/1 295/367/1
f 356/369/1 330/373/1 329/366/1
f 322/374/1 296/372/1 323/368/1
f 355/375/1 330/373/1 356/369/1
f 322/374/1 297/376/1 296/372/1
f 355/375/1 331/377/1 330/373/1
f 321/378/1 297/376/1 322/374/1
f 354/379/1 331/377/1 355/375/1
f 419/371/1 403/380/1 402/370/1
f 418/381/1 403/380/1 419/371/1
f 321/378/1 298/382/1 297/376/1
f 354/379/1 332/383/1 331/377/1
f 353/384/1 332/383/1 354/379/1
f 320/385/1 298/382/1 321/378/1
f 320/385/1 299/386/1 298/382/1
f 352/387/1 332/383/1 353/384/1
f 352/387/1 333/388/1 332/383/1
f 320/385/1 300/389/1 299/386/1
f 418/381/1 404/390/1 403/380/1
f 417/391/1 404/390/1 418/381/1
f 319/392/1 300/389/1 320/385/1
f 351/393/1 333/388/1 352/387/1
f 319/392/1 301/394/1 300/389/1
f 351/393/1 334/395/1 333/388/1
f 319/392/1 302/396/1 301/394/1
f 318/397/1 302/396/1 319/392/1
f 350/398/1 334/395/1 351/393/1
f 318/397/1 303/399/1 302/396/1
f 350/398/1 335/400/1 334/395/1
f 318/397/1 304/401/1 303/399/1
f 349/402/1 335/400/1 350/398/1
f 318/397/1 305/403/1 304/401/1
f 416/404/1 404/390/1 417/391/1
f 348/405/1 335/400/1 349/402/1
f 416/404/1 415/406/1 404/390/1
f 415/406/1 414/407/1 404/390/1
f 414/407/1 413/408/1 404/390/1
f 413/408/1 412/409/1 404/390/1
f 412/409/1 411/410/1 404/390/1
f 411/410/1 410/411/1 404/390/1
f 410/411/1 409/412/1 404/390/1
f 409/412/1 408/413/1 404/390/1
f 408/413/1 407/414/1 404/390/1
f 407/414/1 406/415/1 404/390/1
f 406/415/1 405/416/1 404/390/1
f 317/417/1 305/403/1 318/397/1
f 347/418/1 335/400/1 348/405/1
f 317/417/1 306/419/1 305/403/1
f 346/420/1 335/400/1 347/418/1
f 317/417/1 307/421/1 306/419/1
f 346/420/1 336/422/1 335/400/1
f 345/423/1 336/422/1 346/420/1
f 317/417/1 308/424/1 307/421/1
f 316/425/1 308/424/1 317/417/1
f 344/426/1 336/422/1 345/423/1
f 316/425/1 309/427/1 308/424/1
f 343/428/1 336/422/1 344/426/1
f 316/425/1 310/429/1 309/427/1
f 343/428/1 337/430/1 336/422/1
f 342/431/1 337/430/1 343/428/1
f 315/432/1 310/429/1 316/425/1
f 315/432/1 311/433/1 310/429/1
f 341/434/1 337/430/1 342/431/1
f 315/432/1 312/435/1 311/433/1
f 340/436/1 337/430/1 341/434/1
f 340/436/1 339/437/1 337/430/1
f 339/437/1 338/438/1 337/430/1
f 314/439/1 313/440/1 315/432/1
f 313/440/1 312/435/1 315/432/1
f 457/441/1 449/442/1 458/443/1
f 449/442/1 459/444/1 458/443/1
f 449/442/1 460/445/1 459/444/1
f 457/441/1 450/446/1 449/442/1
f 457/441/1 453/447/1 450/446/1
f 453/447/1 451/448/1 450/446/1
f 453/447/1 452/449/1 451/448/1
f 457/441/1 454/450/1 453/447/1
f 457/441/1 455/451/1 454/450/1
f 457/441/1 456/452/1 455/451/1
f 531/453/11 532/454/11 533/455/11
f 530/456/11 531/453/11 533/455/11
f 529/457/11 530/456/11 533/455/11
f 528/458/11 529/457/11 533/455/11
f 527/459/11 528/458/11 533/455/11
f 526/460/11 527/459/11 533/455/11
f 525/461/11 526/460/11 533/455/11
f 524/462/11 525/461/11 533/455/11
f 523/463/11 524/462/11 533/455/11
f 522/464/11 523/463/11 533/455/11
f 521/465/11 522/464/11 533/455/11
f 520/466/11 521/465/11 533/455/11
f 519/467/11 520/466/11 533/455/11
f 518/468/11 519/467/11 533/455/11
f 517/469/11 518/468/11 533/455/11
f 516/470/11 517/469/11 533/455/11
f 515/471/11 516/470/11 533/455/11
f 514/472/11 515/471/11 533/455/11
f 513/473/11 514/472/11 533/455/11
f 714/474/11 715/475/11 716/476/11
f 512/477/11 513/473/11 533/455/11
f 714/474/11 716/476/11 717/478/11
f 714/474/11 717/478/11 718/479/11
f 511/480/11 512/477/11 533/455/11
f 714/474/11 718/479/11 719/481/11
f 714/474/11 719/481/11 720/482/11
f 510/483/11 511/480/11 533/455/11
f 714/474/11 720/482/11 721/484/11
f 714/474/11 721/484/11 722/485/11
f 509/486/11 510/483/11 533/455/11
f 714/474/11 722/485/11 723/487/11
f 714/474/11 723/487/11 724/488/11
f 714/474/11 724/488/11 725/489/11
f 727/490/11 509/486/11 533/455/11
f 714/474/11 725/489/11 726/491/11
f 714/474/11 726/491/11 727/490/11
f 714/474/11 727/490/11 713/492/11
f 713/492/11 727/490/11 712/493/11
f 712/493/11 727/490/11 711/494/11
f 711/494/11 727/490/11 710/495/11
f 710/495/11 727/490/11 709/496/11
f 709/496/11 727/490/11 708/497/11
f 708/497/11 727/490/11 707/498/11
f 707/498/11 727/490/11 533/455/11
f 707/498/11 533/455/11 706/499/12
f 706/499/12 533/455/11 534/500/13
f 706/499/12 534/500/13 705/501/12
f 705/501/12 534/500/13 535/502/11
f 705/501/12 535/502/11 704/503/11
f 704/503/11 535/502/11 536/504/11
f 704/503/11 536/504/11 703/505/11
f 703/505/11 536/504/11 537/506/11
f 703/505/11 537/506/11 701/507/11
f 701/507/11 537/506/11 700/508/11
f 700/508/11 537/506/11 699/509/11
f 699/509/11 537/506/11 698/510/11
f 698/510/11 537/506/11 697/511/11
f 697/511/11 537/506/11 696/512/14
f 696/512/14 537/506/11 538/513/15
f 696/512/14 538/513/15 695/514/16
f 695/514/16 538/513/15 694/515/11
f 694/515/11 538/513/15 693/516/11
f 693/516/11 538/513/15 692/517/11
f 692/517/11 538/513/15 691/518/11
f 691/518/11 538/513/15 690/519/11
f 690/519/11 538/513/15 539/520/11
f 690/519/11 539/520/11 540/521/11
f 689/522/11 690/519/11 540/521/11
f 689/522/11 540/521/11 541/523/11
f 689/522/11 541/523/11 542/524/11
f 689/522/11 542/524/11 543/525/11
f 689/522/11 543/525/11 544/526/11
f 688/527/11 689/522/11 544/526/11
f 703/505/11 701/507/11 702/528/11
f 688/527/11 544/526/11 545/529/11
f 688/527/11 545/529/11 546/530/11
f 687/531/11 688/527/11 546/530/11
f 687/531/11 546/530/11 547/532/11
f 686/533/11 687/531/11 547/532/11
f 686/533/11 547/532/11 548/534/11
f 686/533/11 548/534/11 549/535/11
f 685/536/11 686/533/11 549/535/11
f 685/536/11 549/535/11 550/537/11
f 684/538/11 685/536/11 550/537/11
f 683/539/11 684/538/11 550/537/11
f 683/539/11 550/537/11 551/540/11
f 682/541/11 683/539/11 551/540/11
f 682/541/11 551/540/11 552/542/11
f 681/543/11 682/541/11 552/542/11
f 681/543/11 552/542/11 553/544/11
f 680/545/11 681/543/11 553/544/11
f 680/545/11 553/544/11 554/546/11
f 679/547/11 680/545/11 554/546/11
f 679/547/11 554/546/11 555/548/11
f 678/549/11 679/547/11 555/548/11
f 677/550/11 678/549/11 555/548/11
f 677/550/11 555/548/11 556/551/11
f 676/552/11 677/550/11 556/551/11
f 568/553/11 569/554/11 570/555/11
f 567/556/11 568/553/11 570/555/11
f 566/557/11 567/556/11 570/555/11
f 565/558/11 566/557/11 570/555/11
f 564/559/11 565/558/11 570/555/11
f 564/559/11 570/555/11 571/560/11
f 563/561/11 564/559/11 571/560/11
f 676/552/11 556/551/11 557/562/11
f 562/563/11 563/561/11 571/560/11
f 561/564/11 562/563/11 571/560/11
f 675/565/11 676/552/11 557/562/11
f 561/564/11 571/560/11 572/566/11
f 560/567/11 561/564/11 572/566/11
f 559/568/11 560/567/11 572/566/11
f 558/569/11 559/568/11 572/566/11
f 557/562/11 558/569/11 572/566/11
f 557/562/11 572/566/11 573/570/11
f 675/565/11 557/562/11 573/570/11
f 674/571/11 675/565/11 573/570/11
f 674/571/11 573/570/11 574/572/11
f 673/573/11 674/571/11 574/572/11
f 673/573/11 574/572/11 653/574/11
f 653/574/11 574/572/11 575/575/11
f 673/573/11 653/574/11 654/576/11
f 652/577/11 653/574/11 575/575/11
f 672/578/11 673/573/11 654/576/11
f 672/578/11 654/576/11 655/579/11
f 651/580/11 652/577/11 575/575/11
f 651/580/11 575/575/11 576/581/11
f 672/578/11 655/579/11 656/582/11
f 650/583/11 651/580/11 576/581/11
f 649/584/11 650/583/11 576/581/11
f 672/578/11 656/582/11 657/585/11
f 671/586/11 672/578/11 657/585/11
f 648/587/11 649/584/11 576/581/11
f 671/586/11 657/585/11 658/588/11
f 648/587/11 576/581/11 577/589/11
f 647/590/11 648/587/11 577/589/11
f 671/586/11 658/588/11 659/591/11
f 670/592/11 671/586/11 659/591/11
f 646/593/11 647/590/11 577/589/11
f 670/592/11 659/591/11 660/594/11
f 646/593/11 577/589/11 578/595/11
f 669/596/11 670/592/11 660/594/11
f 645/597/11 646/593/11 578/595/11
f 669/596/11 660/594/11 661/598/11
f 645/597/11 578/595/11 579/599/11
f 644/600/11 645/597/11 579/599/11
f 668/601/11 669/596/11 661/598/11
f 668/601/11 661/598/11 662/602/11
f 643/603/11 644/600/11 579/599/11
f 667/604/11 668/601/11 662/602/11
f 643/603/11 579/599/11 580/605/11
f 667/604/11 662/602/11 663/606/11
f 666/607/11 667/604/11 663/606/11
f 642/608/11 643/603/11 580/605/11
f 642/608/11 580/605/11 581/609/11
f 666/607/11 663/606/11 664/610/11
f 665/611/11 666/607/11 664/610/11
f 641/612/11 642/608/11 581/609/11
f 616/613/11 617/614/11 618/615/11
f 615/616/11 616/613/11 618/615/11
f 615/616/11 618/615/11 619/617/11
f 614/618/11 615/616/11 619/617/11
f 640/619/11 641/612/11 581/609/11
f 614/618/11 619/617/11 620/620/11
f 640/619/11 581/609/11 582/621/11
f 613/622/11 614/618/11 620/620/11
f 613/622/11 620/620/11 621/623/11
f 612/624/11 613/622/11 621/623/11
f 612/624/11 621/623/11 622/625/11
f 639/626/11 640/619/11 582/621/11
f 611/627/11 612/624/11 622/625/11
f 611/627/11 622/625/11 623/628/11
f 610/629/11 611/627/11 623/628/11
f 638/630/11 639/626/11 582/621/11
f 638/630/11 582/621/11 583/631/11
f 609/632/11 610/629/11 623/628/11
f 609/632/11 623/628/11 508/633/11
f 508/633/11 623/628/11 624/634/11
f 609/632/11 508/633/11 461/635/11
f 507/636/11 508/633/11 624/634/11
f 609/632/11 461/635/11 462/637/11
f 506/638/11 507/636/11 624/634/11
f 609/632/11 462/637/11 463/639/11
f 637/640/11 638/630/11 583/631/11
f 505/641/11 506/638/11 624/634/11
f 609/632/11 463/639/11 464/642/11
f 608/643/11 609/632/11 464/642/11
f 608/643/11 464/642/11 465/644/11
f 505/641/11 624/634/11 625/645/11
f 504/646/11 505/641/11 625/645/11
f 608/643/11 465/644/11 466/647/11
f 503/648/11 504/646/11 625/645/11
f 608/643/11 466/647/11 467/649/11
f 636/650/11 637/640/11 583/631/11
f 607/651/11 608/643/11 467/649/11
f 636/650/11 583/631/11 584/652/11
f 607/651/11 467/649/11 468/653/11
f 502/654/11 503/648/11 625/645/11
f 502/654/11 625/645/11 626/655/11
f 607/651/11 468/653/11 469/656/11
f 635/657/11 636/650/11 584/652/11
f 606/658/11 607/651/11 469/656/11
f 501/659/11 502/654/11 626/655/11
f 606/658/11 469/656/11 470/660/11
f 606/658/11 470/660/11 471/661/11
f 501/659/11 626/655/11 627/662/11
f 634/663/11 635/657/11 584/652/11
f 500/664/11 501/659/11 627/662/11
f 605/665/11 606/658/11 471/661/11
f 605/665/11 471/661/11 472/666/11
f 634/663/11 584/652/11 585/667/11
f 605/665/11 472/666/11 473/668/11
f 633/669/11 634/663/11 585/667/11
f 499/670/11 500/664/11 627/662/11
f 604/671/11 605/665/11 473/668/11
f 499/670/11 627/662/11 628/672/11
f 604/671/11 473/668/11 474/673/11
f 632/674/11 633/669/11 585/667/11
f 498/675/11 499/670/11 628/672/11
f 604/671/11 474/673/11 475/676/11
f 632/674/11 585/667/11 586/677/11
f 631/678/11 632/674/11 586/677/11
f 603/679/11 604/671/11 475/676/11
f 498/675/11 628/672/11 629/680/11
f 603/679/11 475/676/11 476/681/11
f 497/682/11 498/675/11 629/680/11
f 630/683/11 631/678/11 586/677/11
f 603/679/11 476/681/11 477/684/11
f 629/680/11 630/683/11 586/677/11
f 602/685/11 603/679/11 477/684/11
f 602/685/11 477/684/11 478/686/11
f 629/680/11 586/677/11 587/687/11
f 496/688/11 497/682/11 629/680/11
f 496/688/11 629/680/11 587/687/11
f 602/685/11 478/686/11 479/689/11
f 601/690/11 602/685/11 479/689/11
f 601/690/11 479/689/11 480/691/11
f 601/690/11 480/691/11 481/692/11
f 495/693/11 496/688/11 587/687/11
f 601/690/11 481/692/11 482/694/11
f 494/695/11 495/693/11 587/687/11
f 493/696/11 494/695/11 587/687/11
f 492/697/11 493/696/11 587/687/11
f 491/698/11 492/697/11 587/687/11
f 601/690/11 482/694/11 483/699/11
f 491/698/11 587/687/11 588/700/11
f 490/701/11 491/698/11 588/700/11
f 489/702/11 490/701/11 588/700/11
f 488/703/11 489/702/11 588/700/11
f 487/704/11 488/703/11 588/700/11
f 601/690/11 483/699/11 484/705/11
f 486/706/11 487/704/11 588/700/11
f 485/707/11 486/706/11 588/700/11
f 484/705/11 485/707/11 588/700/11
f 601/690/11 484/705/11 588/700/11
f 600/708/11 601/690/11 588/700/11
f 599/709/11 600/708/11 588/700/11
f 599/709/11 588/700/11 589/710/11
f 598/711/11 599/709/11 589/710/11
f 598/711/11 589/710/11 590/712/11
f 597/713/11 598/711/11 590/712/11
f 597/713/11 590/712/11 591/714/11
f 596/715/11 597/713/11 591/714/11
f 595/716/11 596/715/11 591/714/11
f 595/716/11 591/714/11 592/717/11
f 594/718/11 595/716/11 592/717/11
f 594/718/11 592/717/11 593/719/11
f 895/720/11 896/721/11 831/722/11
f 895/720/11 831/722/11 832/723/11
f 895/720/11 832/723/11 833/724/11
f 894/725/11 895/720/11 833/724/11
f 894/725/11 833/724/11 834/726/11
f 893/727/11 894/725/11 834/726/11
f 892/728/11 893/727/11 834/726/11
f 892/728/11 834/726/11 835/729/11
f 891/730/11 892/728/11 835/729/11
f 891/730/11 835/729/11 836/731/11
f 890/732/11 891/730/11 836/731/11
f 890/732/11 836/731/11 837/733/11
f 889/734/11 890/732/11 837/733/11
f 889/734/11 837/733/11 838/735/11
f 888/736/11 889/734/11 838/735/11
f 887/737/11 888/736/11 838/735/11
f 887/737/11 838/735/11 839/738/11
f 886/739/11 887/737/11 839/738/11
f 886/739/11 839/738/11 840/740/11
f 885/741/11 886/739/11 840/740/11
f 885/741/11 840/740/11 841/742/11
f 884/743/11 885/741/11 841/742/11
f 884/743/11 841/742/11 842/744/11
f 883/745/11 884/743/11 842/744/11
f 881/746/11 882/747/11 899/748/11
f 899/748/11 882/747/11 883/745/11
f 899/748/11 883/745/11 842/744/11
f 899/748/11 842/744/11 843/749/11
f 899/748/11 843/749/11 898/750/11
f 898/750/11 843/749/11 844/751/11
f 881/746/11 899/748/11 900/752/11
f 897/753/11 898/750/11 844/751/11
f 881/746/11 900/752/11 897/753/11
f 881/746/11 897/753/11 844/751/11
f 880/754/11 881/746/11 845/755/11
f 845/755/11 881/746/11 844/751/11
f 880/754/11 845/755/11 846/756/11
f 879/757/11 880/754/11 846/756/11
f 828/758/11 829/759/11 830/760/11
f 828/758/11 830/760/11 728/761/11
f 827/762/11 828/758/11 728/761/11
f 827/762/11 728/761/11 729/763/11
f 879/757/11 846/756/11 847/764/11
f 878/765/11 879/757/11 847/764/11
f 827/762/11 729/763/11 730/766/11
f 826/767/11 827/762/11 730/766/11
f 826/767/11 730/766/11 731/768/11
f 825/769/11 826/767/11 731/768/11
f 825/769/11 731/768/11 732/770/11
f 824/771/11 825/769/11 732/770/11
f 824/771/11 732/770/11 733/772/11
f 823/773/11 824/771/11 733/772/11
f 878/765/11 847/764/11 848/774/11
f 877/775/11 878/765/11 848/774/11
f 823/773/11 733/772/11 734/776/11
f 822/777/11 823/773/11 734/776/11
f 822/777/11 734/776/11 735/778/11
f 821/779/11 822/777/11 735/778/11
f 821/779/11 735/778/11 736/780/11
f 820/781/11 821/779/11 736/780/11
f 820/781/11 736/780/11 737/782/11
f 819/783/11 820/781/11 737/782/11
f 877/775/11 848/774/11 849/784/11
f 876/785/11 877/775/11 849/784/11
f 819/783/11 737/782/11 738/786/11
f 818/787/11 819/783/11 738/786/11
f 818/787/11 738/786/11 739/788/11
f 817/789/11 818/787/11 739/788/11
f 815/790/11 816/791/11 817/789/11
f 815/790/11 817/789/11 739/788/11
f 815/790/11 739/788/11 740/792/11
f 815/790/11 740/792/11 741/793/11
f 876/785/11 849/784/11 850/794/11
f 875/795/11 876/785/11 850/794/11
f 875/795/11 850/794/11 851/796/11
f 874/797/11 875/795/11 851/796/11
s 0
f 814/798/17 815/790/10 741/793/9
s 1
f 813/799/11 814/798/11 742/800/11
s 0
f 742/800/17 814/798/10 741/793/9
s 1
f 813/799/11 742/800/11 743/801/11
f 812/802/11 813/799/11 743/801/11
f 812/802/11 743/801/11 778/803/11
f 778/803/11 743/801/11 744/804/11
f 874/797/11 851/796/11 852/805/11
f 873/806/11 874/797/11 852/805/11
f 812/802/11 778/803/11 779/807/11
f 777/808/11 778/803/11 744/804/11
f 811/809/11 812/802/11 779/807/11
f 777/808/11 744/804/11 745/810/11
f 810/811/11 811/809/11 779/807/11
f 810/811/11 779/807/11 780/812/11
f 776/813/11 777/808/11 745/810/11
f 873/806/11 852/805/11 853/814/11
f 776/813/11 745/810/11 746/815/11
f 872/816/11 873/806/11 853/814/11
f 809/817/11 810/811/11 780/812/11
f 809/817/11 780/812/11 781/818/11
f 776/813/11 746/815/11 747/819/11
f 775/820/11 776/813/11 747/819/11
f 808/821/11 809/817/11 781/818/11
f 872/816/11 853/814/11 854/822/11
f 871/823/11 872/816/11 854/822/11
f 775/820/11 747/819/11 748/824/11
f 808/821/11 781/818/11 782/825/11
f 774/826/11 775/820/11 748/824/11
f 807/827/11 808/821/11 782/825/11
f 774/826/11 748/824/11 749/828/11
f 807/827/11 782/825/11 783/829/11
f 773/830/11 774/826/11 749/828/11
f 806/831/11 807/827/11 783/829/11
f 871/823/11 854/822/11 855/832/11
f 870/833/11 871/823/11 855/832/11
f 773/830/11 749/828/11 750/834/11
f 806/831/11 783/829/11 784/835/11
f 805/836/11 806/831/11 784/835/11
f 772/837/11 773/830/11 750/834/11
f 772/837/11 750/834/11 751/838/11
f 804/839/11 805/836/11 784/835/11
f 804/839/11 784/835/11 785/840/11
f 772/837/11 751/838/11 752/841/11
f 870/833/11 855/832/11 856/842/11
f 869/843/11 870/833/11 856/842/11
f 771/844/11 772/837/11 752/841/11
f 803/845/11 804/839/11 785/840/11
f 771/844/11 752/841/11 753/846/11
f 803/845/11 785/840/11 786/847/11
f 771/844/11 753/846/11 754/848/11
f 770/849/11 771/844/11 754/848/11
f 802/850/11 803/845/11 786/847/11
f 770/849/11 754/848/11 755/851/11
f 802/850/11 786/847/11 787/852/11
f 770/849/11 755/851/11 756/853/11
f 801/854/11 802/850/11 787/852/11
f 770/849/11 756/853/11 757/855/11
f 868/856/11 869/843/11 856/842/11
f 800/857/11 801/854/11 787/852/11
f 868/856/11 856/842/11 867/858/11
f 867/858/11 856/842/11 866/859/11
f 866/859/11 856/842/11 865/860/11
f 865/860/11 856/842/11 864/861/11
f 864/861/11 856/842/11 863/862/11
f 863/862/11 856/842/11 862/863/11
f 862/863/11 856/842/11 861/864/11
f 861/864/11 856/842/11 860/865/11
f 860/865/11 856/842/11 859/866/11
f 859/866/11 856/842/11 858/867/11
f 858/867/11 856/842/11 857/868/11
f 769/869/11 770/849/11 757/855/11
f 799/870/11 800/857/11 787/852/11
f 769/869/11 757/855/11 758/871/11
f 798/872/11 799/870/11 787/852/11
f 769/869/11 758/871/11 759/873/11
f 798/872/11 787/852/11 788/874/11
f 797/875/11 798/872/11 788/874/11
f 769/869/11 759/873/11 760/876/11
f 768/877/11 769/869/11 760/876/11
f 796/878/11 797/875/11 788/874/11
f 768/877/11 760/876/11 761/879/11
f 795/880/11 796/878/11 788/874/11
f 768/877/11 761/879/11 762/881/11
f 795/880/11 788/874/11 789/882/11
f 794/883/11 795/880/11 789/882/11
f 767/884/11 768/877/11 762/881/11
f 767/884/11 762/881/11 763/885/11
f 793/886/11 794/883/11 789/882/11
f 767/884/11 763/885/11 764/887/11
f 792/888/11 793/886/11 789/882/11
f 792/888/11 789/882/11 791/889/11
f 791/889/11 789/882/11 790/890/11
f 766/891/11 767/884/11 765/892/11
f 765/892/11 767/884/11 764/887/11
f 909/893/11 910/894/11 901/895/11
f 901/895/11 910/894/11 911/896/11
f 901/895/11 911/896/11 912/897/11
f 909/893/11 901/895/11 902/898/11
f 909/893/11 902/898/11 905/899/11
f 905/899/11 902/898/11 903/900/11
f 905/899/11 903/900/11 904/901/11
f 909/893/11 905/899/11 906/902/11
f 909/893/11 906/902/11 907/903/11
f 909/893/11 907/903/11 908/904/11
f 916/905/18 913/906/19 914/907/19
f 918/908/20 915/909/21 916/905/18
f 920/910/22 917/911/20 918/908/20
f 922/912/19 919/913/22 920/910/22
f 924/914/21 921/915/19 922/912/19
f 926/916/23 923/917/20 924/914/21
f 928/918/22 925/919/20 926/916/23
f 930/920/24 927/921/25 928/918/22
f 930/920/24 931/922/26 929/923/27
f 934/924/28 931/922/26 932/925/29
f 936/926/19 933/927/20 934/928/28
f 936/926/19 913/906/19 935/929/22
f 940/930/30 937/931/31 938/932/31
f 942/933/32 939/934/30 940/930/30
f 944/935/33 941/936/32 942/933/32
f 946/937/34 943/938/33 944/935/33
f 948/939/35 945/940/34 946/937/34
f 950/941/36 947/942/37 948/939/35
f 952/943/38 949/944/36 950/941/36
f 954/945/39 951/946/38 952/943/38
f 956/947/40 953/948/39 954/945/39
f 958/949/41 955/950/40 956/947/40
f 960/951/42 957/952/43 958/949/41
f 962/953/44 959/954/42 960/951/42
f 964/955/22 961/956/20 962/957/44
f 966/958/45 963/959/22 964/955/22
f 968/960/46 965/961/45 966/958/45
f 970/962/47 967/963/46 968/960/46
f 972/964/48 969/965/47 970/962/47
f 974/966/49 971/967/48 972/964/48
f 976/968/50 973/969/49 974/966/49
f 978/970/51 975/971/50 976/968/50
f 980/972/52 977/973/51 978/970/51
f 982/974/53 979/975/52 980/972/52
f 984/976/54 981/977/53 982/974/53
f 986/978/55 983/979/56 984/976/54
f 988/980/57 985/981/58 986/978/55
f 990/982/59 987/983/57 988/980/57
f 992/984/60 989/985/61 990/982/59
f 994/986/62 991/987/60 992/984/60
f 996/988/63 993/989/64 994/986/62
f 998/990/65 995/991/66 996/988/63
f 1000/992/67 997/993/65 998/990/65
f 1002/994/68 999/995/69 1000/992/67
f 1004/996/70 1001/997/68 1002/994/68
f 1006/998/71 1003/999/72 1004/996/70
f 1008/1000/73 1005/1001/71 1006/998/71
f 1010/1002/74 1007/1003/73 1008/1000/73
f 1012/1004/75 1009/1005/74 1010/1002/74
f 1014/1006/76 1011/1007/75 1012/1004/75
f 1016/1008/77 1013/1009/78 1014/1006/76
f 1018/1010/79 1015/1011/77 1016/1008/77
f 1020/1012/80 1017/1013/81 1018/1010/79
f 1022/1014/82 1019/1015/83 1020/1012/80
f 1024/1016/84 1021/1017/82 1022/1014/82
f 1026/1018/85 1023/1019/84 1024/1016/84
f 1028/1020/86 1025/1021/85 1026/1018/85
f 1030/1022/87 1027/1023/88 1028/1020/86
f 1032/1024/89 1029/1025/90 1030/1022/87
f 1034/1026/91 1031/1027/92 1032/1024/89
f 1036/1028/93 1033/1029/94 1034/1026/91
f 1038/1030/95 1035/1031/93 1036/1028/93
f 1040/1032/96 1037/1033/95 1038/1030/95
f 1042/1034/97 1039/1035/98 1040/1032/96
f 1044/1036/99 1041/1037/97 1042/1034/97
f 1046/1038/100 1043/1039/99 1044/1036/99
f 1048/1040/101 1045/1041/102 1046/1038/100
f 1050/1042/103 1047/1043/101 1048/1040/101
f 1052/1044/104 1049/1045/103 1050/1042/103
f 1054/1046/105 1051/1047/106 1052/1044/104
f 1056/1048/107 1053/1049/108 1054/1046/105
f 1058/1050/109 1055/1051/110 1056/1048/107
f 1060/1052/111 1057/1053/112 1058/1050/109
f 1062/1054/113 1059/1055/114 1060/1052/111
f 1064/1056/115 1061/1057/116 1062/1054/113
f 1066/1058/117 1063/1059/115 1064/1056/115
f 1068/1060/118 1065/1061/117 1066/1058/117
f 1070/1062/119 1067/1063/120 1068/1060/118
f 1072/1064/121 1069/1065/119 1070/1062/119
f 1074/1066/122 1071/1067/121 1072/1064/121
f 1076/1068/123 1073/1069/122 1074/1066/122
f 1078/1070/124 1075/1071/123 1076/1068/123
f 1080/1072/125 1077/1073/124 1078/1070/124
f 1082/1074/126 1079/1075/125 1080/1072/125
f 1084/1076/127 1081/1077/126 1082/1074/126
f 1086/1078/128 1083/1079/127 1084/1076/127
f 1088/1080/129 1085/1081/130 1086/1078/128
f 1090/1082/131 1087/1083/132 1088/1080/129
f 1092/1084/133 1089/1085/134 1090/1082/131
f 1094/1086/135 1091/1087/133 1092/1084/133
f 1096/1088/136 1093/1089/137 1094/1086/135
f 1098/1090/138 1095/1091/139 1096/1088/136
f 1100/1092/140 1097/1093/141 1098/1090/138
f 1102/1094/142 1099/1095/140 1100/1092/140
f 1104/1096/143 1101/1097/142 1102/1094/142
f 1106/1098/144 1103/1099/145 1104/1096/143
f 1108/1100/146 1105/1101/144 1106/1098/144
f 1110/1102/147 1107/1103/148 1108/1100/146
f 1112/1104/27 1109/1105/147 1110/1102/147
f 1114/1106/29 1111/1107/27 1112/1104/27
f 1116/1108/149 1113/1109/150 1114/1106/29
f 1118/1110/151 1115/1111/152 1116/1108/149
f 1120/1112/153 1117/1113/151 1118/1110/151
f 1122/1114/154 1119/1115/153 1120/1112/153
f 1124/1116/155 1121/1117/154 1122/1114/154
f 1126/1118/156 1123/1119/155 1124/1116/155
f 1128/1120/157 1125/1121/156 1126/1118/156
f 1130/1122/158 1127/1123/159 1128/1120/157
f 1132/1124/160 1129/1125/161 1130/1122/158
f 1134/1126/162 1131/1127/160 1132/1124/160
f 1136/1128/163 1133/1129/162 1134/1126/162
f 1138/1130/164 1135/1131/163 1136/1128/163
f 1140/1132/165 1137/1133/166 1138/1130/164
f 1142/1134/167 1139/1135/168 1140/1132/165
f 938/932/31 1141/1136/167 1142/1134/167
f 1144/1137/169 1145/1138/170 1143/1139/169
f 1148/1140/171 1145/1138/170 1146/1141/170
f 1148/1140/171 1149/1142/172 1147/1143/171
f 1152/1144/173 1149/1142/172 1150/1145/172
f 1154/1146/174 1151/1147/173 1152/1144/173
f 1156/1148/175 1153/1149/174 1154/1146/174
f 1158/1150/176 1155/1151/175 1156/1148/175
f 1160/1152/177 1157/1153/176 1158/1150/176
f 1162/1154/178 1159/1155/177 1160/1152/177
f 1164/1156/179 1161/1157/178 1162/1154/178
f 1166/1158/180 1163/1159/179 1164/1156/179
f 1168/1160/20 1165/1161/180 1166/1158/180
f 1170/1162/22 1167/1163/20 1168/1164/20
f 1172/1165/181 1169/1166/22 1170/1162/22
f 1174/1167/182 1171/1168/183 1172/1165/181
f 1176/1169/184 1173/1170/182 1174/1167/182
f 1178/1171/185 1175/1172/184 1176/1169/184
f 1180/1173/186 1177/1174/185 1178/1171/185
f 1182/1175/187 1179/1176/186 1180/1173/186
f 1184/1177/188 1181/1178/187 1182/1175/187
f 1186/1179/189 1183/1180/188 1184/1177/188
f 1188/1181/190 1185/1182/189 1186/1179/189
f 1190/1183/191 1187/1184/192 1188/1181/190
f 1192/1185/193 1189/1186/191 1190/1183/191
f 1194/1187/194 1191/1188/195 1192/1185/193
f 1196/1189/196 1193/1190/194 1194/1187/194
f 1198/1191/197 1195/1192/198 1196/1189/196
f 1200/1193/199 1197/1194/200 1198/1191/197
f 1202/1195/201 1199/1196/199 1200/1193/199
f 1204/1197/202 1201/1198/201 1202/1195/201
f 1206/1199/203 1203/1200/202 1204/1197/202
f 1208/1201/204 1205/1202/203 1206/1199/203
f 1210/1203/205 1207/1204/204 1208/1201/204
f 1212/1205/206 1209/1206/205 1210/1203/205
f 1214/1207/207 1211/1208/208 1212/1205/206
f 1216/1209/209 1213/1210/210 1214/1207/207
f 1218/1211/211 1215/1212/209 1216/1209/209
f 1220/1213/212 1217/1214/211 1218/1211/211
f 1222/1215/213 1219/1216/214 1220/1213/212
f 1224/1217/215 1221/1218/216 1222/1215/213
f 1226/1219/217 1223/1220/215 1224/1217/215
f 1228/1221/218 1225/1222/217 1226/1219/217
f 1230/1223/219 1227/1224/218 1228/1221/218
f 1232/1225/220 1229/1226/219 1230/1223/219
f 1234/1227/221 1231/1228/222 1232/1225/220
f 1236/1229/223 1233/1230/224 1234/1227/221
f 1238/1231/225 1235/1232/223 1236/1229/223
f 1240/1233/226 1237/1234/225 1238/1231/225
f 1242/1235/227 1239/1236/226 1240/1233/226
f 1244/1237/228 1241/1238/227 1242/1235/227
f 1246/1239/29 1243/1240/228 1244/1237/228
f 1248/1241/229 1245/1242/29 1246/1239/29
f 1250/1243/230 1247/1244/229 1248/1241/229
f 1252/1245/231 1249/1246/230 1250/1243/230
f 1254/1247/232 1251/1248/231 1252/1245/231
f 1256/1249/233 1253/1250/232 1254/1247/232
f 1258/1251/234 1255/1252/233 1256/1249/233
f 1260/1253/235 1257/1254/234 1258/1251/234
f 1262/1255/236 1259/1256/235 1260/1253/235
f 1264/1257/119 1261/1258/236 1262/1255/236
f 1266/1259/237 1263/1260/238 1264/1257/119
f 1268/1261/239 1265/1262/237 1266/1259/237
f 1270/1263/240 1267/1264/239 1268/1261/239
f 1272/1265/241 1269/1266/240 1270/1263/240
f 1274/1267/242 1271/1268/243 1272/1265/241
f 1144/1137/169 1273/1269/244 1274/1267/242
f 1278/1270/245 1275/1271/150 1276/1272/150
f 1280/1273/19 1277/1274/245 1278/1270/245
f 1282/1275/21 1279/1276/19 1280/1273/19
f 1276/1272/150 1281/1277/21 1282/1278/21
f 1286/1279/246 1283/1280/247 1284/1281/248
f 1288/1282/249 1285/1283/246 1286/1279/246
f 1290/1284/250 1287/1285/251 1288/1282/249
f 1292/1286/252 1289/1287/253 1290/1284/250
f 1294/1288/254 1291/1289/252 1292/1286/252
f 1296/1290/255 1293/1291/254 1294/1288/254
f 1298/1292/256 1295/1293/255 1296/1290/255
f 1300/1294/257 1297/1295/258 1298/1292/256
f 1302/1296/259 1299/1297/257 1300/1294/257
f 1304/1298/260 1301/1299/259 1302/1300/259
f 1306/1301/261 1303/1302/260 1304/1298/260
f 1308/1303/262 1305/1304/263 1306/1301/261
f 1310/1305/264 1307/1306/265 1308/1303/262
f 1312/1307/266 1309/1308/264 1310/1305/264
f 1314/1309/267 1311/1310/266 1312/1307/266
f 1316/1311/268 1313/1312/267 1314/1309/267
f 1318/1313/269 1315/1314/268 1316/1311/268
f 1320/1315/270 1317/1316/269 1318/1313/269
f 1322/1317/271 1319/1318/270 1320/1315/270
f 1324/1319/272 1321/1320/271 1322/1317/271
f 1326/1321/273 1323/1322/274 1324/1319/272
f 1328/1323/275 1325/1324/276 1326/1321/273
f 1330/1325/277 1327/1326/275 1328/1323/275
f 1332/1327/278 1329/1328/277 1330/1325/277
f 1334/1329/279 1331/1330/278 1332/1327/278
f 1336/1331/280 1333/1332/279 1334/1329/279
f 1338/1333/281 1335/1334/280 1336/1331/280
f 1340/1335/282 1337/1336/281 1338/1333/281
f 1342/1337/283 1339/1338/282 1340/1335/282
f 1344/1339/284 1341/1340/283 1342/1337/283
f 1346/1341/285 1343/1342/284 1344/1339/284
f 1348/1343/286 1345/1344/285 1346/1341/285
f 1350/1345/287 1347/1346/286 1348/1343/286
f 1352/1347/288 1349/1348/287 1350/1345/287
f 1354/1349/289 1351/1350/288 1352/1347/288
f 1356/1351/290 1353/1352/291 1354/1349/289
f 1356/1351/290 1357/1353/292 1355/1354/293
f 1360/1355/294 1357/1353/292 1358/1356/295
f 1362/1357/296 1359/1358/297 1360/1355/294
f 1364/1359/298 1361/1360/296 1362/1357/296
f 1366/1361/299 1363/1362/298 1364/1359/298
f 1368/1363/300 1365/1364/301 1366/1361/299
f 1370/1365/302 1367/1366/303 1368/1363/300
f 1372/1367/304 1369/1368/302 1370/1365/302
f 1374/1369/305 1371/1370/306 1372/1367/304
f 1376/1371/307 1373/1372/305 1374/1369/305
f 1378/1373/308 1375/1374/307 1376/1371/307
f 1284/1281/248 1377/1375/308 1378/1373/308
f 1382/1376/309 1379/1377/310 1380/1378/310
f 1384/1379/311 1381/1380/309 1382/1376/309
f 1386/1381/312 1383/1382/311 1384/1379/311
f 1388/1383/313 1385/1384/312 1386/1381/312
f 1390/1385/314 1387/1386/313 1388/1383/313
f 1392/1387/315 1389/1388/314 1390/1385/314
f 1394/1389/316 1391/1390/315 1392/1387/315
f 1396/1391/317 1393/1392/316 1394/1389/316
f 1398/1393/318 1395/1394/317 1396/1391/317
f 1400/1395/319 1397/1396/318 1398/1393/318
f 1402/1397/320 1399/1398/319 1400/1395/319
f 1404/1399/321 1401/1400/320 1402/1397/320
f 1406/1401/322 1403/1402/321 1404/1399/321
f 1408/1403/323 1405/1404/322 1406/1401/322
f 1410/1405/324 1407/1406/323 1408/1403/323
f 1412/1407/325 1409/1408/324 1410/1405/324
f 1414/1409/326 1411/1410/327 1412/1407/325
f 1416/1411/328 1413/1412/329 1414/1409/326
f 1418/1413/330 1415/1414/328 1416/1411/328
f 1420/1415/331 1417/1416/330 1418/1413/330
f 1422/1417/332 1419/1418/333 1420/1415/331
f 1424/1419/334 1421/1420/335 1422/1417/332
f 1426/1421/336 1423/1422/334 1424/1419/334
f 1428/1423/337 1425/1424/338 1426/1425/336
f 1430/1426/339 1427/1427/340 1428/1423/337
f 1432/1428/341 1429/1429/342 1430/1426/339
f 1434/1430/343 1431/1431/341 1432/1428/341
f 1436/1432/343 1433/1433/343 1434/1430/343
f 1438/1434/344 1435/1435/343 1436/1432/343
f 1440/1436/345 1437/1437/346 1438/1434/344
f 1442/1438/347 1439/1439/345 1440/1436/345
f 1444/1440/348 1441/1441/347 1442/1438/347
f 1446/1442/349 1443/1443/348 1444/1440/348
f 1448/1444/350 1445/1445/349 1446/1442/349
f 1450/1446/351 1447/1447/350 1448/1444/350
f 1452/1448/352 1449/1449/353 1450/1446/351
f 1454/1450/354 1451/1451/352 1452/1448/352
f 1456/1452/355 1453/1453/354 1454/1450/354
f 1458/1454/356 1455/1455/355 1456/1452/355
f 1460/1456/357 1457/1457/356 1458/1454/356
f 1462/1458/358 1459/1459/357 1460/1456/357
f 1464/1460/359 1461/1461/358 1462/1458/358
f 1466/1462/360 1463/1463/359 1464/1460/359
f 1468/1464/361 1465/1465/360 1466/1462/360
f 1470/1466/362 1467/1467/361 1468/1464/361
f 1472/1468/363 1469/1469/362 1470/1466/362
f 1474/1470/359 1471/1471/363 1472/1468/363
f 1476/1472/364 1473/1473/359 1474/1470/359
f 1478/1474/365 1475/1475/366 1476/1472/364
f 1480/1476/367 1477/1477/365 1478/1474/365
f 1482/1478/368 1479/1479/367 1480/1476/367
f 1484/1480/369 1481/1481/370 1482/1478/368
f 1486/1482/371 1483/1483/369 1484/1480/369
f 1488/1484/372 1485/1485/371 1486/1482/371
f 1490/1486/373 1487/1487/372 1488/1484/372
f 1492/1488/374 1489/1489/373 1490/1486/373
f 1494/1490/375 1491/1491/374 1492/1488/374
f 1496/1492/376 1493/1493/375 1494/1490/375
f 1498/1494/377 1495/1495/376 1496/1492/376
f 1500/1496/378 1497/1497/377 1498/1494/377
f 1502/1498/379 1499/1499/378 1500/1496/378
f 1504/1500/380 1501/1501/381 1502/1498/379
f 1506/1502/382 1503/1503/383 1504/1500/380
f 1508/1504/384 1505/1505/382 1506/1502/382
f 1510/1506/385 1507/1507/384 1508/1504/384
f 1512/1508/386 1509/1509/385 1510/1506/385
f 1514/1510/387 1511/1511/386 1512/1508/386
f 1516/1512/388 1513/1513/387 1514/1510/387
f 1518/1514/389 1515/1515/388 1516/1512/388
f 1520/1516/390 1517/1517/389 1518/1514/389
f 1522/1518/391 1519/1519/390 1520/1516/390
f 1524/1520/392 1521/1521/393 1522/1518/391
f 1526/1522/394 1523/1523/392 1524/1520/392
f 1528/1524/395 1525/1525/396 1526/1522/394
f 1530/1526/397 1527/1527/398 1528/1524/395
f 1532/1528/399 1529/1529/397 1530/1526/397
f 1534/1530/400 1531/1531/401 1532/1528/399
f 1536/1532/402 1533/1533/400 1534/1530/400
f 1538/1534/403 1535/1535/402 1536/1532/402
f 1540/1536/404 1537/1537/403 1538/1534/403
f 1542/1538/405 1539/1539/406 1540/1536/404
f 1544/1540/407 1541/1541/405 1542/1538/405
f 1544/1540/407 1545/1542/408 1543/1543/409
f 1546/1544/408 1547/1545/410 1545/1542/408
f 1550/1546/411 1547/1545/410 1548/1547/410
f 1552/1548/412 1549/1549/413 1550/1546/411
f 1554/1550/414 1551/1551/415 1552/1548/412
f 1556/1552/416 1553/1553/414 1554/1550/414
f 1558/1554/417 1555/1555/416 1556/1552/416
f 1560/1556/418 1557/1557/417 1558/1554/417
f 1562/1558/419 1559/1559/418 1560/1556/418
f 1564/1560/420 1561/1561/419 1562/1558/419
f 1566/1562/421 1563/1563/420 1564/1560/420
f 1568/1564/422 1565/1565/423 1566/1562/421
f 1570/1566/424 1567/1567/422 1568/1564/422
f 1572/1568/425 1569/1569/426 1570/1566/424
f 1574/1570/427 1571/1571/425 1572/1568/425
f 1576/1572/428 1573/1573/429 1574/1570/427
f 1578/1574/430 1575/1575/431 1576/1572/428
f 1580/1576/432 1577/1577/430 1578/1574/430
f 1582/1578/433 1579/1579/434 1580/1576/432
f 1584/1580/435 1581/1581/433 1582/1578/433
f 1586/1582/436 1583/1583/435 1584/1580/435
f 1588/1584/437 1585/1585/436 1586/1582/436
f 1590/1586/438 1587/1587/437 1588/1584/437
f 1592/1588/439 1589/1589/438 1590/1586/438
f 1594/1590/440 1591/1591/439 1592/1588/439
f 1596/1592/441 1593/1593/440 1594/1590/440
f 1598/1594/442 1595/1595/441 1596/1592/441
f 1600/1596/443 1597/1597/442 1598/1594/442
f 1602/1598/444 1599/1599/445 1600/1596/443
f 1604/1600/446 1601/1601/444 1602/1598/444
f 1606/1602/447 1603/1603/448 1604/1600/446
f 1608/1604/449 1605/1605/450 1606/1602/447
f 1610/1606/451 1607/1607/449 1608/1604/449
f 1612/1608/452 1609/1609/451 1610/1606/451
f 1614/1610/453 1611/1611/452 1612/1608/452
f 1616/1612/454 1613/1613/455 1614/1610/453
f 1618/1614/456 1615/1615/457 1616/1612/454
f 1620/1616/458 1617/1617/459 1618/1614/456
f 1622/1618/460 1619/1619/461 1620/1616/458
f 1624/1620/462 1621/1621/463 1622/1618/460
f 1626/1622/464 1623/1623/465 1624/1620/462
f 1628/1624/466 1625/1625/464 1626/1622/464
f 1630/1626/467 1627/1627/466 1628/1624/466
f 1632/1628/468 1629/1629/469 1630/1626/467
f 1634/1630/470 1631/1631/468 1632/1628/468
f 1636/1632/471 1633/1633/472 1634/1630/470
f 1638/1634/473 1635/1635/474 1636/1632/471
f 1640/1636/475 1637/1637/473 1638/1634/473
f 1642/1638/476 1639/1639/475 1640/1636/475
f 1644/1640/477 1641/1641/476 1642/1638/476
f 1646/1642/478 1643/1643/477 1644/1640/477
f 1648/1644/479 1645/1645/478 1646/1642/478
f 1650/1646/480 1647/1647/481 1648/1644/479
f 1650/1646/480 1651/1648/482 1649/1649/483
f 1654/1650/484 1651/1648/482 1652/1651/485
f 1654/1650/484 1655/1652/486 1653/1653/484
f 1658/1654/487 1655/1652/486 1656/1655/488
f 1660/1656/489 1657/1657/487 1658/1654/487
f 1662/1658/490 1659/1659/489 1660/1656/489
f 1664/1660/491 1661/1661/490 1662/1658/490
f 1666/1662/492 1663/1663/491 1664/1660/491
f 1668/1664/493 1665/1665/494 1666/1662/492
f 1670/1666/495 1667/1667/493 1668/1664/493
f 1672/1668/496 1669/1669/497 1670/1666/495
f 1674/1670/498 1671/1671/496 1672/1668/496
f 1676/1672/499 1673/1673/498 1674/1670/498
f 1678/1674/500 1675/1675/501 1676/1672/499
f 1680/1676/502 1677/1677/500 1678/1674/500
f 1682/1678/503 1679/1679/504 1680/1676/502
f 1684/1680/505 1681/1681/503 1682/1678/503
f 1686/1682/506 1683/1683/505 1684/1680/505
f 1688/1684/507 1685/1685/506 1686/1682/506
f 1690/1686/508 1687/1687/507 1688/1684/507
f 1692/1688/509 1689/1689/508 1690/1686/508
f 1694/1690/510 1691/1691/511 1692/1688/509
f 1696/1692/512 1693/1693/510 1694/1690/510
f 1698/1694/513 1695/1695/512 1696/1692/512
f 1700/1696/514 1697/1697/513 1698/1694/513
f 1702/1698/515 1699/1699/514 1700/1696/514
f 1704/1700/516 1701/1701/515 1702/1698/515
f 1706/1702/517 1703/1703/516 1704/1700/516
f 1708/1704/518 1705/1705/517 1706/1702/517
f 1710/1706/519 1707/1707/518 1708/1704/518
f 1712/1708/520 1709/1709/519 1710/1706/519
f 1714/1710/521 1711/1711/520 1712/1708/520
f 1716/1712/522 1713/1713/521 1714/1710/521
f 1718/1714/523 1715/1715/522 1716/1712/522
f 1720/1716/524 1717/1717/523 1718/1714/523
f 1722/1718/525 1719/1719/524 1720/1716/524
f 1724/1720/526 1721/1721/525 1722/1718/525
f 1726/1722/527 1723/1723/526 1724/1720/526
f 1728/1724/528 1725/1725/527 1726/1722/527
f 1730/1726/529 1727/1727/528 1728/1724/528
f 1732/1728/530 1729/1729/529 1730/1726/529
f 1734/1730/531 1731/1731/532 1732/1728/530
f 1736/1732/533 1733/1733/531 1734/1730/531
f 1738/1734/534 1735/1735/533 1736/1732/533
f 1740/1736/535 1737/1737/534 1738/1734/534
f 1742/1738/536 1739/1739/535 1740/1736/535
f 1744/1740/537 1741/1741/538 1742/1738/536
f 1746/1742/539 1743/1743/537 1744/1740/537
f 1748/1744/540 1745/1745/539 1746/1742/539
f 1750/1746/541 1747/1747/540 1748/1744/540
f 1752/1748/542 1749/1749/541 1750/1746/541
f 1754/1750/543 1751/1751/542 1752/1748/542
f 1756/1752/544 1753/1753/543 1754/1750/543
f 1758/1754/545 1755/1755/544 1756/1752/544
f 1760/1756/546 1757/1757/545 1758/1754/545
f 1762/1758/547 1759/1759/546 1760/1756/546
f 1764/1760/548 1761/1761/547 1762/1758/547
f 1766/1762/549 1763/1763/548 1764/1760/548
f 1768/1764/550 1765/1765/549 1766/1762/549
f 1770/1766/551 1767/1767/550 1768/1764/550
f 1772/1768/552 1769/1769/551 1770/1766/551
f 1774/1770/553 1771/1771/552 1772/1768/552
f 1776/1772/554 1773/1773/553 1774/1770/553
f 1778/1774/555 1775/1775/554 1776/1772/554
f 1780/1776/556 1777/1777/555 1778/1774/555
f 1782/1778/557 1779/1779/556 1780/1776/556
f 1784/1780/558 1781/1781/557 1782/1778/557
f 1786/1782/559 1783/1783/558 1784/1780/558
f 1788/1784/560 1785/1785/559 1786/1782/559
f 1790/1786/561 1787/1787/560 1788/1784/560
f 1792/1788/562 1789/1789/561 1790/1786/561
f 1794/1790/563 1791/1791/564 1792/1788/562
f 1796/1792/565 1793/1793/563 1794/1790/563
f 1798/1794/566 1795/1795/565 1796/1792/565
f 1800/1796/567 1797/1797/566 1798/1794/566
f 1802/1798/568 1799/1799/567 1800/1796/567
f 1804/1800/569 1801/1801/568 1802/1798/568
f 1806/1802/570 1803/1803/569 1804/1800/569
f 1808/1804/571 1805/1805/570 1806/1802/570
f 1810/1806/572 1807/1807/571 1808/1804/571
f 1812/1808/573 1809/1809/572 1810/1806/572
f 1814/1810/574 1811/1811/573 1812/1808/573
f 1816/1812/575 1813/1813/574 1814/1810/574
f 1380/1378/310 1815/1814/575 1816/1812/575
f 2/1815/576 3/1816/577 1/1817/578
f 4/1818/579 7/1819/580 3/1820/577
f 8/1821/581 5/1822/582 7/1823/580
f 6/1824/583 1/1825/578 5/1822/582
f 7/1823/580 1/1826/578 3/1827/577
f 4/1828/579 6/1824/583 8/1821/581
f 916/905/18 915/909/21 913/906/19
f 918/908/20 917/911/20 915/909/21
f 920/910/22 919/913/22 917/911/20
f 922/912/19 921/915/19 919/913/22
f 924/914/21 923/917/20 921/915/19
f 926/916/23 925/919/20 923/917/20
f 928/918/22 927/921/25 925/919/20
f 930/920/24 929/923/27 927/921/25
f 930/920/24 932/925/29 931/922/26
f 934/924/28 933/1829/20 931/922/26
f 936/926/19 935/929/22 933/927/20
f 936/926/19 914/907/19 913/906/19
f 940/930/30 939/934/30 937/931/31
f 942/933/32 941/936/32 939/934/30
f 944/935/33 943/938/33 941/936/32
f 946/937/34 945/940/34 943/938/33
f 948/939/35 947/942/37 945/940/34
f 950/941/36 949/944/36 947/942/37
f 952/943/38 951/946/38 949/944/36
f 954/945/39 953/948/39 951/946/38
f 956/947/40 955/950/40 953/948/39
f 958/949/41 957/952/43 955/950/40
f 960/951/42 959/954/42 957/952/43
f 962/953/44 961/1830/20 959/954/42
f 964/955/22 963/959/22 961/956/20
f 966/958/45 965/961/45 963/959/22
f 968/960/46 967/963/46 965/961/45
f 970/962/47 969/965/47 967/963/46
f 972/964/48 971/967/48 969/965/47
f 974/966/49 973/969/49 971/967/48
f 976/968/50 975/971/50 973/969/49
f 978/970/51 977/973/51 975/971/50
f 980/972/52 979/975/52 977/973/51
f 982/974/53 981/977/53 979/975/52
f 984/976/54 983/979/56 981/977/53
f 986/978/55 985/981/58 983/979/56
f 988/980/57 987/983/57 985/981/58
f 990/982/59 989/985/61 987/983/57
f 992/984/60 991/987/60 989/985/61
f 994/986/62 993/989/64 991/987/60
f 996/988/63 995/991/66 993/989/64
f 998/990/65 997/993/65 995/991/66
f 1000/992/67 999/995/69 997/993/65
f 1002/994/68 1001/997/68 999/995/69
f 1004/996/70 1003/999/72 1001/997/68
f 1006/998/71 1005/1001/71 1003/999/72
f 1008/1000/73 1007/1003/73 1005/1001/71
f 1010/1002/74 1009/1005/74 1007/1003/73
f 1012/1004/75 1011/1007/75 1009/1005/74
f 1014/1006/76 1013/1009/78 1011/1007/75
f 1016/1008/77 1015/1011/77 1013/1009/78
f 1018/1010/79 1017/1013/81 1015/1011/77
f 1020/1012/80 1019/1015/83 1017/1013/81
f 1022/1014/82 1021/1017/82 1019/1015/83
f 1024/1016/84 1023/1019/84 1021/1017/82
f 1026/1018/85 1025/1021/85 1023/1019/84
f 1028/1020/86 1027/1023/88 1025/1021/85
f 1030/1022/87 1029/1025/90 1027/1023/88
f 1032/1024/89 1031/1027/92 1029/1025/90
f 1034/1026/91 1033/1029/94 1031/1027/92
f 1036/1028/93 1035/1031/93 1033/1029/94
f 1038/1030/95 1037/1033/95 1035/1031/93
f 1040/1032/96 1039/1035/98 1037/1033/95
f 1042/1034/97 1041/1037/97 1039/1035/98
f 1044/1036/99 1043/1039/99 1041/1037/97
f 1046/1038/100 1045/1041/102 1043/1039/99
f 1048/1040/101 1047/1043/101 1045/1041/102
f 1050/1042/103 1049/1045/103 1047/1043/101
f 1052/1044/104 1051/1047/106 1049/1045/103
f 1054/1046/105 1053/1049/108 1051/1047/106
f 1056/1048/107 1055/1051/110 1053/1049/108
f 1058/1050/109 1057/1053/112 1055/1051/110
f 1060/1052/111 1059/1055/114 1057/1053/112
f 1062/1054/113 1061/1057/116 1059/1055/114
f 1064/1056/115 1063/1059/115 1061/1057/116
f 1066/1058/117 1065/1061/117 1063/1059/115
f 1068/1060/118 1067/1063/120 1065/1061/117
f 1070/1062/119 1069/1065/119 1067/1063/120
f 1072/1064/121 1071/1067/121 1069/1065/119
f 1074/1066/122 1073/1069/122 1071/1067/121
f 1076/1068/123 1075/1071/123 1073/1069/122
f 1078/1070/124 1077/1073/124 1075/1071/123
f 1080/1072/125 1079/1075/125 1077/1073/124
f 1082/1074/126 1081/1077/126 1079/1075/125
f 1084/1076/127 1083/1079/127 1081/1077/126
f 1086/1078/128 1085/1081/130 1083/1079/127
f 1088/1080/129 1087/1083/132 1085/1081/130
f 1090/1082/131 1089/1085/134 1087/1083/132
f 1092/1084/133 1091/1087/133 1089/1085/134
f 1094/1086/135 1093/1089/137 1091/1087/133
f 1096/1088/136 1095/1091/139 1093/1089/137
f 1098/1090/138 1097/1093/141 1095/1091/139
f 1100/1092/140 1099/1095/140 1097/1093/141
f 1102/1094/142 1101/1097/142 1099/1095/140
f 1104/1096/143 1103/1099/145 1101/1097/142
f 1106/1098/144 1105/1101/144 1103/1099/145
f 1108/1100/146 1107/1103/148 1105/1101/144
f 1110/1102/147 1109/1105/147 1107/1103/148
f 1112/1104/27 1111/1107/27 1109/1105/147
f 1114/1106/29 1113/1109/150 1111/1107/27
f 1116/1108/149 1115/1111/152 1113/1109/150
f 1118/1110/151 1117/1113/151 1115/1111/152
f 1120/1112/153 1119/1115/153 1117/1113/151
f 1122/1114/154 1121/1117/154 1119/1115/153
f 1124/1116/155 1123/1119/155 1121/1117/154
f 1126/1118/156 1125/1121/156 1123/1119/155
f 1128/1120/157 1127/1123/159 1125/1121/156
f 1130/1122/158 1129/1125/161 1127/1123/159
f 1132/1124/160 1131/1127/160 1129/1125/161
f 1134/1126/162 1133/1129/162 1131/1127/160
f 1136/1128/163 1135/1131/163 1133/1129/162
f 1138/1130/164 1137/1133/166 1135/1131/163
f 1140/1132/165 1139/1135/168 1137/1133/166
f 1142/1134/167 1141/1136/167 1139/1135/168
f 938/932/31 937/931/31 1141/1136/167
f 1144/1137/169 1146/1141/170 1145/1138/170
f 1148/1140/171 1147/1143/171 1145/1138/170
f 1148/1140/171 1150/1145/172 1149/1142/172
f 1152/1144/173 1151/1147/173 1149/1142/172
f 1154/1146/174 1153/1149/174 1151/1147/173
f 1156/1148/175 1155/1151/175 1153/1149/174
f 1158/1150/176 1157/1153/176 1155/1151/175
f 1160/1152/177 1159/1155/177 1157/1153/176
f 1162/1154/178 1161/1157/178 1159/1155/177
f 1164/1156/179 1163/1159/179 1161/1157/178
f 1166/1158/180 1165/1161/180 1163/1159/179
f 1168/1160/20 1167/1831/20 1165/1161/180
f 1170/1162/22 1169/1166/22 1167/1163/20
f 1172/1165/181 1171/1168/183 1169/1166/22
f 1174/1167/182 1173/1170/182 1171/1168/183
f 1176/1169/184 1175/1172/184 1173/1170/182
f 1178/1171/185 1177/1174/185 1175/1172/184
f 1180/1173/186 1179/1176/186 1177/1174/185
f 1182/1175/187 1181/1178/187 1179/1176/186
f 1184/1177/188 1183/1180/188 1181/1178/187
f 1186/1179/189 1185/1182/189 1183/1180/188
f 1188/1181/190 1187/1184/192 1185/1182/189
f 1190/1183/191 1189/1186/191 1187/1184/192
f 1192/1185/193 1191/1188/195 1189/1186/191
f 1194/1187/194 1193/1190/194 1191/1188/195
f 1196/1189/196 1195/1192/198 1193/1190/194
f 1198/1191/197 1197/1194/200 1195/1192/198
f 1200/1193/199 1199/1196/199 1197/1194/200
f 1202/1195/201 1201/1198/201 1199/1196/199
f 1204/1197/202 1203/1200/202 1201/1198/201
f 1206/1199/203 1205/1202/203 1203/1200/202
f 1208/1201/204 1207/1204/204 1205/1202/203
f 1210/1203/205 1209/1206/205 1207/1204/204
f 1212/1205/206 1211/1208/208 1209/1206/205
f 1214/1207/207 1213/1210/210 1211/1208/208
f 1216/1209/209 1215/1212/209 1213/1210/210
f 1218/1211/211 1217/1214/211 1215/1212/209
f 1220/1213/212 1219/1216/214 1217/1214/211
f 1222/1215/213 1221/1218/216 1219/1216/214
f 1224/1217/215 1223/1220/215 1221/1218/216
f 1226/1219/217 1225/1222/217 1223/1220/215
f 1228/1221/218 1227/1224/218 1225/1222/217
f 1230/1223/219 1229/1226/219 1227/1224/218
f 1232/1225/220 1231/1228/222 1229/1226/219
f 1234/1227/221 1233/1230/224 1231/1228/222
f 1236/1229/223 1235/1232/223 1233/1230/224
f 1238/1231/225 1237/1234/225 1235/1232/223
f 1240/1233/226 1239/1236/226 1237/1234/225
f 1242/1235/227 1241/1238/227 1239/1236/226
f 1244/1237/228 1243/1240/228 1241/1238/227
f 1246/1239/29 1245/1242/29 1243/1240/228
f 1248/1241/229 1247/1244/229 1245/1242/29
f 1250/1243/230 1249/1246/230 1247/1244/229
f 1252/1245/231 1251/1248/231 1249/1246/230
f 1254/1247/232 1253/1250/232 1251/1248/231
f 1256/1249/233 1255/1252/233 1253/1250/232
f 1258/1251/234 1257/1254/234 1255/1252/233
f 1260/1253/235 1259/1256/235 1257/1254/234
f 1262/1255/236 1261/1258/236 1259/1256/235
f 1264/1257/119 1263/1260/238 1261/1258/236
f 1266/1259/237 1265/1262/237 1263/1260/238
f 1268/1261/239 1267/1264/239 1265/1262/237
f 1270/1263/240 1269/1266/240 1267/1264/239
f 1272/1265/241 1271/1268/243 1269/1266/240
f 1274/1267/242 1273/1269/244 1271/1268/243
f 1144/1137/169 1143/1139/169 1273/1269/244
f 1278/1270/245 1277/1274/245 1275/1271/150
f 1280/1273/19 1279/1276/19 1277/1274/245
f 1282/1275/21 1281/1832/21 1279/1276/19
f 1276/1272/150 1275/1271/150 1281/1277/21
f 1286/1279/246 1285/1283/246 1283/1280/247
f 1288/1282/249 1287/1285/251 1285/1283/246
f 1290/1284/250 1289/1287/253 1287/1285/251
f 1292/1286/252 1291/1289/252 1289/1287/253
f 1294/1288/254 1293/1291/254 1291/1289/252
f 1296/1290/255 1295/1293/255 1293/1291/254
f 1298/1292/256 1297/1295/258 1295/1293/255
f 1300/1294/257 1299/1297/257 1297/1295/258
f 1302/1296/259 1301/1833/259 1299/1297/257
f 1304/1298/260 1303/1302/260 1301/1299/259
f 1306/1301/261 1305/1304/263 1303/1302/260
f 1308/1303/262 1307/1306/265 1305/1304/263
f 1310/1305/264 1309/1308/264 1307/1306/265
f 1312/1307/266 1311/1310/266 1309/1308/264
f 1314/1309/267 1313/1312/267 1311/1310/266
f 1316/1311/268 1315/1314/268 1313/1312/267
f 1318/1313/269 1317/1316/269 1315/1314/268
f 1320/1315/270 1319/1318/270 1317/1316/269
f 1322/1317/271 1321/1320/271 1319/1318/270
f 1324/1319/272 1323/1322/274 1321/1320/271
f 1326/1321/273 1325/1324/276 1323/1322/274
f 1328/1323/275 1327/1326/275 1325/1324/276
f 1330/1325/277 1329/1328/277 1327/1326/275
f 1332/1327/278 1331/1330/278 1329/1328/277
f 1334/1329/279 1333/1332/279 1331/1330/278
f 1336/1331/280 1335/1334/280 1333/1332/279
f 1338/1333/281 1337/1336/281 1335/1334/280
f 1340/1335/282 1339/1338/282 1337/1336/281
f 1342/1337/283 1341/1340/283 1339/1338/282
f 1344/1339/284 1343/1342/284 1341/1340/283
f 1346/1341/285 1345/1344/285 1343/1342/284
f 1348/1343/286 1347/1346/286 1345/1344/285
f 1350/1345/287 1349/1348/287 1347/1346/286
f 1352/1347/288 1351/1350/288 1349/1348/287
f 1354/1349/289 1353/1352/291 1351/1350/288
f 1356/1351/290 1355/1354/293 1353/1352/291
f 1356/1351/290 1358/1356/295 1357/1353/292
f 1360/1355/294 1359/1358/297 1357/1353/292
f 1362/1357/296 1361/1360/296 1359/1358/297
f 1364/1359/298 1363/1362/298 1361/1360/296
f 1366/1361/299 1365/1364/301 1363/1362/298
f 1368/1363/300 1367/1366/303 1365/1364/301
f 1370/1365/302 1369/1368/302 1367/1366/303
f 1372/1367/304 1371/1370/306 1369/1368/302
f 1374/1369/305 1373/1372/305 1371/1370/306
f 1376/1371/307 1375/1374/307 1373/1372/305
f 1378/1373/308 1377/1375/308 1375/1374/307
f 1284/1281/248 1283/1280/247 1377/1375/308
f 1382/1376/309 1381/1380/309 1379/1377/310
f 1384/1379/311 1383/1382/311 1381/1380/309
f 1386/1381/312 1385/1384/312 1383/1382/311
f 1388/1383/313 1387/1386/313 1385/1384/312
f 1390/1385/314 1389/1388/314 1387/1386/313
f 1392/1387/315 1391/1390/315 1389/1388/314
f 1394/1389/316 1393/1392/316 1391/1390/315
f 1396/1391/317 1395/1394/317 1393/1392/316
f 1398/1393/318 1397/1396/318 1395/1394/317
f 1400/1395/319 1399/1398/319 1397/1396/318
f 1402/1397/320 1401/1400/320 1399/1398/319
f 1404/1399/321 1403/1402/321 1401/1400/320
f 1406/1401/322 1405/1404/322 1403/1402/321
f 1408/1403/323 1407/1406/323 1405/1404/322
f 1410/1405/324 1409/1408/324 1407/1406/323
f 1412/1407/325 1411/1410/327 1409/1408/324
f 1414/1409/326 1413/1412/329 1411/1410/327
f 1416/1411/328 1415/1414/328 1413/1412/329
f 1418/1413/330 1417/1416/330 1415/1414/328
f 1420/1415/331 1419/1418/333 1417/1416/330
f 1422/1417/332 1421/1420/335 1419/1418/333
f 1424/1419/334 1423/1422/334 1421/1420/335
f 1426/1421/336 1425/1834/338 1423/1422/334
f 1428/1423/337 1427/1427/340 1425/1424/338
f 1430/1426/339 1429/1429/342 1427/1427/340
f 1432/1428/341 1431/1431/341 1429/1429/342
f 1434/1430/343 1433/1433/343 1431/1431/341
f 1436/1432/343 1435/1435/343 1433/1433/343
f 1438/1434/344 1437/1437/346 1435/1435/343
f 1440/1436/345 1439/1439/345 1437/1437/346
f 1442/1438/347 1441/1441/347 1439/1439/345
f 1444/1440/348 1443/1443/348 1441/1441/347
f 1446/1442/349 1445/1445/349 1443/1443/348
f 1448/1444/350 1447/1447/350 1445/1445/349
f 1450/1446/351 1449/1449/353 1447/1447/350
f 1452/1448/352 1451/1451/352 1449/1449/353
f 1454/1450/354 1453/1453/354 1451/1451/352
f 1456/1452/355 1455/1455/355 1453/1453/354
f 1458/1454/356 1457/1457/356 1455/1455/355
f 1460/1456/357 1459/1459/357 1457/1457/356
f 1462/1458/358 1461/1461/358 1459/1459/357
f 1464/1460/359 1463/1463/359 1461/1461/358
f 1466/1462/360 1465/1465/360 1463/1463/359
f 1468/1464/361 1467/1467/361 1465/1465/360
f 1470/1466/362 1469/1469/362 1467/1467/361
f 1472/1468/363 1471/1471/363 1469/1469/362
f 1474/1470/359 1473/1473/359 1471/1471/363
f 1476/1472/364 1475/1475/366 1473/1473/359
f 1478/1474/365 1477/1477/365 1475/1475/366
f 1480/1476/367 1479/1479/367 1477/1477/365
f 1482/1478/368 1481/1481/370 1479/1479/367
f 1484/1480/369 1483/1483/369 1481/1481/370
f 1486/1482/371 1485/1485/371 1483/1483/369
f 1488/1484/372 1487/1487/372 1485/1485/371
f 1490/1486/373 1489/1489/373 1487/1487/372
f 1492/1488/374 1491/1491/374 1489/1489/373
f 1494/1490/375 1493/1493/375 1491/1491/374
f 1496/1492/376 1495/1495/376 1493/1493/375
f 1498/1494/377 1497/1497/377 1495/1495/376
f 1500/1496/378 1499/1499/378 1497/1497/377
f 1502/1498/379 1501/1501/381 1499/1499/378
f 1504/1500/380 1503/1503/383 1501/1501/381
f 1506/1502/382 1505/1505/382 1503/1503/383
f 1508/1504/384 1507/1507/384 1505/1505/382
f 1510/1506/385 1509/1509/385 1507/1507/384
f 1512/1508/386 1511/1511/386 1509/1509/385
f 1514/1510/387 1513/1513/387 1511/1511/386
f 1516/1512/388 1515/1515/388 1513/1513/387
f 1518/1514/389 1517/1517/389 1515/1515/388
f 1520/1516/390 1519/1519/390 1517/1517/389
f 1522/1518/391 1521/1521/393 1519/1519/390
f 1524/1520/392 1523/1523/392 1521/1521/393
f 1526/1522/394 1525/1525/396 1523/1523/392
f 1528/1524/395 1527/1527/398 1525/1525/396
f 1530/1526/397 1529/1529/397 1527/1527/398
f 1532/1528/399 1531/1531/401 1529/1529/397
f 1534/1530/400 1533/1533/400 1531/1531/401
f 1536/1532/402 1535/1535/402 1533/1533/400
f 1538/1534/403 1537/1537/403 1535/1535/402
f 1540/1536/404 1539/1539/406 1537/1537/403
f 1542/1538/405 1541/1541/405 1539/1539/406
f 1544/1540/407 1543/1543/409 1541/1541/405
f 1544/1540/407 1546/1544/408 1545/1542/408
f 1546/1544/408 1548/1547/410 1547/1545/410
f 1550/1546/411 1549/1549/413 1547/1545/410
f 1552/1548/412 1551/1551/415 1549/1549/413
f 1554/1550/414 1553/1553/414 1551/1551/415
f 1556/1552/416 1555/1555/416 1553/1553/414
f 1558/1554/417 1557/1557/417 1555/1555/416
f 1560/1556/418 1559/1559/418 1557/1557/417
f 1562/1558/419 1561/1561/419 1559/1559/418
f 1564/1560/420 1563/1563/420 1561/1561/419
f 1566/1562/421 1565/1565/423 1563/1563/420
f 1568/1564/422 1567/1567/422 1565/1565/423
f 1570/1566/424 1569/1569/426 1567/1567/422
f 1572/1568/425 1571/1571/425 1569/1569/426
f 1574/1570/427 1573/1573/429 1571/1571/425
f 1576/1572/428 1575/1575/431 1573/1573/429
f 1578/1574/430 1577/1577/430 1575/1575/431
f 1580/1576/432 1579/1579/434 1577/1577/430
f 1582/1578/433 1581/1581/433 1579/1579/434
f 1584/1580/435 1583/1583/435 1581/1581/433
f 1586/1582/436 1585/1585/436 1583/1583/435
f 1588/1584/437 1587/1587/437 1585/1585/436
f 1590/1586/438 1589/1589/438 1587/1587/437
f 1592/1588/439 1591/1591/439 1589/1589/438
f 1594/1590/440 1593/1593/440 1591/1591/439
f 1596/1592/441 1595/1595/441 1593/1593/440
f 1598/1594/442 1597/1597/442 1595/1595/441
f 1600/1596/443 1599/1599/445 1597/1597/442
f 1602/1598/444 1601/1601/444 1599/1599/445
f 1604/1600/446 1603/1603/448 1601/1601/444
f 1606/1602/447 1605/1605/450 1603/1603/448
f 1608/1604/449 1607/1607/449 1605/1605/450
f 1610/1606/451 1609/1609/451 1607/1607/449
f 1612/1608/452 1611/1611/452 1609/1609/451
f 1614/1610/453 1613/1613/455 1611/1611/452
f 1616/1612/454 1615/1615/457 1613/1613/455
f 1618/1614/456 1617/1617/459 1615/1615/457
f 1620/1616/458 1619/1619/461 1617/1617/459
f 1622/1618/460 1621/1621/463 1619/1619/461
f 1624/1620/462 1623/1623/465 1621/1621/463
f 1626/1622/464 1625/1625/464 1623/1623/465
f 1628/1624/466 1627/1627/466 1625/1625/464
f 1630/1626/467 1629/1629/469 1627/1627/466
f 1632/1628/468 1631/1631/468 1629/1629/469
f 1634/1630/470 1633/1633/472 1631/1631/468
f 1636/1632/471 1635/1635/474 1633/1633/472
f 1638/1634/473 1637/1637/473 1635/1635/474
f 1640/1636/475 1639/1639/475 1637/1637/473
f 1642/1638/476 1641/1641/476 1639/1639/475
f 1644/1640/477 1643/1643/477 1641/1641/476
f 1646/1642/478 1645/1645/478 1643/1643/477
f 1648/1644/479 1647/1647/481 1645/1645/478
f 1650/1646/480 1649/1649/483 1647/1647/481
f 1650/1646/480 1652/1651/485 1651/1648/482
f 1654/1650/484 1653/1653/484 1651/1648/482
f 1654/1650/484 1656/1655/488 1655/1652/486
f 1658/1654/487 1657/1657/487 1655/1652/486
f 1660/1656/489 1659/1659/489 1657/1657/487
f 1662/1658/490 1661/1661/490 1659/1659/489
f 1664/1660/491 1663/1663/491 1661/1661/490
f 1666/1662/492 1665/1665/494 1663/1663/491
f 1668/1664/493 1667/1667/493 1665/1665/494
f 1670/1666/495 1669/1669/497 1667/1667/493
f 1672/1668/496 1671/1671/496 1669/1669/497
f 1674/1670/498 1673/1673/498 1671/1671/496
f 1676/1672/499 1675/1675/501 1673/1673/498
f 1678/1674/500 1677/1677/500 1675/1675/501
f 1680/1676/502 1679/1679/504 1677/1677/500
f 1682/1678/503 1681/1681/503 1679/1679/504
f 1684/1680/505 1683/1683/505 1681/1681/503
f 1686/1682/506 1685/1685/506 1683/1683/505
f 1688/1684/507 1687/1687/507 1685/1685/506
f 1690/1686/508 1689/1689/508 1687/1687/507
f 1692/1688/509 1691/1691/511 1689/1689/508
f 1694/1690/510 1693/1693/510 1691/1691/511
f 1696/1692/512 1695/1695/512 1693/1693/510
f 1698/1694/513 1697/1697/513 1695/1695/512
f 1700/1696/514 1699/1699/514 1697/1697/513
f 1702/1698/515 1701/1701/515 1699/1699/514
f 1704/1700/516 1703/1703/516 1701/1701/515
f 1706/1702/517 1705/1705/517 1703/1703/516
f 1708/1704/518 1707/1707/518 1705/1705/517
f 1710/1706/519 1709/1709/519 1707/1707/518
f 1712/1708/520 1711/1711/520 1709/1709/519
f 1714/1710/521 1713/1713/521 1711/1711/520
f 1716/1712/522 1715/1715/522 1713/1713/521
f 1718/1714/523 1717/1717/523 1715/1715/522
f 1720/1716/524 1719/1719/524 1717/1717/523
f 1722/1718/525 1721/1721/525 1719/1719/524
f 1724/1720/526 1723/1723/526 1721/1721/525
f 1726/1722/527 1725/1725/527 1723/1723/526
f 1728/1724/528 1727/1727/528 1725/1725/527
f 1730/1726/529 1729/1729/529 1727/1727/528
f 1732/1728/530 1731/1731/532 1729/1729/529
f 1734/1730/531 1733/1733/531 1731/1731/532
f 1736/1732/533 1735/1735/533 1733/1733/531
f 1738/1734/534 1737/1737/534 1735/1735/533
f 1740/1736/535 1739/1739/535 1737/1737/534
f 1742/1738/536 1741/1741/538 1739/1739/535
f 1744/1740/537 1743/1743/537 1741/1741/538
f 1746/1742/539 1745/1745/539 1743/1743/537
f 1748/1744/540 1747/1747/540 1745/1745/539
f 1750/1746/541 1749/1749/541 1747/1747/540
f 1752/1748/542 1751/1751/542 1749/1749/541
f 1754/1750/543 1753/1753/543 1751/1751/542
f 1756/1752/544 1755/1755/544 1753/1753/543
f 1758/1754/545 1757/1757/545 1755/1755/544
f 1760/1756/546 1759/1759/546 1757/1757/545
f 1762/1758/547 1761/1761/547 1759/1759/546
f 1764/1760/548 1763/1763/548 1761/1761/547
f 1766/1762/549 1765/1765/549 1763/1763/548
f 1768/1764/550 1767/1767/550 1765/1765/549
f 1770/1766/551 1769/1769/551 1767/1767/550
f 1772/1768/552 1771/1771/552 1769/1769/551
f 1774/1770/553 1773/1773/553 1771/1771/552
f 1776/1772/554 1775/1775/554 1773/1773/553
f 1778/1774/555 1777/1777/555 1775/1775/554
f 1780/1776/556 1779/1779/556 1777/1777/555
f 1782/1778/557 1781/1781/557 1779/1779/556
f 1784/1780/558 1783/1783/558 1781/1781/557
f 1786/1782/559 1785/1785/559 1783/1783/558
f 1788/1784/560 1787/1787/560 1785/1785/559
f 1790/1786/561 1789/1789/561 1787/1787/560
f 1792/1788/562 1791/1791/564 1789/1789/561
f 1794/1790/563 1793/1793/563 1791/1791/564
f 1796/1792/565 1795/1795/565 1793/1793/563
f 1798/1794/566 1797/1797/566 1795/1795/565
f 1800/1796/567 1799/1799/567 1797/1797/566
f 1802/1798/568 1801/1801/568 1799/1799/567
f 1804/1800/569 1803/1803/569 1801/1801/568
f 1806/1802/570 1805/1805/570 1803/1803/569
f 1808/1804/571 1807/1807/571 1805/1805/570
f 1810/1806/572 1809/1809/572 1807/1807/571
f 1812/1808/573 1811/1811/573 1809/1809/572
f 1814/1810/574 1813/1813/574 1811/1811/573
f 1816/1812/575 1815/1814/575 1813/1813/574
f 1380/1378/310 1379/1377/310 1815/1814/575
f 2/1815/576 4/1835/579 3/1816/577
f 4/1818/579 8/1836/581 7/1819/580
f 8/1821/581 6/1824/583 5/1822/582
f 6/1824/583 2/1837/576 1/1825/578
f 7/1823/580 5/1822/582 1/1826/578
f 4/1828/579 2/1838/576 6/1824/583
