# Blender 4.4.0
# www.blender.org
mtllib Title_UI.mtl
o テキスト.001
v -8.888783 -3.460158 -7.249999
v -8.888515 -3.444284 -7.249999
v -8.888056 -3.427424 -7.249999
v -8.887386 -3.409794 -7.249999
v -8.886496 -3.391607 -7.249999
v -8.885368 -3.373081 -7.249999
v -8.883991 -3.354429 -7.249999
v -8.882351 -3.335868 -7.249999
v -8.880432 -3.317612 -7.249999
v -8.878222 -3.299877 -7.249999
v -8.875706 -3.282878 -7.249999
v -8.872869 -3.266830 -7.249999
v -9.068869 -3.266830 -7.249999
v -9.067331 -3.282802 -7.249999
v -9.065746 -3.299599 -7.249999
v -9.064148 -3.317049 -7.249999
v -9.062571 -3.334979 -7.249999
v -9.061049 -3.353214 -7.249999
v -9.059616 -3.371581 -7.249999
v -9.058310 -3.389906 -7.249999
v -9.057163 -3.408016 -7.249999
v -9.056211 -3.425737 -7.249999
v -9.055489 -3.442895 -7.249999
v -9.055029 -3.459318 -7.249999
v -9.054869 -3.474831 -7.249999
v -9.054869 -3.800831 -7.249999
v -9.123119 -3.822105 -7.249999
v -9.195211 -3.845692 -7.249999
v -9.270149 -3.871237 -7.249999
v -9.346943 -3.898386 -7.249999
v -9.424597 -3.926785 -7.249999
v -9.502119 -3.956081 -7.249999
v -9.578516 -3.985918 -7.249999
v -9.652796 -4.015942 -7.249999
v -9.723963 -4.045799 -7.249999
v -9.791027 -4.075136 -7.249999
v -9.852993 -4.103598 -7.249999
v -9.908869 -4.130831 -7.249999
v -9.840868 -4.300831 -7.249999
v -9.783848 -4.271044 -7.249999
v -9.722368 -4.240868 -7.249999
v -9.657307 -4.210581 -7.249999
v -9.589537 -4.180460 -7.249999
v -9.519932 -4.150784 -7.249999
v -9.449369 -4.121830 -7.249999
v -9.378723 -4.093877 -7.249999
v -9.308868 -4.067201 -7.249999
v -9.240681 -4.042081 -7.249999
v -9.175035 -4.018794 -7.249999
v -9.112806 -3.997618 -7.249999
v -9.054869 -3.978831 -7.249999
v -9.056870 -4.638831 -7.249999
v -9.056953 -4.655238 -7.249999
v -9.057203 -4.673256 -7.249999
v -9.057619 -4.692581 -7.249999
v -9.058203 -4.712905 -7.249999
v -9.058952 -4.733923 -7.249999
v -9.059870 -4.755331 -7.249999
v -9.060953 -4.776821 -7.249999
v -9.062202 -4.798090 -7.249999
v -9.063620 -4.818830 -7.249999
v -9.065203 -4.838738 -7.249999
v -9.066952 -4.857507 -7.249999
v -9.068869 -4.874831 -7.249999
v -8.874868 -4.874831 -7.249999
v -8.877247 -4.858156 -7.249999
v -8.879379 -4.840266 -7.249999
v -8.881277 -4.821362 -7.249999
v -8.882944 -4.801645 -7.249999
v -8.884390 -4.781318 -7.249999
v -8.885620 -4.760581 -7.249999
v -8.886642 -4.739635 -7.249999
v -8.887463 -4.718682 -7.249999
v -8.888088 -4.697925 -7.249999
v -8.888527 -4.677562 -7.249999
v -8.888784 -4.657797 -7.249999
v -8.888868 -4.638831 -7.249999
v -8.888868 -4.595609 -7.249999
v -8.888868 -4.525386 -7.249999
v -8.888868 -4.433331 -7.249999
v -8.888868 -4.324608 -7.249999
v -8.888868 -4.204386 -7.249999
v -8.888868 -4.077831 -7.249999
v -8.888868 -3.950109 -7.249999
v -8.888868 -3.826386 -7.249999
v -8.888868 -3.711831 -7.249999
v -8.888868 -3.611609 -7.249999
v -8.888868 -3.530886 -7.249999
v -8.888868 -3.474831 -7.249999
v -6.746698 -3.958831 -7.250000
v -6.819166 -3.958831 -7.250000
v -6.909744 -3.958831 -7.250000
v -7.013906 -3.958831 -7.250000
v -7.127125 -3.958831 -7.249999
v -7.244869 -3.958831 -7.249999
v -7.362614 -3.958831 -7.249999
v -7.475832 -3.958831 -7.249999
v -7.579994 -3.958831 -7.249999
v -7.670572 -3.958831 -7.249999
v -7.743040 -3.958831 -7.249999
v -7.792868 -3.958831 -7.249999
v -7.817286 -3.958710 -7.249999
v -7.840536 -3.958368 -7.249999
v -7.862619 -3.957831 -7.249999
v -7.883535 -3.957127 -7.249999
v -7.903286 -3.956285 -7.249999
v -7.921869 -3.955331 -7.249999
v -7.939285 -3.954294 -7.249999
v -7.955536 -3.953201 -7.249999
v -7.970619 -3.952081 -7.249999
v -7.984535 -3.950960 -7.249999
v -7.997286 -3.949868 -7.249999
v -8.008869 -3.948831 -7.249999
v -8.008869 -4.144831 -7.249999
v -7.997972 -4.144214 -7.249999
v -7.985376 -4.143395 -7.249999
v -7.971210 -4.142424 -7.249999
v -7.955606 -4.141349 -7.249999
v -7.938698 -4.140218 -7.249999
v -7.920616 -4.139081 -7.249999
v -7.901493 -4.137985 -7.249999
v -7.881460 -4.136979 -7.249999
v -7.860649 -4.136112 -7.249999
v -7.839191 -4.135433 -7.249999
v -7.817221 -4.134989 -7.249999
v -7.794868 -4.134830 -7.249999
v -7.744619 -4.134830 -7.249999
v -7.671869 -4.134830 -7.249999
v -7.581120 -4.134830 -7.249999
v -7.476870 -4.134830 -7.249999
v -7.363619 -4.134830 -7.249999
v -7.245869 -4.134830 -7.249999
v -7.128119 -4.134830 -7.249999
v -7.014868 -4.134830 -7.249999
v -6.910618 -4.134830 -7.250000
v -6.819868 -4.134830 -7.250000
v -6.747118 -4.134830 -7.250000
v -6.696869 -4.134830 -7.250000
v -6.669476 -4.134913 -7.250000
v -6.642387 -4.135155 -7.250000
v -6.615744 -4.135550 -7.250000
v -6.589684 -4.136090 -7.250000
v -6.564346 -4.136769 -7.250000
v -6.539869 -4.137581 -7.250000
v -6.516392 -4.138517 -7.250000
v -6.494055 -4.139571 -7.250000
v -6.472994 -4.140737 -7.250000
v -6.453350 -4.142006 -7.250000
v -6.435263 -4.143373 -7.250000
v -6.418869 -4.144831 -7.250000
v -6.418869 -3.948831 -7.250000
v -6.434805 -3.949868 -7.250000
v -6.452518 -3.950960 -7.250000
v -6.471870 -3.952081 -7.250000
v -6.492722 -3.953201 -7.250000
v -6.514935 -3.954294 -7.250000
v -6.538370 -3.955331 -7.250000
v -6.562889 -3.956284 -7.250000
v -6.588352 -3.957127 -7.250000
v -6.614620 -3.957831 -7.250000
v -6.641556 -3.958368 -7.250000
v -6.669018 -3.958710 -7.250000
v -6.696869 -3.958831 -7.250000
v -5.154869 -3.472831 -7.250000
v -5.696869 -3.472831 -7.250000
v -5.710161 -3.472704 -7.250000
v -5.723036 -3.472322 -7.250000
v -5.735494 -3.471674 -7.250000
v -5.747536 -3.470757 -7.250000
v -5.759161 -3.469561 -7.250000
v -5.770370 -3.468081 -7.250000
v -5.781161 -3.466309 -7.250000
v -5.791536 -3.464238 -7.250000
v -5.801495 -3.461862 -7.250000
v -5.811036 -3.459173 -7.250000
v -5.820161 -3.456165 -7.250000
v -5.828869 -3.452831 -7.250000
v -5.960869 -3.532831 -7.250000
v -5.956371 -3.540226 -7.250000
v -5.951896 -3.548331 -7.250000
v -5.947462 -3.557018 -7.250000
v -5.943090 -3.566164 -7.250000
v -5.938802 -3.575643 -7.250000
v -5.934618 -3.585331 -7.250000
v -5.930559 -3.595102 -7.250000
v -5.926646 -3.604831 -7.250000
v -5.922899 -3.614393 -7.250000
v -5.919340 -3.623664 -7.250000
v -5.915990 -3.632518 -7.250000
v -5.912868 -3.640831 -7.250000
v -5.898709 -3.687826 -7.250000
v -5.882257 -3.736627 -7.250000
v -5.863556 -3.786956 -7.250000
v -5.842647 -3.838534 -7.250000
v -5.819571 -3.891085 -7.250000
v -5.794369 -3.944331 -7.250000
v -5.767084 -3.997993 -7.250000
v -5.737758 -4.051794 -7.250000
v -5.706431 -4.105456 -7.250000
v -5.673146 -4.158701 -7.250000
v -5.637945 -4.211252 -7.250000
v -5.600868 -4.262831 -7.250000
v -5.621778 -4.278325 -7.250000
v -5.642480 -4.293784 -7.250000
v -5.662931 -4.309175 -7.250000
v -5.683091 -4.324460 -7.250000
v -5.702918 -4.339607 -7.250000
v -5.722369 -4.354581 -7.250000
v -5.741404 -4.369346 -7.250000
v -5.759980 -4.383868 -7.250000
v -5.778056 -4.398112 -7.250000
v -5.795591 -4.412044 -7.250000
v -5.812543 -4.425628 -7.250000
v -5.828869 -4.438831 -7.250000
v -5.710869 -4.576831 -7.250000
v -5.695541 -4.563166 -7.250000
v -5.679582 -4.549182 -7.250000
v -5.663025 -4.534893 -7.250000
v -5.645905 -4.520312 -7.250000
v -5.628259 -4.505453 -7.250000
v -5.610119 -4.490331 -7.250000
v -5.591520 -4.474958 -7.250000
v -5.572498 -4.459349 -7.250000
v -5.553087 -4.443518 -7.250000
v -5.533322 -4.427479 -7.250000
v -5.513238 -4.411245 -7.250000
v -5.492868 -4.394831 -7.250000
v -5.446939 -4.444014 -7.250000
v -5.398091 -4.492460 -7.250000
v -5.346244 -4.540018 -7.250000
v -5.291313 -4.586535 -7.250000
v -5.233216 -4.631856 -7.250000
v -5.171869 -4.675831 -7.250000
v -5.107188 -4.718305 -7.250000
v -5.039091 -4.759127 -7.250000
v -4.967494 -4.798143 -7.250000
v -4.892313 -4.835201 -7.250000
v -4.813466 -4.870148 -7.250000
v -4.730868 -4.902831 -7.250000
v -4.586868 -4.778831 -7.250000
v -4.669665 -4.751204 -7.250000
v -4.749064 -4.720488 -7.250000
v -4.825089 -4.686924 -7.250000
v -4.897758 -4.650757 -7.250000
v -4.967095 -4.612227 -7.250000
v -5.033119 -4.571581 -7.250000
v -5.095852 -4.529058 -7.250000
v -5.155313 -4.484905 -7.250000
v -5.211525 -4.439362 -7.250000
v -5.264507 -4.392673 -7.250000
v -5.314281 -4.345082 -7.250000
v -5.360868 -4.296831 -7.250000
v -5.324720 -4.270844 -7.250000
v -5.288350 -4.244942 -7.250000
v -5.251868 -4.219206 -7.250000
v -5.215386 -4.193719 -7.250000
v -5.179016 -4.168567 -7.250000
v -5.142868 -4.143831 -7.250000
v -5.107053 -4.119595 -7.250000
v -5.071683 -4.095942 -7.250000
v -5.036868 -4.072956 -7.250000
v -5.002720 -4.050720 -7.250000
v -4.969350 -4.029317 -7.250000
v -4.936869 -4.008831 -7.250000
v -5.044868 -3.898831 -7.250000
v -5.078227 -3.918237 -7.250000
v -5.112239 -3.938414 -7.250000
v -5.146806 -3.959299 -7.250000
v -5.181831 -3.980831 -7.250000
v -5.217218 -4.002945 -7.250000
v -5.252869 -4.025581 -7.250000
v -5.288686 -4.048675 -7.250000
v -5.324573 -4.072164 -7.250000
v -5.360432 -4.095987 -7.250000
v -5.396166 -4.120080 -7.250000
v -5.431677 -4.144383 -7.250000
v -5.466868 -4.168831 -7.250000
v -5.498765 -4.124510 -7.250000
v -5.529377 -4.078766 -7.250000
v -5.558586 -4.031924 -7.250000
v -5.586275 -3.984312 -7.250000
v -5.612325 -3.936255 -7.250000
v -5.636618 -3.888081 -7.250000
v -5.659036 -3.840114 -7.250000
v -5.679461 -3.792683 -7.250000
v -5.697774 -3.746112 -7.250000
v -5.713859 -3.700729 -7.250000
v -5.727596 -3.656859 -7.250000
v -5.738869 -3.614830 -7.250000
v -5.062868 -3.614830 -7.250000
v -5.029829 -3.660131 -7.250000
v -4.994720 -3.705895 -7.250000
v -4.957556 -3.751925 -7.250000
v -4.918350 -3.798016 -7.250000
v -4.877116 -3.843968 -7.250000
v -4.833869 -3.889581 -7.250000
v -4.788621 -3.934651 -7.250000
v -4.741387 -3.978979 -7.250000
v -4.692182 -4.022362 -7.250000
v -4.641017 -4.064599 -7.250000
v -4.587908 -4.105489 -7.250000
v -4.532868 -4.144831 -7.250000
v -4.398869 -4.040831 -7.250000
v -4.481969 -3.985657 -7.250000
v -4.559340 -3.927608 -7.250000
v -4.631087 -3.867393 -7.250000
v -4.697313 -3.805719 -7.250000
v -4.758122 -3.743296 -7.250000
v -4.813619 -3.680830 -7.250000
v -4.863907 -3.619032 -7.250000
v -4.909091 -3.558608 -7.250000
v -4.949275 -3.500268 -7.250000
v -4.984563 -3.444719 -7.250000
v -5.015059 -3.392671 -7.250000
v -5.040869 -3.344831 -7.250000
v -5.046101 -3.335152 -7.250000
v -5.051721 -3.324238 -7.250000
v -5.057619 -3.312268 -7.250000
v -5.063684 -3.299423 -7.250000
v -5.069804 -3.285884 -7.250000
v -5.075869 -3.271831 -7.250000
v -5.081767 -3.257444 -7.250000
v -5.087387 -3.242905 -7.250000
v -5.092619 -3.228393 -7.250000
v -5.097350 -3.214090 -7.250000
v -5.101471 -3.200176 -7.250000
v -5.104869 -3.186831 -7.250000
v -5.286869 -3.244831 -7.250000
v -5.278338 -3.258136 -7.250000
v -5.269786 -3.271942 -7.250000
v -5.261275 -3.286080 -7.250000
v -5.252869 -3.300386 -7.250000
v -5.244629 -3.314692 -7.250000
v -5.236618 -3.328831 -7.250000
v -5.228899 -3.342636 -7.250000
v -5.221535 -3.355942 -7.250000
v -5.214587 -3.368581 -7.250000
v -5.208118 -3.380386 -7.250000
v -5.202191 -3.391192 -7.250000
v -5.196869 -3.400831 -7.250000
v -3.746684 -3.609055 -7.250000
v -3.726230 -3.655460 -7.250000
v -3.703650 -3.703643 -7.250000
v -3.679090 -3.753201 -7.250000
v -3.652699 -3.803731 -7.250000
v -3.624619 -3.854831 -7.250000
v -3.594997 -3.906097 -7.250000
v -3.563980 -3.957127 -7.250000
v -3.531713 -4.007518 -7.250000
v -3.498341 -4.056868 -7.250000
v -3.464010 -4.104773 -7.250000
v -3.428868 -4.150831 -7.250000
v -3.481991 -4.197392 -7.250000
v -3.536016 -4.246655 -7.250000
v -3.590431 -4.297987 -7.250000
v -3.644721 -4.350757 -7.250000
v -3.698372 -4.404332 -7.250000
v -3.750870 -4.458081 -7.250000
v -3.801701 -4.511371 -7.250000
v -3.850351 -4.563571 -7.250000
v -3.896307 -4.614049 -7.250000
v -3.939054 -4.662173 -7.250000
v -3.978080 -4.707311 -7.250000
v -4.012869 -4.748831 -7.250000
v -3.872869 -4.868831 -7.250000
v -3.837793 -4.823226 -7.250000
v -3.799767 -4.775664 -7.250000
v -3.759088 -4.726518 -7.250000
v -3.716054 -4.676164 -7.250000
v -3.670965 -4.624977 -7.250000
v -3.624119 -4.573331 -7.250000
v -3.575814 -4.521602 -7.250000
v -3.526350 -4.470164 -7.250000
v -3.476025 -4.419393 -7.250000
v -3.425137 -4.369664 -7.250000
v -3.373985 -4.321352 -7.250000
v -3.322868 -4.274831 -7.250000
v -3.268218 -4.332078 -7.250000
v -3.211340 -4.388646 -7.250000
v -3.152336 -4.444268 -7.250000
v -3.091311 -4.498682 -7.250000
v -3.028371 -4.551625 -7.250000
v -2.963617 -4.602831 -7.250000
v -2.897156 -4.652037 -7.250000
v -2.829090 -4.698979 -7.250000
v -2.759524 -4.743393 -7.250000
v -2.688562 -4.785016 -7.250000
v -2.616309 -4.823583 -7.250000
v -2.542869 -4.858830 -7.250000
v -2.414868 -4.724831 -7.250000
v -2.494789 -4.691067 -7.250000
v -2.573405 -4.653053 -7.250000
v -2.650494 -4.611206 -7.250000
v -2.725832 -4.565942 -7.250000
v -2.799198 -4.517678 -7.250000
v -2.870370 -4.466831 -7.250000
v -2.939124 -4.413817 -7.250000
v -3.005239 -4.359053 -7.250000
v -3.068494 -4.302956 -7.250000
v -3.128665 -4.245942 -7.250000
v -3.185531 -4.188428 -7.250000
v -3.238869 -4.130831 -7.250000
v -3.273015 -4.090710 -7.250000
v -3.307211 -4.047701 -7.250000
v -3.341087 -4.002331 -7.250000
v -3.374276 -3.955127 -7.250000
v -3.406409 -3.906618 -7.250000
v -3.437119 -3.857331 -7.250000
v -3.466037 -3.807794 -7.250000
v -3.492795 -3.758534 -7.250000
v -3.517025 -3.710081 -7.250000
v -3.538360 -3.662960 -7.250000
v -3.556430 -3.617701 -7.250000
v -3.570868 -3.574831 -7.250000
v -3.541734 -3.574831 -7.250000
v -3.492952 -3.574831 -7.250000
v -3.428463 -3.574831 -7.250000
v -3.352202 -3.574831 -7.250000
v -3.268108 -3.574831 -7.250000
v -3.180119 -3.574831 -7.250000
v -3.092171 -3.574831 -7.250000
v -3.008202 -3.574831 -7.250000
v -2.932150 -3.574831 -7.250000
v -2.867952 -3.574831 -7.250000
v -2.819546 -3.574831 -7.250000
v -2.790869 -3.574831 -7.250000
v -2.772609 -3.574989 -7.250000
v -2.753127 -3.575433 -7.250000
v -2.732868 -3.576112 -7.250000
v -2.712276 -3.576979 -7.250000
v -2.691794 -3.577985 -7.250000
v -2.671868 -3.579081 -7.250000
v -2.652943 -3.580218 -7.250000
v -2.635461 -3.581349 -7.250000
v -2.619868 -3.582424 -7.250000
v -2.606609 -3.583395 -7.250000
v -2.596128 -3.584214 -7.250000
v -2.588868 -3.584831 -7.250000
v -2.588868 -3.402831 -7.250000
v -2.597579 -3.403907 -7.250000
v -2.609387 -3.405108 -7.250000
v -2.623806 -3.406393 -7.250000
v -2.640350 -3.407719 -7.250000
v -2.658533 -3.409046 -7.250000
v -2.677869 -3.410331 -7.250000
v -2.697871 -3.411532 -7.250000
v -2.718054 -3.412608 -7.250000
v -2.737931 -3.413518 -7.250000
v -2.757017 -3.414219 -7.250000
v -2.774825 -3.414671 -7.250000
v -2.790869 -3.414831 -7.250000
v -2.821450 -3.414831 -7.250000
v -2.870692 -3.414831 -7.250000
v -2.934837 -3.414831 -7.250000
v -3.010128 -3.414831 -7.250000
v -3.092808 -3.414831 -7.250000
v -3.179119 -3.414831 -7.250000
v -3.265306 -3.414831 -7.250000
v -3.347610 -3.414831 -7.250000
v -3.422275 -3.414831 -7.250000
v -3.485544 -3.414831 -7.250000
v -3.533661 -3.414831 -7.250000
v -3.562868 -3.414831 -7.250000
v -3.579073 -3.414707 -7.250000
v -3.594674 -3.414340 -7.250000
v -3.609650 -3.413737 -7.250000
v -3.623980 -3.412905 -7.250000
v -3.637643 -3.411850 -7.250000
v -3.650619 -3.410581 -7.250000
v -3.662886 -3.409103 -7.250000
v -3.674424 -3.407423 -7.250000
v -3.685212 -3.405550 -7.250000
v -3.695230 -3.403488 -7.250000
v -3.704455 -3.401246 -7.250000
v -3.712869 -3.398831 -7.250000
v -3.814869 -3.476830 -7.250000
v -3.811594 -3.481388 -7.250000
v -3.807833 -3.486960 -7.250000
v -3.803682 -3.493393 -7.250000
v -3.799240 -3.500534 -7.250000
v -3.794603 -3.508231 -7.250000
v -3.789869 -3.516330 -7.250000
v -3.785135 -3.524680 -7.250000
v -3.780499 -3.533127 -7.250000
v -3.776056 -3.541518 -7.250000
v -3.771906 -3.549701 -7.250000
v -3.768145 -3.557523 -7.250000
v -3.764869 -3.564831 -7.250000
v -0.678647 -4.510715 -7.250000
v -0.711425 -4.422238 -7.250000
v -0.746369 -4.324206 -7.250000
v -0.782647 -4.219423 -7.250000
v -0.819425 -4.110696 -7.250000
v -0.855869 -4.000831 -7.250000
v -0.891147 -3.892632 -7.250000
v -0.924424 -3.788905 -7.250000
v -0.954868 -3.692456 -7.250000
v -0.981647 -3.606090 -7.250000
v -1.003924 -3.532613 -7.250000
v -1.020868 -3.474831 -7.250000
v -1.026544 -3.452719 -7.250000
v -1.031600 -3.432275 -7.250000
v -1.036087 -3.413331 -7.250000
v -1.040053 -3.395720 -7.250000
v -1.043548 -3.379275 -7.250000
v -1.046618 -3.363831 -7.250000
v -1.049314 -3.349219 -7.250000
v -1.051683 -3.335275 -7.250000
v -1.053775 -3.321831 -7.250000
v -1.055637 -3.308720 -7.250000
v -1.057319 -3.295775 -7.250000
v -1.058868 -3.282831 -7.250000
v -1.258868 -3.322831 -7.250000
v -1.253825 -3.335390 -7.250000
v -1.248693 -3.348136 -7.250000
v -1.243463 -3.361174 -7.250000
v -1.238128 -3.374609 -7.250000
v -1.232682 -3.388542 -7.250000
v -1.227118 -3.403080 -7.250000
v -1.221430 -3.418327 -7.250000
v -1.215610 -3.434386 -7.250000
v -1.209650 -3.451362 -7.250000
v -1.203545 -3.469358 -7.250000
v -1.197287 -3.488480 -7.250000
v -1.190868 -3.508831 -7.250000
v -1.173590 -3.564254 -7.250000
v -1.151304 -3.634720 -7.250000
v -1.124838 -3.717518 -7.250000
v -1.095017 -3.809942 -7.250000
v -1.062669 -3.909282 -7.250000
v -1.028619 -4.012831 -7.250000
v -0.993694 -4.117879 -7.250000
v -0.958721 -4.221720 -7.250000
v -0.924525 -4.321643 -7.250000
v -0.891933 -4.414942 -7.250000
v -0.861773 -4.498907 -7.250000
v -0.834868 -4.570831 -7.250000
v -0.910097 -4.563554 -7.250000
v -0.988194 -4.555784 -7.250000
v -1.068275 -4.547612 -7.250000
v -1.149462 -4.539127 -7.250000
v -1.230870 -4.530420 -7.250000
v -1.311619 -4.521581 -7.250000
v -1.390826 -4.512700 -7.250000
v -1.467609 -4.503868 -7.250000
v -1.541087 -4.495174 -7.250000
v -1.610377 -4.486710 -7.250000
v -1.674599 -4.478566 -7.250000
v -1.732868 -4.470830 -7.250000
v -1.712675 -4.431406 -7.250000
v -1.692156 -4.392266 -7.250000
v -1.671400 -4.353612 -7.250000
v -1.650498 -4.315645 -7.250000
v -1.629541 -4.278568 -7.250000
v -1.608619 -4.242580 -7.250000
v -1.587821 -4.207885 -7.250000
v -1.567239 -4.174683 -7.250000
v -1.546962 -4.143174 -7.250000
v -1.527081 -4.113562 -7.250000
v -1.507687 -4.086047 -7.250000
v -1.488869 -4.060831 -7.250000
v -1.638868 -3.992831 -7.250000
v -1.675831 -4.048187 -7.250000
v -1.715230 -4.110349 -7.250000
v -1.756338 -4.177956 -7.250000
v -1.798425 -4.249646 -7.250000
v -1.840761 -4.324058 -7.250000
v -1.882619 -4.399831 -7.250000
v -1.923268 -4.475604 -7.250000
v -1.961980 -4.550016 -7.250000
v -1.998025 -4.621706 -7.250000
v -2.030674 -4.689312 -7.250000
v -2.059198 -4.751474 -7.250000
v -2.082869 -4.806830 -7.250000
v -1.914868 -4.882831 -7.250000
v -1.908119 -4.864422 -7.250000
v -1.900886 -4.845229 -7.250000
v -1.893180 -4.825299 -7.250000
v -1.885015 -4.804683 -7.250000
v -1.876407 -4.783427 -7.250000
v -1.867368 -4.761580 -7.250000
v -1.857912 -4.739193 -7.250000
v -1.848053 -4.716312 -7.250000
v -1.837806 -4.692987 -7.250000
v -1.827183 -4.669266 -7.250000
v -1.816199 -4.645197 -7.250000
v -1.804869 -4.620831 -7.250000
v -1.720768 -4.631490 -7.250000
v -1.624238 -4.643275 -7.250000
v -1.517930 -4.655893 -7.250000
v -1.404497 -4.669053 -7.250000
v -1.286592 -4.682463 -7.250000
v -1.166868 -4.695831 -7.250000
v -1.047977 -4.708865 -7.250000
v -0.932572 -4.721275 -7.250000
v -0.823306 -4.732768 -7.250000
v -0.722832 -4.743053 -7.250000
v -0.633801 -4.751838 -7.250000
v -0.558868 -4.758831 -7.250000
v -0.546207 -4.759951 -7.250000
v -0.533239 -4.761293 -7.250000
v -0.519994 -4.762831 -7.250000
v -0.506498 -4.764534 -7.250000
v -0.492781 -4.766377 -7.250000
v -0.478869 -4.768331 -7.250000
v -0.464789 -4.770368 -7.250000
v -0.450572 -4.772460 -7.250000
v -0.436243 -4.774580 -7.250000
v -0.421831 -4.776701 -7.250000
v -0.407364 -4.778794 -7.250000
v -0.392869 -4.780831 -7.250000
v -0.362868 -4.594831 -7.250000
v -0.378025 -4.595250 -7.250000
v -0.393453 -4.595516 -7.250000
v -0.409088 -4.595643 -7.250000
v -0.424870 -4.595645 -7.250000
v -0.440734 -4.595537 -7.250000
v -0.456619 -4.595331 -7.250000
v -0.472463 -4.595041 -7.250000
v -0.488202 -4.594683 -7.250000
v -0.503775 -4.594268 -7.250000
v -0.519118 -4.593812 -7.250000
v -0.534170 -4.593328 -7.250000
v -0.548868 -4.592831 -7.250000
v -0.648869 -4.586831 -7.250000
v 1.253304 -3.958831 -7.250000
v 1.180836 -3.958831 -7.250000
v 1.090257 -3.958831 -7.250000
v 0.986094 -3.958831 -7.250000
v 0.872877 -3.958831 -7.250000
v 0.755132 -3.958831 -7.250000
v 0.637386 -3.958831 -7.250000
v 0.524169 -3.958831 -7.250000
v 0.420007 -3.958831 -7.250000
v 0.329428 -3.958831 -7.250000
v 0.256960 -3.958831 -7.250000
v 0.207131 -3.958831 -7.250000
v 0.182714 -3.958710 -7.250000
v 0.159465 -3.958368 -7.250000
v 0.137382 -3.957831 -7.250000
v 0.116465 -3.957127 -7.250000
v 0.096715 -3.956285 -7.250000
v 0.078132 -3.955331 -7.250000
v 0.060715 -3.954294 -7.250000
v 0.044465 -3.953201 -7.250000
v 0.029382 -3.952081 -7.250000
v 0.015465 -3.950960 -7.250000
v 0.002715 -3.949868 -7.250000
v -0.008868 -3.948831 -7.250000
v -0.008868 -4.144831 -7.250000
v 0.002027 -4.144214 -7.250000
v 0.014623 -4.143395 -7.250000
v 0.028789 -4.142424 -7.250000
v 0.044392 -4.141349 -7.250000
v 0.061300 -4.140218 -7.250000
v 0.079382 -4.139081 -7.250000
v 0.098506 -4.137985 -7.250000
v 0.118540 -4.136979 -7.250000
v 0.139351 -4.136112 -7.250000
v 0.160808 -4.135433 -7.250000
v 0.182778 -4.134989 -7.250000
v 0.205132 -4.134830 -7.250000
v 0.255382 -4.134830 -7.250000
v 0.328132 -4.134830 -7.250000
v 0.418881 -4.134830 -7.250000
v 0.523131 -4.134830 -7.250000
v 0.636381 -4.134830 -7.250000
v 0.754131 -4.134830 -7.250000
v 0.871881 -4.134830 -7.250000
v 0.985131 -4.134830 -7.250000
v 1.089381 -4.134830 -7.250000
v 1.180131 -4.134830 -7.250000
v 1.252881 -4.134830 -7.250000
v 1.303131 -4.134830 -7.250000
v 1.330524 -4.134913 -7.250000
v 1.357613 -4.135155 -7.250000
v 1.384256 -4.135550 -7.250000
v 1.410316 -4.136090 -7.250000
v 1.435655 -4.136769 -7.250000
v 1.460132 -4.137581 -7.250000
v 1.483608 -4.138517 -7.250000
v 1.505946 -4.139571 -7.250000
v 1.527006 -4.140737 -7.250000
v 1.546650 -4.142006 -7.250000
v 1.564737 -4.143373 -7.250000
v 1.581131 -4.144831 -7.250000
v 1.581131 -3.948831 -7.250000
v 1.565198 -3.949868 -7.250000
v 1.547485 -3.950960 -7.250000
v 1.528133 -3.952081 -7.250000
v 1.507281 -3.953201 -7.250000
v 1.485068 -3.954294 -7.250000
v 1.461633 -3.955331 -7.250000
v 1.437114 -3.956284 -7.250000
v 1.411651 -3.957127 -7.250000
v 1.385382 -3.957831 -7.250000
v 1.358446 -3.958368 -7.250000
v 1.330983 -3.958710 -7.250000
v 1.303131 -3.958831 -7.250000
v 2.209131 -3.556831 -7.250000
v 2.219691 -3.536046 -7.250000
v 2.231271 -3.513886 -7.250000
v 2.243726 -3.490643 -7.250000
v 2.256910 -3.466609 -7.250000
v 2.270677 -3.442074 -7.250000
v 2.284882 -3.417331 -7.250000
v 2.299378 -3.392671 -7.250000
v 2.314021 -3.368386 -7.250000
v 2.328663 -3.344768 -7.250000
v 2.343159 -3.322108 -7.250000
v 2.357364 -3.300699 -7.250000
v 2.371131 -3.280831 -7.250000
v 2.265131 -3.234831 -7.250000
v 2.252164 -3.253819 -7.250000
v 2.238400 -3.274571 -7.250000
v 2.224037 -3.296768 -7.250000
v 2.209279 -3.320090 -7.250000
v 2.194326 -3.344217 -7.250000
v 2.179381 -3.368831 -7.250000
v 2.164644 -3.393610 -7.250000
v 2.150316 -3.418238 -7.250000
v 2.136600 -3.442393 -7.250000
v 2.123696 -3.465756 -7.250000
v 2.111806 -3.488009 -7.250000
v 2.101131 -3.508831 -7.250000
v 1.985131 -3.474831 -7.250000
v 1.996533 -3.452787 -7.250000
v 2.008678 -3.429812 -7.250000
v 2.021476 -3.406143 -7.250000
v 2.034836 -3.382016 -7.250000
v 2.048668 -3.357666 -7.250000
v 2.062882 -3.333331 -7.250000
v 2.077388 -3.309245 -7.250000
v 2.092095 -3.285645 -7.250000
v 2.106913 -3.262768 -7.250000
v 2.121752 -3.240849 -7.250000
v 2.136522 -3.220125 -7.250000
v 2.151132 -3.200830 -7.250000
v 2.045131 -3.154830 -7.250000
v 2.031628 -3.174314 -7.250000
v 2.017270 -3.195534 -7.250000
v 2.002288 -3.218143 -7.250000
v 1.986910 -3.241793 -7.250000
v 1.971365 -3.266138 -7.250000
v 1.955882 -3.290831 -7.250000
v 1.940691 -3.315523 -7.250000
v 1.926021 -3.339868 -7.250000
v 1.912101 -3.363518 -7.250000
v 1.899159 -3.386127 -7.250000
v 1.887426 -3.407347 -7.250000
v 1.877131 -3.426831 -7.250000
v 3.046217 -3.463614 -7.250000
v 3.051483 -3.478932 -7.250000
v 3.056944 -3.494737 -7.250000
v 3.062613 -3.510979 -7.250000
v 3.068504 -3.527610 -7.250000
v 3.074632 -3.544581 -7.250000
v 3.081009 -3.561843 -7.250000
v 3.087650 -3.579349 -7.250000
v 3.094569 -3.597049 -7.250000
v 3.101780 -3.614895 -7.250000
v 3.109296 -3.632839 -7.250000
v 3.117131 -3.650831 -7.250000
v 2.171131 -3.650831 -7.250000
v 2.158496 -3.650787 -7.250000
v 2.144715 -3.650645 -7.250000
v 2.129975 -3.650393 -7.250000
v 2.114465 -3.650016 -7.250000
v 2.098371 -3.649500 -7.250000
v 2.081882 -3.648831 -7.250000
v 2.065184 -3.647995 -7.250000
v 2.048465 -3.646979 -7.250000
v 2.031913 -3.645768 -7.250000
v 2.015715 -3.644349 -7.250000
v 2.000058 -3.642708 -7.250000
v 1.985131 -3.640831 -7.250000
v 1.985131 -3.812831 -7.250000
v 2.000937 -3.811873 -7.250000
v 2.017242 -3.810998 -7.250000
v 2.033881 -3.810206 -7.250000
v 2.050687 -3.809498 -7.250000
v 2.067492 -3.808873 -7.250000
v 2.084131 -3.808331 -7.250000
v 2.100437 -3.807873 -7.250000
v 2.116242 -3.807498 -7.250000
v 2.131381 -3.807206 -7.250000
v 2.145687 -3.806998 -7.250000
v 2.158992 -3.806872 -7.250000
v 2.171131 -3.806831 -7.250000
v 2.511131 -3.806831 -7.250000
v 2.523090 -3.944944 -7.250000
v 2.542798 -4.073571 -7.250000
v 2.570006 -4.193143 -7.250000
v 2.604465 -4.304090 -7.250000
v 2.645923 -4.406842 -7.250000
v 2.694131 -4.501831 -7.250000
v 2.748839 -4.589486 -7.250000
v 2.809798 -4.670238 -7.250000
v 2.876756 -4.744518 -7.250000
v 2.949465 -4.812757 -7.250000
v 3.027673 -4.875384 -7.250000
v 3.111132 -4.932831 -7.250000
v 3.281131 -4.816831 -7.250000
v 3.266601 -4.811087 -7.250000
v 3.252048 -4.804877 -7.250000
v 3.237538 -4.798237 -7.250000
v 3.223132 -4.791201 -7.250000
v 3.208892 -4.783804 -7.250000
v 3.194881 -4.776081 -7.250000
v 3.181163 -4.768065 -7.250000
v 3.167799 -4.759794 -7.250000
v 3.154850 -4.751299 -7.250000
v 3.142382 -4.742618 -7.250000
v 3.130455 -4.733783 -7.250000
v 3.119132 -4.724831 -7.250000
v 3.069834 -4.685380 -7.250000
v 3.020419 -4.640719 -7.250000
v 2.971601 -4.590393 -7.250000
v 2.924095 -4.533942 -7.250000
v 2.878617 -4.470907 -7.250000
v 2.835882 -4.400831 -7.250000
v 2.796605 -4.323254 -7.250000
v 2.761502 -4.237720 -7.250000
v 2.731288 -4.143768 -7.250000
v 2.706678 -4.040942 -7.250000
v 2.688387 -3.928782 -7.250000
v 2.677132 -3.806831 -7.250000
v 3.191132 -3.806831 -7.250000
v 3.212255 -3.844929 -7.250000
v 3.235446 -3.883951 -7.250000
v 3.260444 -3.923487 -7.250000
v 3.286983 -3.963127 -7.250000
v 3.314801 -4.002461 -7.250000
v 3.343632 -4.041080 -7.250000
v 3.373213 -4.078575 -7.250000
v 3.403280 -4.114534 -7.250000
v 3.433569 -4.148550 -7.250000
v 3.463817 -4.180210 -7.250000
v 3.493759 -4.209107 -7.250000
v 3.523131 -4.234831 -7.250000
v 3.681131 -4.140831 -7.250000
v 3.645213 -4.112853 -7.250000
v 3.609622 -4.081340 -7.250000
v 3.574600 -4.046925 -7.250000
v 3.540390 -4.010238 -7.250000
v 3.507236 -3.971913 -7.250000
v 3.475381 -3.932581 -7.250000
v 3.445068 -3.892874 -7.250000
v 3.416539 -3.853423 -7.250000
v 3.390038 -3.814862 -7.250000
v 3.365808 -3.777822 -7.250000
v 3.344091 -3.742934 -7.250000
v 3.325131 -3.710831 -7.250000
v 3.312005 -3.685804 -7.250000
v 3.299613 -3.660784 -7.250000
v 3.287944 -3.635862 -7.250000
v 3.276984 -3.611127 -7.250000
v 3.266717 -3.586669 -7.250000
v 3.257132 -3.562581 -7.250000
v 3.248213 -3.538950 -7.250000
v 3.239946 -3.515868 -7.250000
v 3.232319 -3.493424 -7.250000
v 3.225317 -3.471710 -7.250000
v 3.218925 -3.450816 -7.250000
v 3.213131 -3.430830 -7.250000
v 3.209257 -3.417752 -7.250000
v 3.205632 -3.404534 -7.250000
v 3.202257 -3.391205 -7.250000
v 3.199131 -3.377793 -7.250000
v 3.196257 -3.364326 -7.250000
v 3.193632 -3.350831 -7.250000
v 3.191257 -3.337335 -7.250000
v 3.189131 -3.323868 -7.250000
v 3.187256 -3.310456 -7.250000
v 3.185631 -3.297127 -7.250000
v 3.184256 -3.283909 -7.250000
v 3.183131 -3.270831 -7.250000
v 2.989131 -3.308831 -7.250000
v 2.993669 -3.320485 -7.250000
v 2.998261 -3.332396 -7.250000
v 3.002882 -3.344487 -7.250000
v 3.007503 -3.356683 -7.250000
v 3.012095 -3.368906 -7.250000
v 3.016632 -3.381081 -7.250000
v 3.021086 -3.393131 -7.250000
v 3.025428 -3.404979 -7.250000
v 3.029632 -3.416549 -7.250000
v 3.033669 -3.427766 -7.250000
v 3.037511 -3.438552 -7.250000
v 3.041131 -3.448831 -7.250000
v 4.995131 -3.626831 -7.250000
v 4.995131 -4.038831 -7.250000
v 4.437132 -4.038831 -7.250000
v 4.437132 -4.214831 -7.250000
v 4.995131 -4.214831 -7.250000
v 4.995131 -4.638831 -7.250000
v 4.399132 -4.638831 -7.250000
v 4.399132 -4.814831 -7.250000
v 5.191132 -4.814831 -7.250000
v 5.191132 -3.450830 -7.250000
v 4.417131 -3.450830 -7.250000
v 4.417131 -3.626831 -7.250000
v 5.486654 -3.731450 -7.250000
v 5.527308 -3.710284 -7.250000
v 5.567225 -3.691299 -7.250000
v 5.606539 -3.674460 -7.250000
v 5.645380 -3.659732 -7.250000
v 5.683882 -3.647080 -7.250000
v 5.722175 -3.636471 -7.250000
v 5.760391 -3.627868 -7.250000
v 5.798663 -3.621237 -7.250000
v 5.837122 -3.616544 -7.250000
v 5.875901 -3.613753 -7.250000
v 5.915132 -3.612831 -7.250000
v 5.991377 -3.617372 -7.250000
v 6.063762 -3.630664 -7.250000
v 6.131757 -3.652205 -7.250000
v 6.194836 -3.681497 -7.250000
v 6.252470 -3.718039 -7.250000
v 6.304132 -3.761331 -7.250000
v 6.349294 -3.810872 -7.250000
v 6.387428 -3.866164 -7.250000
v 6.418007 -3.926706 -7.250000
v 6.440502 -3.991997 -7.250000
v 6.454386 -4.061539 -7.250000
v 6.459132 -4.134830 -7.250000
v 6.454535 -4.209304 -7.250000
v 6.441020 -4.279451 -7.250000
v 6.419006 -4.344862 -7.250000
v 6.388909 -4.405127 -7.250000
v 6.351146 -4.459836 -7.250000
v 6.306131 -4.508581 -7.250000
v 6.254284 -4.550950 -7.250000
v 6.196021 -4.586535 -7.250000
v 6.131757 -4.614924 -7.250000
v 6.061910 -4.635710 -7.250000
v 5.986896 -4.648482 -7.250000
v 5.907132 -4.652831 -7.250000
v 5.868355 -4.651711 -7.250000
v 5.829094 -4.648368 -7.250000
v 5.789443 -4.642831 -7.250000
v 5.749501 -4.635127 -7.250000
v 5.709365 -4.625284 -7.250000
v 5.669131 -4.613331 -7.250000
v 5.628898 -4.599294 -7.250000
v 5.588761 -4.583201 -7.250000
v 5.548819 -4.565081 -7.250000
v 5.509169 -4.544960 -7.250000
v 5.469907 -4.522868 -7.250000
v 5.431132 -4.498831 -7.250000
v 5.431132 -4.712831 -7.250000
v 5.464914 -4.729897 -7.250000
v 5.499391 -4.746025 -7.250000
v 5.534757 -4.761112 -7.250000
v 5.571206 -4.775053 -7.250000
v 5.608932 -4.787744 -7.250000
v 5.648131 -4.799081 -7.250000
v 5.688997 -4.808959 -7.250000
v 5.731724 -4.817275 -7.250000
v 5.776507 -4.823925 -7.250000
v 5.823539 -4.828803 -7.250000
v 5.873016 -4.831806 -7.250000
v 5.925132 -4.832830 -7.250000
v 6.047169 -4.824913 -7.250000
v 6.157428 -4.802321 -7.250000
v 6.256131 -4.766799 -7.250000
v 6.343502 -4.720090 -7.250000
v 6.419761 -4.663936 -7.250000
v 6.485131 -4.600080 -7.250000
v 6.539835 -4.530267 -7.250000
v 6.584095 -4.456238 -7.250000
v 6.618132 -4.379737 -7.250000
v 6.642169 -4.302506 -7.250000
v 6.656428 -4.226290 -7.250000
v 6.661132 -4.152831 -7.250000
v 6.654703 -4.051275 -7.250000
v 6.635863 -3.955053 -7.250000
v 6.605289 -3.864831 -7.250000
v 6.563651 -3.781275 -7.250000
v 6.511624 -3.705053 -7.250000
v 6.449882 -3.636831 -7.250000
v 6.379098 -3.577275 -7.250000
v 6.299947 -3.527053 -7.250000
v 6.213100 -3.486831 -7.250000
v 6.119234 -3.457275 -7.250000
v 6.019020 -3.439053 -7.250000
v 5.913132 -3.432831 -7.250000
v 5.878066 -3.433545 -7.250000
v 5.842771 -3.435710 -7.250000
v 5.807100 -3.439362 -7.250000
v 5.770909 -3.444534 -7.250000
v 5.734052 -3.451262 -7.250000
v 5.696382 -3.459581 -7.250000
v 5.657753 -3.469524 -7.250000
v 5.618021 -3.481127 -7.250000
v 5.577038 -3.494424 -7.250000
v 5.534659 -3.509451 -7.250000
v 5.490739 -3.526241 -7.250000
v 5.445132 -3.544831 -7.250000
v 5.445132 -3.754831 -7.250000
v 6.957132 -4.814831 -7.250000
v 7.139132 -4.412831 -7.250000
v 7.719132 -4.412831 -7.250000
v 7.891132 -4.814831 -7.250000
v 8.091132 -4.814831 -7.250000
v 7.505132 -3.442831 -7.250000
v 7.367132 -3.442831 -7.250000
v 6.757132 -4.814831 -7.250000
v 7.219132 -4.236831 -7.250000
v 7.439132 -3.742831 -7.250000
v 7.643132 -4.236831 -7.250000
v 8.473992 -3.454419 -7.250000
v 8.409512 -3.464868 -7.250000
v 8.351601 -3.481706 -7.250000
v 8.300169 -3.504460 -7.250000
v 8.255126 -3.532659 -7.250000
v 8.216382 -3.565831 -7.250000
v 8.183846 -3.603502 -7.250000
v 8.157429 -3.645201 -7.250000
v 8.137038 -3.690455 -7.250000
v 8.122585 -3.738793 -7.250000
v 8.113980 -3.789743 -7.250000
v 8.111132 -3.842831 -7.250000
v 8.114148 -3.895302 -7.250000
v 8.123261 -3.945432 -7.250000
v 8.138570 -3.992799 -7.250000
v 8.160169 -4.036979 -7.250000
v 8.188157 -4.077547 -7.250000
v 8.222631 -4.114080 -7.250000
v 8.263690 -4.146156 -7.250000
v 8.311428 -4.173349 -7.250000
v 8.365944 -4.195237 -7.250000
v 8.427336 -4.211395 -7.250000
v 8.495699 -4.221401 -7.250000
v 8.571132 -4.224831 -7.250000
v 8.775132 -4.224831 -7.250000
v 8.775132 -4.814831 -7.250000
v 8.971132 -4.814831 -7.250000
v 8.971132 -3.450830 -7.250001
v 8.545132 -3.450830 -7.250000
v 8.553132 -4.048831 -7.250000
v 8.517740 -4.047217 -7.250000
v 8.484660 -4.042423 -7.250000
v 8.454039 -4.034518 -7.250000
v 8.426021 -4.023571 -7.250000
v 8.400754 -4.009653 -7.250000
v 8.378382 -3.992831 -7.250000
v 8.359053 -3.973176 -7.250000
v 8.342910 -3.950757 -7.250000
v 8.330101 -3.925643 -7.250000
v 8.320771 -3.897905 -7.250000
v 8.315066 -3.867611 -7.250000
v 8.313132 -3.834831 -7.250000
v 8.314298 -3.809731 -7.250000
v 8.317956 -3.784701 -7.250000
v 8.324350 -3.760143 -7.250000
v 8.333725 -3.736460 -7.250000
v 8.346321 -3.714055 -7.250000
v 8.362382 -3.693331 -7.250000
v 8.382152 -3.674689 -7.250000
v 8.405872 -3.658534 -7.250000
v 8.433788 -3.645268 -7.250000
v 8.466141 -3.635293 -7.250000
v 8.503175 -3.629014 -7.250000
v 8.545132 -3.626831 -7.250000
v 8.775132 -3.626831 -7.250000
v 8.775132 -4.048831 -7.250000
v 9.258039 -3.724929 -7.250001
v 9.286724 -3.702117 -7.250001
v 9.315132 -3.682237 -7.250001
v 9.343206 -3.665127 -7.250001
v 9.370892 -3.650628 -7.250001
v 9.398132 -3.638581 -7.250001
v 9.424872 -3.628825 -7.250001
v 9.451057 -3.621201 -7.250001
v 9.476632 -3.615549 -7.250001
v 9.501539 -3.611710 -7.250001
v 9.525724 -3.609524 -7.250001
v 9.549132 -3.608830 -7.250001
v 9.579851 -3.610185 -7.250001
v 9.608882 -3.614164 -7.250001
v 9.636038 -3.620643 -7.250001
v 9.661132 -3.629497 -7.250001
v 9.683976 -3.640601 -7.250001
v 9.704382 -3.653831 -7.250001
v 9.722163 -3.669060 -7.250001
v 9.737132 -3.686164 -7.250001
v 9.749101 -3.705018 -7.250001
v 9.757882 -3.725497 -7.250001
v 9.763288 -3.747477 -7.250001
v 9.765132 -3.770831 -7.250001
v 9.753523 -3.831197 -7.250001
v 9.721428 -3.882923 -7.250001
v 9.672944 -3.928456 -7.250001
v 9.612169 -3.970238 -7.250001
v 9.543200 -4.010715 -7.250001
v 9.470132 -4.052330 -7.250001
v 9.397065 -4.097530 -7.250001
v 9.328094 -4.148757 -7.250001
v 9.267320 -4.208456 -7.250001
v 9.218836 -4.279071 -7.250001
v 9.186741 -4.363048 -7.250000
v 9.175132 -4.462831 -7.250000
v 9.178447 -4.515066 -7.250000
v 9.188150 -4.564544 -7.250000
v 9.203882 -4.610924 -7.250000
v 9.225280 -4.653868 -7.250000
v 9.251984 -4.693033 -7.250000
v 9.283632 -4.728081 -7.250000
v 9.319863 -4.758670 -7.250000
v 9.360317 -4.784460 -7.250000
v 9.404632 -4.805112 -7.250000
v 9.452447 -4.820284 -7.250001
v 9.503401 -4.829638 -7.250001
v 9.557132 -4.832830 -7.250001
v 9.593561 -4.831994 -7.250001
v 9.628901 -4.829470 -7.250001
v 9.663226 -4.825237 -7.250001
v 9.696613 -4.819275 -7.250001
v 9.729140 -4.811563 -7.250001
v 9.760882 -4.802081 -7.250001
v 9.791916 -4.790806 -7.250001
v 9.822317 -4.777719 -7.250001
v 9.852163 -4.762799 -7.250001
v 9.881530 -4.746025 -7.250001
v 9.910494 -4.727376 -7.250001
v 9.939132 -4.706831 -7.250001
v 9.939132 -4.458831 -7.250001
v 9.913601 -4.489615 -7.250001
v 9.887049 -4.517941 -7.250001
v 9.859538 -4.543768 -7.250001
v 9.831132 -4.567053 -7.250001
v 9.801892 -4.587754 -7.250001
v 9.771882 -4.605831 -7.250001
v 9.741163 -4.621241 -7.250001
v 9.709799 -4.633942 -7.250001
v 9.677851 -4.643893 -7.250001
v 9.645382 -4.651053 -7.250001
v 9.612455 -4.655379 -7.250001
v 9.579132 -4.656831 -7.250001
v 9.542833 -4.654898 -7.250001
v 9.509910 -4.649368 -7.250001
v 9.480320 -4.640643 -7.250001
v 9.454021 -4.629127 -7.250001
v 9.430972 -4.615222 -7.250001
v 9.411132 -4.599331 -7.250001
v 9.394459 -4.581856 -7.250001
v 9.380910 -4.563201 -7.250001
v 9.370444 -4.543768 -7.250001
v 9.363021 -4.523960 -7.250001
v 9.358597 -4.504180 -7.250001
v 9.357132 -4.484831 -7.250001
v 9.368741 -4.419197 -7.250001
v 9.400836 -4.361923 -7.250001
v 9.449320 -4.310956 -7.250001
v 9.510095 -4.264238 -7.250001
v 9.579065 -4.219715 -7.250001
v 9.652132 -4.175331 -7.250001
v 9.725199 -4.129030 -7.250001
v 9.794169 -4.078757 -7.250001
v 9.854944 -4.022456 -7.250001
v 9.903428 -3.958071 -7.250001
v 9.935523 -3.883548 -7.250001
v 9.947132 -3.796831 -7.250001
v 9.943761 -3.743033 -7.250001
v 9.933826 -3.692784 -7.250001
v 9.917601 -3.646299 -7.250001
v 9.895354 -3.603794 -7.250001
v 9.867357 -3.565482 -7.250001
v 9.833882 -3.531580 -7.250001
v 9.795198 -3.502304 -7.250001
v 9.751576 -3.477868 -7.250001
v 9.703288 -3.458487 -7.250001
v 9.650604 -3.444377 -7.250001
v 9.593795 -3.435753 -7.250001
v 9.533132 -3.432831 -7.250001
v 9.507136 -3.433497 -7.250001
v 9.481169 -3.435497 -7.250001
v 9.455257 -3.438830 -7.250001
v 9.429428 -3.443497 -7.250001
v 9.403710 -3.449497 -7.250001
v 9.378132 -3.456831 -7.250001
v 9.352720 -3.465497 -7.250001
v 9.327502 -3.475497 -7.250001
v 9.302507 -3.486831 -7.250001
v 9.277761 -3.499497 -7.250001
v 9.253294 -3.513497 -7.250001
v 9.229132 -3.528831 -7.250001
v 9.229132 -3.750831 -7.250001
v -8.888783 -3.460158 -6.750000
v -8.888515 -3.444284 -6.750000
v -8.888056 -3.427424 -6.750000
v -8.887386 -3.409794 -6.750000
v -8.886496 -3.391607 -6.750000
v -8.885368 -3.373081 -6.750000
v -8.883991 -3.354429 -6.750000
v -8.882351 -3.335868 -6.750000
v -8.880432 -3.317612 -6.750000
v -8.878222 -3.299877 -6.750000
v -8.875706 -3.282878 -6.750000
v -8.872869 -3.266830 -6.750000
v -9.068869 -3.266830 -6.750000
v -9.067331 -3.282802 -6.750000
v -9.065746 -3.299599 -6.750000
v -9.064148 -3.317049 -6.750000
v -9.062571 -3.334979 -6.750000
v -9.061049 -3.353214 -6.750000
v -9.059616 -3.371581 -6.750000
v -9.058310 -3.389906 -6.750000
v -9.057163 -3.408016 -6.750000
v -9.056211 -3.425737 -6.750000
v -9.055489 -3.442895 -6.750000
v -9.055029 -3.459318 -6.750000
v -9.054869 -3.474831 -6.750000
v -9.054869 -3.800831 -6.750000
v -9.123119 -3.822105 -6.749999
v -9.195211 -3.845692 -6.749999
v -9.270149 -3.871237 -6.749999
v -9.346943 -3.898386 -6.749999
v -9.424597 -3.926785 -6.749999
v -9.502119 -3.956081 -6.749999
v -9.578516 -3.985917 -6.749999
v -9.652796 -4.015942 -6.749999
v -9.723963 -4.045799 -6.749999
v -9.791027 -4.075136 -6.749999
v -9.852993 -4.103598 -6.749999
v -9.908869 -4.130831 -6.749999
v -9.840868 -4.300831 -6.749999
v -9.783848 -4.271044 -6.749999
v -9.722368 -4.240868 -6.749999
v -9.657307 -4.210581 -6.749999
v -9.589537 -4.180460 -6.749999
v -9.519932 -4.150784 -6.749999
v -9.449369 -4.121830 -6.749999
v -9.378723 -4.093877 -6.749999
v -9.308868 -4.067201 -6.749999
v -9.240681 -4.042080 -6.749999
v -9.175035 -4.018794 -6.749999
v -9.112806 -3.997618 -6.749999
v -9.054869 -3.978831 -6.749999
v -9.056870 -4.638831 -6.749999
v -9.056953 -4.655238 -6.749999
v -9.057203 -4.673256 -6.749999
v -9.057619 -4.692581 -6.749999
v -9.058203 -4.712905 -6.749999
v -9.058952 -4.733923 -6.749999
v -9.059870 -4.755331 -6.749999
v -9.060953 -4.776821 -6.749999
v -9.062202 -4.798090 -6.749999
v -9.063620 -4.818830 -6.749999
v -9.065203 -4.838738 -6.749999
v -9.066952 -4.857507 -6.749999
v -9.068869 -4.874831 -6.749999
v -8.874868 -4.874831 -6.749999
v -8.877247 -4.858156 -6.749999
v -8.879379 -4.840266 -6.749999
v -8.881277 -4.821362 -6.749999
v -8.882944 -4.801645 -6.749999
v -8.884390 -4.781318 -6.749999
v -8.885620 -4.760581 -6.749999
v -8.886642 -4.739635 -6.749999
v -8.887463 -4.718682 -6.749999
v -8.888088 -4.697925 -6.749999
v -8.888527 -4.677562 -6.749999
v -8.888784 -4.657797 -6.749999
v -8.888868 -4.638831 -6.749999
v -8.888868 -4.595609 -6.749999
v -8.888868 -4.525386 -6.749999
v -8.888868 -4.433331 -6.749999
v -8.888868 -4.324608 -6.749999
v -8.888868 -4.204386 -6.750000
v -8.888868 -4.077831 -6.750000
v -8.888868 -3.950109 -6.750000
v -8.888868 -3.826386 -6.750000
v -8.888868 -3.711831 -6.750000
v -8.888868 -3.611609 -6.750000
v -8.888868 -3.530886 -6.750000
v -8.888868 -3.474831 -6.750000
v -6.746698 -3.958831 -6.750000
v -6.819166 -3.958831 -6.750000
v -6.909744 -3.958831 -6.750000
v -7.013906 -3.958831 -6.750000
v -7.127125 -3.958831 -6.750000
v -7.244869 -3.958831 -6.750000
v -7.362614 -3.958831 -6.750000
v -7.475832 -3.958831 -6.750000
v -7.579994 -3.958831 -6.750000
v -7.670572 -3.958831 -6.750000
v -7.743040 -3.958831 -6.750000
v -7.792868 -3.958831 -6.750000
v -7.817286 -3.958710 -6.750000
v -7.840536 -3.958368 -6.750000
v -7.862619 -3.957831 -6.750000
v -7.883535 -3.957127 -6.750000
v -7.903286 -3.956284 -6.750000
v -7.921869 -3.955331 -6.750000
v -7.939285 -3.954294 -6.750000
v -7.955536 -3.953201 -6.750000
v -7.970619 -3.952081 -6.750000
v -7.984535 -3.950960 -6.750000
v -7.997286 -3.949868 -6.750000
v -8.008869 -3.948831 -6.750000
v -8.008869 -4.144831 -6.750000
v -7.997972 -4.144214 -6.750000
v -7.985376 -4.143395 -6.750000
v -7.971210 -4.142424 -6.750000
v -7.955606 -4.141349 -6.750000
v -7.938698 -4.140218 -6.750000
v -7.920616 -4.139081 -6.750000
v -7.901493 -4.137984 -6.750000
v -7.881460 -4.136979 -6.750000
v -7.860649 -4.136112 -6.750000
v -7.839191 -4.135432 -6.750000
v -7.817221 -4.134989 -6.750000
v -7.794868 -4.134830 -6.750000
v -7.744619 -4.134830 -6.750000
v -7.671869 -4.134830 -6.750000
v -7.581120 -4.134830 -6.750000
v -7.476870 -4.134830 -6.750000
v -7.363619 -4.134830 -6.750000
v -7.245869 -4.134830 -6.750000
v -7.128119 -4.134830 -6.750000
v -7.014868 -4.134830 -6.750000
v -6.910618 -4.134830 -6.750000
v -6.819868 -4.134830 -6.750000
v -6.747118 -4.134830 -6.750000
v -6.696869 -4.134830 -6.750000
v -6.669476 -4.134913 -6.750000
v -6.642387 -4.135155 -6.750000
v -6.615744 -4.135550 -6.750000
v -6.589684 -4.136090 -6.750000
v -6.564346 -4.136769 -6.750000
v -6.539869 -4.137580 -6.750000
v -6.516392 -4.138517 -6.750000
v -6.494055 -4.139571 -6.750000
v -6.472994 -4.140737 -6.750000
v -6.453350 -4.142006 -6.750000
v -6.435263 -4.143373 -6.750000
v -6.418869 -4.144831 -6.750000
v -6.418869 -3.948831 -6.750000
v -6.434805 -3.949867 -6.750000
v -6.452518 -3.950960 -6.750000
v -6.471870 -3.952080 -6.750000
v -6.492722 -3.953201 -6.750000
v -6.514935 -3.954293 -6.750000
v -6.538370 -3.955331 -6.750000
v -6.562889 -3.956284 -6.750000
v -6.588352 -3.957127 -6.750000
v -6.614620 -3.957831 -6.750000
v -6.641556 -3.958368 -6.750000
v -6.669018 -3.958710 -6.750000
v -6.696869 -3.958831 -6.750000
v -5.154869 -3.472831 -6.750000
v -5.696869 -3.472831 -6.750000
v -5.710161 -3.472704 -6.750000
v -5.723036 -3.472322 -6.750000
v -5.735494 -3.471674 -6.750000
v -5.747536 -3.470757 -6.750000
v -5.759161 -3.469561 -6.750000
v -5.770370 -3.468081 -6.750000
v -5.781161 -3.466309 -6.750000
v -5.791536 -3.464238 -6.750000
v -5.801495 -3.461862 -6.750000
v -5.811036 -3.459173 -6.750000
v -5.820161 -3.456165 -6.750000
v -5.828869 -3.452831 -6.750000
v -5.960869 -3.532831 -6.750000
v -5.956371 -3.540226 -6.750000
v -5.951896 -3.548331 -6.750000
v -5.947462 -3.557018 -6.750000
v -5.943090 -3.566164 -6.750000
v -5.938802 -3.575643 -6.750000
v -5.934618 -3.585331 -6.750000
v -5.930559 -3.595102 -6.750000
v -5.926646 -3.604831 -6.750000
v -5.922899 -3.614393 -6.750000
v -5.919340 -3.623664 -6.750000
v -5.915990 -3.632518 -6.750000
v -5.912868 -3.640831 -6.750000
v -5.898709 -3.687826 -6.750000
v -5.882257 -3.736627 -6.750000
v -5.863556 -3.786956 -6.750000
v -5.842647 -3.838534 -6.750000
v -5.819571 -3.891085 -6.750000
v -5.794369 -3.944330 -6.750000
v -5.767084 -3.997993 -6.750000
v -5.737758 -4.051794 -6.750000
v -5.706431 -4.105455 -6.750000
v -5.673146 -4.158701 -6.750000
v -5.637945 -4.211252 -6.750000
v -5.600868 -4.262831 -6.750000
v -5.621778 -4.278325 -6.750000
v -5.642480 -4.293784 -6.750000
v -5.662931 -4.309175 -6.750000
v -5.683091 -4.324460 -6.750000
v -5.702918 -4.339607 -6.750000
v -5.722369 -4.354581 -6.750000
v -5.741404 -4.369346 -6.750000
v -5.759980 -4.383868 -6.750000
v -5.778056 -4.398112 -6.750000
v -5.795591 -4.412044 -6.750000
v -5.812543 -4.425628 -6.750000
v -5.828869 -4.438831 -6.750000
v -5.710869 -4.576831 -6.750000
v -5.695541 -4.563166 -6.750000
v -5.679582 -4.549182 -6.750000
v -5.663025 -4.534893 -6.750000
v -5.645905 -4.520312 -6.750000
v -5.628259 -4.505453 -6.750000
v -5.610119 -4.490331 -6.750000
v -5.591520 -4.474958 -6.750000
v -5.572498 -4.459349 -6.750000
v -5.553087 -4.443518 -6.750000
v -5.533322 -4.427479 -6.750000
v -5.513238 -4.411245 -6.750000
v -5.492868 -4.394831 -6.750000
v -5.446939 -4.444014 -6.750000
v -5.398091 -4.492460 -6.750000
v -5.346244 -4.540018 -6.750000
v -5.291313 -4.586535 -6.750000
v -5.233216 -4.631856 -6.750000
v -5.171869 -4.675831 -6.750000
v -5.107188 -4.718305 -6.750000
v -5.039091 -4.759127 -6.750000
v -4.967494 -4.798143 -6.750000
v -4.892313 -4.835201 -6.750000
v -4.813466 -4.870148 -6.750000
v -4.730868 -4.902831 -6.750000
v -4.586868 -4.778831 -6.750000
v -4.669665 -4.751204 -6.750000
v -4.749064 -4.720488 -6.750000
v -4.825089 -4.686924 -6.750000
v -4.897758 -4.650757 -6.750000
v -4.967095 -4.612227 -6.750000
v -5.033119 -4.571581 -6.750000
v -5.095852 -4.529058 -6.750000
v -5.155313 -4.484905 -6.750000
v -5.211525 -4.439362 -6.750000
v -5.264507 -4.392673 -6.750000
v -5.314281 -4.345082 -6.750000
v -5.360868 -4.296831 -6.750000
v -5.324720 -4.270844 -6.750000
v -5.288350 -4.244942 -6.750000
v -5.251868 -4.219205 -6.750000
v -5.215386 -4.193719 -6.750000
v -5.179016 -4.168567 -6.750000
v -5.142868 -4.143831 -6.750000
v -5.107053 -4.119595 -6.750000
v -5.071683 -4.095942 -6.750000
v -5.036868 -4.072956 -6.750000
v -5.002720 -4.050719 -6.750000
v -4.969350 -4.029317 -6.750000
v -4.936869 -4.008831 -6.750000
v -5.044868 -3.898831 -6.750000
v -5.078227 -3.918237 -6.750000
v -5.112239 -3.938414 -6.750000
v -5.146806 -3.959299 -6.750000
v -5.181831 -3.980831 -6.750000
v -5.217218 -4.002945 -6.750000
v -5.252869 -4.025580 -6.750000
v -5.288686 -4.048675 -6.750000
v -5.324573 -4.072164 -6.750000
v -5.360432 -4.095987 -6.750000
v -5.396166 -4.120080 -6.750000
v -5.431677 -4.144382 -6.750000
v -5.466868 -4.168830 -6.750000
v -5.498765 -4.124510 -6.750000
v -5.529377 -4.078766 -6.750000
v -5.558586 -4.031924 -6.750000
v -5.586275 -3.984312 -6.750000
v -5.612325 -3.936255 -6.750000
v -5.636618 -3.888081 -6.750000
v -5.659036 -3.840114 -6.750000
v -5.679461 -3.792682 -6.750000
v -5.697774 -3.746112 -6.750000
v -5.713859 -3.700729 -6.750000
v -5.727596 -3.656859 -6.750000
v -5.738869 -3.614830 -6.750000
v -5.062868 -3.614830 -6.750000
v -5.029829 -3.660131 -6.750000
v -4.994720 -3.705895 -6.750000
v -4.957556 -3.751924 -6.750000
v -4.918350 -3.798016 -6.750000
v -4.877116 -3.843968 -6.750000
v -4.833869 -3.889580 -6.750000
v -4.788621 -3.934651 -6.750000
v -4.741387 -3.978979 -6.750000
v -4.692182 -4.022362 -6.750000
v -4.641017 -4.064599 -6.750000
v -4.587908 -4.105489 -6.750000
v -4.532868 -4.144831 -6.750000
v -4.398869 -4.040831 -6.750000
v -4.481969 -3.985657 -6.750000
v -4.559340 -3.927608 -6.750000
v -4.631087 -3.867393 -6.750000
v -4.697313 -3.805719 -6.750000
v -4.758122 -3.743296 -6.750000
v -4.813619 -3.680830 -6.750000
v -4.863907 -3.619032 -6.750000
v -4.909091 -3.558608 -6.750000
v -4.949275 -3.500268 -6.750000
v -4.984563 -3.444719 -6.750000
v -5.015059 -3.392671 -6.750000
v -5.040869 -3.344831 -6.750000
v -5.046101 -3.335152 -6.750000
v -5.051721 -3.324238 -6.750000
v -5.057619 -3.312268 -6.750000
v -5.063684 -3.299423 -6.750000
v -5.069804 -3.285884 -6.750000
v -5.075869 -3.271831 -6.750000
v -5.081767 -3.257444 -6.750000
v -5.087387 -3.242905 -6.750000
v -5.092619 -3.228393 -6.750000
v -5.097350 -3.214090 -6.750000
v -5.101471 -3.200176 -6.750000
v -5.104869 -3.186831 -6.750000
v -5.286869 -3.244831 -6.750000
v -5.278338 -3.258136 -6.750000
v -5.269786 -3.271942 -6.750000
v -5.261275 -3.286080 -6.750000
v -5.252869 -3.300386 -6.750000
v -5.244629 -3.314692 -6.750000
v -5.236618 -3.328831 -6.750000
v -5.228899 -3.342636 -6.750000
v -5.221535 -3.355942 -6.750000
v -5.214587 -3.368581 -6.750000
v -5.208118 -3.380386 -6.750000
v -5.202191 -3.391192 -6.750000
v -5.196869 -3.400831 -6.750000
v -3.746684 -3.609055 -6.750000
v -3.726230 -3.655460 -6.750000
v -3.703650 -3.703643 -6.750000
v -3.679090 -3.753201 -6.750000
v -3.652699 -3.803731 -6.750000
v -3.624619 -3.854831 -6.750000
v -3.594997 -3.906097 -6.750000
v -3.563980 -3.957127 -6.750000
v -3.531713 -4.007518 -6.750000
v -3.498341 -4.056868 -6.750000
v -3.464010 -4.104773 -6.750000
v -3.428868 -4.150831 -6.750000
v -3.481991 -4.197392 -6.750000
v -3.536016 -4.246655 -6.750000
v -3.590431 -4.297987 -6.750000
v -3.644721 -4.350757 -6.750000
v -3.698372 -4.404332 -6.750000
v -3.750870 -4.458081 -6.750000
v -3.801701 -4.511371 -6.750000
v -3.850351 -4.563571 -6.750000
v -3.896307 -4.614049 -6.750000
v -3.939054 -4.662173 -6.750000
v -3.978080 -4.707311 -6.750000
v -4.012869 -4.748831 -6.750000
v -3.872869 -4.868831 -6.750000
v -3.837793 -4.823226 -6.750000
v -3.799767 -4.775664 -6.750000
v -3.759088 -4.726518 -6.750000
v -3.716054 -4.676164 -6.750000
v -3.670965 -4.624977 -6.750000
v -3.624119 -4.573331 -6.750000
v -3.575814 -4.521602 -6.750000
v -3.526350 -4.470164 -6.750000
v -3.476025 -4.419393 -6.750000
v -3.425137 -4.369664 -6.750000
v -3.373985 -4.321352 -6.750000
v -3.322868 -4.274831 -6.750000
v -3.268218 -4.332078 -6.750000
v -3.211340 -4.388646 -6.750000
v -3.152336 -4.444268 -6.750000
v -3.091311 -4.498682 -6.750000
v -3.028371 -4.551625 -6.750000
v -2.963617 -4.602831 -6.750000
v -2.897156 -4.652037 -6.750000
v -2.829090 -4.698979 -6.750000
v -2.759524 -4.743393 -6.750000
v -2.688562 -4.785016 -6.750000
v -2.616309 -4.823583 -6.750000
v -2.542869 -4.858830 -6.750000
v -2.414868 -4.724831 -6.750000
v -2.494789 -4.691067 -6.750000
v -2.573405 -4.653053 -6.750000
v -2.650494 -4.611206 -6.750000
v -2.725832 -4.565942 -6.750000
v -2.799198 -4.517678 -6.750000
v -2.870370 -4.466831 -6.750000
v -2.939124 -4.413817 -6.750000
v -3.005239 -4.359053 -6.750000
v -3.068494 -4.302956 -6.750000
v -3.128665 -4.245942 -6.750000
v -3.185531 -4.188428 -6.750000
v -3.238869 -4.130831 -6.750000
v -3.273015 -4.090710 -6.750000
v -3.307211 -4.047701 -6.750000
v -3.341087 -4.002331 -6.750000
v -3.374276 -3.955127 -6.750000
v -3.406409 -3.906618 -6.750000
v -3.437119 -3.857331 -6.750000
v -3.466037 -3.807794 -6.750000
v -3.492795 -3.758534 -6.750000
v -3.517025 -3.710081 -6.750000
v -3.538360 -3.662960 -6.750000
v -3.556430 -3.617701 -6.750000
v -3.570868 -3.574831 -6.750000
v -3.541734 -3.574831 -6.750000
v -3.492952 -3.574831 -6.750000
v -3.428463 -3.574831 -6.750000
v -3.352202 -3.574831 -6.750000
v -3.268108 -3.574831 -6.750000
v -3.180119 -3.574831 -6.750000
v -3.092171 -3.574831 -6.750000
v -3.008202 -3.574831 -6.750000
v -2.932150 -3.574831 -6.750000
v -2.867952 -3.574831 -6.750000
v -2.819546 -3.574831 -6.750000
v -2.790869 -3.574831 -6.750000
v -2.772609 -3.574989 -6.750000
v -2.753127 -3.575433 -6.750000
v -2.732868 -3.576112 -6.750000
v -2.712276 -3.576979 -6.750000
v -2.691794 -3.577985 -6.750000
v -2.671868 -3.579081 -6.750000
v -2.652943 -3.580218 -6.750000
v -2.635461 -3.581349 -6.750000
v -2.619868 -3.582424 -6.750000
v -2.606609 -3.583395 -6.750000
v -2.596128 -3.584214 -6.750000
v -2.588868 -3.584831 -6.750000
v -2.588868 -3.402831 -6.750000
v -2.597579 -3.403907 -6.750000
v -2.609387 -3.405108 -6.750000
v -2.623806 -3.406393 -6.750000
v -2.640350 -3.407719 -6.750000
v -2.658533 -3.409046 -6.750000
v -2.677869 -3.410331 -6.750000
v -2.697871 -3.411532 -6.750000
v -2.718054 -3.412608 -6.750000
v -2.737931 -3.413518 -6.750000
v -2.757017 -3.414219 -6.750000
v -2.774825 -3.414671 -6.750000
v -2.790869 -3.414831 -6.750000
v -2.821450 -3.414831 -6.750000
v -2.870692 -3.414831 -6.750000
v -2.934837 -3.414831 -6.750000
v -3.010128 -3.414831 -6.750000
v -3.092808 -3.414831 -6.750000
v -3.179119 -3.414831 -6.750000
v -3.265306 -3.414831 -6.750000
v -3.347610 -3.414831 -6.750000
v -3.422275 -3.414831 -6.750000
v -3.485544 -3.414831 -6.750000
v -3.533661 -3.414831 -6.750000
v -3.562868 -3.414831 -6.750000
v -3.579073 -3.414707 -6.750000
v -3.594674 -3.414340 -6.750000
v -3.609650 -3.413737 -6.750000
v -3.623980 -3.412905 -6.750000
v -3.637643 -3.411850 -6.750000
v -3.650619 -3.410581 -6.750000
v -3.662886 -3.409103 -6.750000
v -3.674424 -3.407423 -6.750000
v -3.685212 -3.405550 -6.750000
v -3.695230 -3.403488 -6.750000
v -3.704455 -3.401246 -6.750000
v -3.712869 -3.398831 -6.750000
v -3.814869 -3.476830 -6.750000
v -3.811594 -3.481388 -6.750000
v -3.807833 -3.486960 -6.750000
v -3.803682 -3.493393 -6.750000
v -3.799240 -3.500534 -6.750000
v -3.794603 -3.508231 -6.750000
v -3.789869 -3.516330 -6.750000
v -3.785135 -3.524680 -6.750000
v -3.780499 -3.533127 -6.750000
v -3.776056 -3.541518 -6.750000
v -3.771906 -3.549701 -6.750000
v -3.768145 -3.557523 -6.750000
v -3.764869 -3.564831 -6.750000
v -0.678647 -4.510715 -6.750000
v -0.711425 -4.422238 -6.750000
v -0.746369 -4.324206 -6.750000
v -0.782647 -4.219423 -6.750000
v -0.819425 -4.110696 -6.750000
v -0.855869 -4.000831 -6.750000
v -0.891147 -3.892632 -6.750000
v -0.924424 -3.788905 -6.750000
v -0.954868 -3.692456 -6.750000
v -0.981647 -3.606090 -6.750000
v -1.003924 -3.532613 -6.750000
v -1.020868 -3.474831 -6.750000
v -1.026544 -3.452719 -6.750000
v -1.031600 -3.432275 -6.750000
v -1.036087 -3.413331 -6.750000
v -1.040053 -3.395720 -6.750000
v -1.043548 -3.379275 -6.750000
v -1.046618 -3.363831 -6.750000
v -1.049314 -3.349219 -6.750000
v -1.051683 -3.335275 -6.750000
v -1.053775 -3.321831 -6.750000
v -1.055637 -3.308720 -6.750000
v -1.057319 -3.295775 -6.750000
v -1.058868 -3.282831 -6.750000
v -1.258868 -3.322831 -6.750000
v -1.253825 -3.335390 -6.750000
v -1.248693 -3.348136 -6.750000
v -1.243463 -3.361174 -6.750000
v -1.238128 -3.374609 -6.750000
v -1.232682 -3.388542 -6.750000
v -1.227118 -3.403080 -6.750000
v -1.221430 -3.418327 -6.750000
v -1.215610 -3.434386 -6.750000
v -1.209650 -3.451362 -6.750000
v -1.203545 -3.469358 -6.750000
v -1.197287 -3.488480 -6.750000
v -1.190868 -3.508831 -6.750000
v -1.173590 -3.564254 -6.750000
v -1.151304 -3.634720 -6.750000
v -1.124838 -3.717518 -6.750000
v -1.095017 -3.809942 -6.750000
v -1.062669 -3.909282 -6.750000
v -1.028619 -4.012831 -6.750000
v -0.993694 -4.117879 -6.750000
v -0.958721 -4.221719 -6.750000
v -0.924525 -4.321643 -6.750000
v -0.891933 -4.414942 -6.750000
v -0.861773 -4.498907 -6.750000
v -0.834868 -4.570831 -6.750000
v -0.910097 -4.563554 -6.750000
v -0.988194 -4.555784 -6.750000
v -1.068275 -4.547612 -6.750000
v -1.149462 -4.539127 -6.750000
v -1.230870 -4.530420 -6.750000
v -1.311619 -4.521581 -6.750000
v -1.390826 -4.512700 -6.750000
v -1.467609 -4.503868 -6.750000
v -1.541087 -4.495174 -6.750000
v -1.610377 -4.486710 -6.750000
v -1.674599 -4.478566 -6.750000
v -1.732868 -4.470830 -6.750000
v -1.712675 -4.431406 -6.750000
v -1.692156 -4.392266 -6.750000
v -1.671400 -4.353612 -6.750000
v -1.650498 -4.315645 -6.750000
v -1.629541 -4.278568 -6.750000
v -1.608619 -4.242580 -6.750000
v -1.587821 -4.207885 -6.750000
v -1.567239 -4.174683 -6.750000
v -1.546962 -4.143174 -6.750000
v -1.527081 -4.113562 -6.750000
v -1.507687 -4.086047 -6.750000
v -1.488869 -4.060831 -6.750000
v -1.638868 -3.992831 -6.750000
v -1.675831 -4.048187 -6.750000
v -1.715230 -4.110349 -6.750000
v -1.756338 -4.177956 -6.750000
v -1.798425 -4.249645 -6.750000
v -1.840761 -4.324058 -6.750000
v -1.882619 -4.399831 -6.750000
v -1.923268 -4.475604 -6.750000
v -1.961980 -4.550016 -6.750000
v -1.998025 -4.621706 -6.750000
v -2.030674 -4.689312 -6.750000
v -2.059198 -4.751474 -6.750000
v -2.082869 -4.806830 -6.750000
v -1.914868 -4.882831 -6.750000
v -1.908119 -4.864422 -6.750000
v -1.900886 -4.845229 -6.750000
v -1.893180 -4.825299 -6.750000
v -1.885015 -4.804683 -6.750000
v -1.876407 -4.783427 -6.750000
v -1.867368 -4.761580 -6.750000
v -1.857912 -4.739193 -6.750000
v -1.848053 -4.716312 -6.750000
v -1.837806 -4.692987 -6.750000
v -1.827183 -4.669266 -6.750000
v -1.816199 -4.645197 -6.750000
v -1.804869 -4.620831 -6.750000
v -1.720768 -4.631490 -6.750000
v -1.624238 -4.643275 -6.750000
v -1.517930 -4.655893 -6.750000
v -1.404497 -4.669053 -6.750000
v -1.286592 -4.682463 -6.750000
v -1.166868 -4.695831 -6.750000
v -1.047977 -4.708865 -6.750000
v -0.932572 -4.721275 -6.750000
v -0.823306 -4.732768 -6.750000
v -0.722832 -4.743053 -6.750000
v -0.633801 -4.751838 -6.750000
v -0.558868 -4.758831 -6.750000
v -0.546207 -4.759951 -6.750000
v -0.533239 -4.761293 -6.750000
v -0.519994 -4.762831 -6.750000
v -0.506498 -4.764534 -6.750000
v -0.492781 -4.766377 -6.750000
v -0.478868 -4.768331 -6.750000
v -0.464789 -4.770368 -6.750000
v -0.450572 -4.772460 -6.750000
v -0.436243 -4.774580 -6.750000
v -0.421831 -4.776701 -6.750000
v -0.407364 -4.778794 -6.750000
v -0.392869 -4.780831 -6.750000
v -0.362868 -4.594831 -6.750000
v -0.378025 -4.595250 -6.750000
v -0.393453 -4.595516 -6.750000
v -0.409088 -4.595643 -6.750000
v -0.424870 -4.595645 -6.750000
v -0.440734 -4.595537 -6.750000
v -0.456619 -4.595331 -6.750000
v -0.472463 -4.595041 -6.750000
v -0.488202 -4.594683 -6.750000
v -0.503775 -4.594268 -6.750000
v -0.519118 -4.593812 -6.750000
v -0.534170 -4.593328 -6.750000
v -0.548868 -4.592831 -6.750000
v -0.648869 -4.586831 -6.750000
v 1.253304 -3.958831 -6.750000
v 1.180836 -3.958831 -6.750000
v 1.090257 -3.958831 -6.750000
v 0.986094 -3.958831 -6.750000
v 0.872877 -3.958831 -6.750000
v 0.755132 -3.958831 -6.750000
v 0.637386 -3.958831 -6.750000
v 0.524169 -3.958831 -6.750000
v 0.420007 -3.958831 -6.750000
v 0.329428 -3.958831 -6.750000
v 0.256960 -3.958831 -6.750000
v 0.207131 -3.958831 -6.750000
v 0.182714 -3.958710 -6.750000
v 0.159465 -3.958368 -6.750000
v 0.137382 -3.957831 -6.750000
v 0.116465 -3.957127 -6.750000
v 0.096715 -3.956284 -6.750000
v 0.078132 -3.955331 -6.750000
v 0.060715 -3.954294 -6.750000
v 0.044465 -3.953201 -6.750000
v 0.029382 -3.952081 -6.750000
v 0.015465 -3.950960 -6.750000
v 0.002715 -3.949868 -6.750000
v -0.008868 -3.948831 -6.750000
v -0.008868 -4.144831 -6.750000
v 0.002027 -4.144214 -6.750000
v 0.014623 -4.143395 -6.750000
v 0.028789 -4.142424 -6.750000
v 0.044392 -4.141349 -6.750000
v 0.061300 -4.140218 -6.750000
v 0.079382 -4.139081 -6.750000
v 0.098506 -4.137984 -6.750000
v 0.118540 -4.136979 -6.750000
v 0.139351 -4.136112 -6.750000
v 0.160808 -4.135432 -6.750000
v 0.182778 -4.134989 -6.750000
v 0.205132 -4.134830 -6.750000
v 0.255382 -4.134830 -6.750000
v 0.328132 -4.134830 -6.750000
v 0.418881 -4.134830 -6.750000
v 0.523131 -4.134830 -6.750000
v 0.636381 -4.134830 -6.750000
v 0.754131 -4.134830 -6.750000
v 0.871881 -4.134830 -6.750000
v 0.985131 -4.134830 -6.750000
v 1.089381 -4.134830 -6.750000
v 1.180131 -4.134830 -6.750000
v 1.252881 -4.134830 -6.750000
v 1.303131 -4.134830 -6.750000
v 1.330524 -4.134913 -6.750000
v 1.357613 -4.135155 -6.750000
v 1.384256 -4.135550 -6.750000
v 1.410316 -4.136090 -6.750000
v 1.435655 -4.136769 -6.750000
v 1.460132 -4.137580 -6.750000
v 1.483608 -4.138517 -6.750000
v 1.505946 -4.139571 -6.750000
v 1.527006 -4.140737 -6.750000
v 1.546650 -4.142006 -6.750000
v 1.564737 -4.143373 -6.750000
v 1.581131 -4.144831 -6.750000
v 1.581131 -3.948831 -6.750000
v 1.565198 -3.949867 -6.750000
v 1.547485 -3.950960 -6.750000
v 1.528133 -3.952080 -6.750000
v 1.507281 -3.953201 -6.750000
v 1.485068 -3.954293 -6.750000
v 1.461633 -3.955331 -6.750000
v 1.437114 -3.956284 -6.750000
v 1.411651 -3.957127 -6.750000
v 1.385382 -3.957831 -6.750000
v 1.358446 -3.958368 -6.750000
v 1.330983 -3.958710 -6.750000
v 1.303131 -3.958831 -6.750000
v 2.209131 -3.556831 -6.750000
v 2.219691 -3.536046 -6.750000
v 2.231271 -3.513886 -6.750000
v 2.243726 -3.490643 -6.750000
v 2.256910 -3.466609 -6.750000
v 2.270677 -3.442074 -6.750000
v 2.284882 -3.417331 -6.750000
v 2.299378 -3.392671 -6.750000
v 2.314021 -3.368386 -6.750000
v 2.328663 -3.344768 -6.750000
v 2.343159 -3.322108 -6.750000
v 2.357364 -3.300699 -6.750000
v 2.371131 -3.280831 -6.750000
v 2.265131 -3.234831 -6.750000
v 2.252164 -3.253819 -6.750000
v 2.238400 -3.274571 -6.750000
v 2.224037 -3.296768 -6.750000
v 2.209279 -3.320090 -6.750000
v 2.194326 -3.344217 -6.750000
v 2.179381 -3.368831 -6.750000
v 2.164644 -3.393610 -6.750000
v 2.150316 -3.418238 -6.750000
v 2.136600 -3.442393 -6.750000
v 2.123696 -3.465756 -6.750000
v 2.111806 -3.488009 -6.750000
v 2.101131 -3.508831 -6.750000
v 1.985131 -3.474831 -6.750000
v 1.996533 -3.452787 -6.750000
v 2.008678 -3.429812 -6.750000
v 2.021476 -3.406143 -6.750000
v 2.034836 -3.382016 -6.750000
v 2.048668 -3.357666 -6.750000
v 2.062882 -3.333331 -6.750000
v 2.077388 -3.309245 -6.750000
v 2.092095 -3.285645 -6.750000
v 2.106913 -3.262768 -6.750000
v 2.121752 -3.240849 -6.750000
v 2.136522 -3.220125 -6.750000
v 2.151132 -3.200830 -6.750000
v 2.045131 -3.154830 -6.750000
v 2.031628 -3.174314 -6.750000
v 2.017270 -3.195534 -6.750000
v 2.002288 -3.218143 -6.750000
v 1.986910 -3.241793 -6.750000
v 1.971365 -3.266138 -6.750000
v 1.955882 -3.290831 -6.750000
v 1.940691 -3.315523 -6.750000
v 1.926021 -3.339868 -6.750000
v 1.912101 -3.363518 -6.750000
v 1.899159 -3.386127 -6.750000
v 1.887426 -3.407347 -6.750000
v 1.877131 -3.426831 -6.750000
v 3.046217 -3.463614 -6.750000
v 3.051483 -3.478932 -6.750000
v 3.056944 -3.494737 -6.750000
v 3.062613 -3.510979 -6.750000
v 3.068504 -3.527610 -6.750000
v 3.074632 -3.544581 -6.750000
v 3.081009 -3.561843 -6.750000
v 3.087650 -3.579349 -6.750000
v 3.094569 -3.597049 -6.750000
v 3.101780 -3.614895 -6.750000
v 3.109296 -3.632839 -6.750000
v 3.117131 -3.650831 -6.750000
v 2.171131 -3.650831 -6.750000
v 2.158496 -3.650787 -6.750000
v 2.144715 -3.650645 -6.750000
v 2.129975 -3.650393 -6.750000
v 2.114465 -3.650016 -6.750000
v 2.098371 -3.649500 -6.750000
v 2.081882 -3.648831 -6.750000
v 2.065184 -3.647995 -6.750000
v 2.048465 -3.646979 -6.750000
v 2.031913 -3.645768 -6.750000
v 2.015715 -3.644349 -6.750000
v 2.000058 -3.642708 -6.750000
v 1.985131 -3.640831 -6.750000
v 1.985131 -3.812830 -6.750000
v 2.000937 -3.811872 -6.750000
v 2.017242 -3.810997 -6.750000
v 2.033881 -3.810206 -6.750000
v 2.050687 -3.809498 -6.750000
v 2.067492 -3.808872 -6.750000
v 2.084131 -3.808331 -6.750000
v 2.100437 -3.807873 -6.750000
v 2.116242 -3.807498 -6.750000
v 2.131381 -3.807206 -6.750000
v 2.145687 -3.806997 -6.750000
v 2.158992 -3.806872 -6.750000
v 2.171131 -3.806831 -6.750000
v 2.511131 -3.806831 -6.750000
v 2.523090 -3.944944 -6.750000
v 2.542798 -4.073571 -6.750000
v 2.570006 -4.193143 -6.750000
v 2.604465 -4.304090 -6.750000
v 2.645923 -4.406842 -6.750000
v 2.694131 -4.501831 -6.750000
v 2.748839 -4.589486 -6.750000
v 2.809798 -4.670238 -6.750000
v 2.876756 -4.744518 -6.750000
v 2.949465 -4.812757 -6.750000
v 3.027673 -4.875384 -6.750000
v 3.111132 -4.932831 -6.750000
v 3.281131 -4.816831 -6.750000
v 3.266601 -4.811087 -6.750000
v 3.252048 -4.804877 -6.750000
v 3.237538 -4.798237 -6.750000
v 3.223132 -4.791201 -6.750000
v 3.208892 -4.783804 -6.750000
v 3.194881 -4.776081 -6.750000
v 3.181163 -4.768065 -6.750000
v 3.167799 -4.759794 -6.750000
v 3.154850 -4.751299 -6.750000
v 3.142382 -4.742618 -6.750000
v 3.130455 -4.733783 -6.750000
v 3.119132 -4.724831 -6.750000
v 3.069834 -4.685380 -6.750000
v 3.020419 -4.640719 -6.750000
v 2.971601 -4.590393 -6.750000
v 2.924095 -4.533942 -6.750000
v 2.878617 -4.470907 -6.750000
v 2.835882 -4.400831 -6.750000
v 2.796605 -4.323254 -6.750000
v 2.761502 -4.237720 -6.750000
v 2.731288 -4.143768 -6.750000
v 2.706678 -4.040942 -6.750000
v 2.688387 -3.928782 -6.750000
v 2.677132 -3.806831 -6.750000
v 3.191132 -3.806831 -6.750000
v 3.212255 -3.844929 -6.750000
v 3.235446 -3.883951 -6.750000
v 3.260444 -3.923487 -6.750000
v 3.286983 -3.963127 -6.750000
v 3.314801 -4.002461 -6.750000
v 3.343632 -4.041080 -6.750000
v 3.373213 -4.078575 -6.750000
v 3.403280 -4.114534 -6.750000
v 3.433569 -4.148550 -6.750000
v 3.463817 -4.180210 -6.750000
v 3.493759 -4.209107 -6.750000
v 3.523131 -4.234830 -6.750000
v 3.681131 -4.140831 -6.750000
v 3.645213 -4.112853 -6.750000
v 3.609622 -4.081340 -6.750000
v 3.574600 -4.046925 -6.750000
v 3.540390 -4.010238 -6.750000
v 3.507236 -3.971913 -6.750000
v 3.475381 -3.932581 -6.750000
v 3.445068 -3.892874 -6.750000
v 3.416539 -3.853423 -6.750000
v 3.390038 -3.814862 -6.750000
v 3.365808 -3.777821 -6.750000
v 3.344091 -3.742934 -6.750000
v 3.325131 -3.710831 -6.750000
v 3.312005 -3.685804 -6.750000
v 3.299613 -3.660784 -6.750000
v 3.287944 -3.635862 -6.750000
v 3.276984 -3.611127 -6.750000
v 3.266717 -3.586669 -6.750000
v 3.257132 -3.562581 -6.750000
v 3.248213 -3.538950 -6.750000
v 3.239946 -3.515868 -6.750000
v 3.232319 -3.493424 -6.750000
v 3.225317 -3.471710 -6.750000
v 3.218925 -3.450816 -6.750000
v 3.213131 -3.430830 -6.750000
v 3.209257 -3.417752 -6.750000
v 3.205632 -3.404534 -6.750000
v 3.202257 -3.391205 -6.750000
v 3.199131 -3.377793 -6.750000
v 3.196257 -3.364326 -6.750000
v 3.193632 -3.350831 -6.750000
v 3.191257 -3.337335 -6.750000
v 3.189131 -3.323868 -6.750000
v 3.187256 -3.310456 -6.750000
v 3.185631 -3.297127 -6.750000
v 3.184256 -3.283909 -6.750000
v 3.183131 -3.270831 -6.750000
v 2.989131 -3.308831 -6.750000
v 2.993669 -3.320485 -6.750000
v 2.998261 -3.332396 -6.750000
v 3.002882 -3.344487 -6.750000
v 3.007503 -3.356683 -6.750000
v 3.012095 -3.368906 -6.750000
v 3.016632 -3.381081 -6.750000
v 3.021086 -3.393131 -6.750000
v 3.025428 -3.404979 -6.750000
v 3.029632 -3.416549 -6.750000
v 3.033669 -3.427766 -6.750000
v 3.037511 -3.438552 -6.750000
v 3.041131 -3.448831 -6.750000
v 4.995131 -3.626831 -6.750000
v 4.995131 -4.038831 -6.750000
v 4.437132 -4.038831 -6.750000
v 4.437132 -4.214830 -6.750000
v 4.995131 -4.214830 -6.750000
v 4.995131 -4.638831 -6.750000
v 4.399132 -4.638831 -6.750000
v 4.399132 -4.814831 -6.750000
v 5.191132 -4.814831 -6.750000
v 5.191132 -3.450830 -6.750000
v 4.417131 -3.450830 -6.750000
v 4.417131 -3.626831 -6.750000
v 5.486654 -3.731450 -6.750000
v 5.527308 -3.710284 -6.750000
v 5.567225 -3.691299 -6.750000
v 5.606539 -3.674460 -6.750000
v 5.645380 -3.659732 -6.750000
v 5.683882 -3.647080 -6.750000
v 5.722175 -3.636471 -6.750000
v 5.760391 -3.627868 -6.750000
v 5.798663 -3.621237 -6.750000
v 5.837122 -3.616544 -6.750000
v 5.875901 -3.613753 -6.750000
v 5.915132 -3.612831 -6.750000
v 5.991377 -3.617372 -6.750000
v 6.063762 -3.630664 -6.750000
v 6.131757 -3.652205 -6.750000
v 6.194836 -3.681497 -6.750000
v 6.252470 -3.718039 -6.750000
v 6.304132 -3.761330 -6.750000
v 6.349294 -3.810872 -6.750000
v 6.387428 -3.866164 -6.750000
v 6.418007 -3.926706 -6.750000
v 6.440502 -3.991997 -6.750000
v 6.454386 -4.061539 -6.750000
v 6.459132 -4.134830 -6.750000
v 6.454535 -4.209304 -6.750000
v 6.441020 -4.279451 -6.750000
v 6.419006 -4.344862 -6.750000
v 6.388909 -4.405127 -6.750000
v 6.351146 -4.459836 -6.750000
v 6.306131 -4.508581 -6.750000
v 6.254284 -4.550950 -6.750000
v 6.196021 -4.586535 -6.750000
v 6.131757 -4.614924 -6.750000
v 6.061910 -4.635710 -6.750000
v 5.986896 -4.648482 -6.750000
v 5.907132 -4.652831 -6.750000
v 5.868355 -4.651711 -6.750000
v 5.829094 -4.648368 -6.750000
v 5.789443 -4.642831 -6.750000
v 5.749501 -4.635127 -6.750000
v 5.709365 -4.625284 -6.750000
v 5.669131 -4.613331 -6.750000
v 5.628898 -4.599294 -6.750000
v 5.588761 -4.583201 -6.750000
v 5.548819 -4.565081 -6.750000
v 5.509169 -4.544960 -6.750000
v 5.469907 -4.522868 -6.750000
v 5.431132 -4.498831 -6.750000
v 5.431132 -4.712831 -6.750000
v 5.464914 -4.729897 -6.750000
v 5.499391 -4.746025 -6.750000
v 5.534757 -4.761112 -6.750000
v 5.571206 -4.775053 -6.750000
v 5.608932 -4.787744 -6.750000
v 5.648131 -4.799081 -6.750000
v 5.688997 -4.808959 -6.750000
v 5.731724 -4.817275 -6.750000
v 5.776507 -4.823925 -6.750000
v 5.823539 -4.828803 -6.750000
v 5.873016 -4.831806 -6.750000
v 5.925132 -4.832830 -6.750000
v 6.047169 -4.824913 -6.750000
v 6.157428 -4.802321 -6.750000
v 6.256131 -4.766799 -6.750000
v 6.343502 -4.720090 -6.750000
v 6.419761 -4.663936 -6.750000
v 6.485131 -4.600080 -6.750000
v 6.539835 -4.530267 -6.750000
v 6.584095 -4.456238 -6.750000
v 6.618132 -4.379737 -6.750000
v 6.642169 -4.302506 -6.750000
v 6.656428 -4.226290 -6.750000
v 6.661132 -4.152831 -6.750000
v 6.654703 -4.051275 -6.750000
v 6.635863 -3.955053 -6.750000
v 6.605289 -3.864830 -6.750000
v 6.563651 -3.781275 -6.750000
v 6.511624 -3.705053 -6.750000
v 6.449882 -3.636831 -6.750000
v 6.379098 -3.577275 -6.750000
v 6.299947 -3.527053 -6.750000
v 6.213100 -3.486831 -6.750000
v 6.119234 -3.457275 -6.750000
v 6.019020 -3.439053 -6.750000
v 5.913132 -3.432831 -6.750000
v 5.878066 -3.433545 -6.750000
v 5.842771 -3.435710 -6.750000
v 5.807100 -3.439362 -6.750000
v 5.770909 -3.444534 -6.750000
v 5.734052 -3.451262 -6.750000
v 5.696382 -3.459581 -6.750000
v 5.657753 -3.469524 -6.750000
v 5.618021 -3.481127 -6.750000
v 5.577038 -3.494424 -6.750000
v 5.534659 -3.509451 -6.750000
v 5.490739 -3.526241 -6.750000
v 5.445132 -3.544831 -6.750000
v 5.445132 -3.754831 -6.750000
v 6.957132 -4.814831 -6.750000
v 7.139132 -4.412831 -6.750000
v 7.719132 -4.412831 -6.750001
v 7.891132 -4.814831 -6.750001
v 8.091132 -4.814831 -6.750001
v 7.505132 -3.442831 -6.750001
v 7.367132 -3.442831 -6.750001
v 6.757132 -4.814831 -6.750000
v 7.219132 -4.236831 -6.750001
v 7.439132 -3.742831 -6.750001
v 7.643132 -4.236831 -6.750001
v 8.473992 -3.454419 -6.750001
v 8.409512 -3.464868 -6.750001
v 8.351601 -3.481706 -6.750001
v 8.300169 -3.504460 -6.750001
v 8.255126 -3.532659 -6.750001
v 8.216382 -3.565831 -6.750001
v 8.183846 -3.603502 -6.750001
v 8.157429 -3.645201 -6.750001
v 8.137038 -3.690455 -6.750001
v 8.122585 -3.738793 -6.750001
v 8.113980 -3.789742 -6.750001
v 8.111132 -3.842831 -6.750001
v 8.114148 -3.895302 -6.750001
v 8.123261 -3.945432 -6.750001
v 8.138570 -3.992799 -6.750001
v 8.160169 -4.036979 -6.750001
v 8.188157 -4.077547 -6.750001
v 8.222631 -4.114080 -6.750001
v 8.263690 -4.146156 -6.750001
v 8.311428 -4.173349 -6.750001
v 8.365944 -4.195237 -6.750001
v 8.427336 -4.211395 -6.750001
v 8.495699 -4.221401 -6.750001
v 8.571132 -4.224831 -6.750001
v 8.775132 -4.224831 -6.750001
v 8.775132 -4.814831 -6.750001
v 8.971132 -4.814831 -6.750001
v 8.971132 -3.450830 -6.750001
v 8.545132 -3.450830 -6.750001
v 8.553132 -4.048831 -6.750001
v 8.517740 -4.047217 -6.750001
v 8.484660 -4.042423 -6.750001
v 8.454039 -4.034518 -6.750001
v 8.426021 -4.023571 -6.750001
v 8.400754 -4.009653 -6.750001
v 8.378382 -3.992831 -6.750001
v 8.359053 -3.973176 -6.750001
v 8.342910 -3.950757 -6.750001
v 8.330101 -3.925643 -6.750001
v 8.320771 -3.897905 -6.750001
v 8.315066 -3.867611 -6.750001
v 8.313132 -3.834831 -6.750001
v 8.314298 -3.809731 -6.750001
v 8.317956 -3.784701 -6.750001
v 8.324350 -3.760143 -6.750001
v 8.333725 -3.736460 -6.750001
v 8.346321 -3.714055 -6.750001
v 8.362382 -3.693331 -6.750001
v 8.382152 -3.674689 -6.750001
v 8.405872 -3.658534 -6.750001
v 8.433788 -3.645268 -6.750001
v 8.466141 -3.635293 -6.750001
v 8.503175 -3.629014 -6.750001
v 8.545132 -3.626831 -6.750001
v 8.775132 -3.626831 -6.750001
v 8.775132 -4.048831 -6.750001
v 9.258039 -3.724929 -6.750001
v 9.286724 -3.702117 -6.750001
v 9.315132 -3.682237 -6.750001
v 9.343206 -3.665127 -6.750001
v 9.370892 -3.650628 -6.750001
v 9.398132 -3.638581 -6.750001
v 9.424872 -3.628825 -6.750001
v 9.451057 -3.621201 -6.750001
v 9.476632 -3.615549 -6.750001
v 9.501539 -3.611710 -6.750001
v 9.525724 -3.609524 -6.750001
v 9.549132 -3.608830 -6.750001
v 9.579851 -3.610185 -6.750001
v 9.608882 -3.614164 -6.750001
v 9.636038 -3.620643 -6.750001
v 9.661132 -3.629497 -6.750001
v 9.683976 -3.640601 -6.750001
v 9.704382 -3.653831 -6.750001
v 9.722163 -3.669060 -6.750001
v 9.737132 -3.686164 -6.750001
v 9.749101 -3.705018 -6.750001
v 9.757882 -3.725497 -6.750001
v 9.763288 -3.747477 -6.750001
v 9.765132 -3.770831 -6.750001
v 9.753523 -3.831196 -6.750001
v 9.721428 -3.882923 -6.750001
v 9.672944 -3.928456 -6.750001
v 9.612169 -3.970238 -6.750001
v 9.543200 -4.010715 -6.750001
v 9.470132 -4.052330 -6.750001
v 9.397065 -4.097530 -6.750001
v 9.328094 -4.148757 -6.750001
v 9.267320 -4.208456 -6.750001
v 9.218836 -4.279071 -6.750001
v 9.186741 -4.363048 -6.750001
v 9.175132 -4.462831 -6.750001
v 9.178447 -4.515066 -6.750001
v 9.188150 -4.564544 -6.750001
v 9.203882 -4.610924 -6.750001
v 9.225280 -4.653868 -6.750001
v 9.251984 -4.693033 -6.750001
v 9.283632 -4.728081 -6.750001
v 9.319863 -4.758670 -6.750001
v 9.360317 -4.784460 -6.750001
v 9.404632 -4.805112 -6.750001
v 9.452447 -4.820284 -6.750001
v 9.503401 -4.829638 -6.750001
v 9.557132 -4.832830 -6.750001
v 9.593561 -4.831994 -6.750001
v 9.628901 -4.829470 -6.750001
v 9.663226 -4.825237 -6.750001
v 9.696613 -4.819275 -6.750001
v 9.729140 -4.811563 -6.750001
v 9.760882 -4.802081 -6.750001
v 9.791916 -4.790806 -6.750001
v 9.822317 -4.777719 -6.750001
v 9.852163 -4.762799 -6.750001
v 9.881530 -4.746025 -6.750001
v 9.910494 -4.727376 -6.750001
v 9.939132 -4.706831 -6.750001
v 9.939132 -4.458831 -6.750001
v 9.913601 -4.489615 -6.750001
v 9.887049 -4.517941 -6.750001
v 9.859538 -4.543768 -6.750001
v 9.831132 -4.567053 -6.750001
v 9.801892 -4.587754 -6.750001
v 9.771882 -4.605831 -6.750001
v 9.741163 -4.621241 -6.750001
v 9.709799 -4.633942 -6.750001
v 9.677851 -4.643893 -6.750001
v 9.645382 -4.651053 -6.750001
v 9.612455 -4.655379 -6.750001
v 9.579132 -4.656831 -6.750001
v 9.542833 -4.654898 -6.750001
v 9.509910 -4.649368 -6.750001
v 9.480320 -4.640643 -6.750001
v 9.454021 -4.629127 -6.750001
v 9.430972 -4.615222 -6.750001
v 9.411132 -4.599331 -6.750001
v 9.394459 -4.581856 -6.750001
v 9.380910 -4.563201 -6.750001
v 9.370444 -4.543768 -6.750001
v 9.363021 -4.523960 -6.750001
v 9.358597 -4.504180 -6.750001
v 9.357132 -4.484831 -6.750001
v 9.368741 -4.419197 -6.750001
v 9.400836 -4.361923 -6.750001
v 9.449320 -4.310956 -6.750001
v 9.510095 -4.264238 -6.750001
v 9.579065 -4.219715 -6.750001
v 9.652132 -4.175331 -6.750001
v 9.725199 -4.129030 -6.750001
v 9.794169 -4.078757 -6.750001
v 9.854944 -4.022456 -6.750001
v 9.903428 -3.958071 -6.750001
v 9.935523 -3.883548 -6.750001
v 9.947132 -3.796831 -6.750001
v 9.943761 -3.743033 -6.750001
v 9.933826 -3.692784 -6.750001
v 9.917601 -3.646299 -6.750001
v 9.895354 -3.603794 -6.750001
v 9.867357 -3.565482 -6.750001
v 9.833882 -3.531580 -6.750001
v 9.795198 -3.502304 -6.750001
v 9.751576 -3.477868 -6.750001
v 9.703288 -3.458487 -6.750001
v 9.650604 -3.444377 -6.750001
v 9.593795 -3.435753 -6.750001
v 9.533132 -3.432831 -6.750001
v 9.507136 -3.433497 -6.750001
v 9.481169 -3.435497 -6.750001
v 9.455257 -3.438830 -6.750001
v 9.429428 -3.443497 -6.750001
v 9.403710 -3.449497 -6.750001
v 9.378132 -3.456831 -6.750001
v 9.352720 -3.465497 -6.750001
v 9.327502 -3.475497 -6.750001
v 9.302507 -3.486831 -6.750001
v 9.277761 -3.499497 -6.750001
v 9.253294 -3.513497 -6.750001
v 9.229132 -3.528831 -6.750001
v 9.229132 -3.750831 -6.750001
v 9.258039 -3.724929 -6.750001
v 9.258039 -3.724929 -7.250001
v 9.286724 -3.702117 -6.750001
v 9.286724 -3.702117 -7.250001
v 9.315132 -3.682237 -6.750001
v 9.315132 -3.682237 -7.250001
v 9.343206 -3.665127 -6.750001
v 9.343206 -3.665127 -7.250001
v 9.370892 -3.650628 -6.750001
v 9.370892 -3.650628 -7.250001
v 9.398132 -3.638581 -6.750001
v 9.398132 -3.638581 -7.250001
v 9.424872 -3.628825 -6.750001
v 9.424872 -3.628825 -7.250001
v 9.451057 -3.621201 -6.750001
v 9.451057 -3.621201 -7.250001
v 9.476632 -3.615549 -6.750001
v 9.476632 -3.615549 -7.250001
v 9.501539 -3.611710 -6.750001
v 9.501539 -3.611710 -7.250001
v 9.525724 -3.609524 -6.750001
v 9.525724 -3.609524 -7.250001
v 9.549132 -3.608830 -6.750001
v 9.549132 -3.608830 -7.250001
v 9.579851 -3.610185 -6.750001
v 9.579851 -3.610185 -7.250001
v 9.608882 -3.614164 -6.750001
v 9.608882 -3.614164 -7.250001
v 9.636038 -3.620643 -6.750001
v 9.636038 -3.620643 -7.250001
v 9.661132 -3.629497 -6.750001
v 9.661132 -3.629497 -7.250001
v 9.683976 -3.640601 -6.750001
v 9.683976 -3.640601 -7.250001
v 9.704382 -3.653831 -6.750001
v 9.704382 -3.653831 -7.250001
v 9.722163 -3.669060 -6.750001
v 9.722163 -3.669060 -7.250001
v 9.737132 -3.686164 -6.750001
v 9.737132 -3.686164 -7.250001
v 9.749101 -3.705018 -6.750001
v 9.749101 -3.705018 -7.250001
v 9.757882 -3.725497 -6.750001
v 9.757882 -3.725497 -7.250001
v 9.763288 -3.747477 -6.750001
v 9.763288 -3.747477 -7.250001
v 9.765132 -3.770831 -6.750001
v 9.765132 -3.770831 -7.250001
v 9.753523 -3.831196 -6.750001
v 9.753523 -3.831197 -7.250001
v 9.721428 -3.882923 -6.750001
v 9.721428 -3.882923 -7.250001
v 9.672944 -3.928456 -6.750001
v 9.672944 -3.928456 -7.250001
v 9.612169 -3.970238 -6.750001
v 9.612169 -3.970238 -7.250001
v 9.543200 -4.010715 -6.750001
v 9.543200 -4.010715 -7.250001
v 9.470132 -4.052330 -6.750001
v 9.470132 -4.052330 -7.250001
v 9.397065 -4.097530 -6.750001
v 9.397065 -4.097530 -7.250001
v 9.328094 -4.148757 -6.750001
v 9.328094 -4.148757 -7.250001
v 9.267320 -4.208456 -6.750001
v 9.267320 -4.208456 -7.250001
v 9.218836 -4.279071 -6.750001
v 9.218836 -4.279071 -7.250001
v 9.186741 -4.363048 -6.750001
v 9.186741 -4.363048 -7.250000
v 9.175132 -4.462831 -6.750001
v 9.175132 -4.462831 -7.250000
v 9.178447 -4.515066 -6.750001
v 9.178447 -4.515066 -7.250000
v 9.188150 -4.564544 -6.750001
v 9.188150 -4.564544 -7.250000
v 9.203882 -4.610924 -6.750001
v 9.203882 -4.610924 -7.250000
v 9.225280 -4.653868 -6.750001
v 9.225280 -4.653868 -7.250000
v 9.251984 -4.693033 -6.750001
v 9.251984 -4.693033 -7.250000
v 9.283632 -4.728081 -6.750001
v 9.283632 -4.728081 -7.250000
v 9.319863 -4.758670 -6.750001
v 9.319863 -4.758670 -7.250000
v 9.360317 -4.784460 -6.750001
v 9.360317 -4.784460 -7.250000
v 9.404632 -4.805112 -6.750001
v 9.404632 -4.805112 -7.250000
v 9.452447 -4.820284 -6.750001
v 9.452447 -4.820284 -7.250001
v 9.503401 -4.829638 -6.750001
v 9.503401 -4.829638 -7.250001
v 9.557132 -4.832830 -6.750001
v 9.557132 -4.832830 -7.250001
v 9.593561 -4.831994 -6.750001
v 9.593561 -4.831994 -7.250001
v 9.628901 -4.829470 -6.750001
v 9.628901 -4.829470 -7.250001
v 9.663226 -4.825237 -6.750001
v 9.663226 -4.825237 -7.250001
v 9.696613 -4.819275 -6.750001
v 9.696613 -4.819275 -7.250001
v 9.729140 -4.811563 -6.750001
v 9.729140 -4.811563 -7.250001
v 9.760882 -4.802081 -6.750001
v 9.760882 -4.802081 -7.250001
v 9.791916 -4.790806 -6.750001
v 9.791916 -4.790806 -7.250001
v 9.822317 -4.777719 -6.750001
v 9.822317 -4.777719 -7.250001
v 9.852163 -4.762799 -6.750001
v 9.852163 -4.762799 -7.250001
v 9.881530 -4.746025 -6.750001
v 9.881530 -4.746025 -7.250001
v 9.910494 -4.727376 -6.750001
v 9.910494 -4.727376 -7.250001
v 9.939132 -4.706831 -6.750001
v 9.939132 -4.706831 -7.250001
v 9.939132 -4.458831 -6.750001
v 9.939132 -4.458831 -7.250001
v 9.913601 -4.489615 -6.750001
v 9.913601 -4.489615 -7.250001
v 9.887049 -4.517941 -6.750001
v 9.887049 -4.517941 -7.250001
v 9.859538 -4.543768 -6.750001
v 9.859538 -4.543768 -7.250001
v 9.831132 -4.567053 -6.750001
v 9.831132 -4.567053 -7.250001
v 9.801892 -4.587754 -6.750001
v 9.801892 -4.587754 -7.250001
v 9.771882 -4.605831 -6.750001
v 9.771882 -4.605831 -7.250001
v 9.741163 -4.621241 -6.750001
v 9.741163 -4.621241 -7.250001
v 9.709799 -4.633942 -6.750001
v 9.709799 -4.633942 -7.250001
v 9.677851 -4.643893 -6.750001
v 9.677851 -4.643893 -7.250001
v 9.645382 -4.651053 -6.750001
v 9.645382 -4.651053 -7.250001
v 9.612455 -4.655379 -6.750001
v 9.612455 -4.655379 -7.250001
v 9.579132 -4.656831 -6.750001
v 9.579132 -4.656831 -7.250001
v 9.542833 -4.654898 -6.750001
v 9.542833 -4.654898 -7.250001
v 9.509910 -4.649368 -6.750001
v 9.509910 -4.649368 -7.250001
v 9.480320 -4.640643 -6.750001
v 9.480320 -4.640643 -7.250001
v 9.454021 -4.629127 -6.750001
v 9.454021 -4.629127 -7.250001
v 9.430972 -4.615222 -6.750001
v 9.430972 -4.615222 -7.250001
v 9.411132 -4.599331 -6.750001
v 9.411132 -4.599331 -7.250001
v 9.394459 -4.581856 -6.750001
v 9.394459 -4.581856 -7.250001
v 9.380910 -4.563201 -6.750001
v 9.380910 -4.563201 -7.250001
v 9.370444 -4.543768 -6.750001
v 9.370444 -4.543768 -7.250001
v 9.363021 -4.523960 -6.750001
v 9.363021 -4.523960 -7.250001
v 9.358597 -4.504180 -6.750001
v 9.358597 -4.504180 -7.250001
v 9.357132 -4.484831 -6.750001
v 9.357132 -4.484831 -7.250001
v 9.368741 -4.419197 -6.750001
v 9.368741 -4.419197 -7.250001
v 9.400836 -4.361923 -6.750001
v 9.400836 -4.361923 -7.250001
v 9.449320 -4.310956 -6.750001
v 9.449320 -4.310956 -7.250001
v 9.510095 -4.264238 -6.750001
v 9.510095 -4.264238 -7.250001
v 9.579065 -4.219715 -6.750001
v 9.579065 -4.219715 -7.250001
v 9.652132 -4.175331 -6.750001
v 9.652132 -4.175331 -7.250001
v 9.725199 -4.129030 -6.750001
v 9.725199 -4.129030 -7.250001
v 9.794169 -4.078757 -6.750001
v 9.794169 -4.078757 -7.250001
v 9.854944 -4.022456 -6.750001
v 9.854944 -4.022456 -7.250001
v 9.903428 -3.958071 -6.750001
v 9.903428 -3.958071 -7.250001
v 9.935523 -3.883548 -6.750001
v 9.935523 -3.883548 -7.250001
v 9.947132 -3.796831 -6.750001
v 9.947132 -3.796831 -7.250001
v 9.943761 -3.743033 -6.750001
v 9.943761 -3.743033 -7.250001
v 9.933826 -3.692784 -6.750001
v 9.933826 -3.692784 -7.250001
v 9.917601 -3.646299 -6.750001
v 9.917601 -3.646299 -7.250001
v 9.895354 -3.603794 -6.750001
v 9.895354 -3.603794 -7.250001
v 9.867357 -3.565482 -6.750001
v 9.867357 -3.565482 -7.250001
v 9.833882 -3.531580 -6.750001
v 9.833882 -3.531580 -7.250001
v 9.795198 -3.502304 -6.750001
v 9.795198 -3.502304 -7.250001
v 9.751576 -3.477868 -6.750001
v 9.751576 -3.477868 -7.250001
v 9.703288 -3.458487 -6.750001
v 9.703288 -3.458487 -7.250001
v 9.650604 -3.444377 -6.750001
v 9.650604 -3.444377 -7.250001
v 9.593795 -3.435753 -6.750001
v 9.593795 -3.435753 -7.250001
v 9.533132 -3.432831 -6.750001
v 9.533132 -3.432831 -7.250001
v 9.507136 -3.433497 -6.750001
v 9.507136 -3.433497 -7.250001
v 9.481169 -3.435497 -6.750001
v 9.481169 -3.435497 -7.250001
v 9.455257 -3.438830 -6.750001
v 9.455257 -3.438830 -7.250001
v 9.429428 -3.443497 -6.750001
v 9.429428 -3.443497 -7.250001
v 9.403710 -3.449497 -6.750001
v 9.403710 -3.449497 -7.250001
v 9.378132 -3.456831 -6.750001
v 9.378132 -3.456831 -7.250001
v 9.352720 -3.465497 -6.750001
v 9.352720 -3.465497 -7.250001
v 9.327502 -3.475497 -6.750001
v 9.327502 -3.475497 -7.250001
v 9.302507 -3.486831 -6.750001
v 9.302507 -3.486831 -7.250001
v 9.277761 -3.499497 -6.750001
v 9.277761 -3.499497 -7.250001
v 9.253294 -3.513497 -6.750001
v 9.253294 -3.513497 -7.250001
v 9.229132 -3.528831 -6.750001
v 9.229132 -3.528831 -7.250001
v 9.229132 -3.750831 -6.750001
v 9.229132 -3.750831 -7.250001
v 8.473992 -3.454419 -6.750001
v 8.473992 -3.454419 -7.250000
v 8.409512 -3.464868 -6.750001
v 8.409512 -3.464868 -7.250000
v 8.351601 -3.481706 -6.750001
v 8.351601 -3.481706 -7.250000
v 8.300169 -3.504460 -6.750001
v 8.300169 -3.504460 -7.250000
v 8.255126 -3.532659 -6.750001
v 8.255126 -3.532659 -7.250000
v 8.216382 -3.565831 -6.750001
v 8.216382 -3.565831 -7.250000
v 8.183846 -3.603502 -6.750001
v 8.183846 -3.603502 -7.250000
v 8.157429 -3.645201 -6.750001
v 8.157429 -3.645201 -7.250000
v 8.137038 -3.690455 -6.750001
v 8.137038 -3.690455 -7.250000
v 8.122585 -3.738793 -6.750001
v 8.122585 -3.738793 -7.250000
v 8.113980 -3.789742 -6.750001
v 8.113980 -3.789743 -7.250000
v 8.111132 -3.842831 -6.750001
v 8.111132 -3.842831 -7.250000
v 8.114148 -3.895302 -6.750001
v 8.114148 -3.895302 -7.250000
v 8.123261 -3.945432 -6.750001
v 8.123261 -3.945432 -7.250000
v 8.138570 -3.992799 -6.750001
v 8.138570 -3.992799 -7.250000
v 8.160169 -4.036979 -6.750001
v 8.160169 -4.036979 -7.250000
v 8.188157 -4.077547 -6.750001
v 8.188157 -4.077547 -7.250000
v 8.222631 -4.114080 -6.750001
v 8.222631 -4.114080 -7.250000
v 8.263690 -4.146156 -6.750001
v 8.263690 -4.146156 -7.250000
v 8.311428 -4.173349 -6.750001
v 8.311428 -4.173349 -7.250000
v 8.365944 -4.195237 -6.750001
v 8.365944 -4.195237 -7.250000
v 8.427336 -4.211395 -6.750001
v 8.427336 -4.211395 -7.250000
v 8.495699 -4.221401 -6.750001
v 8.495699 -4.221401 -7.250000
v 8.571132 -4.224831 -6.750001
v 8.571132 -4.224831 -7.250000
v 8.775132 -4.224831 -6.750001
v 8.775132 -4.224831 -7.250000
v 8.775132 -4.814831 -6.750001
v 8.775132 -4.814831 -7.250000
v 8.971132 -4.814831 -6.750001
v 8.971132 -4.814831 -7.250000
v 8.971132 -3.450830 -6.750001
v 8.971132 -3.450830 -7.250001
v 8.545132 -3.450830 -6.750001
v 8.545132 -3.450830 -7.250000
v 8.553132 -4.048831 -6.750001
v 8.553132 -4.048831 -7.250000
v 8.517740 -4.047217 -6.750001
v 8.517740 -4.047217 -7.250000
v 8.484660 -4.042423 -6.750001
v 8.484660 -4.042423 -7.250000
v 8.454039 -4.034518 -6.750001
v 8.454039 -4.034518 -7.250000
v 8.426021 -4.023571 -6.750001
v 8.426021 -4.023571 -7.250000
v 8.400754 -4.009653 -6.750001
v 8.400754 -4.009653 -7.250000
v 8.378382 -3.992831 -6.750001
v 8.378382 -3.992831 -7.250000
v 8.359053 -3.973176 -6.750001
v 8.359053 -3.973176 -7.250000
v 8.342910 -3.950757 -6.750001
v 8.342910 -3.950757 -7.250000
v 8.330101 -3.925643 -6.750001
v 8.330101 -3.925643 -7.250000
v 8.320771 -3.897905 -6.750001
v 8.320771 -3.897905 -7.250000
v 8.315066 -3.867611 -6.750001
v 8.315066 -3.867611 -7.250000
v 8.313132 -3.834831 -6.750001
v 8.313132 -3.834831 -7.250000
v 8.314298 -3.809731 -6.750001
v 8.314298 -3.809731 -7.250000
v 8.317956 -3.784701 -6.750001
v 8.317956 -3.784701 -7.250000
v 8.324350 -3.760143 -6.750001
v 8.324350 -3.760143 -7.250000
v 8.333725 -3.736460 -6.750001
v 8.333725 -3.736460 -7.250000
v 8.346321 -3.714055 -6.750001
v 8.346321 -3.714055 -7.250000
v 8.362382 -3.693331 -6.750001
v 8.362382 -3.693331 -7.250000
v 8.382152 -3.674689 -6.750001
v 8.382152 -3.674689 -7.250000
v 8.405872 -3.658534 -6.750001
v 8.405872 -3.658534 -7.250000
v 8.433788 -3.645268 -6.750001
v 8.433788 -3.645268 -7.250000
v 8.466141 -3.635293 -6.750001
v 8.466141 -3.635293 -7.250000
v 8.503175 -3.629014 -6.750001
v 8.503175 -3.629014 -7.250000
v 8.545132 -3.626831 -6.750001
v 8.545132 -3.626831 -7.250000
v 8.775132 -3.626831 -6.750001
v 8.775132 -3.626831 -7.250000
v 8.775132 -4.048831 -6.750001
v 8.775132 -4.048831 -7.250000
v 6.957132 -4.814831 -6.750000
v 6.957132 -4.814831 -7.250000
v 7.139132 -4.412831 -6.750000
v 7.139132 -4.412831 -7.250000
v 7.719132 -4.412831 -6.750001
v 7.719132 -4.412831 -7.250000
v 7.891132 -4.814831 -6.750001
v 7.891132 -4.814831 -7.250000
v 8.091132 -4.814831 -6.750001
v 8.091132 -4.814831 -7.250000
v 7.505132 -3.442831 -6.750001
v 7.505132 -3.442831 -7.250000
v 7.367132 -3.442831 -6.750001
v 7.367132 -3.442831 -7.250000
v 6.757132 -4.814831 -6.750000
v 6.757132 -4.814831 -7.250000
v 7.219132 -4.236831 -6.750001
v 7.219132 -4.236831 -7.250000
v 7.439132 -3.742831 -6.750001
v 7.439132 -3.742831 -7.250000
v 7.643132 -4.236831 -6.750001
v 7.643132 -4.236831 -7.250000
v 5.486654 -3.731450 -6.750000
v 5.486654 -3.731450 -7.250000
v 5.527308 -3.710284 -6.750000
v 5.527308 -3.710284 -7.250000
v 5.567225 -3.691299 -6.750000
v 5.567225 -3.691299 -7.250000
v 5.606539 -3.674460 -6.750000
v 5.606539 -3.674460 -7.250000
v 5.645380 -3.659732 -6.750000
v 5.645380 -3.659732 -7.250000
v 5.683882 -3.647080 -6.750000
v 5.683882 -3.647080 -7.250000
v 5.722175 -3.636471 -6.750000
v 5.722175 -3.636471 -7.250000
v 5.760391 -3.627868 -6.750000
v 5.760391 -3.627868 -7.250000
v 5.798663 -3.621237 -6.750000
v 5.798663 -3.621237 -7.250000
v 5.837122 -3.616544 -6.750000
v 5.837122 -3.616544 -7.250000
v 5.875901 -3.613753 -6.750000
v 5.875901 -3.613753 -7.250000
v 5.915132 -3.612831 -6.750000
v 5.915132 -3.612831 -7.250000
v 5.991377 -3.617372 -6.750000
v 5.991377 -3.617372 -7.250000
v 6.063762 -3.630664 -6.750000
v 6.063762 -3.630664 -7.250000
v 6.131757 -3.652205 -6.750000
v 6.131757 -3.652205 -7.250000
v 6.194836 -3.681497 -6.750000
v 6.194836 -3.681497 -7.250000
v 6.252470 -3.718039 -6.750000
v 6.252470 -3.718039 -7.250000
v 6.304132 -3.761330 -6.750000
v 6.304132 -3.761331 -7.250000
v 6.349294 -3.810872 -6.750000
v 6.349294 -3.810872 -7.250000
v 6.387428 -3.866164 -6.750000
v 6.387428 -3.866164 -7.250000
v 6.418007 -3.926706 -6.750000
v 6.418007 -3.926706 -7.250000
v 6.440502 -3.991997 -6.750000
v 6.440502 -3.991997 -7.250000
v 6.454386 -4.061539 -6.750000
v 6.454386 -4.061539 -7.250000
v 6.459132 -4.134830 -6.750000
v 6.459132 -4.134830 -7.250000
v 6.454535 -4.209304 -6.750000
v 6.454535 -4.209304 -7.250000
v 6.441020 -4.279451 -6.750000
v 6.441020 -4.279451 -7.250000
v 6.419006 -4.344862 -6.750000
v 6.419006 -4.344862 -7.250000
v 6.388909 -4.405127 -6.750000
v 6.388909 -4.405127 -7.250000
v 6.351146 -4.459836 -6.750000
v 6.351146 -4.459836 -7.250000
v 6.306131 -4.508581 -6.750000
v 6.306131 -4.508581 -7.250000
v 6.254284 -4.550950 -6.750000
v 6.254284 -4.550950 -7.250000
v 6.196021 -4.586535 -6.750000
v 6.196021 -4.586535 -7.250000
v 6.131757 -4.614924 -6.750000
v 6.131757 -4.614924 -7.250000
v 6.061910 -4.635710 -6.750000
v 6.061910 -4.635710 -7.250000
v 5.986896 -4.648482 -6.750000
v 5.986896 -4.648482 -7.250000
v 5.907132 -4.652831 -6.750000
v 5.907132 -4.652831 -7.250000
v 5.868355 -4.651711 -6.750000
v 5.868355 -4.651711 -7.250000
v 5.829094 -4.648368 -6.750000
v 5.829094 -4.648368 -7.250000
v 5.789443 -4.642831 -6.750000
v 5.789443 -4.642831 -7.250000
v 5.749501 -4.635127 -6.750000
v 5.749501 -4.635127 -7.250000
v 5.709365 -4.625284 -6.750000
v 5.709365 -4.625284 -7.250000
v 5.669131 -4.613331 -6.750000
v 5.669131 -4.613331 -7.250000
v 5.628898 -4.599294 -6.750000
v 5.628898 -4.599294 -7.250000
v 5.588761 -4.583201 -6.750000
v 5.588761 -4.583201 -7.250000
v 5.548819 -4.565081 -6.750000
v 5.548819 -4.565081 -7.250000
v 5.509169 -4.544960 -6.750000
v 5.509169 -4.544960 -7.250000
v 5.469907 -4.522868 -6.750000
v 5.469907 -4.522868 -7.250000
v 5.431132 -4.498831 -6.750000
v 5.431132 -4.498831 -7.250000
v 5.431132 -4.712831 -6.750000
v 5.431132 -4.712831 -7.250000
v 5.464914 -4.729897 -6.750000
v 5.464914 -4.729897 -7.250000
v 5.499391 -4.746025 -6.750000
v 5.499391 -4.746025 -7.250000
v 5.534757 -4.761112 -6.750000
v 5.534757 -4.761112 -7.250000
v 5.571206 -4.775053 -6.750000
v 5.571206 -4.775053 -7.250000
v 5.608932 -4.787744 -6.750000
v 5.608932 -4.787744 -7.250000
v 5.648131 -4.799081 -6.750000
v 5.648131 -4.799081 -7.250000
v 5.688997 -4.808959 -6.750000
v 5.688997 -4.808959 -7.250000
v 5.731724 -4.817275 -6.750000
v 5.731724 -4.817275 -7.250000
v 5.776507 -4.823925 -6.750000
v 5.776507 -4.823925 -7.250000
v 5.823539 -4.828803 -6.750000
v 5.823539 -4.828803 -7.250000
v 5.873016 -4.831806 -6.750000
v 5.873016 -4.831806 -7.250000
v 5.925132 -4.832830 -6.750000
v 5.925132 -4.832830 -7.250000
v 6.047169 -4.824913 -6.750000
v 6.047169 -4.824913 -7.250000
v 6.157428 -4.802321 -6.750000
v 6.157428 -4.802321 -7.250000
v 6.256131 -4.766799 -6.750000
v 6.256131 -4.766799 -7.250000
v 6.343502 -4.720090 -6.750000
v 6.343502 -4.720090 -7.250000
v 6.419761 -4.663936 -6.750000
v 6.419761 -4.663936 -7.250000
v 6.485131 -4.600080 -6.750000
v 6.485131 -4.600080 -7.250000
v 6.539835 -4.530267 -6.750000
v 6.539835 -4.530267 -7.250000
v 6.584095 -4.456238 -6.750000
v 6.584095 -4.456238 -7.250000
v 6.618132 -4.379737 -6.750000
v 6.618132 -4.379737 -7.250000
v 6.642169 -4.302506 -6.750000
v 6.642169 -4.302506 -7.250000
v 6.656428 -4.226290 -6.750000
v 6.656428 -4.226290 -7.250000
v 6.661132 -4.152831 -6.750000
v 6.661132 -4.152831 -7.250000
v 6.654703 -4.051275 -6.750000
v 6.654703 -4.051275 -7.250000
v 6.635863 -3.955053 -6.750000
v 6.635863 -3.955053 -7.250000
v 6.605289 -3.864830 -6.750000
v 6.605289 -3.864831 -7.250000
v 6.563651 -3.781275 -6.750000
v 6.563651 -3.781275 -7.250000
v 6.511624 -3.705053 -6.750000
v 6.511624 -3.705053 -7.250000
v 6.449882 -3.636831 -6.750000
v 6.449882 -3.636831 -7.250000
v 6.379098 -3.577275 -6.750000
v 6.379098 -3.577275 -7.250000
v 6.299947 -3.527053 -6.750000
v 6.299947 -3.527053 -7.250000
v 6.213100 -3.486831 -6.750000
v 6.213100 -3.486831 -7.250000
v 6.119234 -3.457275 -6.750000
v 6.119234 -3.457275 -7.250000
v 6.019020 -3.439053 -6.750000
v 6.019020 -3.439053 -7.250000
v 5.913132 -3.432831 -6.750000
v 5.913132 -3.432831 -7.250000
v 5.878066 -3.433545 -6.750000
v 5.878066 -3.433545 -7.250000
v 5.842771 -3.435710 -6.750000
v 5.842771 -3.435710 -7.250000
v 5.807100 -3.439362 -6.750000
v 5.807100 -3.439362 -7.250000
v 5.770909 -3.444534 -6.750000
v 5.770909 -3.444534 -7.250000
v 5.734052 -3.451262 -6.750000
v 5.734052 -3.451262 -7.250000
v 5.696382 -3.459581 -6.750000
v 5.696382 -3.459581 -7.250000
v 5.657753 -3.469524 -6.750000
v 5.657753 -3.469524 -7.250000
v 5.618021 -3.481127 -6.750000
v 5.618021 -3.481127 -7.250000
v 5.577038 -3.494424 -6.750000
v 5.577038 -3.494424 -7.250000
v 5.534659 -3.509451 -6.750000
v 5.534659 -3.509451 -7.250000
v 5.490739 -3.526241 -6.750000
v 5.490739 -3.526241 -7.250000
v 5.445132 -3.544831 -6.750000
v 5.445132 -3.544831 -7.250000
v 5.445132 -3.754831 -6.750000
v 5.445132 -3.754831 -7.250000
v 4.995131 -3.626831 -6.750000
v 4.995131 -3.626831 -7.250000
v 4.995131 -4.038831 -6.750000
v 4.995131 -4.038831 -7.250000
v 4.437132 -4.038831 -6.750000
v 4.437132 -4.038831 -7.250000
v 4.437132 -4.214830 -6.750000
v 4.437132 -4.214831 -7.250000
v 4.995131 -4.214830 -6.750000
v 4.995131 -4.214831 -7.250000
v 4.995131 -4.638831 -6.750000
v 4.995131 -4.638831 -7.250000
v 4.399132 -4.638831 -6.750000
v 4.399132 -4.638831 -7.250000
v 4.399132 -4.814831 -6.750000
v 4.399132 -4.814831 -7.250000
v 5.191132 -4.814831 -6.750000
v 5.191132 -4.814831 -7.250000
v 5.191132 -3.450830 -6.750000
v 5.191132 -3.450830 -7.250000
v 4.417131 -3.450830 -6.750000
v 4.417131 -3.450830 -7.250000
v 4.417131 -3.626831 -6.750000
v 4.417131 -3.626831 -7.250000
v 2.209131 -3.556831 -6.750000
v 2.209131 -3.556831 -7.250000
v 2.219691 -3.536046 -6.750000
v 2.219691 -3.536046 -7.250000
v 2.231271 -3.513886 -6.750000
v 2.231271 -3.513886 -7.250000
v 2.243726 -3.490643 -6.750000
v 2.243726 -3.490643 -7.250000
v 2.256910 -3.466609 -6.750000
v 2.256910 -3.466609 -7.250000
v 2.270677 -3.442074 -6.750000
v 2.270677 -3.442074 -7.250000
v 2.284882 -3.417331 -6.750000
v 2.284882 -3.417331 -7.250000
v 2.299378 -3.392671 -6.750000
v 2.299378 -3.392671 -7.250000
v 2.314021 -3.368386 -6.750000
v 2.314021 -3.368386 -7.250000
v 2.328663 -3.344768 -6.750000
v 2.328663 -3.344768 -7.250000
v 2.343159 -3.322108 -6.750000
v 2.343159 -3.322108 -7.250000
v 2.357364 -3.300699 -6.750000
v 2.357364 -3.300699 -7.250000
v 2.371131 -3.280831 -6.750000
v 2.371131 -3.280831 -7.250000
v 2.265131 -3.234831 -6.750000
v 2.265131 -3.234831 -7.250000
v 2.252164 -3.253819 -6.750000
v 2.252164 -3.253819 -7.250000
v 2.238400 -3.274571 -6.750000
v 2.238400 -3.274571 -7.250000
v 2.224037 -3.296768 -6.750000
v 2.224037 -3.296768 -7.250000
v 2.209279 -3.320090 -6.750000
v 2.209279 -3.320090 -7.250000
v 2.194326 -3.344217 -6.750000
v 2.194326 -3.344217 -7.250000
v 2.179381 -3.368831 -6.750000
v 2.179381 -3.368831 -7.250000
v 2.164644 -3.393610 -6.750000
v 2.164644 -3.393610 -7.250000
v 2.150316 -3.418238 -6.750000
v 2.150316 -3.418238 -7.250000
v 2.136600 -3.442393 -6.750000
v 2.136600 -3.442393 -7.250000
v 2.123696 -3.465756 -6.750000
v 2.123696 -3.465756 -7.250000
v 2.111806 -3.488009 -6.750000
v 2.111806 -3.488009 -7.250000
v 2.101131 -3.508831 -6.750000
v 2.101131 -3.508831 -7.250000
v 1.985131 -3.474831 -6.750000
v 1.985131 -3.474831 -7.250000
v 1.996533 -3.452787 -6.750000
v 1.996533 -3.452787 -7.250000
v 2.008678 -3.429812 -6.750000
v 2.008678 -3.429812 -7.250000
v 2.021476 -3.406143 -6.750000
v 2.021476 -3.406143 -7.250000
v 2.034836 -3.382016 -6.750000
v 2.034836 -3.382016 -7.250000
v 2.048668 -3.357666 -6.750000
v 2.048668 -3.357666 -7.250000
v 2.062882 -3.333331 -6.750000
v 2.062882 -3.333331 -7.250000
v 2.077388 -3.309245 -6.750000
v 2.077388 -3.309245 -7.250000
v 2.092095 -3.285645 -6.750000
v 2.092095 -3.285645 -7.250000
v 2.106913 -3.262768 -6.750000
v 2.106913 -3.262768 -7.250000
v 2.121752 -3.240849 -6.750000
v 2.121752 -3.240849 -7.250000
v 2.136522 -3.220125 -6.750000
v 2.136522 -3.220125 -7.250000
v 2.151132 -3.200830 -6.750000
v 2.151132 -3.200830 -7.250000
v 2.045131 -3.154830 -6.750000
v 2.045131 -3.154830 -7.250000
v 2.031628 -3.174314 -6.750000
v 2.031628 -3.174314 -7.250000
v 2.017270 -3.195534 -6.750000
v 2.017270 -3.195534 -7.250000
v 2.002288 -3.218143 -6.750000
v 2.002288 -3.218143 -7.250000
v 1.986910 -3.241793 -6.750000
v 1.986910 -3.241793 -7.250000
v 1.971365 -3.266138 -6.750000
v 1.971365 -3.266138 -7.250000
v 1.955882 -3.290831 -6.750000
v 1.955882 -3.290831 -7.250000
v 1.940691 -3.315523 -6.750000
v 1.940691 -3.315523 -7.250000
v 1.926021 -3.339868 -6.750000
v 1.926021 -3.339868 -7.250000
v 1.912101 -3.363518 -6.750000
v 1.912101 -3.363518 -7.250000
v 1.899159 -3.386127 -6.750000
v 1.899159 -3.386127 -7.250000
v 1.887426 -3.407347 -6.750000
v 1.887426 -3.407347 -7.250000
v 1.877131 -3.426831 -6.750000
v 1.877131 -3.426831 -7.250000
v 3.046217 -3.463614 -6.750000
v 3.046217 -3.463614 -7.250000
v 3.051483 -3.478932 -6.750000
v 3.051483 -3.478932 -7.250000
v 3.056944 -3.494737 -6.750000
v 3.056944 -3.494737 -7.250000
v 3.062613 -3.510979 -6.750000
v 3.062613 -3.510979 -7.250000
v 3.068504 -3.527610 -6.750000
v 3.068504 -3.527610 -7.250000
v 3.074632 -3.544581 -6.750000
v 3.074632 -3.544581 -7.250000
v 3.081009 -3.561843 -6.750000
v 3.081009 -3.561843 -7.250000
v 3.087650 -3.579349 -6.750000
v 3.087650 -3.579349 -7.250000
v 3.094569 -3.597049 -6.750000
v 3.094569 -3.597049 -7.250000
v 3.101780 -3.614895 -6.750000
v 3.101780 -3.614895 -7.250000
v 3.109296 -3.632839 -6.750000
v 3.109296 -3.632839 -7.250000
v 3.117131 -3.650831 -6.750000
v 3.117131 -3.650831 -7.250000
v 2.171131 -3.650831 -6.750000
v 2.171131 -3.650831 -7.250000
v 2.158496 -3.650787 -6.750000
v 2.158496 -3.650787 -7.250000
v 2.144715 -3.650645 -6.750000
v 2.144715 -3.650645 -7.250000
v 2.129975 -3.650393 -6.750000
v 2.129975 -3.650393 -7.250000
v 2.114465 -3.650016 -6.750000
v 2.114465 -3.650016 -7.250000
v 2.098371 -3.649500 -6.750000
v 2.098371 -3.649500 -7.250000
v 2.081882 -3.648831 -6.750000
v 2.081882 -3.648831 -7.250000
v 2.065184 -3.647995 -6.750000
v 2.065184 -3.647995 -7.250000
v 2.048465 -3.646979 -6.750000
v 2.048465 -3.646979 -7.250000
v 2.031913 -3.645768 -6.750000
v 2.031913 -3.645768 -7.250000
v 2.015715 -3.644349 -6.750000
v 2.015715 -3.644349 -7.250000
v 2.000058 -3.642708 -6.750000
v 2.000058 -3.642708 -7.250000
v 1.985131 -3.640831 -6.750000
v 1.985131 -3.640831 -7.250000
v 1.985131 -3.812830 -6.750000
v 1.985131 -3.812831 -7.250000
v 2.000937 -3.811872 -6.750000
v 2.000937 -3.811873 -7.250000
v 2.017242 -3.810997 -6.750000
v 2.017242 -3.810998 -7.250000
v 2.033881 -3.810206 -6.750000
v 2.033881 -3.810206 -7.250000
v 2.050687 -3.809498 -6.750000
v 2.050687 -3.809498 -7.250000
v 2.067492 -3.808872 -6.750000
v 2.067492 -3.808873 -7.250000
v 2.084131 -3.808331 -6.750000
v 2.084131 -3.808331 -7.250000
v 2.100437 -3.807873 -6.750000
v 2.100437 -3.807873 -7.250000
v 2.116242 -3.807498 -6.750000
v 2.116242 -3.807498 -7.250000
v 2.131381 -3.807206 -6.750000
v 2.131381 -3.807206 -7.250000
v 2.145687 -3.806997 -6.750000
v 2.145687 -3.806998 -7.250000
v 2.158992 -3.806872 -6.750000
v 2.158992 -3.806872 -7.250000
v 2.171131 -3.806831 -6.750000
v 2.171131 -3.806831 -7.250000
v 2.511131 -3.806831 -6.750000
v 2.511131 -3.806831 -7.250000
v 2.523090 -3.944944 -6.750000
v 2.523090 -3.944944 -7.250000
v 2.542798 -4.073571 -6.750000
v 2.542798 -4.073571 -7.250000
v 2.570006 -4.193143 -6.750000
v 2.570006 -4.193143 -7.250000
v 2.604465 -4.304090 -6.750000
v 2.604465 -4.304090 -7.250000
v 2.645923 -4.406842 -6.750000
v 2.645923 -4.406842 -7.250000
v 2.694131 -4.501831 -6.750000
v 2.694131 -4.501831 -7.250000
v 2.748839 -4.589486 -6.750000
v 2.748839 -4.589486 -7.250000
v 2.809798 -4.670238 -6.750000
v 2.809798 -4.670238 -7.250000
v 2.876756 -4.744518 -6.750000
v 2.876756 -4.744518 -7.250000
v 2.949465 -4.812757 -6.750000
v 2.949465 -4.812757 -7.250000
v 3.027673 -4.875384 -6.750000
v 3.027673 -4.875384 -7.250000
v 3.111132 -4.932831 -6.750000
v 3.111132 -4.932831 -7.250000
v 3.281131 -4.816831 -6.750000
v 3.281131 -4.816831 -7.250000
v 3.266601 -4.811087 -6.750000
v 3.266601 -4.811087 -7.250000
v 3.252048 -4.804877 -6.750000
v 3.252048 -4.804877 -7.250000
v 3.237538 -4.798237 -6.750000
v 3.237538 -4.798237 -7.250000
v 3.223132 -4.791201 -6.750000
v 3.223132 -4.791201 -7.250000
v 3.208892 -4.783804 -6.750000
v 3.208892 -4.783804 -7.250000
v 3.194881 -4.776081 -6.750000
v 3.194881 -4.776081 -7.250000
v 3.181163 -4.768065 -6.750000
v 3.181163 -4.768065 -7.250000
v 3.167799 -4.759794 -6.750000
v 3.167799 -4.759794 -7.250000
v 3.154850 -4.751299 -6.750000
v 3.154850 -4.751299 -7.250000
v 3.142382 -4.742618 -6.750000
v 3.142382 -4.742618 -7.250000
v 3.130455 -4.733783 -6.750000
v 3.130455 -4.733783 -7.250000
v 3.119132 -4.724831 -6.750000
v 3.119132 -4.724831 -7.250000
v 3.069834 -4.685380 -6.750000
v 3.069834 -4.685380 -7.250000
v 3.020419 -4.640719 -6.750000
v 3.020419 -4.640719 -7.250000
v 2.971601 -4.590393 -6.750000
v 2.971601 -4.590393 -7.250000
v 2.924095 -4.533942 -6.750000
v 2.924095 -4.533942 -7.250000
v 2.878617 -4.470907 -6.750000
v 2.878617 -4.470907 -7.250000
v 2.835882 -4.400831 -6.750000
v 2.835882 -4.400831 -7.250000
v 2.796605 -4.323254 -6.750000
v 2.796605 -4.323254 -7.250000
v 2.761502 -4.237720 -6.750000
v 2.761502 -4.237720 -7.250000
v 2.731288 -4.143768 -6.750000
v 2.731288 -4.143768 -7.250000
v 2.706678 -4.040942 -6.750000
v 2.706678 -4.040942 -7.250000
v 2.688387 -3.928782 -6.750000
v 2.688387 -3.928782 -7.250000
v 2.677132 -3.806831 -6.750000
v 2.677132 -3.806831 -7.250000
v 3.191132 -3.806831 -6.750000
v 3.191132 -3.806831 -7.250000
v 3.212255 -3.844929 -6.750000
v 3.212255 -3.844929 -7.250000
v 3.235446 -3.883951 -6.750000
v 3.235446 -3.883951 -7.250000
v 3.260444 -3.923487 -6.750000
v 3.260444 -3.923487 -7.250000
v 3.286983 -3.963127 -6.750000
v 3.286983 -3.963127 -7.250000
v 3.314801 -4.002461 -6.750000
v 3.314801 -4.002461 -7.250000
v 3.343632 -4.041080 -6.750000
v 3.343632 -4.041080 -7.250000
v 3.373213 -4.078575 -6.750000
v 3.373213 -4.078575 -7.250000
v 3.403280 -4.114534 -6.750000
v 3.403280 -4.114534 -7.250000
v 3.433569 -4.148550 -6.750000
v 3.433569 -4.148550 -7.250000
v 3.463817 -4.180210 -6.750000
v 3.463817 -4.180210 -7.250000
v 3.493759 -4.209107 -6.750000
v 3.493759 -4.209107 -7.250000
v 3.523131 -4.234830 -6.750000
v 3.523131 -4.234831 -7.250000
v 3.681131 -4.140831 -6.750000
v 3.681131 -4.140831 -7.250000
v 3.645213 -4.112853 -6.750000
v 3.645213 -4.112853 -7.250000
v 3.609622 -4.081340 -6.750000
v 3.609622 -4.081340 -7.250000
v 3.574600 -4.046925 -6.750000
v 3.574600 -4.046925 -7.250000
v 3.540390 -4.010238 -6.750000
v 3.540390 -4.010238 -7.250000
v 3.507236 -3.971913 -6.750000
v 3.507236 -3.971913 -7.250000
v 3.475381 -3.932581 -6.750000
v 3.475381 -3.932581 -7.250000
v 3.445068 -3.892874 -6.750000
v 3.445068 -3.892874 -7.250000
v 3.416539 -3.853423 -6.750000
v 3.416539 -3.853423 -7.250000
v 3.390038 -3.814862 -6.750000
v 3.390038 -3.814862 -7.250000
v 3.365808 -3.777821 -6.750000
v 3.365808 -3.777822 -7.250000
v 3.344091 -3.742934 -6.750000
v 3.344091 -3.742934 -7.250000
v 3.325131 -3.710831 -6.750000
v 3.325131 -3.710831 -7.250000
v 3.312005 -3.685804 -6.750000
v 3.312005 -3.685804 -7.250000
v 3.299613 -3.660784 -6.750000
v 3.299613 -3.660784 -7.250000
v 3.287944 -3.635862 -6.750000
v 3.287944 -3.635862 -7.250000
v 3.276984 -3.611127 -6.750000
v 3.276984 -3.611127 -7.250000
v 3.266717 -3.586669 -6.750000
v 3.266717 -3.586669 -7.250000
v 3.257132 -3.562581 -6.750000
v 3.257132 -3.562581 -7.250000
v 3.248213 -3.538950 -6.750000
v 3.248213 -3.538950 -7.250000
v 3.239946 -3.515868 -6.750000
v 3.239946 -3.515868 -7.250000
v 3.232319 -3.493424 -6.750000
v 3.232319 -3.493424 -7.250000
v 3.225317 -3.471710 -6.750000
v 3.225317 -3.471710 -7.250000
v 3.218925 -3.450816 -6.750000
v 3.218925 -3.450816 -7.250000
v 3.213131 -3.430830 -6.750000
v 3.213131 -3.430830 -7.250000
v 3.209257 -3.417752 -6.750000
v 3.209257 -3.417752 -7.250000
v 3.205632 -3.404534 -6.750000
v 3.205632 -3.404534 -7.250000
v 3.202257 -3.391205 -6.750000
v 3.202257 -3.391205 -7.250000
v 3.199131 -3.377793 -6.750000
v 3.199131 -3.377793 -7.250000
v 3.196257 -3.364326 -6.750000
v 3.196257 -3.364326 -7.250000
v 3.193632 -3.350831 -6.750000
v 3.193632 -3.350831 -7.250000
v 3.191257 -3.337335 -6.750000
v 3.191257 -3.337335 -7.250000
v 3.189131 -3.323868 -6.750000
v 3.189131 -3.323868 -7.250000
v 3.187256 -3.310456 -6.750000
v 3.187256 -3.310456 -7.250000
v 3.185631 -3.297127 -6.750000
v 3.185631 -3.297127 -7.250000
v 3.184256 -3.283909 -6.750000
v 3.184256 -3.283909 -7.250000
v 3.183131 -3.270831 -6.750000
v 3.183131 -3.270831 -7.250000
v 2.989131 -3.308831 -6.750000
v 2.989131 -3.308831 -7.250000
v 2.993669 -3.320485 -6.750000
v 2.993669 -3.320485 -7.250000
v 2.998261 -3.332396 -6.750000
v 2.998261 -3.332396 -7.250000
v 3.002882 -3.344487 -6.750000
v 3.002882 -3.344487 -7.250000
v 3.007503 -3.356683 -6.750000
v 3.007503 -3.356683 -7.250000
v 3.012095 -3.368906 -6.750000
v 3.012095 -3.368906 -7.250000
v 3.016632 -3.381081 -6.750000
v 3.016632 -3.381081 -7.250000
v 3.021086 -3.393131 -6.750000
v 3.021086 -3.393131 -7.250000
v 3.025428 -3.404979 -6.750000
v 3.025428 -3.404979 -7.250000
v 3.029632 -3.416549 -6.750000
v 3.029632 -3.416549 -7.250000
v 3.033669 -3.427766 -6.750000
v 3.033669 -3.427766 -7.250000
v 3.037511 -3.438552 -6.750000
v 3.037511 -3.438552 -7.250000
v 3.041131 -3.448831 -6.750000
v 3.041131 -3.448831 -7.250000
v 1.253304 -3.958831 -6.750000
v 1.253304 -3.958831 -7.250000
v 1.180836 -3.958831 -6.750000
v 1.180836 -3.958831 -7.250000
v 1.090257 -3.958831 -6.750000
v 1.090257 -3.958831 -7.250000
v 0.986094 -3.958831 -6.750000
v 0.986094 -3.958831 -7.250000
v 0.872877 -3.958831 -6.750000
v 0.872877 -3.958831 -7.250000
v 0.755132 -3.958831 -6.750000
v 0.755132 -3.958831 -7.250000
v 0.637386 -3.958831 -6.750000
v 0.637386 -3.958831 -7.250000
v 0.524169 -3.958831 -6.750000
v 0.524169 -3.958831 -7.250000
v 0.420007 -3.958831 -6.750000
v 0.420007 -3.958831 -7.250000
v 0.329428 -3.958831 -6.750000
v 0.329428 -3.958831 -7.250000
v 0.256960 -3.958831 -6.750000
v 0.256960 -3.958831 -7.250000
v 0.207131 -3.958831 -6.750000
v 0.207131 -3.958831 -7.250000
v 0.182714 -3.958710 -6.750000
v 0.182714 -3.958710 -7.250000
v 0.159465 -3.958368 -6.750000
v 0.159465 -3.958368 -7.250000
v 0.137382 -3.957831 -6.750000
v 0.137382 -3.957831 -7.250000
v 0.116465 -3.957127 -6.750000
v 0.116465 -3.957127 -7.250000
v 0.096715 -3.956284 -6.750000
v 0.096715 -3.956285 -7.250000
v 0.078132 -3.955331 -6.750000
v 0.078132 -3.955331 -7.250000
v 0.060715 -3.954294 -6.750000
v 0.060715 -3.954294 -7.250000
v 0.044465 -3.953201 -6.750000
v 0.044465 -3.953201 -7.250000
v 0.029382 -3.952081 -6.750000
v 0.029382 -3.952081 -7.250000
v 0.015465 -3.950960 -6.750000
v 0.015465 -3.950960 -7.250000
v 0.002715 -3.949868 -6.750000
v 0.002715 -3.949868 -7.250000
v -0.008868 -3.948831 -6.750000
v -0.008868 -3.948831 -7.250000
v -0.008868 -4.144831 -6.750000
v -0.008868 -4.144831 -7.250000
v 0.002027 -4.144214 -6.750000
v 0.002027 -4.144214 -7.250000
v 0.014623 -4.143395 -6.750000
v 0.014623 -4.143395 -7.250000
v 0.028789 -4.142424 -6.750000
v 0.028789 -4.142424 -7.250000
v 0.044392 -4.141349 -6.750000
v 0.044392 -4.141349 -7.250000
v 0.061300 -4.140218 -6.750000
v 0.061300 -4.140218 -7.250000
v 0.079382 -4.139081 -6.750000
v 0.079382 -4.139081 -7.250000
v 0.098506 -4.137984 -6.750000
v 0.098506 -4.137985 -7.250000
v 0.118540 -4.136979 -6.750000
v 0.118540 -4.136979 -7.250000
v 0.139351 -4.136112 -6.750000
v 0.139351 -4.136112 -7.250000
v 0.160808 -4.135432 -6.750000
v 0.160808 -4.135433 -7.250000
v 0.182778 -4.134989 -6.750000
v 0.182778 -4.134989 -7.250000
v 0.205132 -4.134830 -6.750000
v 0.205132 -4.134830 -7.250000
v 0.255382 -4.134830 -6.750000
v 0.255382 -4.134830 -7.250000
v 0.328132 -4.134830 -6.750000
v 0.328132 -4.134830 -7.250000
v 0.418881 -4.134830 -6.750000
v 0.418881 -4.134830 -7.250000
v 0.523131 -4.134830 -6.750000
v 0.523131 -4.134830 -7.250000
v 0.636381 -4.134830 -6.750000
v 0.636381 -4.134830 -7.250000
v 0.754131 -4.134830 -6.750000
v 0.754131 -4.134830 -7.250000
v 0.871881 -4.134830 -6.750000
v 0.871881 -4.134830 -7.250000
v 0.985131 -4.134830 -6.750000
v 0.985131 -4.134830 -7.250000
v 1.089381 -4.134830 -6.750000
v 1.089381 -4.134830 -7.250000
v 1.180131 -4.134830 -6.750000
v 1.180131 -4.134830 -7.250000
v 1.252881 -4.134830 -6.750000
v 1.252881 -4.134830 -7.250000
v 1.303131 -4.134830 -6.750000
v 1.303131 -4.134830 -7.250000
v 1.330524 -4.134913 -6.750000
v 1.330524 -4.134913 -7.250000
v 1.357613 -4.135155 -6.750000
v 1.357613 -4.135155 -7.250000
v 1.384256 -4.135550 -6.750000
v 1.384256 -4.135550 -7.250000
v 1.410316 -4.136090 -6.750000
v 1.410316 -4.136090 -7.250000
v 1.435655 -4.136769 -6.750000
v 1.435655 -4.136769 -7.250000
v 1.460132 -4.137580 -6.750000
v 1.460132 -4.137581 -7.250000
v 1.483608 -4.138517 -6.750000
v 1.483608 -4.138517 -7.250000
v 1.505946 -4.139571 -6.750000
v 1.505946 -4.139571 -7.250000
v 1.527006 -4.140737 -6.750000
v 1.527006 -4.140737 -7.250000
v 1.546650 -4.142006 -6.750000
v 1.546650 -4.142006 -7.250000
v 1.564737 -4.143373 -6.750000
v 1.564737 -4.143373 -7.250000
v 1.581131 -4.144831 -6.750000
v 1.581131 -4.144831 -7.250000
v 1.581131 -3.948831 -6.750000
v 1.581131 -3.948831 -7.250000
v 1.565198 -3.949867 -6.750000
v 1.565198 -3.949868 -7.250000
v 1.547485 -3.950960 -6.750000
v 1.547485 -3.950960 -7.250000
v 1.528133 -3.952080 -6.750000
v 1.528133 -3.952081 -7.250000
v 1.507281 -3.953201 -6.750000
v 1.507281 -3.953201 -7.250000
v 1.485068 -3.954293 -6.750000
v 1.485068 -3.954294 -7.250000
v 1.461633 -3.955331 -6.750000
v 1.461633 -3.955331 -7.250000
v 1.437114 -3.956284 -6.750000
v 1.437114 -3.956284 -7.250000
v 1.411651 -3.957127 -6.750000
v 1.411651 -3.957127 -7.250000
v 1.385382 -3.957831 -6.750000
v 1.385382 -3.957831 -7.250000
v 1.358446 -3.958368 -6.750000
v 1.358446 -3.958368 -7.250000
v 1.330983 -3.958710 -6.750000
v 1.330983 -3.958710 -7.250000
v 1.303131 -3.958831 -6.750000
v 1.303131 -3.958831 -7.250000
v -0.678647 -4.510715 -6.750000
v -0.678647 -4.510715 -7.250000
v -0.711425 -4.422238 -6.750000
v -0.711425 -4.422238 -7.250000
v -0.746369 -4.324206 -6.750000
v -0.746369 -4.324206 -7.250000
v -0.782647 -4.219423 -6.750000
v -0.782647 -4.219423 -7.250000
v -0.819425 -4.110696 -6.750000
v -0.819425 -4.110696 -7.250000
v -0.855869 -4.000831 -6.750000
v -0.855869 -4.000831 -7.250000
v -0.891147 -3.892632 -6.750000
v -0.891147 -3.892632 -7.250000
v -0.924424 -3.788905 -6.750000
v -0.924424 -3.788905 -7.250000
v -0.954868 -3.692456 -6.750000
v -0.954868 -3.692456 -7.250000
v -0.981647 -3.606090 -6.750000
v -0.981647 -3.606090 -7.250000
v -1.003924 -3.532613 -6.750000
v -1.003924 -3.532613 -7.250000
v -1.020868 -3.474831 -6.750000
v -1.020868 -3.474831 -7.250000
v -1.026544 -3.452719 -6.750000
v -1.026544 -3.452719 -7.250000
v -1.031600 -3.432275 -6.750000
v -1.031600 -3.432275 -7.250000
v -1.036087 -3.413331 -6.750000
v -1.036087 -3.413331 -7.250000
v -1.040053 -3.395720 -6.750000
v -1.040053 -3.395720 -7.250000
v -1.043548 -3.379275 -6.750000
v -1.043548 -3.379275 -7.250000
v -1.046618 -3.363831 -6.750000
v -1.046618 -3.363831 -7.250000
v -1.049314 -3.349219 -6.750000
v -1.049314 -3.349219 -7.250000
v -1.051683 -3.335275 -6.750000
v -1.051683 -3.335275 -7.250000
v -1.053775 -3.321831 -6.750000
v -1.053775 -3.321831 -7.250000
v -1.055637 -3.308720 -6.750000
v -1.055637 -3.308720 -7.250000
v -1.057319 -3.295775 -6.750000
v -1.057319 -3.295775 -7.250000
v -1.058868 -3.282831 -6.750000
v -1.058868 -3.282831 -7.250000
v -1.258868 -3.322831 -6.750000
v -1.258868 -3.322831 -7.250000
v -1.253825 -3.335390 -6.750000
v -1.253825 -3.335390 -7.250000
v -1.248693 -3.348136 -6.750000
v -1.248693 -3.348136 -7.250000
v -1.243463 -3.361174 -6.750000
v -1.243463 -3.361174 -7.250000
v -1.238128 -3.374609 -6.750000
v -1.238128 -3.374609 -7.250000
v -1.232682 -3.388542 -6.750000
v -1.232682 -3.388542 -7.250000
v -1.227118 -3.403080 -6.750000
v -1.227118 -3.403080 -7.250000
v -1.221430 -3.418327 -6.750000
v -1.221430 -3.418327 -7.250000
v -1.215610 -3.434386 -6.750000
v -1.215610 -3.434386 -7.250000
v -1.209650 -3.451362 -6.750000
v -1.209650 -3.451362 -7.250000
v -1.203545 -3.469358 -6.750000
v -1.203545 -3.469358 -7.250000
v -1.197287 -3.488480 -6.750000
v -1.197287 -3.488480 -7.250000
v -1.190868 -3.508831 -6.750000
v -1.190868 -3.508831 -7.250000
v -1.173590 -3.564254 -6.750000
v -1.173590 -3.564254 -7.250000
v -1.151304 -3.634720 -6.750000
v -1.151304 -3.634720 -7.250000
v -1.124838 -3.717518 -6.750000
v -1.124838 -3.717518 -7.250000
v -1.095017 -3.809942 -6.750000
v -1.095017 -3.809942 -7.250000
v -1.062669 -3.909282 -6.750000
v -1.062669 -3.909282 -7.250000
v -1.028619 -4.012831 -6.750000
v -1.028619 -4.012831 -7.250000
v -0.993694 -4.117879 -6.750000
v -0.993694 -4.117879 -7.250000
v -0.958721 -4.221719 -6.750000
v -0.958721 -4.221720 -7.250000
v -0.924525 -4.321643 -6.750000
v -0.924525 -4.321643 -7.250000
v -0.891933 -4.414942 -6.750000
v -0.891933 -4.414942 -7.250000
v -0.861773 -4.498907 -6.750000
v -0.861773 -4.498907 -7.250000
v -0.834868 -4.570831 -6.750000
v -0.834868 -4.570831 -7.250000
v -0.910097 -4.563554 -6.750000
v -0.910097 -4.563554 -7.250000
v -0.988194 -4.555784 -6.750000
v -0.988194 -4.555784 -7.250000
v -1.068275 -4.547612 -6.750000
v -1.068275 -4.547612 -7.250000
v -1.149462 -4.539127 -6.750000
v -1.149462 -4.539127 -7.250000
v -1.230870 -4.530420 -6.750000
v -1.230870 -4.530420 -7.250000
v -1.311619 -4.521581 -6.750000
v -1.311619 -4.521581 -7.250000
v -1.390826 -4.512700 -6.750000
v -1.390826 -4.512700 -7.250000
v -1.467609 -4.503868 -6.750000
v -1.467609 -4.503868 -7.250000
v -1.541087 -4.495174 -6.750000
v -1.541087 -4.495174 -7.250000
v -1.610377 -4.486710 -6.750000
v -1.610377 -4.486710 -7.250000
v -1.674599 -4.478566 -6.750000
v -1.674599 -4.478566 -7.250000
v -1.732868 -4.470830 -6.750000
v -1.732868 -4.470830 -7.250000
v -1.712675 -4.431406 -6.750000
v -1.712675 -4.431406 -7.250000
v -1.692156 -4.392266 -6.750000
v -1.692156 -4.392266 -7.250000
v -1.671400 -4.353612 -6.750000
v -1.671400 -4.353612 -7.250000
v -1.650498 -4.315645 -6.750000
v -1.650498 -4.315645 -7.250000
v -1.629541 -4.278568 -6.750000
v -1.629541 -4.278568 -7.250000
v -1.608619 -4.242580 -6.750000
v -1.608619 -4.242580 -7.250000
v -1.587821 -4.207885 -6.750000
v -1.587821 -4.207885 -7.250000
v -1.567239 -4.174683 -6.750000
v -1.567239 -4.174683 -7.250000
v -1.546962 -4.143174 -6.750000
v -1.546962 -4.143174 -7.250000
v -1.527081 -4.113562 -6.750000
v -1.527081 -4.113562 -7.250000
v -1.507687 -4.086047 -6.750000
v -1.507687 -4.086047 -7.250000
v -1.488869 -4.060831 -6.750000
v -1.488869 -4.060831 -7.250000
v -1.638868 -3.992831 -6.750000
v -1.638868 -3.992831 -7.250000
v -1.675831 -4.048187 -6.750000
v -1.675831 -4.048187 -7.250000
v -1.715230 -4.110349 -6.750000
v -1.715230 -4.110349 -7.250000
v -1.756338 -4.177956 -6.750000
v -1.756338 -4.177956 -7.250000
v -1.798425 -4.249645 -6.750000
v -1.798425 -4.249646 -7.250000
v -1.840761 -4.324058 -6.750000
v -1.840761 -4.324058 -7.250000
v -1.882619 -4.399831 -6.750000
v -1.882619 -4.399831 -7.250000
v -1.923268 -4.475604 -6.750000
v -1.923268 -4.475604 -7.250000
v -1.961980 -4.550016 -6.750000
v -1.961980 -4.550016 -7.250000
v -1.998025 -4.621706 -6.750000
v -1.998025 -4.621706 -7.250000
v -2.030674 -4.689312 -6.750000
v -2.030674 -4.689312 -7.250000
v -2.059198 -4.751474 -6.750000
v -2.059198 -4.751474 -7.250000
v -2.082869 -4.806830 -6.750000
v -2.082869 -4.806830 -7.250000
v -1.914868 -4.882831 -6.750000
v -1.914868 -4.882831 -7.250000
v -1.908119 -4.864422 -6.750000
v -1.908119 -4.864422 -7.250000
v -1.900886 -4.845229 -6.750000
v -1.900886 -4.845229 -7.250000
v -1.893180 -4.825299 -6.750000
v -1.893180 -4.825299 -7.250000
v -1.885015 -4.804683 -6.750000
v -1.885015 -4.804683 -7.250000
v -1.876407 -4.783427 -6.750000
v -1.876407 -4.783427 -7.250000
v -1.867368 -4.761580 -6.750000
v -1.867368 -4.761580 -7.250000
v -1.857912 -4.739193 -6.750000
v -1.857912 -4.739193 -7.250000
v -1.848053 -4.716312 -6.750000
v -1.848053 -4.716312 -7.250000
v -1.837806 -4.692987 -6.750000
v -1.837806 -4.692987 -7.250000
v -1.827183 -4.669266 -6.750000
v -1.827183 -4.669266 -7.250000
v -1.816199 -4.645197 -6.750000
v -1.816199 -4.645197 -7.250000
v -1.804869 -4.620831 -6.750000
v -1.804869 -4.620831 -7.250000
v -1.720768 -4.631490 -6.750000
v -1.720768 -4.631490 -7.250000
v -1.624238 -4.643275 -6.750000
v -1.624238 -4.643275 -7.250000
v -1.517930 -4.655893 -6.750000
v -1.517930 -4.655893 -7.250000
v -1.404497 -4.669053 -6.750000
v -1.404497 -4.669053 -7.250000
v -1.286592 -4.682463 -6.750000
v -1.286592 -4.682463 -7.250000
v -1.166868 -4.695831 -6.750000
v -1.166868 -4.695831 -7.250000
v -1.047977 -4.708865 -6.750000
v -1.047977 -4.708865 -7.250000
v -0.932572 -4.721275 -6.750000
v -0.932572 -4.721275 -7.250000
v -0.823306 -4.732768 -6.750000
v -0.823306 -4.732768 -7.250000
v -0.722832 -4.743053 -6.750000
v -0.722832 -4.743053 -7.250000
v -0.633801 -4.751838 -6.750000
v -0.633801 -4.751838 -7.250000
v -0.558868 -4.758831 -6.750000
v -0.558868 -4.758831 -7.250000
v -0.546207 -4.759951 -6.750000
v -0.546207 -4.759951 -7.250000
v -0.533239 -4.761293 -6.750000
v -0.533239 -4.761293 -7.250000
v -0.519994 -4.762831 -6.750000
v -0.519994 -4.762831 -7.250000
v -0.506498 -4.764534 -6.750000
v -0.506498 -4.764534 -7.250000
v -0.492781 -4.766377 -6.750000
v -0.492781 -4.766377 -7.250000
v -0.478868 -4.768331 -6.750000
v -0.478869 -4.768331 -7.250000
v -0.464789 -4.770368 -6.750000
v -0.464789 -4.770368 -7.250000
v -0.450572 -4.772460 -6.750000
v -0.450572 -4.772460 -7.250000
v -0.436243 -4.774580 -6.750000
v -0.436243 -4.774580 -7.250000
v -0.421831 -4.776701 -6.750000
v -0.421831 -4.776701 -7.250000
v -0.407364 -4.778794 -6.750000
v -0.407364 -4.778794 -7.250000
v -0.392869 -4.780831 -6.750000
v -0.392869 -4.780831 -7.250000
v -0.362868 -4.594831 -6.750000
v -0.362868 -4.594831 -7.250000
v -0.378025 -4.595250 -6.750000
v -0.378025 -4.595250 -7.250000
v -0.393453 -4.595516 -6.750000
v -0.393453 -4.595516 -7.250000
v -0.409088 -4.595643 -6.750000
v -0.409088 -4.595643 -7.250000
v -0.424870 -4.595645 -6.750000
v -0.424870 -4.595645 -7.250000
v -0.440734 -4.595537 -6.750000
v -0.440734 -4.595537 -7.250000
v -0.456619 -4.595331 -6.750000
v -0.456619 -4.595331 -7.250000
v -0.472463 -4.595041 -6.750000
v -0.472463 -4.595041 -7.250000
v -0.488202 -4.594683 -6.750000
v -0.488202 -4.594683 -7.250000
v -0.503775 -4.594268 -6.750000
v -0.503775 -4.594268 -7.250000
v -0.519118 -4.593812 -6.750000
v -0.519118 -4.593812 -7.250000
v -0.534170 -4.593328 -6.750000
v -0.534170 -4.593328 -7.250000
v -0.548868 -4.592831 -6.750000
v -0.548868 -4.592831 -7.250000
v -0.648869 -4.586831 -6.750000
v -0.648869 -4.586831 -7.250000
v -3.746684 -3.609055 -6.750000
v -3.746684 -3.609055 -7.250000
v -3.726230 -3.655460 -6.750000
v -3.726230 -3.655460 -7.250000
v -3.703650 -3.703643 -6.750000
v -3.703650 -3.703643 -7.250000
v -3.679090 -3.753201 -6.750000
v -3.679090 -3.753201 -7.250000
v -3.652699 -3.803731 -6.750000
v -3.652699 -3.803731 -7.250000
v -3.624619 -3.854831 -6.750000
v -3.624619 -3.854831 -7.250000
v -3.594997 -3.906097 -6.750000
v -3.594997 -3.906097 -7.250000
v -3.563980 -3.957127 -6.750000
v -3.563980 -3.957127 -7.250000
v -3.531713 -4.007518 -6.750000
v -3.531713 -4.007518 -7.250000
v -3.498341 -4.056868 -6.750000
v -3.498341 -4.056868 -7.250000
v -3.464010 -4.104773 -6.750000
v -3.464010 -4.104773 -7.250000
v -3.428868 -4.150831 -6.750000
v -3.428868 -4.150831 -7.250000
v -3.481991 -4.197392 -6.750000
v -3.481991 -4.197392 -7.250000
v -3.536016 -4.246655 -6.750000
v -3.536016 -4.246655 -7.250000
v -3.590431 -4.297987 -6.750000
v -3.590431 -4.297987 -7.250000
v -3.644721 -4.350757 -6.750000
v -3.644721 -4.350757 -7.250000
v -3.698372 -4.404332 -6.750000
v -3.698372 -4.404332 -7.250000
v -3.750870 -4.458081 -6.750000
v -3.750870 -4.458081 -7.250000
v -3.801701 -4.511371 -6.750000
v -3.801701 -4.511371 -7.250000
v -3.850351 -4.563571 -6.750000
v -3.850351 -4.563571 -7.250000
v -3.896307 -4.614049 -6.750000
v -3.896307 -4.614049 -7.250000
v -3.939054 -4.662173 -6.750000
v -3.939054 -4.662173 -7.250000
v -3.978080 -4.707311 -6.750000
v -3.978080 -4.707311 -7.250000
v -4.012869 -4.748831 -6.750000
v -4.012869 -4.748831 -7.250000
v -3.872869 -4.868831 -6.750000
v -3.872869 -4.868831 -7.250000
v -3.837793 -4.823226 -6.750000
v -3.837793 -4.823226 -7.250000
v -3.799767 -4.775664 -6.750000
v -3.799767 -4.775664 -7.250000
v -3.759088 -4.726518 -6.750000
v -3.759088 -4.726518 -7.250000
v -3.716054 -4.676164 -6.750000
v -3.716054 -4.676164 -7.250000
v -3.670965 -4.624977 -6.750000
v -3.670965 -4.624977 -7.250000
v -3.624119 -4.573331 -6.750000
v -3.624119 -4.573331 -7.250000
v -3.575814 -4.521602 -6.750000
v -3.575814 -4.521602 -7.250000
v -3.526350 -4.470164 -6.750000
v -3.526350 -4.470164 -7.250000
v -3.476025 -4.419393 -6.750000
v -3.476025 -4.419393 -7.250000
v -3.425137 -4.369664 -6.750000
v -3.425137 -4.369664 -7.250000
v -3.373985 -4.321352 -6.750000
v -3.373985 -4.321352 -7.250000
v -3.322868 -4.274831 -6.750000
v -3.322868 -4.274831 -7.250000
v -3.268218 -4.332078 -6.750000
v -3.268218 -4.332078 -7.250000
v -3.211340 -4.388646 -6.750000
v -3.211340 -4.388646 -7.250000
v -3.152336 -4.444268 -6.750000
v -3.152336 -4.444268 -7.250000
v -3.091311 -4.498682 -6.750000
v -3.091311 -4.498682 -7.250000
v -3.028371 -4.551625 -6.750000
v -3.028371 -4.551625 -7.250000
v -2.963617 -4.602831 -6.750000
v -2.963617 -4.602831 -7.250000
v -2.897156 -4.652037 -6.750000
v -2.897156 -4.652037 -7.250000
v -2.829090 -4.698979 -6.750000
v -2.829090 -4.698979 -7.250000
v -2.759524 -4.743393 -6.750000
v -2.759524 -4.743393 -7.250000
v -2.688562 -4.785016 -6.750000
v -2.688562 -4.785016 -7.250000
v -2.616309 -4.823583 -6.750000
v -2.616309 -4.823583 -7.250000
v -2.542869 -4.858830 -6.750000
v -2.542869 -4.858830 -7.250000
v -2.414868 -4.724831 -6.750000
v -2.414868 -4.724831 -7.250000
v -2.494789 -4.691067 -6.750000
v -2.494789 -4.691067 -7.250000
v -2.573405 -4.653053 -6.750000
v -2.573405 -4.653053 -7.250000
v -2.650494 -4.611206 -6.750000
v -2.650494 -4.611206 -7.250000
v -2.725832 -4.565942 -6.750000
v -2.725832 -4.565942 -7.250000
v -2.799198 -4.517678 -6.750000
v -2.799198 -4.517678 -7.250000
v -2.870370 -4.466831 -6.750000
v -2.870370 -4.466831 -7.250000
v -2.939124 -4.413817 -6.750000
v -2.939124 -4.413817 -7.250000
v -3.005239 -4.359053 -6.750000
v -3.005239 -4.359053 -7.250000
v -3.068494 -4.302956 -6.750000
v -3.068494 -4.302956 -7.250000
v -3.128665 -4.245942 -6.750000
v -3.128665 -4.245942 -7.250000
v -3.185531 -4.188428 -6.750000
v -3.185531 -4.188428 -7.250000
v -3.238869 -4.130831 -6.750000
v -3.238869 -4.130831 -7.250000
v -3.273015 -4.090710 -6.750000
v -3.273015 -4.090710 -7.250000
v -3.307211 -4.047701 -6.750000
v -3.307211 -4.047701 -7.250000
v -3.341087 -4.002331 -6.750000
v -3.341087 -4.002331 -7.250000
v -3.374276 -3.955127 -6.750000
v -3.374276 -3.955127 -7.250000
v -3.406409 -3.906618 -6.750000
v -3.406409 -3.906618 -7.250000
v -3.437119 -3.857331 -6.750000
v -3.437119 -3.857331 -7.250000
v -3.466037 -3.807794 -6.750000
v -3.466037 -3.807794 -7.250000
v -3.492795 -3.758534 -6.750000
v -3.492795 -3.758534 -7.250000
v -3.517025 -3.710081 -6.750000
v -3.517025 -3.710081 -7.250000
v -3.538360 -3.662960 -6.750000
v -3.538360 -3.662960 -7.250000
v -3.556430 -3.617701 -6.750000
v -3.556430 -3.617701 -7.250000
v -3.570868 -3.574831 -6.750000
v -3.570868 -3.574831 -7.250000
v -3.541734 -3.574831 -6.750000
v -3.541734 -3.574831 -7.250000
v -3.492952 -3.574831 -6.750000
v -3.492952 -3.574831 -7.250000
v -3.428463 -3.574831 -6.750000
v -3.428463 -3.574831 -7.250000
v -3.352202 -3.574831 -6.750000
v -3.352202 -3.574831 -7.250000
v -3.268108 -3.574831 -6.750000
v -3.268108 -3.574831 -7.250000
v -3.180119 -3.574831 -6.750000
v -3.180119 -3.574831 -7.250000
v -3.092171 -3.574831 -6.750000
v -3.092171 -3.574831 -7.250000
v -3.008202 -3.574831 -6.750000
v -3.008202 -3.574831 -7.250000
v -2.932150 -3.574831 -6.750000
v -2.932150 -3.574831 -7.250000
v -2.867952 -3.574831 -6.750000
v -2.867952 -3.574831 -7.250000
v -2.819546 -3.574831 -6.750000
v -2.819546 -3.574831 -7.250000
v -2.790869 -3.574831 -6.750000
v -2.790869 -3.574831 -7.250000
v -2.772609 -3.574989 -6.750000
v -2.772609 -3.574989 -7.250000
v -2.753127 -3.575433 -6.750000
v -2.753127 -3.575433 -7.250000
v -2.732868 -3.576112 -6.750000
v -2.732868 -3.576112 -7.250000
v -2.712276 -3.576979 -6.750000
v -2.712276 -3.576979 -7.250000
v -2.691794 -3.577985 -6.750000
v -2.691794 -3.577985 -7.250000
v -2.671868 -3.579081 -6.750000
v -2.671868 -3.579081 -7.250000
v -2.652943 -3.580218 -6.750000
v -2.652943 -3.580218 -7.250000
v -2.635461 -3.581349 -6.750000
v -2.635461 -3.581349 -7.250000
v -2.619868 -3.582424 -6.750000
v -2.619868 -3.582424 -7.250000
v -2.606609 -3.583395 -6.750000
v -2.606609 -3.583395 -7.250000
v -2.596128 -3.584214 -6.750000
v -2.596128 -3.584214 -7.250000
v -2.588868 -3.584831 -6.750000
v -2.588868 -3.584831 -7.250000
v -2.588868 -3.402831 -6.750000
v -2.588868 -3.402831 -7.250000
v -2.597579 -3.403907 -6.750000
v -2.597579 -3.403907 -7.250000
v -2.609387 -3.405108 -6.750000
v -2.609387 -3.405108 -7.250000
v -2.623806 -3.406393 -6.750000
v -2.623806 -3.406393 -7.250000
v -2.640350 -3.407719 -6.750000
v -2.640350 -3.407719 -7.250000
v -2.658533 -3.409046 -6.750000
v -2.658533 -3.409046 -7.250000
v -2.677869 -3.410331 -6.750000
v -2.677869 -3.410331 -7.250000
v -2.697871 -3.411532 -6.750000
v -2.697871 -3.411532 -7.250000
v -2.718054 -3.412608 -6.750000
v -2.718054 -3.412608 -7.250000
v -2.737931 -3.413518 -6.750000
v -2.737931 -3.413518 -7.250000
v -2.757017 -3.414219 -6.750000
v -2.757017 -3.414219 -7.250000
v -2.774825 -3.414671 -6.750000
v -2.774825 -3.414671 -7.250000
v -2.790869 -3.414831 -6.750000
v -2.790869 -3.414831 -7.250000
v -2.821450 -3.414831 -6.750000
v -2.821450 -3.414831 -7.250000
v -2.870692 -3.414831 -6.750000
v -2.870692 -3.414831 -7.250000
v -2.934837 -3.414831 -6.750000
v -2.934837 -3.414831 -7.250000
v -3.010128 -3.414831 -6.750000
v -3.010128 -3.414831 -7.250000
v -3.092808 -3.414831 -6.750000
v -3.092808 -3.414831 -7.250000
v -3.179119 -3.414831 -6.750000
v -3.179119 -3.414831 -7.250000
v -3.265306 -3.414831 -6.750000
v -3.265306 -3.414831 -7.250000
v -3.347610 -3.414831 -6.750000
v -3.347610 -3.414831 -7.250000
v -3.422275 -3.414831 -6.750000
v -3.422275 -3.414831 -7.250000
v -3.485544 -3.414831 -6.750000
v -3.485544 -3.414831 -7.250000
v -3.533661 -3.414831 -6.750000
v -3.533661 -3.414831 -7.250000
v -3.562868 -3.414831 -6.750000
v -3.562868 -3.414831 -7.250000
v -3.579073 -3.414707 -6.750000
v -3.579073 -3.414707 -7.250000
v -3.594674 -3.414340 -6.750000
v -3.594674 -3.414340 -7.250000
v -3.609650 -3.413737 -6.750000
v -3.609650 -3.413737 -7.250000
v -3.623980 -3.412905 -6.750000
v -3.623980 -3.412905 -7.250000
v -3.637643 -3.411850 -6.750000
v -3.637643 -3.411850 -7.250000
v -3.650619 -3.410581 -6.750000
v -3.650619 -3.410581 -7.250000
v -3.662886 -3.409103 -6.750000
v -3.662886 -3.409103 -7.250000
v -3.674424 -3.407423 -6.750000
v -3.674424 -3.407423 -7.250000
v -3.685212 -3.405550 -6.750000
v -3.685212 -3.405550 -7.250000
v -3.695230 -3.403488 -6.750000
v -3.695230 -3.403488 -7.250000
v -3.704455 -3.401246 -6.750000
v -3.704455 -3.401246 -7.250000
v -3.712869 -3.398831 -6.750000
v -3.712869 -3.398831 -7.250000
v -3.814869 -3.476830 -6.750000
v -3.814869 -3.476830 -7.250000
v -3.811594 -3.481388 -6.750000
v -3.811594 -3.481388 -7.250000
v -3.807833 -3.486960 -6.750000
v -3.807833 -3.486960 -7.250000
v -3.803682 -3.493393 -6.750000
v -3.803682 -3.493393 -7.250000
v -3.799240 -3.500534 -6.750000
v -3.799240 -3.500534 -7.250000
v -3.794603 -3.508231 -6.750000
v -3.794603 -3.508231 -7.250000
v -3.789869 -3.516330 -6.750000
v -3.789869 -3.516330 -7.250000
v -3.785135 -3.524680 -6.750000
v -3.785135 -3.524680 -7.250000
v -3.780499 -3.533127 -6.750000
v -3.780499 -3.533127 -7.250000
v -3.776056 -3.541518 -6.750000
v -3.776056 -3.541518 -7.250000
v -3.771906 -3.549701 -6.750000
v -3.771906 -3.549701 -7.250000
v -3.768145 -3.557523 -6.750000
v -3.768145 -3.557523 -7.250000
v -3.764869 -3.564831 -6.750000
v -3.764869 -3.564831 -7.250000
v -5.154869 -3.472831 -6.750000
v -5.154869 -3.472831 -7.250000
v -5.696869 -3.472831 -6.750000
v -5.696869 -3.472831 -7.250000
v -5.710161 -3.472704 -6.750000
v -5.710161 -3.472704 -7.250000
v -5.723036 -3.472322 -6.750000
v -5.723036 -3.472322 -7.250000
v -5.735494 -3.471674 -6.750000
v -5.735494 -3.471674 -7.250000
v -5.747536 -3.470757 -6.750000
v -5.747536 -3.470757 -7.250000
v -5.759161 -3.469561 -6.750000
v -5.759161 -3.469561 -7.250000
v -5.770370 -3.468081 -6.750000
v -5.770370 -3.468081 -7.250000
v -5.781161 -3.466309 -6.750000
v -5.781161 -3.466309 -7.250000
v -5.791536 -3.464238 -6.750000
v -5.791536 -3.464238 -7.250000
v -5.801495 -3.461862 -6.750000
v -5.801495 -3.461862 -7.250000
v -5.811036 -3.459173 -6.750000
v -5.811036 -3.459173 -7.250000
v -5.820161 -3.456165 -6.750000
v -5.820161 -3.456165 -7.250000
v -5.828869 -3.452831 -6.750000
v -5.828869 -3.452831 -7.250000
v -5.960869 -3.532831 -6.750000
v -5.960869 -3.532831 -7.250000
v -5.956371 -3.540226 -6.750000
v -5.956371 -3.540226 -7.250000
v -5.951896 -3.548331 -6.750000
v -5.951896 -3.548331 -7.250000
v -5.947462 -3.557018 -6.750000
v -5.947462 -3.557018 -7.250000
v -5.943090 -3.566164 -6.750000
v -5.943090 -3.566164 -7.250000
v -5.938802 -3.575643 -6.750000
v -5.938802 -3.575643 -7.250000
v -5.934618 -3.585331 -6.750000
v -5.934618 -3.585331 -7.250000
v -5.930559 -3.595102 -6.750000
v -5.930559 -3.595102 -7.250000
v -5.926646 -3.604831 -6.750000
v -5.926646 -3.604831 -7.250000
v -5.922899 -3.614393 -6.750000
v -5.922899 -3.614393 -7.250000
v -5.919340 -3.623664 -6.750000
v -5.919340 -3.623664 -7.250000
v -5.915990 -3.632518 -6.750000
v -5.915990 -3.632518 -7.250000
v -5.912868 -3.640831 -6.750000
v -5.912868 -3.640831 -7.250000
v -5.898709 -3.687826 -6.750000
v -5.898709 -3.687826 -7.250000
v -5.882257 -3.736627 -6.750000
v -5.882257 -3.736627 -7.250000
v -5.863556 -3.786956 -6.750000
v -5.863556 -3.786956 -7.250000
v -5.842647 -3.838534 -6.750000
v -5.842647 -3.838534 -7.250000
v -5.819571 -3.891085 -6.750000
v -5.819571 -3.891085 -7.250000
v -5.794369 -3.944330 -6.750000
v -5.794369 -3.944331 -7.250000
v -5.767084 -3.997993 -6.750000
v -5.767084 -3.997993 -7.250000
v -5.737758 -4.051794 -6.750000
v -5.737758 -4.051794 -7.250000
v -5.706431 -4.105455 -6.750000
v -5.706431 -4.105456 -7.250000
v -5.673146 -4.158701 -6.750000
v -5.673146 -4.158701 -7.250000
v -5.637945 -4.211252 -6.750000
v -5.637945 -4.211252 -7.250000
v -5.600868 -4.262831 -6.750000
v -5.600868 -4.262831 -7.250000
v -5.621778 -4.278325 -6.750000
v -5.621778 -4.278325 -7.250000
v -5.642480 -4.293784 -6.750000
v -5.642480 -4.293784 -7.250000
v -5.662931 -4.309175 -6.750000
v -5.662931 -4.309175 -7.250000
v -5.683091 -4.324460 -6.750000
v -5.683091 -4.324460 -7.250000
v -5.702918 -4.339607 -6.750000
v -5.702918 -4.339607 -7.250000
v -5.722369 -4.354581 -6.750000
v -5.722369 -4.354581 -7.250000
v -5.741404 -4.369346 -6.750000
v -5.741404 -4.369346 -7.250000
v -5.759980 -4.383868 -6.750000
v -5.759980 -4.383868 -7.250000
v -5.778056 -4.398112 -6.750000
v -5.778056 -4.398112 -7.250000
v -5.795591 -4.412044 -6.750000
v -5.795591 -4.412044 -7.250000
v -5.812543 -4.425628 -6.750000
v -5.812543 -4.425628 -7.250000
v -5.828869 -4.438831 -6.750000
v -5.828869 -4.438831 -7.250000
v -5.710869 -4.576831 -6.750000
v -5.710869 -4.576831 -7.250000
v -5.695541 -4.563166 -6.750000
v -5.695541 -4.563166 -7.250000
v -5.679582 -4.549182 -6.750000
v -5.679582 -4.549182 -7.250000
v -5.663025 -4.534893 -6.750000
v -5.663025 -4.534893 -7.250000
v -5.645905 -4.520312 -6.750000
v -5.645905 -4.520312 -7.250000
v -5.628259 -4.505453 -6.750000
v -5.628259 -4.505453 -7.250000
v -5.610119 -4.490331 -6.750000
v -5.610119 -4.490331 -7.250000
v -5.591520 -4.474958 -6.750000
v -5.591520 -4.474958 -7.250000
v -5.572498 -4.459349 -6.750000
v -5.572498 -4.459349 -7.250000
v -5.553087 -4.443518 -6.750000
v -5.553087 -4.443518 -7.250000
v -5.533322 -4.427479 -6.750000
v -5.533322 -4.427479 -7.250000
v -5.513238 -4.411245 -6.750000
v -5.513238 -4.411245 -7.250000
v -5.492868 -4.394831 -6.750000
v -5.492868 -4.394831 -7.250000
v -5.446939 -4.444014 -6.750000
v -5.446939 -4.444014 -7.250000
v -5.398091 -4.492460 -6.750000
v -5.398091 -4.492460 -7.250000
v -5.346244 -4.540018 -6.750000
v -5.346244 -4.540018 -7.250000
v -5.291313 -4.586535 -6.750000
v -5.291313 -4.586535 -7.250000
v -5.233216 -4.631856 -6.750000
v -5.233216 -4.631856 -7.250000
v -5.171869 -4.675831 -6.750000
v -5.171869 -4.675831 -7.250000
v -5.107188 -4.718305 -6.750000
v -5.107188 -4.718305 -7.250000
v -5.039091 -4.759127 -6.750000
v -5.039091 -4.759127 -7.250000
v -4.967494 -4.798143 -6.750000
v -4.967494 -4.798143 -7.250000
v -4.892313 -4.835201 -6.750000
v -4.892313 -4.835201 -7.250000
v -4.813466 -4.870148 -6.750000
v -4.813466 -4.870148 -7.250000
v -4.730868 -4.902831 -6.750000
v -4.730868 -4.902831 -7.250000
v -4.586868 -4.778831 -6.750000
v -4.586868 -4.778831 -7.250000
v -4.669665 -4.751204 -6.750000
v -4.669665 -4.751204 -7.250000
v -4.749064 -4.720488 -6.750000
v -4.749064 -4.720488 -7.250000
v -4.825089 -4.686924 -6.750000
v -4.825089 -4.686924 -7.250000
v -4.897758 -4.650757 -6.750000
v -4.897758 -4.650757 -7.250000
v -4.967095 -4.612227 -6.750000
v -4.967095 -4.612227 -7.250000
v -5.033119 -4.571581 -6.750000
v -5.033119 -4.571581 -7.250000
v -5.095852 -4.529058 -6.750000
v -5.095852 -4.529058 -7.250000
v -5.155313 -4.484905 -6.750000
v -5.155313 -4.484905 -7.250000
v -5.211525 -4.439362 -6.750000
v -5.211525 -4.439362 -7.250000
v -5.264507 -4.392673 -6.750000
v -5.264507 -4.392673 -7.250000
v -5.314281 -4.345082 -6.750000
v -5.314281 -4.345082 -7.250000
v -5.360868 -4.296831 -6.750000
v -5.360868 -4.296831 -7.250000
v -5.324720 -4.270844 -6.750000
v -5.324720 -4.270844 -7.250000
v -5.288350 -4.244942 -6.750000
v -5.288350 -4.244942 -7.250000
v -5.251868 -4.219205 -6.750000
v -5.251868 -4.219206 -7.250000
v -5.215386 -4.193719 -6.750000
v -5.215386 -4.193719 -7.250000
v -5.179016 -4.168567 -6.750000
v -5.179016 -4.168567 -7.250000
v -5.142868 -4.143831 -6.750000
v -5.142868 -4.143831 -7.250000
v -5.107053 -4.119595 -6.750000
v -5.107053 -4.119595 -7.250000
v -5.071683 -4.095942 -6.750000
v -5.071683 -4.095942 -7.250000
v -5.036868 -4.072956 -6.750000
v -5.036868 -4.072956 -7.250000
v -5.002720 -4.050719 -6.750000
v -5.002720 -4.050720 -7.250000
v -4.969350 -4.029317 -6.750000
v -4.969350 -4.029317 -7.250000
v -4.936869 -4.008831 -6.750000
v -4.936869 -4.008831 -7.250000
v -5.044868 -3.898831 -6.750000
v -5.044868 -3.898831 -7.250000
v -5.078227 -3.918237 -6.750000
v -5.078227 -3.918237 -7.250000
v -5.112239 -3.938414 -6.750000
v -5.112239 -3.938414 -7.250000
v -5.146806 -3.959299 -6.750000
v -5.146806 -3.959299 -7.250000
v -5.181831 -3.980831 -6.750000
v -5.181831 -3.980831 -7.250000
v -5.217218 -4.002945 -6.750000
v -5.217218 -4.002945 -7.250000
v -5.252869 -4.025580 -6.750000
v -5.252869 -4.025581 -7.250000
v -5.288686 -4.048675 -6.750000
v -5.288686 -4.048675 -7.250000
v -5.324573 -4.072164 -6.750000
v -5.324573 -4.072164 -7.250000
v -5.360432 -4.095987 -6.750000
v -5.360432 -4.095987 -7.250000
v -5.396166 -4.120080 -6.750000
v -5.396166 -4.120080 -7.250000
v -5.431677 -4.144382 -6.750000
v -5.431677 -4.144383 -7.250000
v -5.466868 -4.168830 -6.750000
v -5.466868 -4.168831 -7.250000
v -5.498765 -4.124510 -6.750000
v -5.498765 -4.124510 -7.250000
v -5.529377 -4.078766 -6.750000
v -5.529377 -4.078766 -7.250000
v -5.558586 -4.031924 -6.750000
v -5.558586 -4.031924 -7.250000
v -5.586275 -3.984312 -6.750000
v -5.586275 -3.984312 -7.250000
v -5.612325 -3.936255 -6.750000
v -5.612325 -3.936255 -7.250000
v -5.636618 -3.888081 -6.750000
v -5.636618 -3.888081 -7.250000
v -5.659036 -3.840114 -6.750000
v -5.659036 -3.840114 -7.250000
v -5.679461 -3.792682 -6.750000
v -5.679461 -3.792683 -7.250000
v -5.697774 -3.746112 -6.750000
v -5.697774 -3.746112 -7.250000
v -5.713859 -3.700729 -6.750000
v -5.713859 -3.700729 -7.250000
v -5.727596 -3.656859 -6.750000
v -5.727596 -3.656859 -7.250000
v -5.738869 -3.614830 -6.750000
v -5.738869 -3.614830 -7.250000
v -5.062868 -3.614830 -6.750000
v -5.062868 -3.614830 -7.250000
v -5.029829 -3.660131 -6.750000
v -5.029829 -3.660131 -7.250000
v -4.994720 -3.705895 -6.750000
v -4.994720 -3.705895 -7.250000
v -4.957556 -3.751924 -6.750000
v -4.957556 -3.751925 -7.250000
v -4.918350 -3.798016 -6.750000
v -4.918350 -3.798016 -7.250000
v -4.877116 -3.843968 -6.750000
v -4.877116 -3.843968 -7.250000
v -4.833869 -3.889580 -6.750000
v -4.833869 -3.889581 -7.250000
v -4.788621 -3.934651 -6.750000
v -4.788621 -3.934651 -7.250000
v -4.741387 -3.978979 -6.750000
v -4.741387 -3.978979 -7.250000
v -4.692182 -4.022362 -6.750000
v -4.692182 -4.022362 -7.250000
v -4.641017 -4.064599 -6.750000
v -4.641017 -4.064599 -7.250000
v -4.587908 -4.105489 -6.750000
v -4.587908 -4.105489 -7.250000
v -4.532868 -4.144831 -6.750000
v -4.532868 -4.144831 -7.250000
v -4.398869 -4.040831 -6.750000
v -4.398869 -4.040831 -7.250000
v -4.481969 -3.985657 -6.750000
v -4.481969 -3.985657 -7.250000
v -4.559340 -3.927608 -6.750000
v -4.559340 -3.927608 -7.250000
v -4.631087 -3.867393 -6.750000
v -4.631087 -3.867393 -7.250000
v -4.697313 -3.805719 -6.750000
v -4.697313 -3.805719 -7.250000
v -4.758122 -3.743296 -6.750000
v -4.758122 -3.743296 -7.250000
v -4.813619 -3.680830 -6.750000
v -4.813619 -3.680830 -7.250000
v -4.863907 -3.619032 -6.750000
v -4.863907 -3.619032 -7.250000
v -4.909091 -3.558608 -6.750000
v -4.909091 -3.558608 -7.250000
v -4.949275 -3.500268 -6.750000
v -4.949275 -3.500268 -7.250000
v -4.984563 -3.444719 -6.750000
v -4.984563 -3.444719 -7.250000
v -5.015059 -3.392671 -6.750000
v -5.015059 -3.392671 -7.250000
v -5.040869 -3.344831 -6.750000
v -5.040869 -3.344831 -7.250000
v -5.046101 -3.335152 -6.750000
v -5.046101 -3.335152 -7.250000
v -5.051721 -3.324238 -6.750000
v -5.051721 -3.324238 -7.250000
v -5.057619 -3.312268 -6.750000
v -5.057619 -3.312268 -7.250000
v -5.063684 -3.299423 -6.750000
v -5.063684 -3.299423 -7.250000
v -5.069804 -3.285884 -6.750000
v -5.069804 -3.285884 -7.250000
v -5.075869 -3.271831 -6.750000
v -5.075869 -3.271831 -7.250000
v -5.081767 -3.257444 -6.750000
v -5.081767 -3.257444 -7.250000
v -5.087387 -3.242905 -6.750000
v -5.087387 -3.242905 -7.250000
v -5.092619 -3.228393 -6.750000
v -5.092619 -3.228393 -7.250000
v -5.097350 -3.214090 -6.750000
v -5.097350 -3.214090 -7.250000
v -5.101471 -3.200176 -6.750000
v -5.101471 -3.200176 -7.250000
v -5.104869 -3.186831 -6.750000
v -5.104869 -3.186831 -7.250000
v -5.286869 -3.244831 -6.750000
v -5.286869 -3.244831 -7.250000
v -5.278338 -3.258136 -6.750000
v -5.278338 -3.258136 -7.250000
v -5.269786 -3.271942 -6.750000
v -5.269786 -3.271942 -7.250000
v -5.261275 -3.286080 -6.750000
v -5.261275 -3.286080 -7.250000
v -5.252869 -3.300386 -6.750000
v -5.252869 -3.300386 -7.250000
v -5.244629 -3.314692 -6.750000
v -5.244629 -3.314692 -7.250000
v -5.236618 -3.328831 -6.750000
v -5.236618 -3.328831 -7.250000
v -5.228899 -3.342636 -6.750000
v -5.228899 -3.342636 -7.250000
v -5.221535 -3.355942 -6.750000
v -5.221535 -3.355942 -7.250000
v -5.214587 -3.368581 -6.750000
v -5.214587 -3.368581 -7.250000
v -5.208118 -3.380386 -6.750000
v -5.208118 -3.380386 -7.250000
v -5.202191 -3.391192 -6.750000
v -5.202191 -3.391192 -7.250000
v -5.196869 -3.400831 -6.750000
v -5.196869 -3.400831 -7.250000
v -6.746698 -3.958831 -6.750000
v -6.746698 -3.958831 -7.250000
v -6.819166 -3.958831 -6.750000
v -6.819166 -3.958831 -7.250000
v -6.909744 -3.958831 -6.750000
v -6.909744 -3.958831 -7.250000
v -7.013906 -3.958831 -6.750000
v -7.013906 -3.958831 -7.250000
v -7.127125 -3.958831 -6.750000
v -7.127125 -3.958831 -7.249999
v -7.244869 -3.958831 -6.750000
v -7.244869 -3.958831 -7.249999
v -7.362614 -3.958831 -6.750000
v -7.362614 -3.958831 -7.249999
v -7.475832 -3.958831 -6.750000
v -7.475832 -3.958831 -7.249999
v -7.579994 -3.958831 -6.750000
v -7.579994 -3.958831 -7.249999
v -7.670572 -3.958831 -6.750000
v -7.670572 -3.958831 -7.249999
v -7.743040 -3.958831 -6.750000
v -7.743040 -3.958831 -7.249999
v -7.792868 -3.958831 -6.750000
v -7.792868 -3.958831 -7.249999
v -7.817286 -3.958710 -6.750000
v -7.817286 -3.958710 -7.249999
v -7.840536 -3.958368 -6.750000
v -7.840536 -3.958368 -7.249999
v -7.862619 -3.957831 -6.750000
v -7.862619 -3.957831 -7.249999
v -7.883535 -3.957127 -6.750000
v -7.883535 -3.957127 -7.249999
v -7.903286 -3.956284 -6.750000
v -7.903286 -3.956285 -7.249999
v -7.921869 -3.955331 -6.750000
v -7.921869 -3.955331 -7.249999
v -7.939285 -3.954294 -6.750000
v -7.939285 -3.954294 -7.249999
v -7.955536 -3.953201 -6.750000
v -7.955536 -3.953201 -7.249999
v -7.970619 -3.952081 -6.750000
v -7.970619 -3.952081 -7.249999
v -7.984535 -3.950960 -6.750000
v -7.984535 -3.950960 -7.249999
v -7.997286 -3.949868 -6.750000
v -7.997286 -3.949868 -7.249999
v -8.008869 -3.948831 -6.750000
v -8.008869 -3.948831 -7.249999
v -8.008869 -4.144831 -6.750000
v -8.008869 -4.144831 -7.249999
v -7.997972 -4.144214 -6.750000
v -7.997972 -4.144214 -7.249999
v -7.985376 -4.143395 -6.750000
v -7.985376 -4.143395 -7.249999
v -7.971210 -4.142424 -6.750000
v -7.971210 -4.142424 -7.249999
v -7.955606 -4.141349 -6.750000
v -7.955606 -4.141349 -7.249999
v -7.938698 -4.140218 -6.750000
v -7.938698 -4.140218 -7.249999
v -7.920616 -4.139081 -6.750000
v -7.920616 -4.139081 -7.249999
v -7.901493 -4.137984 -6.750000
v -7.901493 -4.137985 -7.249999
v -7.881460 -4.136979 -6.750000
v -7.881460 -4.136979 -7.249999
v -7.860649 -4.136112 -6.750000
v -7.860649 -4.136112 -7.249999
v -7.839191 -4.135432 -6.750000
v -7.839191 -4.135433 -7.249999
v -7.817221 -4.134989 -6.750000
v -7.817221 -4.134989 -7.249999
v -7.794868 -4.134830 -6.750000
v -7.794868 -4.134830 -7.249999
v -7.744619 -4.134830 -6.750000
v -7.744619 -4.134830 -7.249999
v -7.671869 -4.134830 -6.750000
v -7.671869 -4.134830 -7.249999
v -7.581120 -4.134830 -6.750000
v -7.581120 -4.134830 -7.249999
v -7.476870 -4.134830 -6.750000
v -7.476870 -4.134830 -7.249999
v -7.363619 -4.134830 -6.750000
v -7.363619 -4.134830 -7.249999
v -7.245869 -4.134830 -6.750000
v -7.245869 -4.134830 -7.249999
v -7.128119 -4.134830 -6.750000
v -7.128119 -4.134830 -7.249999
v -7.014868 -4.134830 -6.750000
v -7.014868 -4.134830 -7.249999
v -6.910618 -4.134830 -6.750000
v -6.910618 -4.134830 -7.250000
v -6.819868 -4.134830 -6.750000
v -6.819868 -4.134830 -7.250000
v -6.747118 -4.134830 -6.750000
v -6.747118 -4.134830 -7.250000
v -6.696869 -4.134830 -6.750000
v -6.696869 -4.134830 -7.250000
v -6.669476 -4.134913 -6.750000
v -6.669476 -4.134913 -7.250000
v -6.642387 -4.135155 -6.750000
v -6.642387 -4.135155 -7.250000
v -6.615744 -4.135550 -6.750000
v -6.615744 -4.135550 -7.250000
v -6.589684 -4.136090 -6.750000
v -6.589684 -4.136090 -7.250000
v -6.564346 -4.136769 -6.750000
v -6.564346 -4.136769 -7.250000
v -6.539869 -4.137580 -6.750000
v -6.539869 -4.137581 -7.250000
v -6.516392 -4.138517 -6.750000
v -6.516392 -4.138517 -7.250000
v -6.494055 -4.139571 -6.750000
v -6.494055 -4.139571 -7.250000
v -6.472994 -4.140737 -6.750000
v -6.472994 -4.140737 -7.250000
v -6.453350 -4.142006 -6.750000
v -6.453350 -4.142006 -7.250000
v -6.435263 -4.143373 -6.750000
v -6.435263 -4.143373 -7.250000
v -6.418869 -4.144831 -6.750000
v -6.418869 -4.144831 -7.250000
v -6.418869 -3.948831 -6.750000
v -6.418869 -3.948831 -7.250000
v -6.434805 -3.949867 -6.750000
v -6.434805 -3.949868 -7.250000
v -6.452518 -3.950960 -6.750000
v -6.452518 -3.950960 -7.250000
v -6.471870 -3.952080 -6.750000
v -6.471870 -3.952081 -7.250000
v -6.492722 -3.953201 -6.750000
v -6.492722 -3.953201 -7.250000
v -6.514935 -3.954293 -6.750000
v -6.514935 -3.954294 -7.250000
v -6.538370 -3.955331 -6.750000
v -6.538370 -3.955331 -7.250000
v -6.562889 -3.956284 -6.750000
v -6.562889 -3.956284 -7.250000
v -6.588352 -3.957127 -6.750000
v -6.588352 -3.957127 -7.250000
v -6.614620 -3.957831 -6.750000
v -6.614620 -3.957831 -7.250000
v -6.641556 -3.958368 -6.750000
v -6.641556 -3.958368 -7.250000
v -6.669018 -3.958710 -6.750000
v -6.669018 -3.958710 -7.250000
v -6.696869 -3.958831 -6.750000
v -6.696869 -3.958831 -7.250000
v -8.888783 -3.460158 -6.750000
v -8.888783 -3.460158 -7.249999
v -8.888515 -3.444284 -6.750000
v -8.888515 -3.444284 -7.249999
v -8.888056 -3.427424 -6.750000
v -8.888056 -3.427424 -7.249999
v -8.887386 -3.409794 -6.750000
v -8.887386 -3.409794 -7.249999
v -8.886496 -3.391607 -6.750000
v -8.886496 -3.391607 -7.249999
v -8.885368 -3.373081 -6.750000
v -8.885368 -3.373081 -7.249999
v -8.883991 -3.354429 -6.750000
v -8.883991 -3.354429 -7.249999
v -8.882351 -3.335868 -6.750000
v -8.882351 -3.335868 -7.249999
v -8.880432 -3.317612 -6.750000
v -8.880432 -3.317612 -7.249999
v -8.878222 -3.299877 -6.750000
v -8.878222 -3.299877 -7.249999
v -8.875706 -3.282878 -6.750000
v -8.875706 -3.282878 -7.249999
v -8.872869 -3.266830 -6.750000
v -8.872869 -3.266830 -7.249999
v -9.068869 -3.266830 -6.750000
v -9.068869 -3.266830 -7.249999
v -9.067331 -3.282802 -6.750000
v -9.067331 -3.282802 -7.249999
v -9.065746 -3.299599 -6.750000
v -9.065746 -3.299599 -7.249999
v -9.064148 -3.317049 -6.750000
v -9.064148 -3.317049 -7.249999
v -9.062571 -3.334979 -6.750000
v -9.062571 -3.334979 -7.249999
v -9.061049 -3.353214 -6.750000
v -9.061049 -3.353214 -7.249999
v -9.059616 -3.371581 -6.750000
v -9.059616 -3.371581 -7.249999
v -9.058310 -3.389906 -6.750000
v -9.058310 -3.389906 -7.249999
v -9.057163 -3.408016 -6.750000
v -9.057163 -3.408016 -7.249999
v -9.056211 -3.425737 -6.750000
v -9.056211 -3.425737 -7.249999
v -9.055489 -3.442895 -6.750000
v -9.055489 -3.442895 -7.249999
v -9.055029 -3.459318 -6.750000
v -9.055029 -3.459318 -7.249999
v -9.054869 -3.474831 -6.750000
v -9.054869 -3.474831 -7.249999
v -9.054869 -3.800831 -6.750000
v -9.054869 -3.800831 -7.249999
v -9.123119 -3.822105 -6.749999
v -9.123119 -3.822105 -7.249999
v -9.195211 -3.845692 -6.749999
v -9.195211 -3.845692 -7.249999
v -9.270149 -3.871237 -6.749999
v -9.270149 -3.871237 -7.249999
v -9.346943 -3.898386 -6.749999
v -9.346943 -3.898386 -7.249999
v -9.424597 -3.926785 -6.749999
v -9.424597 -3.926785 -7.249999
v -9.502119 -3.956081 -6.749999
v -9.502119 -3.956081 -7.249999
v -9.578516 -3.985917 -6.749999
v -9.578516 -3.985918 -7.249999
v -9.652796 -4.015942 -6.749999
v -9.652796 -4.015942 -7.249999
v -9.723963 -4.045799 -6.749999
v -9.723963 -4.045799 -7.249999
v -9.791027 -4.075136 -6.749999
v -9.791027 -4.075136 -7.249999
v -9.852993 -4.103598 -6.749999
v -9.852993 -4.103598 -7.249999
v -9.908869 -4.130831 -6.749999
v -9.908869 -4.130831 -7.249999
v -9.840868 -4.300831 -6.749999
v -9.840868 -4.300831 -7.249999
v -9.783848 -4.271044 -6.749999
v -9.783848 -4.271044 -7.249999
v -9.722368 -4.240868 -6.749999
v -9.722368 -4.240868 -7.249999
v -9.657307 -4.210581 -6.749999
v -9.657307 -4.210581 -7.249999
v -9.589537 -4.180460 -6.749999
v -9.589537 -4.180460 -7.249999
v -9.519932 -4.150784 -6.749999
v -9.519932 -4.150784 -7.249999
v -9.449369 -4.121830 -6.749999
v -9.449369 -4.121830 -7.249999
v -9.378723 -4.093877 -6.749999
v -9.378723 -4.093877 -7.249999
v -9.308868 -4.067201 -6.749999
v -9.308868 -4.067201 -7.249999
v -9.240681 -4.042080 -6.749999
v -9.240681 -4.042081 -7.249999
v -9.175035 -4.018794 -6.749999
v -9.175035 -4.018794 -7.249999
v -9.112806 -3.997618 -6.749999
v -9.112806 -3.997618 -7.249999
v -9.054869 -3.978831 -6.749999
v -9.054869 -3.978831 -7.249999
v -9.056870 -4.638831 -6.749999
v -9.056870 -4.638831 -7.249999
v -9.056953 -4.655238 -6.749999
v -9.056953 -4.655238 -7.249999
v -9.057203 -4.673256 -6.749999
v -9.057203 -4.673256 -7.249999
v -9.057619 -4.692581 -6.749999
v -9.057619 -4.692581 -7.249999
v -9.058203 -4.712905 -6.749999
v -9.058203 -4.712905 -7.249999
v -9.058952 -4.733923 -6.749999
v -9.058952 -4.733923 -7.249999
v -9.059870 -4.755331 -6.749999
v -9.059870 -4.755331 -7.249999
v -9.060953 -4.776821 -6.749999
v -9.060953 -4.776821 -7.249999
v -9.062202 -4.798090 -6.749999
v -9.062202 -4.798090 -7.249999
v -9.063620 -4.818830 -6.749999
v -9.063620 -4.818830 -7.249999
v -9.065203 -4.838738 -6.749999
v -9.065203 -4.838738 -7.249999
v -9.066952 -4.857507 -6.749999
v -9.066952 -4.857507 -7.249999
v -9.068869 -4.874831 -6.749999
v -9.068869 -4.874831 -7.249999
v -8.874868 -4.874831 -6.749999
v -8.874868 -4.874831 -7.249999
v -8.877247 -4.858156 -6.749999
v -8.877247 -4.858156 -7.249999
v -8.879379 -4.840266 -6.749999
v -8.879379 -4.840266 -7.249999
v -8.881277 -4.821362 -6.749999
v -8.881277 -4.821362 -7.249999
v -8.882944 -4.801645 -6.749999
v -8.882944 -4.801645 -7.249999
v -8.884390 -4.781318 -6.749999
v -8.884390 -4.781318 -7.249999
v -8.885620 -4.760581 -6.749999
v -8.885620 -4.760581 -7.249999
v -8.886642 -4.739635 -6.749999
v -8.886642 -4.739635 -7.249999
v -8.887463 -4.718682 -6.749999
v -8.887463 -4.718682 -7.249999
v -8.888088 -4.697925 -6.749999
v -8.888088 -4.697925 -7.249999
v -8.888527 -4.677562 -6.749999
v -8.888527 -4.677562 -7.249999
v -8.888784 -4.657797 -6.749999
v -8.888784 -4.657797 -7.249999
v -8.888868 -4.638831 -6.749999
v -8.888868 -4.638831 -7.249999
v -8.888868 -4.595609 -6.749999
v -8.888868 -4.595609 -7.249999
v -8.888868 -4.525386 -6.749999
v -8.888868 -4.525386 -7.249999
v -8.888868 -4.433331 -6.749999
v -8.888868 -4.433331 -7.249999
v -8.888868 -4.324608 -6.749999
v -8.888868 -4.324608 -7.249999
v -8.888868 -4.204386 -6.750000
v -8.888868 -4.204386 -7.249999
v -8.888868 -4.077831 -6.750000
v -8.888868 -4.077831 -7.249999
v -8.888868 -3.950109 -6.750000
v -8.888868 -3.950109 -7.249999
v -8.888868 -3.826386 -6.750000
v -8.888868 -3.826386 -7.249999
v -8.888868 -3.711831 -6.750000
v -8.888868 -3.711831 -7.249999
v -8.888868 -3.611609 -6.750000
v -8.888868 -3.611609 -7.249999
v -8.888868 -3.530886 -6.750000
v -8.888868 -3.530886 -7.249999
v -8.888868 -3.474831 -6.750000
v -8.888868 -3.474831 -7.249999
v -5.233970 -7.225166 -7.250000
v -5.245189 -7.167645 -7.250000
v -5.254449 -7.103791 -7.250000
v -5.261938 -7.034978 -7.250000
v -5.267844 -6.962583 -7.250000
v -5.272355 -6.887979 -7.250000
v -5.275657 -6.812541 -7.250000
v -5.277938 -6.737645 -7.250000
v -5.279386 -6.664666 -7.250000
v -5.280188 -6.594978 -7.250000
v -5.280531 -6.529958 -7.250000
v -5.280603 -6.470978 -7.250000
v -5.280482 -6.456304 -7.250000
v -5.280124 -6.442247 -7.250000
v -5.279543 -6.428760 -7.250000
v -5.278753 -6.415793 -7.250000
v -5.277769 -6.403299 -7.250000
v -5.276605 -6.391229 -7.250000
v -5.275273 -6.379533 -7.250000
v -5.273789 -6.368164 -7.250000
v -5.272166 -6.357072 -7.250000
v -5.270418 -6.346210 -7.250000
v -5.268559 -6.335528 -7.250000
v -5.266603 -6.324978 -7.250000
v -5.450603 -6.324978 -7.250000
v -5.449986 -6.331707 -7.250000
v -5.449167 -6.339811 -7.250000
v -5.448196 -6.349166 -7.250000
v -5.447122 -6.359645 -7.250000
v -5.445991 -6.371124 -7.250000
v -5.444853 -6.383478 -7.250000
v -5.443757 -6.396583 -7.250000
v -5.442751 -6.410312 -7.250000
v -5.441884 -6.424541 -7.250000
v -5.441205 -6.439145 -7.250000
v -5.440762 -6.454000 -7.250000
v -5.440603 -6.468978 -7.250000
v -5.440413 -6.528519 -7.250000
v -5.439759 -6.595136 -7.250000
v -5.438508 -6.667322 -7.250000
v -5.436528 -6.743571 -7.250000
v -5.433687 -6.822375 -7.250000
v -5.429852 -6.902228 -7.250000
v -5.424893 -6.981623 -7.250000
v -5.418677 -7.059052 -7.250000
v -5.411072 -7.133010 -7.250000
v -5.401946 -7.201988 -7.250000
v -5.391168 -7.264480 -7.250000
v -5.378604 -7.318978 -7.250000
v -5.362203 -7.372080 -7.250000
v -5.343066 -7.424294 -7.250000
v -5.321291 -7.475478 -7.250000
v -5.296974 -7.525497 -7.250000
v -5.270212 -7.574210 -7.250000
v -5.241103 -7.621478 -7.250000
v -5.209744 -7.667164 -7.250000
v -5.176232 -7.711126 -7.250000
v -5.140665 -7.753228 -7.250000
v -5.103140 -7.793330 -7.250000
v -5.063753 -7.831293 -7.250000
v -5.022603 -7.866979 -7.250000
v -4.872603 -7.766978 -7.250000
v -4.913595 -7.735795 -7.250000
v -4.952547 -7.702340 -7.250000
v -4.989415 -7.666759 -7.250000
v -5.024158 -7.629201 -7.250000
v -5.056735 -7.589808 -7.250000
v -5.087103 -7.548728 -7.250000
v -5.115221 -7.506107 -7.250000
v -5.141047 -7.462090 -7.250000
v -5.164540 -7.416822 -7.250000
v -5.185658 -7.370450 -7.250000
v -5.204360 -7.323121 -7.250000
v -5.220603 -7.274979 -7.250000
v -5.800604 -7.624486 -7.250000
v -5.800604 -7.553043 -7.250000
v -5.800604 -7.456697 -7.250000
v -5.800604 -7.341496 -7.250000
v -5.800604 -7.213491 -7.250000
v -5.800604 -7.078728 -7.250000
v -5.800604 -6.943257 -7.250000
v -5.800604 -6.813127 -7.250000
v -5.800604 -6.694385 -7.250000
v -5.800604 -6.593080 -7.250000
v -5.800604 -6.515262 -7.250000
v -5.800604 -6.466978 -7.250000
v -5.800445 -6.448406 -7.250000
v -5.800001 -6.430737 -7.250000
v -5.799322 -6.414041 -7.250000
v -5.798455 -6.398386 -7.250000
v -5.797449 -6.383842 -7.250000
v -5.796353 -6.370478 -7.250000
v -5.795216 -6.358365 -7.250000
v -5.794085 -6.347571 -7.250000
v -5.793010 -6.338166 -7.250000
v -5.792039 -6.330219 -7.250000
v -5.791221 -6.323800 -7.250000
v -5.790604 -6.318978 -7.250000
v -5.974604 -6.318978 -7.250000
v -5.974027 -6.323800 -7.250000
v -5.973317 -6.330219 -7.250000
v -5.972510 -6.338166 -7.250000
v -5.971642 -6.347571 -7.250000
v -5.970744 -6.358365 -7.250000
v -5.969854 -6.370478 -7.250000
v -5.969006 -6.383842 -7.250000
v -5.968233 -6.398386 -7.250000
v -5.967572 -6.414041 -7.250000
v -5.967057 -6.430737 -7.250000
v -5.966722 -6.448406 -7.250000
v -5.966603 -6.466978 -7.250000
v -5.966603 -6.514969 -7.250000
v -5.966603 -6.591905 -7.250000
v -5.966603 -6.691729 -7.250000
v -5.966603 -6.808386 -7.250000
v -5.966603 -6.935821 -7.250000
v -5.966603 -7.067978 -7.250000
v -5.966603 -7.198802 -7.250000
v -5.966603 -7.322237 -7.250000
v -5.966603 -7.432228 -7.250000
v -5.966603 -7.522719 -7.250000
v -5.966603 -7.587654 -7.250000
v -5.966603 -7.620978 -7.250000
v -6.013804 -7.597968 -7.250000
v -6.063056 -7.571062 -7.250000
v -6.113821 -7.540447 -7.250000
v -6.165565 -7.506311 -7.250000
v -6.217754 -7.468843 -7.250000
v -6.269853 -7.428228 -7.250000
v -6.321326 -7.384655 -7.250000
v -6.371640 -7.338312 -7.250000
v -6.420259 -7.289385 -7.250000
v -6.466650 -7.238062 -7.250000
v -6.510276 -7.184530 -7.250000
v -6.550604 -7.128978 -7.250000
v -6.644604 -7.264978 -7.250000
v -6.599483 -7.322858 -7.250000
v -6.550473 -7.379349 -7.250000
v -6.498103 -7.434228 -7.250000
v -6.442900 -7.487275 -7.250000
v -6.385390 -7.538265 -7.250000
v -6.326103 -7.586978 -7.250000
v -6.265566 -7.633191 -7.250000
v -6.204307 -7.676682 -7.250000
v -6.142853 -7.717228 -7.250000
v -6.081733 -7.754608 -7.250000
v -6.021474 -7.788599 -7.250000
v -5.962604 -7.818978 -7.250000
v -5.954811 -7.823436 -7.250000
v -5.947428 -7.827803 -7.250000
v -5.940448 -7.832072 -7.250000
v -5.933864 -7.836238 -7.250000
v -5.927668 -7.840292 -7.250000
v -5.921854 -7.844228 -7.250000
v -5.916415 -7.848040 -7.250000
v -5.911345 -7.851719 -7.250000
v -5.906635 -7.855260 -7.250000
v -5.902280 -7.858654 -7.250000
v -5.898272 -7.861897 -7.250000
v -5.894604 -7.864978 -7.250000
v -5.788604 -7.776978 -7.250000
v -5.790522 -7.768816 -7.250000
v -5.792272 -7.760349 -7.250000
v -5.793855 -7.751603 -7.250000
v -5.795271 -7.742608 -7.250000
v -5.796521 -7.733390 -7.250000
v -5.797605 -7.723978 -7.250000
v -5.798521 -7.714399 -7.250000
v -5.799271 -7.704682 -7.250000
v -5.799854 -7.694853 -7.250000
v -5.800271 -7.684941 -7.250000
v -5.800521 -7.674973 -7.250000
v -5.800604 -7.664978 -7.250000
v -4.526355 -6.575392 -7.250000
v -4.499771 -6.616117 -7.250000
v -4.469105 -6.660385 -7.250000
v -4.434605 -6.707423 -7.250000
v -4.396522 -6.756461 -7.250000
v -4.355104 -6.806728 -7.250000
v -4.310604 -6.857454 -7.250000
v -4.263270 -6.907867 -7.250000
v -4.213354 -6.957197 -7.250000
v -4.161104 -7.004673 -7.250000
v -4.106771 -7.049523 -7.250000
v -4.050604 -7.090979 -7.250000
v -3.918604 -6.984979 -7.250000
v -3.964615 -6.956264 -7.250000
v -4.010354 -6.923599 -7.250000
v -4.055386 -6.887697 -7.250000
v -4.099271 -6.849275 -7.250000
v -4.141573 -6.809047 -7.250000
v -4.181854 -6.767728 -7.250000
v -4.219677 -6.726035 -7.250000
v -4.254604 -6.684682 -7.250000
v -4.286198 -6.644384 -7.250000
v -4.314020 -6.605858 -7.250000
v -4.337635 -6.569818 -7.250000
v -4.356604 -6.536978 -7.250000
v -4.306558 -6.536978 -7.250000
v -4.230075 -6.536978 -7.250000
v -4.132634 -6.536978 -7.250000
v -4.019714 -6.536978 -7.250000
v -3.896795 -6.536978 -7.250000
v -3.769353 -6.536978 -7.250000
v -3.642870 -6.536978 -7.250000
v -3.522825 -6.536978 -7.250000
v -3.414697 -6.536978 -7.250000
v -3.323964 -6.536978 -7.250000
v -3.256107 -6.536978 -7.250000
v -3.216604 -6.536978 -7.250000
v -3.198062 -6.537062 -7.250000
v -3.179437 -6.537312 -7.250000
v -3.160729 -6.537728 -7.250000
v -3.141937 -6.538311 -7.250000
v -3.123062 -6.539062 -7.250000
v -3.104104 -6.539978 -7.250000
v -3.085062 -6.541061 -7.250000
v -3.065937 -6.542312 -7.250000
v -3.046729 -6.543728 -7.250000
v -3.027437 -6.545312 -7.250000
v -3.008063 -6.547062 -7.250000
v -2.988604 -6.548978 -7.250000
v -2.988604 -6.366979 -7.250000
v -3.006382 -6.369433 -7.250000
v -3.024660 -6.371784 -7.250000
v -3.043355 -6.374010 -7.250000
v -3.062383 -6.376090 -7.250000
v -3.081661 -6.378003 -7.250000
v -3.101105 -6.379728 -7.250000
v -3.120632 -6.381246 -7.250000
v -3.140160 -6.382534 -7.250000
v -3.159604 -6.383572 -7.250000
v -3.178882 -6.384339 -7.250000
v -3.197910 -6.384815 -7.250000
v -3.216604 -6.384978 -7.250000
v -3.257066 -6.384978 -7.250000
v -3.326640 -6.384978 -7.250000
v -3.419604 -6.384978 -7.250000
v -3.530234 -6.384978 -7.250000
v -3.652807 -6.384978 -7.250000
v -3.781604 -6.384978 -7.250000
v -3.910900 -6.384978 -7.250000
v -4.034974 -6.384978 -7.250000
v -4.148104 -6.384978 -7.250000
v -4.244567 -6.384978 -7.250000
v -4.318641 -6.384978 -7.250000
v -4.364604 -6.384978 -7.250000
v -4.374767 -6.384857 -7.250000
v -4.386085 -6.384506 -7.250000
v -4.398291 -6.383947 -7.250000
v -4.411121 -6.383201 -7.250000
v -4.424314 -6.382287 -7.250000
v -4.437603 -6.381228 -7.250000
v -4.450726 -6.380044 -7.250000
v -4.463418 -6.378756 -7.250000
v -4.475415 -6.377385 -7.250000
v -4.486455 -6.375951 -7.250000
v -4.496272 -6.374475 -7.250000
v -4.504603 -6.372978 -7.250000
v -4.602604 -6.466978 -7.250000
v -4.598867 -6.472177 -7.250000
v -4.594714 -6.477728 -7.250000
v -4.590228 -6.483572 -7.250000
v -4.585492 -6.489645 -7.250000
v -4.580589 -6.495884 -7.250000
v -4.575603 -6.502228 -7.250000
v -4.570618 -6.508614 -7.250000
v -4.565715 -6.514978 -7.250000
v -4.560979 -6.521259 -7.250000
v -4.556493 -6.527395 -7.250000
v -4.552341 -6.533322 -7.250000
v -4.548604 -6.538979 -7.250000
v -3.098603 -7.772978 -7.250000
v -3.112840 -7.768190 -7.250000
v -3.127493 -7.762839 -7.250000
v -3.142479 -7.756947 -7.250000
v -3.157715 -7.750534 -7.250000
v -3.173118 -7.743621 -7.250000
v -3.188604 -7.736228 -7.250000
v -3.204089 -7.728378 -7.250000
v -3.219492 -7.720089 -7.250000
v -3.234728 -7.711385 -7.250000
v -3.249714 -7.702284 -7.250000
v -3.264367 -7.692808 -7.250000
v -3.278604 -7.682979 -7.250000
v -3.350690 -7.633965 -7.250000
v -3.412464 -7.581043 -7.250000
v -3.464697 -7.524384 -7.250000
v -3.508159 -7.464164 -7.250000
v -3.543620 -7.400554 -7.250000
v -3.571853 -7.333728 -7.250000
v -3.593627 -7.263862 -7.250000
v -3.609714 -7.191127 -7.250000
v -3.620884 -7.115697 -7.250000
v -3.627909 -7.037747 -7.250000
v -3.631559 -6.957449 -7.250000
v -3.632604 -6.874978 -7.250000
v -3.632561 -6.863055 -7.250000
v -3.632427 -6.851256 -7.250000
v -3.632197 -6.839540 -7.250000
v -3.631862 -6.827868 -7.250000
v -3.631417 -6.816194 -7.250000
v -3.630853 -6.804478 -7.250000
v -3.630164 -6.792680 -7.250000
v -3.629344 -6.780756 -7.250000
v -3.628385 -6.768666 -7.250000
v -3.627280 -6.756367 -7.250000
v -3.626022 -6.743818 -7.250000
v -3.624604 -6.730978 -7.250000
v -3.804604 -6.730978 -7.250000
v -3.803364 -6.862849 -7.250000
v -3.798687 -6.987608 -7.250000
v -3.789135 -7.105478 -7.250000
v -3.773271 -7.216682 -7.250000
v -3.749656 -7.321442 -7.250000
v -3.716854 -7.419978 -7.250000
v -3.673427 -7.512515 -7.250000
v -3.617937 -7.599275 -7.250000
v -3.548948 -7.680478 -7.250000
v -3.465020 -7.756349 -7.250000
v -3.364719 -7.827108 -7.250000
v -3.246604 -7.892979 -7.250000
v -1.356604 -6.485122 -7.250000
v -1.356604 -6.525460 -7.250000
v -1.356604 -6.578854 -7.250000
v -1.356604 -6.642163 -7.250000
v -1.356604 -6.712252 -7.250000
v -1.356604 -6.785978 -7.250000
v -1.356604 -6.860205 -7.250000
v -1.356604 -6.931793 -7.250000
v -1.356604 -6.997603 -7.250000
v -1.356604 -7.054497 -7.250000
v -1.356604 -7.099335 -7.250000
v -1.356604 -7.128978 -7.250000
v -1.356685 -7.141785 -7.250000
v -1.356919 -7.155099 -7.250000
v -1.357291 -7.168759 -7.250000
v -1.357789 -7.182608 -7.250000
v -1.358398 -7.196484 -7.250000
v -1.359103 -7.210228 -7.250000
v -1.359893 -7.223681 -7.250000
v -1.360751 -7.236682 -7.250000
v -1.361666 -7.249072 -7.250000
v -1.362622 -7.260692 -7.250000
v -1.363606 -7.271380 -7.250000
v -1.364603 -7.280978 -7.250000
v -1.180603 -7.280978 -7.250000
v -1.181641 -7.272792 -7.250000
v -1.182734 -7.263321 -7.250000
v -1.183854 -7.252697 -7.250000
v -1.184975 -7.241053 -7.250000
v -1.186068 -7.228519 -7.250000
v -1.187104 -7.215228 -7.250000
v -1.188058 -7.201313 -7.250000
v -1.188900 -7.186904 -7.250000
v -1.189604 -7.172134 -7.250000
v -1.190141 -7.157136 -7.250000
v -1.190483 -7.142040 -7.250000
v -1.190603 -7.126978 -7.250000
v -1.190603 -7.097374 -7.250000
v -1.190603 -7.052645 -7.250000
v -1.190603 -6.995916 -7.250000
v -1.190603 -6.930312 -7.250000
v -1.190603 -6.858957 -7.250000
v -1.190603 -6.784978 -7.250000
v -1.190603 -6.711499 -7.250000
v -1.190603 -6.641645 -7.250000
v -1.190603 -6.578541 -7.250000
v -1.190603 -6.525311 -7.250000
v -1.190603 -6.485083 -7.250000
v -1.190603 -6.460979 -7.250000
v -1.190522 -6.451308 -7.250000
v -1.190289 -6.440451 -7.250000
v -1.189916 -6.428635 -7.250000
v -1.189418 -6.416090 -7.250000
v -1.188810 -6.403044 -7.250000
v -1.188104 -6.389729 -7.250000
v -1.187314 -6.376370 -7.250000
v -1.186456 -6.363200 -7.250000
v -1.185541 -6.350447 -7.250000
v -1.184586 -6.338339 -7.250000
v -1.183602 -6.327106 -7.250000
v -1.182604 -6.316978 -7.250000
v -1.364603 -6.316978 -7.250000
v -1.363606 -6.326878 -7.250000
v -1.362622 -6.337506 -7.250000
v -1.361666 -6.348760 -7.250000
v -1.360751 -6.360534 -7.250000
v -1.359893 -6.372725 -7.250000
v -1.359103 -6.385228 -7.250000
v -1.358398 -6.397940 -7.250000
v -1.357789 -6.410756 -7.250000
v -1.357291 -6.423572 -7.250000
v -1.356919 -6.436284 -7.250000
v -1.356685 -6.448788 -7.250000
v -1.356604 -6.460979 -7.250000
v -2.286604 -6.496707 -7.250000
v -2.286604 -6.521479 -7.250000
v -2.286604 -6.548666 -7.250000
v -2.286604 -6.577645 -7.250000
v -2.286604 -6.607791 -7.250000
v -2.286604 -6.638478 -7.250000
v -2.286604 -6.669083 -7.250000
v -2.286604 -6.698978 -7.250000
v -2.286604 -6.727541 -7.250000
v -2.286604 -6.754145 -7.250000
v -2.286604 -6.778166 -7.250000
v -2.286604 -6.798978 -7.250000
v -2.285221 -6.912464 -7.250000
v -2.281048 -7.013700 -7.250000
v -2.274041 -7.103853 -7.250000
v -2.264159 -7.184090 -7.250000
v -2.251361 -7.255576 -7.250000
v -2.235605 -7.319479 -7.250000
v -2.216848 -7.376965 -7.250000
v -2.195049 -7.429201 -7.250000
v -2.170166 -7.477353 -7.250000
v -2.142160 -7.522590 -7.250000
v -2.110986 -7.566075 -7.250000
v -2.076604 -7.608978 -7.250000
v -2.042718 -7.646540 -7.250000
v -2.006345 -7.681303 -7.250000
v -1.967917 -7.713385 -7.250000
v -1.927863 -7.742904 -7.250000
v -1.886616 -7.769979 -7.250000
v -1.844605 -7.794728 -7.250000
v -1.802260 -7.817269 -7.250000
v -1.760012 -7.837719 -7.250000
v -1.718292 -7.856197 -7.250000
v -1.677530 -7.872821 -7.250000
v -1.638157 -7.887709 -7.250000
v -1.600603 -7.900978 -7.250000
v -1.470603 -7.762979 -7.250000
v -1.516294 -7.750755 -7.250000
v -1.561289 -7.737025 -7.250000
v -1.605479 -7.721697 -7.250000
v -1.648751 -7.704682 -7.250000
v -1.690997 -7.685889 -7.250000
v -1.732104 -7.665228 -7.250000
v -1.771960 -7.642609 -7.250000
v -1.810456 -7.617941 -7.250000
v -1.847479 -7.591135 -7.250000
v -1.882919 -7.562099 -7.250000
v -1.916664 -7.530744 -7.250000
v -1.948604 -7.496978 -7.250000
v -1.981699 -7.455434 -7.250000
v -2.010206 -7.413293 -7.250000
v -2.034448 -7.369791 -7.250000
v -2.054753 -7.324163 -7.250000
v -2.071446 -7.275647 -7.250000
v -2.084854 -7.223478 -7.250000
v -2.095305 -7.166893 -7.250000
v -2.103123 -7.105126 -7.250000
v -2.108636 -7.037416 -7.250000
v -2.112170 -6.962997 -7.250000
v -2.114050 -6.881105 -7.250000
v -2.114604 -6.790978 -7.250000
v -2.114604 -6.770132 -7.250000
v -2.114604 -6.746043 -7.250000
v -2.114604 -6.719384 -7.250000
v -2.114604 -6.690830 -7.250000
v -2.114604 -6.661054 -7.250000
v -2.114604 -6.630728 -7.250000
v -2.114604 -6.600528 -7.250000
v -2.114604 -6.571126 -7.250000
v -2.114604 -6.543197 -7.250000
v -2.114604 -6.517413 -7.250000
v -2.114604 -6.494450 -7.250000
v -2.114604 -6.474978 -7.250000
v -2.114522 -6.458225 -7.250000
v -2.114280 -6.441951 -7.250000
v -2.113885 -6.426135 -7.250000
v -2.113344 -6.410756 -7.250000
v -2.112665 -6.395794 -7.250000
v -2.111854 -6.381228 -7.250000
v -2.110917 -6.367037 -7.250000
v -2.109863 -6.353200 -7.250000
v -2.108697 -6.339697 -7.250000
v -2.107428 -6.326506 -7.250000
v -2.106061 -6.313607 -7.250000
v -2.104604 -6.300978 -7.250000
v -2.292604 -6.300978 -7.250000
v -2.291645 -6.313607 -7.250000
v -2.290771 -6.326506 -7.250000
v -2.289979 -6.339697 -7.250000
v -2.289271 -6.353200 -7.250000
v -2.288646 -6.367037 -7.250000
v -2.288104 -6.381228 -7.250000
v -2.287646 -6.395794 -7.250000
v -2.287271 -6.410756 -7.250000
v -2.286979 -6.426135 -7.250000
v -2.286771 -6.441951 -7.250000
v -2.286646 -6.458225 -7.250000
v -2.286604 -6.474978 -7.250000
v 0.585484 -6.464306 -7.250000
v 0.585750 -6.448432 -7.250000
v 0.586211 -6.431572 -7.250000
v 0.586879 -6.413941 -7.250000
v 0.587770 -6.395755 -7.250000
v 0.588897 -6.377229 -7.250000
v 0.590275 -6.358577 -7.250000
v 0.591916 -6.340015 -7.250000
v 0.593835 -6.321760 -7.250000
v 0.596045 -6.304025 -7.250000
v 0.598561 -6.287025 -7.250000
v 0.601396 -6.270978 -7.250000
v 0.405396 -6.270978 -7.250000
v 0.406932 -6.286949 -7.250000
v 0.408517 -6.303747 -7.250000
v 0.410115 -6.321197 -7.250000
v 0.411692 -6.339127 -7.250000
v 0.413214 -6.357361 -7.250000
v 0.414646 -6.375729 -7.250000
v 0.415952 -6.394053 -7.250000
v 0.417100 -6.412164 -7.250000
v 0.418052 -6.429884 -7.250000
v 0.418775 -6.447043 -7.250000
v 0.419235 -6.463466 -7.250000
v 0.419396 -6.478978 -7.250000
v 0.419396 -6.804978 -7.250000
v 0.351145 -6.826253 -7.250000
v 0.279053 -6.849839 -7.250000
v 0.204115 -6.875384 -7.250000
v 0.127322 -6.902534 -7.250000
v 0.049668 -6.930933 -7.250000
v -0.027854 -6.960228 -7.250000
v -0.104251 -6.990065 -7.250000
v -0.178530 -7.020089 -7.250000
v -0.249698 -7.049947 -7.250000
v -0.316761 -7.079284 -7.250000
v -0.378728 -7.107746 -7.250000
v -0.434604 -7.134978 -7.250000
v -0.366604 -7.304978 -7.250000
v -0.309584 -7.275191 -7.250000
v -0.248104 -7.245015 -7.250000
v -0.183042 -7.214728 -7.250000
v -0.115271 -7.184608 -7.250000
v -0.045667 -7.154932 -7.250000
v 0.024895 -7.125978 -7.250000
v 0.095542 -7.098024 -7.250000
v 0.165395 -7.071349 -7.250000
v 0.233583 -7.046228 -7.250000
v 0.299229 -7.022942 -7.250000
v 0.361459 -7.001765 -7.250000
v 0.419396 -6.982978 -7.250000
v 0.417396 -7.642979 -7.250000
v 0.417313 -7.659386 -7.250000
v 0.417063 -7.677404 -7.250000
v 0.416647 -7.696728 -7.250000
v 0.416063 -7.717052 -7.250000
v 0.415313 -7.738071 -7.250000
v 0.414397 -7.759479 -7.250000
v 0.413314 -7.780969 -7.250000
v 0.412063 -7.802238 -7.250000
v 0.410646 -7.822978 -7.250000
v 0.409063 -7.842886 -7.250000
v 0.407313 -7.861654 -7.250000
v 0.405396 -7.878978 -7.250000
v 0.599396 -7.878978 -7.250000
v 0.597022 -7.862304 -7.250000
v 0.594888 -7.844414 -7.250000
v 0.592992 -7.825510 -7.250000
v 0.591324 -7.805793 -7.250000
v 0.589878 -7.785466 -7.250000
v 0.588648 -7.764729 -7.250000
v 0.587625 -7.743783 -7.250000
v 0.586805 -7.722830 -7.250000
v 0.586179 -7.702072 -7.250000
v 0.585740 -7.681710 -7.250000
v 0.585481 -7.661945 -7.250000
v 0.585397 -7.642979 -7.250000
v 0.585397 -7.599756 -7.250000
v 0.585397 -7.529534 -7.250000
v 0.585397 -7.437478 -7.250000
v 0.585397 -7.328756 -7.250000
v 0.585397 -7.208534 -7.250000
v 0.585397 -7.081978 -7.250000
v 0.585397 -6.954256 -7.250000
v 0.585397 -6.830534 -7.250000
v 0.585397 -6.715979 -7.250000
v 0.585397 -6.615756 -7.250000
v 0.585397 -6.535034 -7.250000
v 0.585397 -6.478978 -7.250000
v 2.727568 -6.962978 -7.250000
v 2.655101 -6.962978 -7.250000
v 2.564522 -6.962978 -7.250000
v 2.460360 -6.962978 -7.250000
v 2.347142 -6.962978 -7.250000
v 2.229397 -6.962978 -7.250000
v 2.111651 -6.962978 -7.250000
v 1.998433 -6.962978 -7.250000
v 1.894271 -6.962978 -7.250000
v 1.803693 -6.962978 -7.250000
v 1.731225 -6.962978 -7.250000
v 1.681396 -6.962978 -7.250000
v 1.656979 -6.962858 -7.250000
v 1.633729 -6.962515 -7.250000
v 1.611646 -6.961978 -7.250000
v 1.590729 -6.961275 -7.250000
v 1.570979 -6.960432 -7.250000
v 1.552396 -6.959478 -7.250000
v 1.534980 -6.958442 -7.250000
v 1.518729 -6.957349 -7.250000
v 1.503646 -6.956228 -7.250000
v 1.489730 -6.955108 -7.250000
v 1.476979 -6.954016 -7.250000
v 1.465396 -6.952978 -7.250000
v 1.465396 -7.148978 -7.250000
v 1.476290 -7.148361 -7.250000
v 1.488887 -7.147543 -7.250000
v 1.503052 -7.146572 -7.250000
v 1.518655 -7.145497 -7.250000
v 1.535564 -7.144366 -7.250000
v 1.553646 -7.143229 -7.250000
v 1.572770 -7.142132 -7.250000
v 1.592803 -7.141127 -7.250000
v 1.613615 -7.140260 -7.250000
v 1.635072 -7.139580 -7.250000
v 1.657043 -7.139137 -7.250000
v 1.679396 -7.138978 -7.250000
v 1.729646 -7.138978 -7.250000
v 1.802396 -7.138978 -7.250000
v 1.893146 -7.138978 -7.250000
v 1.997396 -7.138978 -7.250000
v 2.110646 -7.138978 -7.250000
v 2.228396 -7.138978 -7.250000
v 2.346146 -7.138978 -7.250000
v 2.459396 -7.138978 -7.250000
v 2.563646 -7.138978 -7.250000
v 2.654396 -7.138978 -7.250000
v 2.727146 -7.138978 -7.250000
v 2.777396 -7.138978 -7.250000
v 2.804790 -7.139060 -7.250000
v 2.831878 -7.139302 -7.250000
v 2.858521 -7.139697 -7.250000
v 2.884581 -7.140238 -7.250000
v 2.909920 -7.140917 -7.250000
v 2.934397 -7.141728 -7.250000
v 2.957874 -7.142665 -7.250000
v 2.980211 -7.143719 -7.250000
v 3.001271 -7.144885 -7.250000
v 3.020915 -7.146154 -7.250000
v 3.039003 -7.147521 -7.250000
v 3.055396 -7.148978 -7.250000
v 3.055396 -6.952978 -7.250000
v 3.039461 -6.954015 -7.250000
v 3.021748 -6.955108 -7.250000
v 3.002396 -6.956228 -7.250000
v 2.981545 -6.957349 -7.250000
v 2.959332 -6.958441 -7.250000
v 2.935897 -6.959478 -7.250000
v 2.911378 -6.960432 -7.250000
v 2.885915 -6.961275 -7.250000
v 2.859647 -6.961978 -7.250000
v 2.832711 -6.962515 -7.250000
v 2.805248 -6.962858 -7.250000
v 2.777396 -6.962978 -7.250000
v 4.071396 -7.644979 -7.250000
v 4.063360 -7.598641 -7.250000
v 4.054434 -7.544784 -7.250000
v 4.044897 -7.485135 -7.250000
v 4.035026 -7.421423 -7.250000
v 4.025100 -7.355378 -7.250000
v 4.015397 -7.288729 -7.250000
v 4.006193 -7.223204 -7.250000
v 3.997767 -7.160534 -7.250000
v 3.990396 -7.102447 -7.250000
v 3.984359 -7.050673 -7.250000
v 3.979933 -7.006940 -7.250000
v 3.977396 -6.972979 -7.250000
v 4.014889 -6.972979 -7.250000
v 4.063674 -6.972979 -7.250001
v 4.121209 -6.972979 -7.250001
v 4.184952 -6.972979 -7.250001
v 4.252361 -6.972979 -7.250001
v 4.320896 -6.972979 -7.250001
v 4.388014 -6.972979 -7.250001
v 4.451174 -6.972979 -7.250001
v 4.507834 -6.972979 -7.250001
v 4.555452 -6.972979 -7.250001
v 4.591486 -6.972979 -7.250001
v 4.613396 -6.972979 -7.250001
v 4.627773 -6.973058 -7.250001
v 4.641914 -6.973284 -7.250001
v 4.655833 -6.973635 -7.250001
v 4.669544 -6.974090 -7.250001
v 4.683060 -6.974627 -7.250001
v 4.696396 -6.975228 -7.250001
v 4.709565 -6.975871 -7.250001
v 4.722581 -6.976534 -7.250001
v 4.735458 -6.977197 -7.250001
v 4.748211 -6.977839 -7.250001
v 4.760852 -6.978440 -7.250001
v 4.773396 -6.978978 -7.250001
v 4.773396 -6.810978 -7.250001
v 4.761159 -6.812475 -7.250001
v 4.748498 -6.813951 -7.250001
v 4.735490 -6.815385 -7.250001
v 4.722211 -6.816756 -7.250001
v 4.708738 -6.818044 -7.250001
v 4.695147 -6.819228 -7.250001
v 4.681513 -6.820287 -7.250001
v 4.667915 -6.821200 -7.250001
v 4.654428 -6.821947 -7.250001
v 4.641128 -6.822506 -7.250001
v 4.628092 -6.822857 -7.250001
v 4.615396 -6.822978 -7.250001
v 4.589149 -6.822978 -7.250001
v 4.550915 -6.822978 -7.250001
v 4.502959 -6.822978 -7.250001
v 4.447545 -6.822978 -7.250001
v 4.386936 -6.822978 -7.250001
v 4.323397 -6.822978 -7.250001
v 4.259191 -6.822978 -7.250001
v 4.196582 -6.822978 -7.250001
v 4.137834 -6.822978 -7.250001
v 4.085211 -6.822978 -7.250001
v 4.040977 -6.822978 -7.250001
v 4.007396 -6.822978 -7.250001
v 3.999050 -6.822856 -7.250001
v 3.990128 -6.822497 -7.250001
v 3.980803 -6.821916 -7.250001
v 3.971248 -6.821127 -7.250001
v 3.961638 -6.820143 -7.250000
v 3.952146 -6.818978 -7.250000
v 3.942946 -6.817647 -7.250000
v 3.934211 -6.816164 -7.250000
v 3.926115 -6.814541 -7.250000
v 3.918831 -6.812793 -7.250000
v 3.912534 -6.810934 -7.250000
v 3.907396 -6.808978 -7.250000
v 3.785396 -6.866979 -7.250000
v 3.786894 -6.872094 -7.250000
v 3.788378 -6.877404 -7.250000
v 3.789834 -6.882854 -7.250000
v 3.791248 -6.888386 -7.250000
v 3.792607 -6.893946 -7.250000
v 3.793896 -6.899478 -7.250000
v 3.795102 -6.904927 -7.250000
v 3.796211 -6.910237 -7.250000
v 3.797209 -6.915353 -7.250000
v 3.798081 -6.920219 -7.250000
v 3.798815 -6.924779 -7.250000
v 3.799396 -6.928978 -7.250000
v 3.804230 -6.968160 -7.250000
v 3.810563 -7.016599 -7.250000
v 3.818146 -7.072635 -7.250000
v 3.826730 -7.134608 -7.250000
v 3.836063 -7.200859 -7.250000
v 3.845896 -7.269729 -7.250000
v 3.855980 -7.339556 -7.250000
v 3.866063 -7.408682 -7.250000
v 3.875896 -7.475447 -7.250000
v 3.885229 -7.538191 -7.250000
v 3.893813 -7.595255 -7.250000
v 3.901396 -7.644979 -7.250000
v 3.705396 -7.644979 -7.250000
v 3.693847 -7.644937 -7.250000
v 3.681332 -7.644812 -7.250000
v 3.668053 -7.644603 -7.250000
v 3.654211 -7.644312 -7.250000
v 3.640009 -7.643937 -7.250000
v 3.625646 -7.643478 -7.250000
v 3.611326 -7.642937 -7.250000
v 3.597248 -7.642312 -7.250000
v 3.583615 -7.641603 -7.250000
v 3.570628 -7.640812 -7.250000
v 3.558488 -7.639936 -7.250000
v 3.547396 -7.638978 -7.250000
v 3.547396 -7.800979 -7.250000
v 3.557148 -7.800479 -7.250000
v 3.568239 -7.799988 -7.250000
v 3.580427 -7.799510 -7.250000
v 3.593470 -7.799052 -7.250000
v 3.607124 -7.798623 -7.250000
v 3.621146 -7.798228 -7.250000
v 3.635293 -7.797875 -7.250000
v 3.649322 -7.797571 -7.250000
v 3.662990 -7.797322 -7.250000
v 3.676053 -7.797136 -7.250000
v 3.688270 -7.797019 -7.250000
v 3.699396 -7.796978 -7.250000
v 3.743037 -7.796978 -7.250000
v 3.813359 -7.796978 -7.250000
v 3.904958 -7.796978 -7.250000
v 4.012433 -7.796978 -7.250000
v 4.130380 -7.796978 -7.250000
v 4.253396 -7.796978 -7.250000
v 4.376079 -7.796978 -7.250000
v 4.493026 -7.796978 -7.250001
v 4.598834 -7.796978 -7.250001
v 4.688100 -7.796978 -7.250001
v 4.755422 -7.796978 -7.250001
v 4.795396 -7.796978 -7.250001
v 4.810579 -7.797020 -7.250001
v 4.825192 -7.797145 -7.250001
v 4.839334 -7.797353 -7.250001
v 4.853100 -7.797645 -7.250001
v 4.866588 -7.798020 -7.250001
v 4.879896 -7.798478 -7.250001
v 4.893121 -7.799020 -7.250001
v 4.906359 -7.799645 -7.250001
v 4.919709 -7.800353 -7.250001
v 4.933267 -7.801145 -7.250001
v 4.947130 -7.802020 -7.250001
v 4.961396 -7.802979 -7.250001
v 4.961396 -7.636978 -7.250001
v 4.949193 -7.637976 -7.250001
v 4.936600 -7.638960 -7.250001
v 4.923646 -7.639916 -7.250001
v 4.910359 -7.640830 -7.250001
v 4.896767 -7.641689 -7.250001
v 4.882896 -7.642478 -7.250001
v 4.868776 -7.643185 -7.250001
v 4.854433 -7.643793 -7.250001
v 4.839896 -7.644291 -7.250001
v 4.825192 -7.644664 -7.250001
v 4.810350 -7.644897 -7.250001
v 4.795396 -7.644979 -7.250001
v 6.305396 -6.912978 -7.250001
v 6.305396 -6.548978 -7.250001
v 6.356340 -6.553692 -7.250001
v 6.407951 -6.557858 -7.250001
v 6.459896 -6.561510 -7.250001
v 6.511841 -6.564682 -7.250001
v 6.563452 -6.567410 -7.250001
v 6.614396 -6.569728 -7.250001
v 6.664341 -6.571671 -7.250001
v 6.712952 -6.573275 -7.250001
v 6.759896 -6.574572 -7.250001
v 6.804841 -6.575599 -7.250001
v 6.847452 -6.576389 -7.250001
v 6.887396 -6.576978 -7.250001
v 6.927396 -6.428978 -7.250001
v 6.886368 -6.430183 -7.250001
v 6.839840 -6.430784 -7.250001
v 6.788646 -6.430759 -7.250001
v 6.733618 -6.430089 -7.250001
v 6.675591 -6.428752 -7.250001
v 6.615396 -6.426728 -7.250001
v 6.553868 -6.423995 -7.250001
v 6.491840 -6.420534 -7.250001
v 6.430146 -6.416322 -7.250001
v 6.369618 -6.411339 -7.250001
v 6.311090 -6.405565 -7.250001
v 6.255396 -6.398978 -7.250001
v 6.208882 -6.392036 -7.250001
v 6.160785 -6.384274 -7.250001
v 6.111771 -6.375791 -7.250001
v 6.062507 -6.366682 -7.250001
v 6.013660 -6.357045 -7.250001
v 5.965896 -6.346978 -7.250001
v 5.919882 -6.336578 -7.250001
v 5.876285 -6.325941 -7.250001
v 5.835771 -6.315166 -7.250001
v 5.799007 -6.304349 -7.250001
v 5.766660 -6.293587 -7.250001
v 5.739396 -6.282978 -7.250001
v 5.633396 -6.420979 -7.250001
v 5.644308 -6.423937 -7.250001
v 5.655025 -6.426812 -7.250001
v 5.665521 -6.429604 -7.250001
v 5.675766 -6.432312 -7.250001
v 5.685734 -6.434937 -7.250001
v 5.695396 -6.437478 -7.250001
v 5.704725 -6.439937 -7.250001
v 5.713693 -6.442311 -7.250001
v 5.722271 -6.444603 -7.250001
v 5.730433 -6.446812 -7.250001
v 5.738151 -6.448936 -7.250001
v 5.745396 -6.450978 -7.250001
v 5.771484 -6.457555 -7.250001
v 5.799600 -6.464256 -7.250001
v 5.829521 -6.471041 -7.250001
v 5.861026 -6.477867 -7.250001
v 5.893891 -6.484694 -7.250001
v 5.927896 -6.491478 -7.250001
v 5.962818 -6.498179 -7.250001
v 5.998433 -6.504756 -7.250001
v 6.034521 -6.511166 -7.250001
v 6.070859 -6.517367 -7.250001
v 6.107225 -6.523318 -7.250001
v 6.143396 -6.528978 -7.250001
v 6.143396 -6.912978 -7.250001
v 5.591396 -6.912978 -7.250001
v 5.579846 -6.912897 -7.250001
v 5.567331 -6.912663 -7.250001
v 5.554052 -6.912291 -7.250001
v 5.540211 -6.911793 -7.250001
v 5.526009 -6.911184 -7.250001
v 5.511646 -6.910479 -7.250001
v 5.497325 -6.909689 -7.250001
v 5.483248 -6.908830 -7.250001
v 5.469615 -6.907916 -7.250001
v 5.456628 -6.906960 -7.250001
v 5.444488 -6.905976 -7.250001
v 5.433396 -6.904978 -7.250001
v 5.433396 -7.070978 -7.250001
v 5.444715 -7.069981 -7.250001
v 5.456610 -7.068997 -7.250001
v 5.468990 -7.068041 -7.250001
v 5.481767 -7.067126 -7.250001
v 5.494849 -7.066268 -7.250001
v 5.508146 -7.065478 -7.250001
v 5.521569 -7.064773 -7.250001
v 5.535026 -7.064163 -7.250001
v 5.548428 -7.063666 -7.250001
v 5.561684 -7.063293 -7.250001
v 5.574703 -7.063059 -7.250001
v 5.587396 -7.062978 -7.250001
v 6.145396 -7.062978 -7.250001
v 6.153522 -7.154213 -7.250001
v 6.167072 -7.241025 -7.250001
v 6.186303 -7.323572 -7.250001
v 6.211471 -7.402016 -7.250001
v 6.242833 -7.476514 -7.250001
v 6.280646 -7.547228 -7.250001
v 6.325169 -7.614317 -7.250001
v 6.376656 -7.677941 -7.250001
v 6.435365 -7.738259 -7.250001
v 6.501554 -7.795432 -7.250001
v 6.575479 -7.849618 -7.250001
v 6.657396 -7.900978 -7.250001
v 6.815396 -7.790978 -7.250001
v 6.739517 -7.752821 -7.250001
v 6.669859 -7.711219 -7.250001
v 6.606397 -7.665978 -7.250001
v 6.549100 -7.616904 -7.250001
v 6.497943 -7.563803 -7.250001
v 6.452896 -7.506478 -7.250001
v 6.413933 -7.444737 -7.250001
v 6.381026 -7.378386 -7.250001
v 6.354146 -7.307228 -7.250001
v 6.333266 -7.231071 -7.250001
v 6.318359 -7.149719 -7.250001
v 6.309396 -7.062978 -7.250001
v 6.903397 -7.062978 -7.250001
v 6.919466 -7.063060 -7.250001
v 6.935619 -7.063293 -7.250001
v 6.951772 -7.063666 -7.250001
v 6.967841 -7.064164 -7.250001
v 6.983744 -7.064773 -7.250001
v 6.999396 -7.065478 -7.250001
v 7.014716 -7.066268 -7.250001
v 7.029619 -7.067126 -7.250001
v 7.044022 -7.068041 -7.250001
v 7.057841 -7.068997 -7.250001
v 7.070993 -7.069981 -7.250001
v 7.083396 -7.070978 -7.250001
v 7.083396 -6.904978 -7.250001
v 7.071416 -6.905976 -7.250001
v 7.058554 -6.906960 -7.250001
v 7.044928 -6.907916 -7.250001
v 7.030656 -6.908830 -7.250001
v 7.015856 -6.909689 -7.250001
v 7.000647 -6.910479 -7.250001
v 6.985146 -6.911184 -7.250001
v 6.969471 -6.911793 -7.250001
v 6.953740 -6.912291 -7.250001
v 6.938072 -6.912663 -7.250001
v 6.922585 -6.912897 -7.250001
v 6.907396 -6.912978 -7.250001
v 8.321397 -6.630979 -7.250001
v 8.321397 -7.818978 -7.250001
v 8.517396 -7.818978 -7.250001
v 8.517396 -6.630979 -7.250001
v 8.989396 -6.630979 -7.250001
v 8.989396 -6.454978 -7.250001
v 7.849397 -6.454978 -7.250001
v 7.849397 -6.630979 -7.250001
v -5.233970 -7.225166 -6.750000
v -5.245189 -7.167645 -6.750000
v -5.254449 -7.103791 -6.750000
v -5.261938 -7.034978 -6.750000
v -5.267844 -6.962583 -6.750000
v -5.272355 -6.887979 -6.750000
v -5.275657 -6.812541 -6.750000
v -5.277938 -6.737645 -6.750000
v -5.279386 -6.664666 -6.750000
v -5.280188 -6.594978 -6.750000
v -5.280531 -6.529958 -6.750000
v -5.280603 -6.470978 -6.750000
v -5.280482 -6.456304 -6.750000
v -5.280124 -6.442247 -6.750000
v -5.279543 -6.428760 -6.750000
v -5.278753 -6.415793 -6.750000
v -5.277769 -6.403299 -6.750000
v -5.276605 -6.391229 -6.750000
v -5.275273 -6.379533 -6.750000
v -5.273789 -6.368164 -6.750000
v -5.272166 -6.357072 -6.750000
v -5.270418 -6.346210 -6.750000
v -5.268559 -6.335528 -6.750000
v -5.266603 -6.324978 -6.750000
v -5.450603 -6.324978 -6.750000
v -5.449986 -6.331707 -6.750000
v -5.449167 -6.339811 -6.750000
v -5.448196 -6.349166 -6.750000
v -5.447122 -6.359645 -6.750000
v -5.445991 -6.371124 -6.750000
v -5.444853 -6.383478 -6.750000
v -5.443757 -6.396583 -6.750000
v -5.442751 -6.410312 -6.750000
v -5.441884 -6.424541 -6.750000
v -5.441205 -6.439145 -6.750000
v -5.440762 -6.454000 -6.750000
v -5.440603 -6.468978 -6.750000
v -5.440413 -6.528519 -6.750000
v -5.439759 -6.595136 -6.750000
v -5.438508 -6.667322 -6.750000
v -5.436528 -6.743571 -6.750000
v -5.433687 -6.822375 -6.750000
v -5.429852 -6.902228 -6.750000
v -5.424893 -6.981623 -6.750000
v -5.418677 -7.059052 -6.750000
v -5.411072 -7.133010 -6.750000
v -5.401946 -7.201988 -6.750000
v -5.391168 -7.264480 -6.750000
v -5.378604 -7.318978 -6.750000
v -5.362203 -7.372080 -6.750000
v -5.343066 -7.424294 -6.750000
v -5.321291 -7.475478 -6.750000
v -5.296974 -7.525497 -6.750000
v -5.270212 -7.574210 -6.750000
v -5.241103 -7.621478 -6.750000
v -5.209744 -7.667164 -6.750000
v -5.176232 -7.711126 -6.750000
v -5.140665 -7.753228 -6.750000
v -5.103140 -7.793330 -6.750000
v -5.063753 -7.831293 -6.750000
v -5.022603 -7.866979 -6.750000
v -4.872603 -7.766978 -6.750000
v -4.913595 -7.735795 -6.750000
v -4.952547 -7.702340 -6.750000
v -4.989415 -7.666759 -6.750000
v -5.024158 -7.629201 -6.750000
v -5.056735 -7.589808 -6.750000
v -5.087103 -7.548728 -6.750000
v -5.115221 -7.506107 -6.750000
v -5.141047 -7.462090 -6.750000
v -5.164540 -7.416822 -6.750000
v -5.185658 -7.370450 -6.750000
v -5.204360 -7.323121 -6.750000
v -5.220603 -7.274979 -6.750000
v -5.800604 -7.624486 -6.750000
v -5.800604 -7.553043 -6.750000
v -5.800604 -7.456697 -6.750000
v -5.800604 -7.341496 -6.750000
v -5.800604 -7.213491 -6.750000
v -5.800604 -7.078728 -6.750000
v -5.800604 -6.943257 -6.750000
v -5.800604 -6.813127 -6.750000
v -5.800604 -6.694385 -6.750000
v -5.800604 -6.593080 -6.750000
v -5.800604 -6.515262 -6.750000
v -5.800604 -6.466978 -6.750000
v -5.800445 -6.448406 -6.750000
v -5.800001 -6.430737 -6.750000
v -5.799322 -6.414041 -6.750000
v -5.798455 -6.398386 -6.750000
v -5.797449 -6.383842 -6.750000
v -5.796353 -6.370478 -6.750000
v -5.795216 -6.358365 -6.750000
v -5.794085 -6.347571 -6.750000
v -5.793010 -6.338166 -6.750000
v -5.792039 -6.330219 -6.750000
v -5.791221 -6.323800 -6.750000
v -5.790604 -6.318978 -6.750000
v -5.974604 -6.318978 -6.750000
v -5.974027 -6.323800 -6.750000
v -5.973317 -6.330219 -6.750000
v -5.972510 -6.338166 -6.750000
v -5.971642 -6.347571 -6.750000
v -5.970744 -6.358365 -6.750000
v -5.969854 -6.370478 -6.750000
v -5.969006 -6.383842 -6.750000
v -5.968233 -6.398386 -6.750000
v -5.967572 -6.414041 -6.750000
v -5.967057 -6.430737 -6.750000
v -5.966722 -6.448406 -6.750000
v -5.966603 -6.466978 -6.750000
v -5.966603 -6.514969 -6.750000
v -5.966603 -6.591905 -6.750000
v -5.966603 -6.691729 -6.750000
v -5.966603 -6.808386 -6.750000
v -5.966603 -6.935821 -6.750000
v -5.966603 -7.067978 -6.750000
v -5.966603 -7.198802 -6.750000
v -5.966603 -7.322237 -6.750000
v -5.966603 -7.432228 -6.750000
v -5.966603 -7.522719 -6.750000
v -5.966603 -7.587654 -6.750000
v -5.966603 -7.620978 -6.750000
v -6.013804 -7.597968 -6.750000
v -6.063056 -7.571062 -6.750000
v -6.113821 -7.540447 -6.750000
v -6.165565 -7.506311 -6.750000
v -6.217754 -7.468843 -6.750000
v -6.269853 -7.428228 -6.750000
v -6.321326 -7.384655 -6.750000
v -6.371640 -7.338312 -6.750000
v -6.420259 -7.289385 -6.750000
v -6.466650 -7.238062 -6.750000
v -6.510276 -7.184530 -6.750000
v -6.550604 -7.128978 -6.750000
v -6.644604 -7.264978 -6.750000
v -6.599483 -7.322858 -6.750000
v -6.550473 -7.379349 -6.750000
v -6.498103 -7.434228 -6.750000
v -6.442900 -7.487275 -6.750000
v -6.385390 -7.538265 -6.750000
v -6.326103 -7.586978 -6.750000
v -6.265566 -7.633191 -6.750000
v -6.204307 -7.676682 -6.750000
v -6.142853 -7.717228 -6.750000
v -6.081733 -7.754608 -6.750000
v -6.021474 -7.788599 -6.750000
v -5.962604 -7.818978 -6.750000
v -5.954811 -7.823436 -6.750000
v -5.947428 -7.827803 -6.750000
v -5.940448 -7.832072 -6.750000
v -5.933864 -7.836238 -6.750000
v -5.927668 -7.840292 -6.750000
v -5.921854 -7.844228 -6.750000
v -5.916415 -7.848040 -6.750000
v -5.911345 -7.851719 -6.750000
v -5.906635 -7.855260 -6.750000
v -5.902280 -7.858654 -6.750000
v -5.898272 -7.861897 -6.750000
v -5.894604 -7.864978 -6.750000
v -5.788604 -7.776978 -6.750000
v -5.790522 -7.768816 -6.750000
v -5.792272 -7.760349 -6.750000
v -5.793855 -7.751603 -6.750000
v -5.795271 -7.742608 -6.750000
v -5.796521 -7.733390 -6.750000
v -5.797605 -7.723978 -6.750000
v -5.798521 -7.714399 -6.750000
v -5.799271 -7.704682 -6.750000
v -5.799854 -7.694853 -6.750000
v -5.800271 -7.684941 -6.750000
v -5.800521 -7.674973 -6.750000
v -5.800604 -7.664978 -6.750000
v -4.526355 -6.575392 -6.750000
v -4.499771 -6.616117 -6.750000
v -4.469105 -6.660385 -6.750000
v -4.434605 -6.707423 -6.750000
v -4.396522 -6.756461 -6.750000
v -4.355104 -6.806728 -6.750000
v -4.310604 -6.857454 -6.750000
v -4.263270 -6.907867 -6.750000
v -4.213354 -6.957197 -6.750000
v -4.161104 -7.004673 -6.750000
v -4.106771 -7.049523 -6.750000
v -4.050604 -7.090979 -6.750000
v -3.918604 -6.984979 -6.750000
v -3.964615 -6.956264 -6.750000
v -4.010354 -6.923599 -6.750000
v -4.055386 -6.887697 -6.750000
v -4.099271 -6.849275 -6.750000
v -4.141573 -6.809047 -6.750000
v -4.181854 -6.767728 -6.750000
v -4.219677 -6.726035 -6.750000
v -4.254604 -6.684682 -6.750000
v -4.286198 -6.644384 -6.750000
v -4.314020 -6.605858 -6.750000
v -4.337635 -6.569818 -6.750000
v -4.356604 -6.536978 -6.750000
v -4.306558 -6.536978 -6.750000
v -4.230075 -6.536978 -6.750000
v -4.132634 -6.536978 -6.750000
v -4.019714 -6.536978 -6.750000
v -3.896795 -6.536978 -6.750000
v -3.769353 -6.536978 -6.750000
v -3.642870 -6.536978 -6.750000
v -3.522825 -6.536978 -6.750000
v -3.414697 -6.536978 -6.750000
v -3.323964 -6.536978 -6.750000
v -3.256107 -6.536978 -6.750000
v -3.216604 -6.536978 -6.750000
v -3.198062 -6.537062 -6.750000
v -3.179437 -6.537312 -6.750000
v -3.160729 -6.537728 -6.750000
v -3.141937 -6.538311 -6.750000
v -3.123062 -6.539062 -6.750000
v -3.104104 -6.539978 -6.750000
v -3.085062 -6.541061 -6.750000
v -3.065937 -6.542312 -6.750000
v -3.046729 -6.543728 -6.750000
v -3.027437 -6.545312 -6.750000
v -3.008063 -6.547062 -6.750000
v -2.988604 -6.548978 -6.750000
v -2.988604 -6.366979 -6.750000
v -3.006382 -6.369433 -6.750000
v -3.024660 -6.371784 -6.750000
v -3.043355 -6.374010 -6.750000
v -3.062383 -6.376090 -6.750000
v -3.081661 -6.378003 -6.750000
v -3.101105 -6.379728 -6.750000
v -3.120632 -6.381246 -6.750000
v -3.140160 -6.382534 -6.750000
v -3.159604 -6.383572 -6.750000
v -3.178882 -6.384339 -6.750000
v -3.197910 -6.384815 -6.750000
v -3.216604 -6.384978 -6.750000
v -3.257066 -6.384978 -6.750000
v -3.326640 -6.384978 -6.750000
v -3.419604 -6.384978 -6.750000
v -3.530234 -6.384978 -6.750000
v -3.652807 -6.384978 -6.750000
v -3.781604 -6.384978 -6.750000
v -3.910900 -6.384978 -6.750000
v -4.034974 -6.384978 -6.750000
v -4.148104 -6.384978 -6.750000
v -4.244567 -6.384978 -6.750000
v -4.318641 -6.384978 -6.750000
v -4.364604 -6.384978 -6.750000
v -4.374767 -6.384857 -6.750000
v -4.386085 -6.384506 -6.750000
v -4.398291 -6.383947 -6.750000
v -4.411121 -6.383201 -6.750000
v -4.424314 -6.382287 -6.750000
v -4.437603 -6.381228 -6.750000
v -4.450726 -6.380044 -6.750000
v -4.463418 -6.378756 -6.750000
v -4.475415 -6.377385 -6.750000
v -4.486455 -6.375951 -6.750000
v -4.496272 -6.374475 -6.750000
v -4.504603 -6.372978 -6.750000
v -4.602604 -6.466978 -6.750000
v -4.598867 -6.472177 -6.750000
v -4.594714 -6.477728 -6.750000
v -4.590228 -6.483572 -6.750000
v -4.585492 -6.489645 -6.750000
v -4.580589 -6.495884 -6.750000
v -4.575603 -6.502228 -6.750000
v -4.570618 -6.508614 -6.750000
v -4.565715 -6.514978 -6.750000
v -4.560979 -6.521259 -6.750000
v -4.556493 -6.527395 -6.750000
v -4.552341 -6.533322 -6.750000
v -4.548604 -6.538979 -6.750000
v -3.098603 -7.772978 -6.750000
v -3.112840 -7.768190 -6.750000
v -3.127493 -7.762839 -6.750000
v -3.142479 -7.756947 -6.750000
v -3.157715 -7.750534 -6.750000
v -3.173118 -7.743621 -6.750000
v -3.188604 -7.736228 -6.750000
v -3.204089 -7.728378 -6.750000
v -3.219492 -7.720089 -6.750000
v -3.234728 -7.711385 -6.750000
v -3.249714 -7.702284 -6.750000
v -3.264367 -7.692808 -6.750000
v -3.278604 -7.682979 -6.750000
v -3.350690 -7.633965 -6.750000
v -3.412464 -7.581043 -6.750000
v -3.464697 -7.524384 -6.750000
v -3.508159 -7.464164 -6.750000
v -3.543620 -7.400554 -6.750000
v -3.571853 -7.333728 -6.750000
v -3.593627 -7.263862 -6.750000
v -3.609714 -7.191127 -6.750000
v -3.620884 -7.115697 -6.750000
v -3.627909 -7.037747 -6.750000
v -3.631559 -6.957449 -6.750000
v -3.632604 -6.874978 -6.750000
v -3.632561 -6.863055 -6.750000
v -3.632427 -6.851256 -6.750000
v -3.632197 -6.839540 -6.750000
v -3.631862 -6.827868 -6.750000
v -3.631417 -6.816194 -6.750000
v -3.630853 -6.804478 -6.750000
v -3.630164 -6.792680 -6.750000
v -3.629344 -6.780756 -6.750000
v -3.628385 -6.768666 -6.750000
v -3.627280 -6.756367 -6.750000
v -3.626022 -6.743818 -6.750000
v -3.624604 -6.730978 -6.750000
v -3.804604 -6.730978 -6.750000
v -3.803364 -6.862849 -6.750000
v -3.798687 -6.987608 -6.750000
v -3.789135 -7.105478 -6.750000
v -3.773271 -7.216682 -6.750000
v -3.749656 -7.321442 -6.750000
v -3.716854 -7.419978 -6.750000
v -3.673427 -7.512515 -6.750000
v -3.617937 -7.599275 -6.750000
v -3.548948 -7.680478 -6.750000
v -3.465020 -7.756349 -6.750000
v -3.364719 -7.827108 -6.750000
v -3.246604 -7.892979 -6.750000
v -1.356604 -6.485122 -6.750000
v -1.356604 -6.525460 -6.750000
v -1.356604 -6.578854 -6.750000
v -1.356604 -6.642163 -6.750000
v -1.356604 -6.712252 -6.750000
v -1.356604 -6.785978 -6.750000
v -1.356604 -6.860205 -6.750000
v -1.356604 -6.931793 -6.750000
v -1.356604 -6.997603 -6.750000
v -1.356604 -7.054497 -6.750000
v -1.356604 -7.099335 -6.750000
v -1.356604 -7.128978 -6.750000
v -1.356685 -7.141785 -6.750000
v -1.356919 -7.155099 -6.750000
v -1.357291 -7.168759 -6.750000
v -1.357789 -7.182608 -6.750000
v -1.358398 -7.196484 -6.750000
v -1.359103 -7.210228 -6.750000
v -1.359893 -7.223681 -6.750000
v -1.360751 -7.236682 -6.750000
v -1.361666 -7.249072 -6.750000
v -1.362622 -7.260692 -6.750000
v -1.363606 -7.271380 -6.750000
v -1.364603 -7.280978 -6.750000
v -1.180603 -7.280978 -6.750000
v -1.181641 -7.272792 -6.750000
v -1.182734 -7.263321 -6.750000
v -1.183854 -7.252697 -6.750000
v -1.184975 -7.241053 -6.750000
v -1.186068 -7.228519 -6.750000
v -1.187104 -7.215228 -6.750000
v -1.188058 -7.201313 -6.750000
v -1.188900 -7.186904 -6.750000
v -1.189604 -7.172134 -6.750000
v -1.190141 -7.157136 -6.750000
v -1.190483 -7.142040 -6.750000
v -1.190603 -7.126978 -6.750000
v -1.190603 -7.097374 -6.750000
v -1.190603 -7.052645 -6.750000
v -1.190603 -6.995916 -6.750000
v -1.190603 -6.930312 -6.750000
v -1.190603 -6.858957 -6.750000
v -1.190603 -6.784978 -6.750000
v -1.190603 -6.711499 -6.750000
v -1.190603 -6.641645 -6.750000
v -1.190603 -6.578541 -6.750000
v -1.190603 -6.525311 -6.750000
v -1.190603 -6.485083 -6.750000
v -1.190603 -6.460979 -6.750000
v -1.190522 -6.451308 -6.750000
v -1.190289 -6.440451 -6.750000
v -1.189916 -6.428635 -6.750000
v -1.189418 -6.416090 -6.750000
v -1.188810 -6.403044 -6.750000
v -1.188104 -6.389729 -6.750000
v -1.187314 -6.376370 -6.750000
v -1.186456 -6.363200 -6.750000
v -1.185541 -6.350447 -6.750000
v -1.184586 -6.338339 -6.750000
v -1.183602 -6.327106 -6.750000
v -1.182604 -6.316978 -6.750000
v -1.364603 -6.316978 -6.750000
v -1.363606 -6.326878 -6.750000
v -1.362622 -6.337506 -6.750000
v -1.361666 -6.348760 -6.750000
v -1.360751 -6.360534 -6.750000
v -1.359893 -6.372725 -6.750000
v -1.359103 -6.385228 -6.750000
v -1.358398 -6.397940 -6.750000
v -1.357789 -6.410756 -6.750000
v -1.357291 -6.423572 -6.750000
v -1.356919 -6.436284 -6.750000
v -1.356685 -6.448788 -6.750000
v -1.356604 -6.460979 -6.750000
v -2.286604 -6.496707 -6.750000
v -2.286604 -6.521479 -6.750000
v -2.286604 -6.548666 -6.750000
v -2.286604 -6.577645 -6.750000
v -2.286604 -6.607791 -6.750000
v -2.286604 -6.638478 -6.750000
v -2.286604 -6.669083 -6.750000
v -2.286604 -6.698978 -6.750000
v -2.286604 -6.727541 -6.750000
v -2.286604 -6.754145 -6.750000
v -2.286604 -6.778166 -6.750000
v -2.286604 -6.798978 -6.750000
v -2.285221 -6.912464 -6.750000
v -2.281048 -7.013700 -6.750000
v -2.274041 -7.103853 -6.750000
v -2.264159 -7.184090 -6.750000
v -2.251361 -7.255576 -6.750000
v -2.235605 -7.319479 -6.750000
v -2.216848 -7.376965 -6.750000
v -2.195049 -7.429201 -6.750000
v -2.170166 -7.477353 -6.750000
v -2.142160 -7.522590 -6.750000
v -2.110986 -7.566075 -6.750000
v -2.076604 -7.608978 -6.750000
v -2.042718 -7.646540 -6.750000
v -2.006345 -7.681303 -6.750000
v -1.967917 -7.713385 -6.750000
v -1.927863 -7.742904 -6.750000
v -1.886616 -7.769979 -6.750000
v -1.844605 -7.794728 -6.750000
v -1.802260 -7.817269 -6.750000
v -1.760012 -7.837719 -6.750000
v -1.718292 -7.856197 -6.750000
v -1.677530 -7.872821 -6.750000
v -1.638157 -7.887709 -6.750000
v -1.600603 -7.900978 -6.750000
v -1.470603 -7.762979 -6.750000
v -1.516294 -7.750755 -6.750000
v -1.561289 -7.737025 -6.750000
v -1.605479 -7.721697 -6.750000
v -1.648751 -7.704682 -6.750000
v -1.690997 -7.685889 -6.750000
v -1.732104 -7.665228 -6.750000
v -1.771960 -7.642609 -6.750000
v -1.810456 -7.617941 -6.750000
v -1.847479 -7.591135 -6.750000
v -1.882919 -7.562099 -6.750000
v -1.916664 -7.530744 -6.750000
v -1.948604 -7.496978 -6.750000
v -1.981699 -7.455434 -6.750000
v -2.010206 -7.413293 -6.750000
v -2.034448 -7.369791 -6.750000
v -2.054753 -7.324163 -6.750000
v -2.071446 -7.275647 -6.750000
v -2.084854 -7.223478 -6.750000
v -2.095305 -7.166893 -6.750000
v -2.103123 -7.105126 -6.750000
v -2.108636 -7.037416 -6.750000
v -2.112170 -6.962997 -6.750000
v -2.114050 -6.881105 -6.750000
v -2.114604 -6.790978 -6.750000
v -2.114604 -6.770132 -6.750000
v -2.114604 -6.746043 -6.750000
v -2.114604 -6.719384 -6.750000
v -2.114604 -6.690830 -6.750000
v -2.114604 -6.661054 -6.750000
v -2.114604 -6.630728 -6.750000
v -2.114604 -6.600528 -6.750000
v -2.114604 -6.571126 -6.750000
v -2.114604 -6.543197 -6.750000
v -2.114604 -6.517413 -6.750000
v -2.114604 -6.494450 -6.750000
v -2.114604 -6.474978 -6.750000
v -2.114522 -6.458225 -6.750000
v -2.114280 -6.441951 -6.750000
v -2.113885 -6.426135 -6.750000
v -2.113344 -6.410756 -6.750000
v -2.112665 -6.395794 -6.750000
v -2.111854 -6.381228 -6.750000
v -2.110917 -6.367037 -6.750000
v -2.109863 -6.353200 -6.750000
v -2.108697 -6.339697 -6.750000
v -2.107428 -6.326506 -6.750000
v -2.106061 -6.313607 -6.750000
v -2.104604 -6.300978 -6.750000
v -2.292604 -6.300978 -6.750000
v -2.291645 -6.313607 -6.750000
v -2.290771 -6.326506 -6.750000
v -2.289979 -6.339697 -6.750000
v -2.289271 -6.353200 -6.750000
v -2.288646 -6.367037 -6.750000
v -2.288104 -6.381228 -6.750000
v -2.287646 -6.395794 -6.750000
v -2.287271 -6.410756 -6.750000
v -2.286979 -6.426135 -6.750000
v -2.286771 -6.441951 -6.750000
v -2.286646 -6.458225 -6.750000
v -2.286604 -6.474978 -6.750000
v 0.585484 -6.464306 -6.750000
v 0.585750 -6.448432 -6.750000
v 0.586211 -6.431572 -6.750000
v 0.586879 -6.413941 -6.750000
v 0.587770 -6.395755 -6.750000
v 0.588897 -6.377229 -6.750000
v 0.590275 -6.358577 -6.750000
v 0.591916 -6.340015 -6.750000
v 0.593835 -6.321760 -6.750000
v 0.596045 -6.304025 -6.750000
v 0.598561 -6.287025 -6.750000
v 0.601396 -6.270978 -6.750000
v 0.405396 -6.270978 -6.750000
v 0.406932 -6.286949 -6.750000
v 0.408517 -6.303747 -6.750000
v 0.410115 -6.321197 -6.750000
v 0.411692 -6.339127 -6.750000
v 0.413214 -6.357361 -6.750000
v 0.414646 -6.375729 -6.750000
v 0.415952 -6.394053 -6.750000
v 0.417100 -6.412164 -6.750000
v 0.418052 -6.429884 -6.750000
v 0.418775 -6.447043 -6.750000
v 0.419235 -6.463466 -6.750000
v 0.419396 -6.478978 -6.750000
v 0.419396 -6.804978 -6.750000
v 0.351145 -6.826253 -6.750000
v 0.279053 -6.849839 -6.750000
v 0.204115 -6.875384 -6.750000
v 0.127322 -6.902534 -6.750000
v 0.049668 -6.930933 -6.750000
v -0.027854 -6.960228 -6.750000
v -0.104251 -6.990065 -6.750000
v -0.178530 -7.020089 -6.750000
v -0.249698 -7.049947 -6.750000
v -0.316761 -7.079284 -6.750000
v -0.378728 -7.107746 -6.750000
v -0.434604 -7.134978 -6.750000
v -0.366604 -7.304978 -6.750000
v -0.309584 -7.275191 -6.750000
v -0.248104 -7.245015 -6.750000
v -0.183042 -7.214728 -6.750000
v -0.115271 -7.184608 -6.750000
v -0.045667 -7.154932 -6.750000
v 0.024895 -7.125978 -6.750000
v 0.095542 -7.098024 -6.750000
v 0.165396 -7.071349 -6.750000
v 0.233583 -7.046228 -6.750000
v 0.299229 -7.022942 -6.750000
v 0.361459 -7.001765 -6.750000
v 0.419396 -6.982978 -6.750000
v 0.417396 -7.642979 -6.750000
v 0.417313 -7.659386 -6.750000
v 0.417064 -7.677404 -6.750000
v 0.416647 -7.696728 -6.750000
v 0.416063 -7.717052 -6.750000
v 0.415314 -7.738071 -6.750000
v 0.414397 -7.759479 -6.750000
v 0.413314 -7.780969 -6.750000
v 0.412063 -7.802238 -6.750000
v 0.410646 -7.822978 -6.750000
v 0.409063 -7.842886 -6.750000
v 0.407313 -7.861654 -6.750000
v 0.405396 -7.878978 -6.750000
v 0.599396 -7.878978 -6.750000
v 0.597022 -7.862304 -6.750000
v 0.594888 -7.844414 -6.750000
v 0.592992 -7.825510 -6.750000
v 0.591324 -7.805793 -6.750000
v 0.589878 -7.785466 -6.750000
v 0.588648 -7.764729 -6.750000
v 0.587625 -7.743783 -6.750000
v 0.586805 -7.722830 -6.750000
v 0.586179 -7.702072 -6.750000
v 0.585740 -7.681710 -6.750000
v 0.585481 -7.661945 -6.750000
v 0.585397 -7.642979 -6.750000
v 0.585397 -7.599756 -6.750000
v 0.585397 -7.529534 -6.750000
v 0.585397 -7.437478 -6.750000
v 0.585397 -7.328756 -6.750000
v 0.585397 -7.208534 -6.750000
v 0.585397 -7.081978 -6.750000
v 0.585397 -6.954256 -6.750000
v 0.585397 -6.830534 -6.750000
v 0.585397 -6.715979 -6.750000
v 0.585397 -6.615756 -6.750000
v 0.585397 -6.535034 -6.750000
v 0.585397 -6.478978 -6.750000
v 2.727568 -6.962978 -6.750000
v 2.655101 -6.962978 -6.750000
v 2.564522 -6.962978 -6.750000
v 2.460360 -6.962978 -6.750000
v 2.347142 -6.962978 -6.750000
v 2.229397 -6.962978 -6.750000
v 2.111651 -6.962978 -6.750000
v 1.998433 -6.962978 -6.750000
v 1.894271 -6.962978 -6.750000
v 1.803693 -6.962978 -6.750000
v 1.731225 -6.962978 -6.750000
v 1.681396 -6.962978 -6.750000
v 1.656979 -6.962858 -6.750000
v 1.633729 -6.962515 -6.750000
v 1.611646 -6.961978 -6.750000
v 1.590729 -6.961275 -6.750000
v 1.570979 -6.960432 -6.750000
v 1.552396 -6.959478 -6.750000
v 1.534980 -6.958442 -6.750000
v 1.518729 -6.957349 -6.750000
v 1.503646 -6.956228 -6.750000
v 1.489730 -6.955108 -6.750000
v 1.476979 -6.954016 -6.750000
v 1.465396 -6.952978 -6.750000
v 1.465396 -7.148978 -6.750000
v 1.476290 -7.148361 -6.750000
v 1.488887 -7.147543 -6.750000
v 1.503052 -7.146572 -6.750000
v 1.518655 -7.145497 -6.750000
v 1.535564 -7.144366 -6.750000
v 1.553646 -7.143229 -6.750000
v 1.572770 -7.142132 -6.750000
v 1.592803 -7.141127 -6.750000
v 1.613615 -7.140260 -6.750000
v 1.635072 -7.139580 -6.750000
v 1.657043 -7.139137 -6.750000
v 1.679396 -7.138978 -6.750000
v 1.729646 -7.138978 -6.750000
v 1.802396 -7.138978 -6.750000
v 1.893146 -7.138978 -6.750000
v 1.997396 -7.138978 -6.750000
v 2.110646 -7.138978 -6.750000
v 2.228396 -7.138978 -6.750000
v 2.346146 -7.138978 -6.750000
v 2.459396 -7.138978 -6.750000
v 2.563646 -7.138978 -6.750000
v 2.654396 -7.138978 -6.750000
v 2.727146 -7.138978 -6.750000
v 2.777396 -7.138978 -6.750000
v 2.804790 -7.139060 -6.750000
v 2.831878 -7.139302 -6.750000
v 2.858521 -7.139697 -6.750000
v 2.884581 -7.140238 -6.750000
v 2.909920 -7.140917 -6.750000
v 2.934397 -7.141728 -6.750000
v 2.957874 -7.142665 -6.750000
v 2.980211 -7.143719 -6.750000
v 3.001271 -7.144885 -6.750000
v 3.020915 -7.146154 -6.750000
v 3.039003 -7.147521 -6.750000
v 3.055396 -7.148978 -6.750000
v 3.055396 -6.952978 -6.750000
v 3.039461 -6.954015 -6.750000
v 3.021748 -6.955108 -6.750000
v 3.002396 -6.956228 -6.750000
v 2.981545 -6.957349 -6.750000
v 2.959332 -6.958441 -6.750000
v 2.935897 -6.959478 -6.750000
v 2.911378 -6.960432 -6.750000
v 2.885915 -6.961275 -6.750000
v 2.859647 -6.961978 -6.750000
v 2.832711 -6.962515 -6.750000
v 2.805248 -6.962858 -6.750000
v 2.777396 -6.962978 -6.750000
v 4.071396 -7.644979 -6.750000
v 4.063360 -7.598641 -6.750000
v 4.054434 -7.544784 -6.750000
v 4.044897 -7.485135 -6.750000
v 4.035026 -7.421423 -6.750000
v 4.025100 -7.355378 -6.750000
v 4.015397 -7.288729 -6.750000
v 4.006193 -7.223204 -6.750000
v 3.997767 -7.160534 -6.750000
v 3.990396 -7.102447 -6.750000
v 3.984359 -7.050673 -6.750000
v 3.979933 -7.006940 -6.750000
v 3.977396 -6.972979 -6.750000
v 4.014889 -6.972979 -6.750000
v 4.063674 -6.972979 -6.750000
v 4.121209 -6.972979 -6.750000
v 4.184952 -6.972979 -6.750001
v 4.252361 -6.972979 -6.750001
v 4.320896 -6.972979 -6.750001
v 4.388014 -6.972979 -6.750001
v 4.451174 -6.972979 -6.750001
v 4.507834 -6.972979 -6.750001
v 4.555452 -6.972979 -6.750001
v 4.591486 -6.972979 -6.750001
v 4.613396 -6.972979 -6.750001
v 4.627773 -6.973058 -6.750001
v 4.641914 -6.973284 -6.750001
v 4.655833 -6.973635 -6.750001
v 4.669544 -6.974090 -6.750001
v 4.683060 -6.974627 -6.750001
v 4.696396 -6.975228 -6.750001
v 4.709565 -6.975871 -6.750001
v 4.722581 -6.976534 -6.750001
v 4.735458 -6.977197 -6.750001
v 4.748211 -6.977839 -6.750001
v 4.760852 -6.978440 -6.750001
v 4.773396 -6.978978 -6.750001
v 4.773396 -6.810978 -6.750001
v 4.761159 -6.812475 -6.750001
v 4.748498 -6.813951 -6.750001
v 4.735490 -6.815385 -6.750001
v 4.722211 -6.816756 -6.750001
v 4.708738 -6.818044 -6.750001
v 4.695147 -6.819228 -6.750001
v 4.681513 -6.820287 -6.750001
v 4.667915 -6.821200 -6.750001
v 4.654428 -6.821947 -6.750001
v 4.641128 -6.822506 -6.750001
v 4.628092 -6.822857 -6.750001
v 4.615396 -6.822978 -6.750001
v 4.589149 -6.822978 -6.750001
v 4.550915 -6.822978 -6.750001
v 4.502959 -6.822978 -6.750001
v 4.447545 -6.822978 -6.750001
v 4.386936 -6.822978 -6.750001
v 4.323397 -6.822978 -6.750001
v 4.259191 -6.822978 -6.750001
v 4.196582 -6.822978 -6.750001
v 4.137834 -6.822978 -6.750001
v 4.085211 -6.822978 -6.750001
v 4.040977 -6.822978 -6.750000
v 4.007396 -6.822978 -6.750000
v 3.999050 -6.822856 -6.750000
v 3.990128 -6.822497 -6.750000
v 3.980803 -6.821916 -6.750000
v 3.971248 -6.821127 -6.750000
v 3.961638 -6.820143 -6.750000
v 3.952146 -6.818978 -6.750000
v 3.942946 -6.817647 -6.750000
v 3.934211 -6.816164 -6.750000
v 3.926115 -6.814541 -6.750000
v 3.918831 -6.812793 -6.750000
v 3.912534 -6.810934 -6.750000
v 3.907396 -6.808978 -6.750000
v 3.785396 -6.866979 -6.750000
v 3.786894 -6.872094 -6.750000
v 3.788378 -6.877404 -6.750000
v 3.789834 -6.882854 -6.750000
v 3.791248 -6.888386 -6.750000
v 3.792607 -6.893946 -6.750000
v 3.793896 -6.899478 -6.750000
v 3.795102 -6.904927 -6.750000
v 3.796211 -6.910237 -6.750000
v 3.797209 -6.915353 -6.750000
v 3.798081 -6.920219 -6.750000
v 3.798815 -6.924779 -6.750000
v 3.799396 -6.928978 -6.750000
v 3.804230 -6.968160 -6.750000
v 3.810563 -7.016599 -6.750000
v 3.818146 -7.072635 -6.750000
v 3.826730 -7.134608 -6.750000
v 3.836063 -7.200859 -6.750000
v 3.845896 -7.269729 -6.750000
v 3.855980 -7.339556 -6.750000
v 3.866063 -7.408682 -6.750000
v 3.875896 -7.475447 -6.750000
v 3.885229 -7.538191 -6.750000
v 3.893813 -7.595255 -6.750000
v 3.901396 -7.644979 -6.750000
v 3.705396 -7.644979 -6.750000
v 3.693847 -7.644937 -6.750000
v 3.681332 -7.644812 -6.750000
v 3.668053 -7.644603 -6.750000
v 3.654211 -7.644312 -6.750000
v 3.640009 -7.643937 -6.750000
v 3.625646 -7.643478 -6.750000
v 3.611326 -7.642937 -6.750000
v 3.597248 -7.642312 -6.750000
v 3.583615 -7.641603 -6.750000
v 3.570628 -7.640812 -6.750000
v 3.558488 -7.639936 -6.750000
v 3.547396 -7.638978 -6.750000
v 3.547396 -7.800979 -6.750000
v 3.557148 -7.800479 -6.750000
v 3.568239 -7.799988 -6.750000
v 3.580427 -7.799510 -6.750000
v 3.593470 -7.799052 -6.750000
v 3.607124 -7.798623 -6.750000
v 3.621146 -7.798228 -6.750000
v 3.635293 -7.797875 -6.750000
v 3.649322 -7.797571 -6.750000
v 3.662990 -7.797322 -6.750000
v 3.676053 -7.797136 -6.750000
v 3.688270 -7.797019 -6.750000
v 3.699396 -7.796978 -6.750000
v 3.743037 -7.796978 -6.750000
v 3.813359 -7.796978 -6.750000
v 3.904958 -7.796978 -6.750000
v 4.012433 -7.796978 -6.750000
v 4.130380 -7.796978 -6.750000
v 4.253396 -7.796978 -6.750000
v 4.376079 -7.796978 -6.750000
v 4.493026 -7.796978 -6.750000
v 4.598834 -7.796978 -6.750001
v 4.688100 -7.796978 -6.750001
v 4.755422 -7.796978 -6.750001
v 4.795396 -7.796978 -6.750001
v 4.810579 -7.797020 -6.750001
v 4.825192 -7.797145 -6.750001
v 4.839334 -7.797353 -6.750001
v 4.853100 -7.797645 -6.750001
v 4.866588 -7.798020 -6.750001
v 4.879896 -7.798478 -6.750001
v 4.893121 -7.799020 -6.750001
v 4.906359 -7.799645 -6.750001
v 4.919709 -7.800353 -6.750001
v 4.933267 -7.801145 -6.750001
v 4.947130 -7.802020 -6.750001
v 4.961396 -7.802979 -6.750001
v 4.961396 -7.636978 -6.750001
v 4.949193 -7.637976 -6.750001
v 4.936600 -7.638960 -6.750001
v 4.923646 -7.639916 -6.750001
v 4.910359 -7.640830 -6.750001
v 4.896767 -7.641689 -6.750001
v 4.882896 -7.642478 -6.750001
v 4.868776 -7.643185 -6.750001
v 4.854433 -7.643793 -6.750001
v 4.839896 -7.644291 -6.750001
v 4.825192 -7.644664 -6.750001
v 4.810350 -7.644897 -6.750001
v 4.795396 -7.644979 -6.750001
v 6.305396 -6.912978 -6.750001
v 6.305396 -6.548978 -6.750001
v 6.356340 -6.553692 -6.750001
v 6.407951 -6.557858 -6.750001
v 6.459896 -6.561510 -6.750001
v 6.511841 -6.564682 -6.750001
v 6.563452 -6.567410 -6.750001
v 6.614396 -6.569728 -6.750001
v 6.664341 -6.571671 -6.750001
v 6.712952 -6.573275 -6.750001
v 6.759896 -6.574572 -6.750001
v 6.804841 -6.575599 -6.750001
v 6.847452 -6.576389 -6.750001
v 6.887396 -6.576978 -6.750001
v 6.927396 -6.428978 -6.750001
v 6.886368 -6.430183 -6.750001
v 6.839840 -6.430784 -6.750001
v 6.788646 -6.430759 -6.750001
v 6.733618 -6.430089 -6.750001
v 6.675591 -6.428752 -6.750001
v 6.615396 -6.426728 -6.750001
v 6.553868 -6.423995 -6.750001
v 6.491840 -6.420534 -6.750001
v 6.430146 -6.416322 -6.750001
v 6.369618 -6.411339 -6.750001
v 6.311090 -6.405565 -6.750001
v 6.255396 -6.398978 -6.750001
v 6.208882 -6.392036 -6.750001
v 6.160785 -6.384274 -6.750001
v 6.111771 -6.375791 -6.750001
v 6.062507 -6.366682 -6.750001
v 6.013660 -6.357045 -6.750001
v 5.965896 -6.346978 -6.750001
v 5.919882 -6.336578 -6.750001
v 5.876285 -6.325941 -6.750001
v 5.835771 -6.315166 -6.750001
v 5.799007 -6.304349 -6.750001
v 5.766660 -6.293587 -6.750001
v 5.739396 -6.282978 -6.750001
v 5.633396 -6.420979 -6.750001
v 5.644308 -6.423937 -6.750001
v 5.655025 -6.426812 -6.750001
v 5.665521 -6.429604 -6.750001
v 5.675766 -6.432312 -6.750001
v 5.685734 -6.434937 -6.750001
v 5.695396 -6.437478 -6.750001
v 5.704725 -6.439937 -6.750001
v 5.713693 -6.442311 -6.750001
v 5.722271 -6.444603 -6.750001
v 5.730433 -6.446812 -6.750001
v 5.738151 -6.448936 -6.750001
v 5.745396 -6.450978 -6.750001
v 5.771484 -6.457555 -6.750001
v 5.799600 -6.464256 -6.750001
v 5.829521 -6.471041 -6.750001
v 5.861026 -6.477867 -6.750001
v 5.893891 -6.484694 -6.750001
v 5.927896 -6.491478 -6.750001
v 5.962818 -6.498179 -6.750001
v 5.998433 -6.504756 -6.750001
v 6.034521 -6.511166 -6.750001
v 6.070859 -6.517367 -6.750001
v 6.107225 -6.523318 -6.750001
v 6.143396 -6.528978 -6.750001
v 6.143396 -6.912978 -6.750001
v 5.591396 -6.912978 -6.750001
v 5.579846 -6.912897 -6.750001
v 5.567331 -6.912663 -6.750001
v 5.554052 -6.912291 -6.750001
v 5.540211 -6.911793 -6.750001
v 5.526009 -6.911184 -6.750001
v 5.511646 -6.910479 -6.750001
v 5.497325 -6.909689 -6.750001
v 5.483248 -6.908830 -6.750001
v 5.469615 -6.907916 -6.750001
v 5.456628 -6.906960 -6.750001
v 5.444488 -6.905976 -6.750001
v 5.433396 -6.904978 -6.750001
v 5.433396 -7.070978 -6.750001
v 5.444715 -7.069981 -6.750001
v 5.456610 -7.068997 -6.750001
v 5.468990 -7.068041 -6.750001
v 5.481767 -7.067126 -6.750001
v 5.494849 -7.066268 -6.750001
v 5.508146 -7.065478 -6.750001
v 5.521569 -7.064773 -6.750001
v 5.535026 -7.064163 -6.750001
v 5.548428 -7.063666 -6.750001
v 5.561684 -7.063293 -6.750001
v 5.574703 -7.063059 -6.750001
v 5.587396 -7.062978 -6.750001
v 6.145396 -7.062978 -6.750001
v 6.153522 -7.154213 -6.750001
v 6.167072 -7.241025 -6.750001
v 6.186303 -7.323572 -6.750001
v 6.211471 -7.402016 -6.750001
v 6.242833 -7.476514 -6.750001
v 6.280646 -7.547228 -6.750001
v 6.325169 -7.614317 -6.750001
v 6.376656 -7.677941 -6.750001
v 6.435365 -7.738259 -6.750001
v 6.501554 -7.795432 -6.750001
v 6.575479 -7.849618 -6.750001
v 6.657396 -7.900978 -6.750001
v 6.815396 -7.790978 -6.750001
v 6.739517 -7.752821 -6.750001
v 6.669859 -7.711219 -6.750001
v 6.606397 -7.665978 -6.750001
v 6.549100 -7.616904 -6.750001
v 6.497943 -7.563803 -6.750001
v 6.452896 -7.506478 -6.750001
v 6.413933 -7.444737 -6.750001
v 6.381026 -7.378386 -6.750001
v 6.354146 -7.307228 -6.750001
v 6.333266 -7.231071 -6.750001
v 6.318359 -7.149719 -6.750001
v 6.309396 -7.062978 -6.750001
v 6.903397 -7.062978 -6.750001
v 6.919466 -7.063060 -6.750001
v 6.935619 -7.063293 -6.750001
v 6.951772 -7.063666 -6.750001
v 6.967841 -7.064164 -6.750001
v 6.983744 -7.064773 -6.750001
v 6.999396 -7.065478 -6.750001
v 7.014716 -7.066268 -6.750001
v 7.029619 -7.067126 -6.750001
v 7.044022 -7.068041 -6.750001
v 7.057841 -7.068997 -6.750001
v 7.070993 -7.069981 -6.750001
v 7.083396 -7.070978 -6.750001
v 7.083396 -6.904978 -6.750001
v 7.071416 -6.905976 -6.750001
v 7.058554 -6.906960 -6.750001
v 7.044928 -6.907916 -6.750001
v 7.030656 -6.908830 -6.750001
v 7.015856 -6.909689 -6.750001
v 7.000647 -6.910479 -6.750001
v 6.985146 -6.911184 -6.750001
v 6.969471 -6.911793 -6.750001
v 6.953740 -6.912291 -6.750001
v 6.938072 -6.912663 -6.750001
v 6.922585 -6.912897 -6.750001
v 6.907396 -6.912978 -6.750001
v 8.321397 -6.630979 -6.750001
v 8.321397 -7.818978 -6.750001
v 8.517396 -7.818978 -6.750001
v 8.517396 -6.630979 -6.750001
v 8.989396 -6.630979 -6.750001
v 8.989396 -6.454978 -6.750001
v 7.849397 -6.454978 -6.750001
v 7.849397 -6.630979 -6.750001
v 8.321397 -6.630979 -6.750001
v 8.321397 -6.630979 -7.250001
v 8.321397 -7.818978 -6.750001
v 8.321397 -7.818978 -7.250001
v 8.517396 -7.818978 -6.750001
v 8.517396 -7.818978 -7.250001
v 8.517396 -6.630979 -6.750001
v 8.517396 -6.630979 -7.250001
v 8.989396 -6.630979 -6.750001
v 8.989396 -6.630979 -7.250001
v 8.989396 -6.454978 -6.750001
v 8.989396 -6.454978 -7.250001
v 7.849397 -6.454978 -6.750001
v 7.849397 -6.454978 -7.250001
v 7.849397 -6.630979 -6.750001
v 7.849397 -6.630979 -7.250001
v 6.305396 -6.912978 -6.750001
v 6.305396 -6.912978 -7.250001
v 6.305396 -6.548978 -6.750001
v 6.305396 -6.548978 -7.250001
v 6.356340 -6.553692 -6.750001
v 6.356340 -6.553692 -7.250001
v 6.407951 -6.557858 -6.750001
v 6.407951 -6.557858 -7.250001
v 6.459896 -6.561510 -6.750001
v 6.459896 -6.561510 -7.250001
v 6.511841 -6.564682 -6.750001
v 6.511841 -6.564682 -7.250001
v 6.563452 -6.567410 -6.750001
v 6.563452 -6.567410 -7.250001
v 6.614396 -6.569728 -6.750001
v 6.614396 -6.569728 -7.250001
v 6.664341 -6.571671 -6.750001
v 6.664341 -6.571671 -7.250001
v 6.712952 -6.573275 -6.750001
v 6.712952 -6.573275 -7.250001
v 6.759896 -6.574572 -6.750001
v 6.759896 -6.574572 -7.250001
v 6.804841 -6.575599 -6.750001
v 6.804841 -6.575599 -7.250001
v 6.847452 -6.576389 -6.750001
v 6.847452 -6.576389 -7.250001
v 6.887396 -6.576978 -6.750001
v 6.887396 -6.576978 -7.250001
v 6.927396 -6.428978 -6.750001
v 6.927396 -6.428978 -7.250001
v 6.886368 -6.430183 -6.750001
v 6.886368 -6.430183 -7.250001
v 6.839840 -6.430784 -6.750001
v 6.839840 -6.430784 -7.250001
v 6.788646 -6.430759 -6.750001
v 6.788646 -6.430759 -7.250001
v 6.733618 -6.430089 -6.750001
v 6.733618 -6.430089 -7.250001
v 6.675591 -6.428752 -6.750001
v 6.675591 -6.428752 -7.250001
v 6.615396 -6.426728 -6.750001
v 6.615396 -6.426728 -7.250001
v 6.553868 -6.423995 -6.750001
v 6.553868 -6.423995 -7.250001
v 6.491840 -6.420534 -6.750001
v 6.491840 -6.420534 -7.250001
v 6.430146 -6.416322 -6.750001
v 6.430146 -6.416322 -7.250001
v 6.369618 -6.411339 -6.750001
v 6.369618 -6.411339 -7.250001
v 6.311090 -6.405565 -6.750001
v 6.311090 -6.405565 -7.250001
v 6.255396 -6.398978 -6.750001
v 6.255396 -6.398978 -7.250001
v 6.208882 -6.392036 -6.750001
v 6.208882 -6.392036 -7.250001
v 6.160785 -6.384274 -6.750001
v 6.160785 -6.384274 -7.250001
v 6.111771 -6.375791 -6.750001
v 6.111771 -6.375791 -7.250001
v 6.062507 -6.366682 -6.750001
v 6.062507 -6.366682 -7.250001
v 6.013660 -6.357045 -6.750001
v 6.013660 -6.357045 -7.250001
v 5.965896 -6.346978 -6.750001
v 5.965896 -6.346978 -7.250001
v 5.919882 -6.336578 -6.750001
v 5.919882 -6.336578 -7.250001
v 5.876285 -6.325941 -6.750001
v 5.876285 -6.325941 -7.250001
v 5.835771 -6.315166 -6.750001
v 5.835771 -6.315166 -7.250001
v 5.799007 -6.304349 -6.750001
v 5.799007 -6.304349 -7.250001
v 5.766660 -6.293587 -6.750001
v 5.766660 -6.293587 -7.250001
v 5.739396 -6.282978 -6.750001
v 5.739396 -6.282978 -7.250001
v 5.633396 -6.420979 -6.750001
v 5.633396 -6.420979 -7.250001
v 5.644308 -6.423937 -6.750001
v 5.644308 -6.423937 -7.250001
v 5.655025 -6.426812 -6.750001
v 5.655025 -6.426812 -7.250001
v 5.665521 -6.429604 -6.750001
v 5.665521 -6.429604 -7.250001
v 5.675766 -6.432312 -6.750001
v 5.675766 -6.432312 -7.250001
v 5.685734 -6.434937 -6.750001
v 5.685734 -6.434937 -7.250001
v 5.695396 -6.437478 -6.750001
v 5.695396 -6.437478 -7.250001
v 5.704725 -6.439937 -6.750001
v 5.704725 -6.439937 -7.250001
v 5.713693 -6.442311 -6.750001
v 5.713693 -6.442311 -7.250001
v 5.722271 -6.444603 -6.750001
v 5.722271 -6.444603 -7.250001
v 5.730433 -6.446812 -6.750001
v 5.730433 -6.446812 -7.250001
v 5.738151 -6.448936 -6.750001
v 5.738151 -6.448936 -7.250001
v 5.745396 -6.450978 -6.750001
v 5.745396 -6.450978 -7.250001
v 5.771484 -6.457555 -6.750001
v 5.771484 -6.457555 -7.250001
v 5.799600 -6.464256 -6.750001
v 5.799600 -6.464256 -7.250001
v 5.829521 -6.471041 -6.750001
v 5.829521 -6.471041 -7.250001
v 5.861026 -6.477867 -6.750001
v 5.861026 -6.477867 -7.250001
v 5.893891 -6.484694 -6.750001
v 5.893891 -6.484694 -7.250001
v 5.927896 -6.491478 -6.750001
v 5.927896 -6.491478 -7.250001
v 5.962818 -6.498179 -6.750001
v 5.962818 -6.498179 -7.250001
v 5.998433 -6.504756 -6.750001
v 5.998433 -6.504756 -7.250001
v 6.034521 -6.511166 -6.750001
v 6.034521 -6.511166 -7.250001
v 6.070859 -6.517367 -6.750001
v 6.070859 -6.517367 -7.250001
v 6.107225 -6.523318 -6.750001
v 6.107225 -6.523318 -7.250001
v 6.143396 -6.528978 -6.750001
v 6.143396 -6.528978 -7.250001
v 6.143396 -6.912978 -6.750001
v 6.143396 -6.912978 -7.250001
v 5.591396 -6.912978 -6.750001
v 5.591396 -6.912978 -7.250001
v 5.579846 -6.912897 -6.750001
v 5.579846 -6.912897 -7.250001
v 5.567331 -6.912663 -6.750001
v 5.567331 -6.912663 -7.250001
v 5.554052 -6.912291 -6.750001
v 5.554052 -6.912291 -7.250001
v 5.540211 -6.911793 -6.750001
v 5.540211 -6.911793 -7.250001
v 5.526009 -6.911184 -6.750001
v 5.526009 -6.911184 -7.250001
v 5.511646 -6.910479 -6.750001
v 5.511646 -6.910479 -7.250001
v 5.497325 -6.909689 -6.750001
v 5.497325 -6.909689 -7.250001
v 5.483248 -6.908830 -6.750001
v 5.483248 -6.908830 -7.250001
v 5.469615 -6.907916 -6.750001
v 5.469615 -6.907916 -7.250001
v 5.456628 -6.906960 -6.750001
v 5.456628 -6.906960 -7.250001
v 5.444488 -6.905976 -6.750001
v 5.444488 -6.905976 -7.250001
v 5.433396 -6.904978 -6.750001
v 5.433396 -6.904978 -7.250001
v 5.433396 -7.070978 -6.750001
v 5.433396 -7.070978 -7.250001
v 5.444715 -7.069981 -6.750001
v 5.444715 -7.069981 -7.250001
v 5.456610 -7.068997 -6.750001
v 5.456610 -7.068997 -7.250001
v 5.468990 -7.068041 -6.750001
v 5.468990 -7.068041 -7.250001
v 5.481767 -7.067126 -6.750001
v 5.481767 -7.067126 -7.250001
v 5.494849 -7.066268 -6.750001
v 5.494849 -7.066268 -7.250001
v 5.508146 -7.065478 -6.750001
v 5.508146 -7.065478 -7.250001
v 5.521569 -7.064773 -6.750001
v 5.521569 -7.064773 -7.250001
v 5.535026 -7.064163 -6.750001
v 5.535026 -7.064163 -7.250001
v 5.548428 -7.063666 -6.750001
v 5.548428 -7.063666 -7.250001
v 5.561684 -7.063293 -6.750001
v 5.561684 -7.063293 -7.250001
v 5.574703 -7.063059 -6.750001
v 5.574703 -7.063059 -7.250001
v 5.587396 -7.062978 -6.750001
v 5.587396 -7.062978 -7.250001
v 6.145396 -7.062978 -6.750001
v 6.145396 -7.062978 -7.250001
v 6.153522 -7.154213 -6.750001
v 6.153522 -7.154213 -7.250001
v 6.167072 -7.241025 -6.750001
v 6.167072 -7.241025 -7.250001
v 6.186303 -7.323572 -6.750001
v 6.186303 -7.323572 -7.250001
v 6.211471 -7.402016 -6.750001
v 6.211471 -7.402016 -7.250001
v 6.242833 -7.476514 -6.750001
v 6.242833 -7.476514 -7.250001
v 6.280646 -7.547228 -6.750001
v 6.280646 -7.547228 -7.250001
v 6.325169 -7.614317 -6.750001
v 6.325169 -7.614317 -7.250001
v 6.376656 -7.677941 -6.750001
v 6.376656 -7.677941 -7.250001
v 6.435365 -7.738259 -6.750001
v 6.435365 -7.738259 -7.250001
v 6.501554 -7.795432 -6.750001
v 6.501554 -7.795432 -7.250001
v 6.575479 -7.849618 -6.750001
v 6.575479 -7.849618 -7.250001
v 6.657396 -7.900978 -6.750001
v 6.657396 -7.900978 -7.250001
v 6.815396 -7.790978 -6.750001
v 6.815396 -7.790978 -7.250001
v 6.739517 -7.752821 -6.750001
v 6.739517 -7.752821 -7.250001
v 6.669859 -7.711219 -6.750001
v 6.669859 -7.711219 -7.250001
v 6.606397 -7.665978 -6.750001
v 6.606397 -7.665978 -7.250001
v 6.549100 -7.616904 -6.750001
v 6.549100 -7.616904 -7.250001
v 6.497943 -7.563803 -6.750001
v 6.497943 -7.563803 -7.250001
v 6.452896 -7.506478 -6.750001
v 6.452896 -7.506478 -7.250001
v 6.413933 -7.444737 -6.750001
v 6.413933 -7.444737 -7.250001
v 6.381026 -7.378386 -6.750001
v 6.381026 -7.378386 -7.250001
v 6.354146 -7.307228 -6.750001
v 6.354146 -7.307228 -7.250001
v 6.333266 -7.231071 -6.750001
v 6.333266 -7.231071 -7.250001
v 6.318359 -7.149719 -6.750001
v 6.318359 -7.149719 -7.250001
v 6.309396 -7.062978 -6.750001
v 6.309396 -7.062978 -7.250001
v 6.903397 -7.062978 -6.750001
v 6.903397 -7.062978 -7.250001
v 6.919466 -7.063060 -6.750001
v 6.919466 -7.063060 -7.250001
v 6.935619 -7.063293 -6.750001
v 6.935619 -7.063293 -7.250001
v 6.951772 -7.063666 -6.750001
v 6.951772 -7.063666 -7.250001
v 6.967841 -7.064164 -6.750001
v 6.967841 -7.064164 -7.250001
v 6.983744 -7.064773 -6.750001
v 6.983744 -7.064773 -7.250001
v 6.999396 -7.065478 -6.750001
v 6.999396 -7.065478 -7.250001
v 7.014716 -7.066268 -6.750001
v 7.014716 -7.066268 -7.250001
v 7.029619 -7.067126 -6.750001
v 7.029619 -7.067126 -7.250001
v 7.044022 -7.068041 -6.750001
v 7.044022 -7.068041 -7.250001
v 7.057841 -7.068997 -6.750001
v 7.057841 -7.068997 -7.250001
v 7.070993 -7.069981 -6.750001
v 7.070993 -7.069981 -7.250001
v 7.083396 -7.070978 -6.750001
v 7.083396 -7.070978 -7.250001
v 7.083396 -6.904978 -6.750001
v 7.083396 -6.904978 -7.250001
v 7.071416 -6.905976 -6.750001
v 7.071416 -6.905976 -7.250001
v 7.058554 -6.906960 -6.750001
v 7.058554 -6.906960 -7.250001
v 7.044928 -6.907916 -6.750001
v 7.044928 -6.907916 -7.250001
v 7.030656 -6.908830 -6.750001
v 7.030656 -6.908830 -7.250001
v 7.015856 -6.909689 -6.750001
v 7.015856 -6.909689 -7.250001
v 7.000647 -6.910479 -6.750001
v 7.000647 -6.910479 -7.250001
v 6.985146 -6.911184 -6.750001
v 6.985146 -6.911184 -7.250001
v 6.969471 -6.911793 -6.750001
v 6.969471 -6.911793 -7.250001
v 6.953740 -6.912291 -6.750001
v 6.953740 -6.912291 -7.250001
v 6.938072 -6.912663 -6.750001
v 6.938072 -6.912663 -7.250001
v 6.922585 -6.912897 -6.750001
v 6.922585 -6.912897 -7.250001
v 6.907396 -6.912978 -6.750001
v 6.907396 -6.912978 -7.250001
v 4.071396 -7.644979 -6.750000
v 4.071396 -7.644979 -7.250000
v 4.063360 -7.598641 -6.750000
v 4.063360 -7.598641 -7.250000
v 4.054434 -7.544784 -6.750000
v 4.054434 -7.544784 -7.250000
v 4.044897 -7.485135 -6.750000
v 4.044897 -7.485135 -7.250000
v 4.035026 -7.421423 -6.750000
v 4.035026 -7.421423 -7.250000
v 4.025100 -7.355378 -6.750000
v 4.025100 -7.355378 -7.250000
v 4.015397 -7.288729 -6.750000
v 4.015397 -7.288729 -7.250000
v 4.006193 -7.223204 -6.750000
v 4.006193 -7.223204 -7.250000
v 3.997767 -7.160534 -6.750000
v 3.997767 -7.160534 -7.250000
v 3.990396 -7.102447 -6.750000
v 3.990396 -7.102447 -7.250000
v 3.984359 -7.050673 -6.750000
v 3.984359 -7.050673 -7.250000
v 3.979933 -7.006940 -6.750000
v 3.979933 -7.006940 -7.250000
v 3.977396 -6.972979 -6.750000
v 3.977396 -6.972979 -7.250000
v 4.014889 -6.972979 -6.750000
v 4.014889 -6.972979 -7.250000
v 4.063674 -6.972979 -6.750000
v 4.063674 -6.972979 -7.250001
v 4.121209 -6.972979 -6.750000
v 4.121209 -6.972979 -7.250001
v 4.184952 -6.972979 -6.750001
v 4.184952 -6.972979 -7.250001
v 4.252361 -6.972979 -6.750001
v 4.252361 -6.972979 -7.250001
v 4.320896 -6.972979 -6.750001
v 4.320896 -6.972979 -7.250001
v 4.388014 -6.972979 -6.750001
v 4.388014 -6.972979 -7.250001
v 4.451174 -6.972979 -6.750001
v 4.451174 -6.972979 -7.250001
v 4.507834 -6.972979 -6.750001
v 4.507834 -6.972979 -7.250001
v 4.555452 -6.972979 -6.750001
v 4.555452 -6.972979 -7.250001
v 4.591486 -6.972979 -6.750001
v 4.591486 -6.972979 -7.250001
v 4.613396 -6.972979 -6.750001
v 4.613396 -6.972979 -7.250001
v 4.627773 -6.973058 -6.750001
v 4.627773 -6.973058 -7.250001
v 4.641914 -6.973284 -6.750001
v 4.641914 -6.973284 -7.250001
v 4.655833 -6.973635 -6.750001
v 4.655833 -6.973635 -7.250001
v 4.669544 -6.974090 -6.750001
v 4.669544 -6.974090 -7.250001
v 4.683060 -6.974627 -6.750001
v 4.683060 -6.974627 -7.250001
v 4.696396 -6.975228 -6.750001
v 4.696396 -6.975228 -7.250001
v 4.709565 -6.975871 -6.750001
v 4.709565 -6.975871 -7.250001
v 4.722581 -6.976534 -6.750001
v 4.722581 -6.976534 -7.250001
v 4.735458 -6.977197 -6.750001
v 4.735458 -6.977197 -7.250001
v 4.748211 -6.977839 -6.750001
v 4.748211 -6.977839 -7.250001
v 4.760852 -6.978440 -6.750001
v 4.760852 -6.978440 -7.250001
v 4.773396 -6.978978 -6.750001
v 4.773396 -6.978978 -7.250001
v 4.773396 -6.810978 -6.750001
v 4.773396 -6.810978 -7.250001
v 4.761159 -6.812475 -6.750001
v 4.761159 -6.812475 -7.250001
v 4.748498 -6.813951 -6.750001
v 4.748498 -6.813951 -7.250001
v 4.735490 -6.815385 -6.750001
v 4.735490 -6.815385 -7.250001
v 4.722211 -6.816756 -6.750001
v 4.722211 -6.816756 -7.250001
v 4.708738 -6.818044 -6.750001
v 4.708738 -6.818044 -7.250001
v 4.695147 -6.819228 -6.750001
v 4.695147 -6.819228 -7.250001
v 4.681513 -6.820287 -6.750001
v 4.681513 -6.820287 -7.250001
v 4.667915 -6.821200 -6.750001
v 4.667915 -6.821200 -7.250001
v 4.654428 -6.821947 -6.750001
v 4.654428 -6.821947 -7.250001
v 4.641128 -6.822506 -6.750001
v 4.641128 -6.822506 -7.250001
v 4.628092 -6.822857 -6.750001
v 4.628092 -6.822857 -7.250001
v 4.615396 -6.822978 -6.750001
v 4.615396 -6.822978 -7.250001
v 4.589149 -6.822978 -6.750001
v 4.589149 -6.822978 -7.250001
v 4.550915 -6.822978 -6.750001
v 4.550915 -6.822978 -7.250001
v 4.502959 -6.822978 -6.750001
v 4.502959 -6.822978 -7.250001
v 4.447545 -6.822978 -6.750001
v 4.447545 -6.822978 -7.250001
v 4.386936 -6.822978 -6.750001
v 4.386936 -6.822978 -7.250001
v 4.323397 -6.822978 -6.750001
v 4.323397 -6.822978 -7.250001
v 4.259191 -6.822978 -6.750001
v 4.259191 -6.822978 -7.250001
v 4.196582 -6.822978 -6.750001
v 4.196582 -6.822978 -7.250001
v 4.137834 -6.822978 -6.750001
v 4.137834 -6.822978 -7.250001
v 4.085211 -6.822978 -6.750001
v 4.085211 -6.822978 -7.250001
v 4.040977 -6.822978 -6.750000
v 4.040977 -6.822978 -7.250001
v 4.007396 -6.822978 -6.750000
v 4.007396 -6.822978 -7.250001
v 3.999050 -6.822856 -6.750000
v 3.999050 -6.822856 -7.250001
v 3.990128 -6.822497 -6.750000
v 3.990128 -6.822497 -7.250001
v 3.980803 -6.821916 -6.750000
v 3.980803 -6.821916 -7.250001
v 3.971248 -6.821127 -6.750000
v 3.971248 -6.821127 -7.250001
v 3.961638 -6.820143 -6.750000
v 3.961638 -6.820143 -7.250000
v 3.952146 -6.818978 -6.750000
v 3.952146 -6.818978 -7.250000
v 3.942946 -6.817647 -6.750000
v 3.942946 -6.817647 -7.250000
v 3.934211 -6.816164 -6.750000
v 3.934211 -6.816164 -7.250000
v 3.926115 -6.814541 -6.750000
v 3.926115 -6.814541 -7.250000
v 3.918831 -6.812793 -6.750000
v 3.918831 -6.812793 -7.250000
v 3.912534 -6.810934 -6.750000
v 3.912534 -6.810934 -7.250000
v 3.907396 -6.808978 -6.750000
v 3.907396 -6.808978 -7.250000
v 3.785396 -6.866979 -6.750000
v 3.785396 -6.866979 -7.250000
v 3.786894 -6.872094 -6.750000
v 3.786894 -6.872094 -7.250000
v 3.788378 -6.877404 -6.750000
v 3.788378 -6.877404 -7.250000
v 3.789834 -6.882854 -6.750000
v 3.789834 -6.882854 -7.250000
v 3.791248 -6.888386 -6.750000
v 3.791248 -6.888386 -7.250000
v 3.792607 -6.893946 -6.750000
v 3.792607 -6.893946 -7.250000
v 3.793896 -6.899478 -6.750000
v 3.793896 -6.899478 -7.250000
v 3.795102 -6.904927 -6.750000
v 3.795102 -6.904927 -7.250000
v 3.796211 -6.910237 -6.750000
v 3.796211 -6.910237 -7.250000
v 3.797209 -6.915353 -6.750000
v 3.797209 -6.915353 -7.250000
v 3.798081 -6.920219 -6.750000
v 3.798081 -6.920219 -7.250000
v 3.798815 -6.924779 -6.750000
v 3.798815 -6.924779 -7.250000
v 3.799396 -6.928978 -6.750000
v 3.799396 -6.928978 -7.250000
v 3.804230 -6.968160 -6.750000
v 3.804230 -6.968160 -7.250000
v 3.810563 -7.016599 -6.750000
v 3.810563 -7.016599 -7.250000
v 3.818146 -7.072635 -6.750000
v 3.818146 -7.072635 -7.250000
v 3.826730 -7.134608 -6.750000
v 3.826730 -7.134608 -7.250000
v 3.836063 -7.200859 -6.750000
v 3.836063 -7.200859 -7.250000
v 3.845896 -7.269729 -6.750000
v 3.845896 -7.269729 -7.250000
v 3.855980 -7.339556 -6.750000
v 3.855980 -7.339556 -7.250000
v 3.866063 -7.408682 -6.750000
v 3.866063 -7.408682 -7.250000
v 3.875896 -7.475447 -6.750000
v 3.875896 -7.475447 -7.250000
v 3.885229 -7.538191 -6.750000
v 3.885229 -7.538191 -7.250000
v 3.893813 -7.595255 -6.750000
v 3.893813 -7.595255 -7.250000
v 3.901396 -7.644979 -6.750000
v 3.901396 -7.644979 -7.250000
v 3.705396 -7.644979 -6.750000
v 3.705396 -7.644979 -7.250000
v 3.693847 -7.644937 -6.750000
v 3.693847 -7.644937 -7.250000
v 3.681332 -7.644812 -6.750000
v 3.681332 -7.644812 -7.250000
v 3.668053 -7.644603 -6.750000
v 3.668053 -7.644603 -7.250000
v 3.654211 -7.644312 -6.750000
v 3.654211 -7.644312 -7.250000
v 3.640009 -7.643937 -6.750000
v 3.640009 -7.643937 -7.250000
v 3.625646 -7.643478 -6.750000
v 3.625646 -7.643478 -7.250000
v 3.611326 -7.642937 -6.750000
v 3.611326 -7.642937 -7.250000
v 3.597248 -7.642312 -6.750000
v 3.597248 -7.642312 -7.250000
v 3.583615 -7.641603 -6.750000
v 3.583615 -7.641603 -7.250000
v 3.570628 -7.640812 -6.750000
v 3.570628 -7.640812 -7.250000
v 3.558488 -7.639936 -6.750000
v 3.558488 -7.639936 -7.250000
v 3.547396 -7.638978 -6.750000
v 3.547396 -7.638978 -7.250000
v 3.547396 -7.800979 -6.750000
v 3.547396 -7.800979 -7.250000
v 3.557148 -7.800479 -6.750000
v 3.557148 -7.800479 -7.250000
v 3.568239 -7.799988 -6.750000
v 3.568239 -7.799988 -7.250000
v 3.580427 -7.799510 -6.750000
v 3.580427 -7.799510 -7.250000
v 3.593470 -7.799052 -6.750000
v 3.593470 -7.799052 -7.250000
v 3.607124 -7.798623 -6.750000
v 3.607124 -7.798623 -7.250000
v 3.621146 -7.798228 -6.750000
v 3.621146 -7.798228 -7.250000
v 3.635293 -7.797875 -6.750000
v 3.635293 -7.797875 -7.250000
v 3.649322 -7.797571 -6.750000
v 3.649322 -7.797571 -7.250000
v 3.662990 -7.797322 -6.750000
v 3.662990 -7.797322 -7.250000
v 3.676053 -7.797136 -6.750000
v 3.676053 -7.797136 -7.250000
v 3.688270 -7.797019 -6.750000
v 3.688270 -7.797019 -7.250000
v 3.699396 -7.796978 -6.750000
v 3.699396 -7.796978 -7.250000
v 3.743037 -7.796978 -6.750000
v 3.743037 -7.796978 -7.250000
v 3.813359 -7.796978 -6.750000
v 3.813359 -7.796978 -7.250000
v 3.904958 -7.796978 -6.750000
v 3.904958 -7.796978 -7.250000
v 4.012433 -7.796978 -6.750000
v 4.012433 -7.796978 -7.250000
v 4.130380 -7.796978 -6.750000
v 4.130380 -7.796978 -7.250000
v 4.253396 -7.796978 -6.750000
v 4.253396 -7.796978 -7.250000
v 4.376079 -7.796978 -6.750000
v 4.376079 -7.796978 -7.250000
v 4.493026 -7.796978 -6.750000
v 4.493026 -7.796978 -7.250001
v 4.598834 -7.796978 -6.750001
v 4.598834 -7.796978 -7.250001
v 4.688100 -7.796978 -6.750001
v 4.688100 -7.796978 -7.250001
v 4.755422 -7.796978 -6.750001
v 4.755422 -7.796978 -7.250001
v 4.795396 -7.796978 -6.750001
v 4.795396 -7.796978 -7.250001
v 4.810579 -7.797020 -6.750001
v 4.810579 -7.797020 -7.250001
v 4.825192 -7.797145 -6.750001
v 4.825192 -7.797145 -7.250001
v 4.839334 -7.797353 -6.750001
v 4.839334 -7.797353 -7.250001
v 4.853100 -7.797645 -6.750001
v 4.853100 -7.797645 -7.250001
v 4.866588 -7.798020 -6.750001
v 4.866588 -7.798020 -7.250001
v 4.879896 -7.798478 -6.750001
v 4.879896 -7.798478 -7.250001
v 4.893121 -7.799020 -6.750001
v 4.893121 -7.799020 -7.250001
v 4.906359 -7.799645 -6.750001
v 4.906359 -7.799645 -7.250001
v 4.919709 -7.800353 -6.750001
v 4.919709 -7.800353 -7.250001
v 4.933267 -7.801145 -6.750001
v 4.933267 -7.801145 -7.250001
v 4.947130 -7.802020 -6.750001
v 4.947130 -7.802020 -7.250001
v 4.961396 -7.802979 -6.750001
v 4.961396 -7.802979 -7.250001
v 4.961396 -7.636978 -6.750001
v 4.961396 -7.636978 -7.250001
v 4.949193 -7.637976 -6.750001
v 4.949193 -7.637976 -7.250001
v 4.936600 -7.638960 -6.750001
v 4.936600 -7.638960 -7.250001
v 4.923646 -7.639916 -6.750001
v 4.923646 -7.639916 -7.250001
v 4.910359 -7.640830 -6.750001
v 4.910359 -7.640830 -7.250001
v 4.896767 -7.641689 -6.750001
v 4.896767 -7.641689 -7.250001
v 4.882896 -7.642478 -6.750001
v 4.882896 -7.642478 -7.250001
v 4.868776 -7.643185 -6.750001
v 4.868776 -7.643185 -7.250001
v 4.854433 -7.643793 -6.750001
v 4.854433 -7.643793 -7.250001
v 4.839896 -7.644291 -6.750001
v 4.839896 -7.644291 -7.250001
v 4.825192 -7.644664 -6.750001
v 4.825192 -7.644664 -7.250001
v 4.810350 -7.644897 -6.750001
v 4.810350 -7.644897 -7.250001
v 4.795396 -7.644979 -6.750001
v 4.795396 -7.644979 -7.250001
v 2.727568 -6.962978 -6.750000
v 2.727568 -6.962978 -7.250000
v 2.655101 -6.962978 -6.750000
v 2.655101 -6.962978 -7.250000
v 2.564522 -6.962978 -6.750000
v 2.564522 -6.962978 -7.250000
v 2.460360 -6.962978 -6.750000
v 2.460360 -6.962978 -7.250000
v 2.347142 -6.962978 -6.750000
v 2.347142 -6.962978 -7.250000
v 2.229397 -6.962978 -6.750000
v 2.229397 -6.962978 -7.250000
v 2.111651 -6.962978 -6.750000
v 2.111651 -6.962978 -7.250000
v 1.998433 -6.962978 -6.750000
v 1.998433 -6.962978 -7.250000
v 1.894271 -6.962978 -6.750000
v 1.894271 -6.962978 -7.250000
v 1.803693 -6.962978 -6.750000
v 1.803693 -6.962978 -7.250000
v 1.731225 -6.962978 -6.750000
v 1.731225 -6.962978 -7.250000
v 1.681396 -6.962978 -6.750000
v 1.681396 -6.962978 -7.250000
v 1.656979 -6.962858 -6.750000
v 1.656979 -6.962858 -7.250000
v 1.633729 -6.962515 -6.750000
v 1.633729 -6.962515 -7.250000
v 1.611646 -6.961978 -6.750000
v 1.611646 -6.961978 -7.250000
v 1.590729 -6.961275 -6.750000
v 1.590729 -6.961275 -7.250000
v 1.570979 -6.960432 -6.750000
v 1.570979 -6.960432 -7.250000
v 1.552396 -6.959478 -6.750000
v 1.552396 -6.959478 -7.250000
v 1.534980 -6.958442 -6.750000
v 1.534980 -6.958442 -7.250000
v 1.518729 -6.957349 -6.750000
v 1.518729 -6.957349 -7.250000
v 1.503646 -6.956228 -6.750000
v 1.503646 -6.956228 -7.250000
v 1.489730 -6.955108 -6.750000
v 1.489730 -6.955108 -7.250000
v 1.476979 -6.954016 -6.750000
v 1.476979 -6.954016 -7.250000
v 1.465396 -6.952978 -6.750000
v 1.465396 -6.952978 -7.250000
v 1.465396 -7.148978 -6.750000
v 1.465396 -7.148978 -7.250000
v 1.476290 -7.148361 -6.750000
v 1.476290 -7.148361 -7.250000
v 1.488887 -7.147543 -6.750000
v 1.488887 -7.147543 -7.250000
v 1.503052 -7.146572 -6.750000
v 1.503052 -7.146572 -7.250000
v 1.518655 -7.145497 -6.750000
v 1.518655 -7.145497 -7.250000
v 1.535564 -7.144366 -6.750000
v 1.535564 -7.144366 -7.250000
v 1.553646 -7.143229 -6.750000
v 1.553646 -7.143229 -7.250000
v 1.572770 -7.142132 -6.750000
v 1.572770 -7.142132 -7.250000
v 1.592803 -7.141127 -6.750000
v 1.592803 -7.141127 -7.250000
v 1.613615 -7.140260 -6.750000
v 1.613615 -7.140260 -7.250000
v 1.635072 -7.139580 -6.750000
v 1.635072 -7.139580 -7.250000
v 1.657043 -7.139137 -6.750000
v 1.657043 -7.139137 -7.250000
v 1.679396 -7.138978 -6.750000
v 1.679396 -7.138978 -7.250000
v 1.729646 -7.138978 -6.750000
v 1.729646 -7.138978 -7.250000
v 1.802396 -7.138978 -6.750000
v 1.802396 -7.138978 -7.250000
v 1.893146 -7.138978 -6.750000
v 1.893146 -7.138978 -7.250000
v 1.997396 -7.138978 -6.750000
v 1.997396 -7.138978 -7.250000
v 2.110646 -7.138978 -6.750000
v 2.110646 -7.138978 -7.250000
v 2.228396 -7.138978 -6.750000
v 2.228396 -7.138978 -7.250000
v 2.346146 -7.138978 -6.750000
v 2.346146 -7.138978 -7.250000
v 2.459396 -7.138978 -6.750000
v 2.459396 -7.138978 -7.250000
v 2.563646 -7.138978 -6.750000
v 2.563646 -7.138978 -7.250000
v 2.654396 -7.138978 -6.750000
v 2.654396 -7.138978 -7.250000
v 2.727146 -7.138978 -6.750000
v 2.727146 -7.138978 -7.250000
v 2.777396 -7.138978 -6.750000
v 2.777396 -7.138978 -7.250000
v 2.804790 -7.139060 -6.750000
v 2.804790 -7.139060 -7.250000
v 2.831878 -7.139302 -6.750000
v 2.831878 -7.139302 -7.250000
v 2.858521 -7.139697 -6.750000
v 2.858521 -7.139697 -7.250000
v 2.884581 -7.140238 -6.750000
v 2.884581 -7.140238 -7.250000
v 2.909920 -7.140917 -6.750000
v 2.909920 -7.140917 -7.250000
v 2.934397 -7.141728 -6.750000
v 2.934397 -7.141728 -7.250000
v 2.957874 -7.142665 -6.750000
v 2.957874 -7.142665 -7.250000
v 2.980211 -7.143719 -6.750000
v 2.980211 -7.143719 -7.250000
v 3.001271 -7.144885 -6.750000
v 3.001271 -7.144885 -7.250000
v 3.020915 -7.146154 -6.750000
v 3.020915 -7.146154 -7.250000
v 3.039003 -7.147521 -6.750000
v 3.039003 -7.147521 -7.250000
v 3.055396 -7.148978 -6.750000
v 3.055396 -7.148978 -7.250000
v 3.055396 -6.952978 -6.750000
v 3.055396 -6.952978 -7.250000
v 3.039461 -6.954015 -6.750000
v 3.039461 -6.954015 -7.250000
v 3.021748 -6.955108 -6.750000
v 3.021748 -6.955108 -7.250000
v 3.002396 -6.956228 -6.750000
v 3.002396 -6.956228 -7.250000
v 2.981545 -6.957349 -6.750000
v 2.981545 -6.957349 -7.250000
v 2.959332 -6.958441 -6.750000
v 2.959332 -6.958441 -7.250000
v 2.935897 -6.959478 -6.750000
v 2.935897 -6.959478 -7.250000
v 2.911378 -6.960432 -6.750000
v 2.911378 -6.960432 -7.250000
v 2.885915 -6.961275 -6.750000
v 2.885915 -6.961275 -7.250000
v 2.859647 -6.961978 -6.750000
v 2.859647 -6.961978 -7.250000
v 2.832711 -6.962515 -6.750000
v 2.832711 -6.962515 -7.250000
v 2.805248 -6.962858 -6.750000
v 2.805248 -6.962858 -7.250000
v 2.777396 -6.962978 -6.750000
v 2.777396 -6.962978 -7.250000
v 0.585484 -6.464306 -6.750000
v 0.585484 -6.464306 -7.250000
v 0.585750 -6.448432 -6.750000
v 0.585750 -6.448432 -7.250000
v 0.586211 -6.431572 -6.750000
v 0.586211 -6.431572 -7.250000
v 0.586879 -6.413941 -6.750000
v 0.586879 -6.413941 -7.250000
v 0.587770 -6.395755 -6.750000
v 0.587770 -6.395755 -7.250000
v 0.588897 -6.377229 -6.750000
v 0.588897 -6.377229 -7.250000
v 0.590275 -6.358577 -6.750000
v 0.590275 -6.358577 -7.250000
v 0.591916 -6.340015 -6.750000
v 0.591916 -6.340015 -7.250000
v 0.593835 -6.321760 -6.750000
v 0.593835 -6.321760 -7.250000
v 0.596045 -6.304025 -6.750000
v 0.596045 -6.304025 -7.250000
v 0.598561 -6.287025 -6.750000
v 0.598561 -6.287025 -7.250000
v 0.601396 -6.270978 -6.750000
v 0.601396 -6.270978 -7.250000
v 0.405396 -6.270978 -6.750000
v 0.405396 -6.270978 -7.250000
v 0.406932 -6.286949 -6.750000
v 0.406932 -6.286949 -7.250000
v 0.408517 -6.303747 -6.750000
v 0.408517 -6.303747 -7.250000
v 0.410115 -6.321197 -6.750000
v 0.410115 -6.321197 -7.250000
v 0.411692 -6.339127 -6.750000
v 0.411692 -6.339127 -7.250000
v 0.413214 -6.357361 -6.750000
v 0.413214 -6.357361 -7.250000
v 0.414646 -6.375729 -6.750000
v 0.414646 -6.375729 -7.250000
v 0.415952 -6.394053 -6.750000
v 0.415952 -6.394053 -7.250000
v 0.417100 -6.412164 -6.750000
v 0.417100 -6.412164 -7.250000
v 0.418052 -6.429884 -6.750000
v 0.418052 -6.429884 -7.250000
v 0.418775 -6.447043 -6.750000
v 0.418775 -6.447043 -7.250000
v 0.419235 -6.463466 -6.750000
v 0.419235 -6.463466 -7.250000
v 0.419396 -6.478978 -6.750000
v 0.419396 -6.478978 -7.250000
v 0.419396 -6.804978 -6.750000
v 0.419396 -6.804978 -7.250000
v 0.351145 -6.826253 -6.750000
v 0.351145 -6.826253 -7.250000
v 0.279053 -6.849839 -6.750000
v 0.279053 -6.849839 -7.250000
v 0.204115 -6.875384 -6.750000
v 0.204115 -6.875384 -7.250000
v 0.127322 -6.902534 -6.750000
v 0.127322 -6.902534 -7.250000
v 0.049668 -6.930933 -6.750000
v 0.049668 -6.930933 -7.250000
v -0.027854 -6.960228 -6.750000
v -0.027854 -6.960228 -7.250000
v -0.104251 -6.990065 -6.750000
v -0.104251 -6.990065 -7.250000
v -0.178530 -7.020089 -6.750000
v -0.178530 -7.020089 -7.250000
v -0.249698 -7.049947 -6.750000
v -0.249698 -7.049947 -7.250000
v -0.316761 -7.079284 -6.750000
v -0.316761 -7.079284 -7.250000
v -0.378728 -7.107746 -6.750000
v -0.378728 -7.107746 -7.250000
v -0.434604 -7.134978 -6.750000
v -0.434604 -7.134978 -7.250000
v -0.366604 -7.304978 -6.750000
v -0.366604 -7.304978 -7.250000
v -0.309584 -7.275191 -6.750000
v -0.309584 -7.275191 -7.250000
v -0.248104 -7.245015 -6.750000
v -0.248104 -7.245015 -7.250000
v -0.183042 -7.214728 -6.750000
v -0.183042 -7.214728 -7.250000
v -0.115271 -7.184608 -6.750000
v -0.115271 -7.184608 -7.250000
v -0.045667 -7.154932 -6.750000
v -0.045667 -7.154932 -7.250000
v 0.024895 -7.125978 -6.750000
v 0.024895 -7.125978 -7.250000
v 0.095542 -7.098024 -6.750000
v 0.095542 -7.098024 -7.250000
v 0.165396 -7.071349 -6.750000
v 0.165395 -7.071349 -7.250000
v 0.233583 -7.046228 -6.750000
v 0.233583 -7.046228 -7.250000
v 0.299229 -7.022942 -6.750000
v 0.299229 -7.022942 -7.250000
v 0.361459 -7.001765 -6.750000
v 0.361459 -7.001765 -7.250000
v 0.419396 -6.982978 -6.750000
v 0.419396 -6.982978 -7.250000
v 0.417396 -7.642979 -6.750000
v 0.417396 -7.642979 -7.250000
v 0.417313 -7.659386 -6.750000
v 0.417313 -7.659386 -7.250000
v 0.417064 -7.677404 -6.750000
v 0.417063 -7.677404 -7.250000
v 0.416647 -7.696728 -6.750000
v 0.416647 -7.696728 -7.250000
v 0.416063 -7.717052 -6.750000
v 0.416063 -7.717052 -7.250000
v 0.415314 -7.738071 -6.750000
v 0.415313 -7.738071 -7.250000
v 0.414397 -7.759479 -6.750000
v 0.414397 -7.759479 -7.250000
v 0.413314 -7.780969 -6.750000
v 0.413314 -7.780969 -7.250000
v 0.412063 -7.802238 -6.750000
v 0.412063 -7.802238 -7.250000
v 0.410646 -7.822978 -6.750000
v 0.410646 -7.822978 -7.250000
v 0.409063 -7.842886 -6.750000
v 0.409063 -7.842886 -7.250000
v 0.407313 -7.861654 -6.750000
v 0.407313 -7.861654 -7.250000
v 0.405396 -7.878978 -6.750000
v 0.405396 -7.878978 -7.250000
v 0.599396 -7.878978 -6.750000
v 0.599396 -7.878978 -7.250000
v 0.597022 -7.862304 -6.750000
v 0.597022 -7.862304 -7.250000
v 0.594888 -7.844414 -6.750000
v 0.594888 -7.844414 -7.250000
v 0.592992 -7.825510 -6.750000
v 0.592992 -7.825510 -7.250000
v 0.591324 -7.805793 -6.750000
v 0.591324 -7.805793 -7.250000
v 0.589878 -7.785466 -6.750000
v 0.589878 -7.785466 -7.250000
v 0.588648 -7.764729 -6.750000
v 0.588648 -7.764729 -7.250000
v 0.587625 -7.743783 -6.750000
v 0.587625 -7.743783 -7.250000
v 0.586805 -7.722830 -6.750000
v 0.586805 -7.722830 -7.250000
v 0.586179 -7.702072 -6.750000
v 0.586179 -7.702072 -7.250000
v 0.585740 -7.681710 -6.750000
v 0.585740 -7.681710 -7.250000
v 0.585481 -7.661945 -6.750000
v 0.585481 -7.661945 -7.250000
v 0.585397 -7.642979 -6.750000
v 0.585397 -7.642979 -7.250000
v 0.585397 -7.599756 -6.750000
v 0.585397 -7.599756 -7.250000
v 0.585397 -7.529534 -6.750000
v 0.585397 -7.529534 -7.250000
v 0.585397 -7.437478 -6.750000
v 0.585397 -7.437478 -7.250000
v 0.585397 -7.328756 -6.750000
v 0.585397 -7.328756 -7.250000
v 0.585397 -7.208534 -6.750000
v 0.585397 -7.208534 -7.250000
v 0.585397 -7.081978 -6.750000
v 0.585397 -7.081978 -7.250000
v 0.585397 -6.954256 -6.750000
v 0.585397 -6.954256 -7.250000
v 0.585397 -6.830534 -6.750000
v 0.585397 -6.830534 -7.250000
v 0.585397 -6.715979 -6.750000
v 0.585397 -6.715979 -7.250000
v 0.585397 -6.615756 -6.750000
v 0.585397 -6.615756 -7.250000
v 0.585397 -6.535034 -6.750000
v 0.585397 -6.535034 -7.250000
v 0.585397 -6.478978 -6.750000
v 0.585397 -6.478978 -7.250000
v -2.286604 -6.496707 -6.750000
v -2.286604 -6.496707 -7.250000
v -2.286604 -6.521479 -6.750000
v -2.286604 -6.521479 -7.250000
v -2.286604 -6.548666 -6.750000
v -2.286604 -6.548666 -7.250000
v -2.286604 -6.577645 -6.750000
v -2.286604 -6.577645 -7.250000
v -2.286604 -6.607791 -6.750000
v -2.286604 -6.607791 -7.250000
v -2.286604 -6.638478 -6.750000
v -2.286604 -6.638478 -7.250000
v -2.286604 -6.669083 -6.750000
v -2.286604 -6.669083 -7.250000
v -2.286604 -6.698978 -6.750000
v -2.286604 -6.698978 -7.250000
v -2.286604 -6.727541 -6.750000
v -2.286604 -6.727541 -7.250000
v -2.286604 -6.754145 -6.750000
v -2.286604 -6.754145 -7.250000
v -2.286604 -6.778166 -6.750000
v -2.286604 -6.778166 -7.250000
v -2.286604 -6.798978 -6.750000
v -2.286604 -6.798978 -7.250000
v -2.285221 -6.912464 -6.750000
v -2.285221 -6.912464 -7.250000
v -2.281048 -7.013700 -6.750000
v -2.281048 -7.013700 -7.250000
v -2.274041 -7.103853 -6.750000
v -2.274041 -7.103853 -7.250000
v -2.264159 -7.184090 -6.750000
v -2.264159 -7.184090 -7.250000
v -2.251361 -7.255576 -6.750000
v -2.251361 -7.255576 -7.250000
v -2.235605 -7.319479 -6.750000
v -2.235605 -7.319479 -7.250000
v -2.216848 -7.376965 -6.750000
v -2.216848 -7.376965 -7.250000
v -2.195049 -7.429201 -6.750000
v -2.195049 -7.429201 -7.250000
v -2.170166 -7.477353 -6.750000
v -2.170166 -7.477353 -7.250000
v -2.142160 -7.522590 -6.750000
v -2.142160 -7.522590 -7.250000
v -2.110986 -7.566075 -6.750000
v -2.110986 -7.566075 -7.250000
v -2.076604 -7.608978 -6.750000
v -2.076604 -7.608978 -7.250000
v -2.042718 -7.646540 -6.750000
v -2.042718 -7.646540 -7.250000
v -2.006345 -7.681303 -6.750000
v -2.006345 -7.681303 -7.250000
v -1.967917 -7.713385 -6.750000
v -1.967917 -7.713385 -7.250000
v -1.927863 -7.742904 -6.750000
v -1.927863 -7.742904 -7.250000
v -1.886616 -7.769979 -6.750000
v -1.886616 -7.769979 -7.250000
v -1.844605 -7.794728 -6.750000
v -1.844605 -7.794728 -7.250000
v -1.802260 -7.817269 -6.750000
v -1.802260 -7.817269 -7.250000
v -1.760012 -7.837719 -6.750000
v -1.760012 -7.837719 -7.250000
v -1.718292 -7.856197 -6.750000
v -1.718292 -7.856197 -7.250000
v -1.677530 -7.872821 -6.750000
v -1.677530 -7.872821 -7.250000
v -1.638157 -7.887709 -6.750000
v -1.638157 -7.887709 -7.250000
v -1.600603 -7.900978 -6.750000
v -1.600603 -7.900978 -7.250000
v -1.470603 -7.762979 -6.750000
v -1.470603 -7.762979 -7.250000
v -1.516294 -7.750755 -6.750000
v -1.516294 -7.750755 -7.250000
v -1.561289 -7.737025 -6.750000
v -1.561289 -7.737025 -7.250000
v -1.605479 -7.721697 -6.750000
v -1.605479 -7.721697 -7.250000
v -1.648751 -7.704682 -6.750000
v -1.648751 -7.704682 -7.250000
v -1.690997 -7.685889 -6.750000
v -1.690997 -7.685889 -7.250000
v -1.732104 -7.665228 -6.750000
v -1.732104 -7.665228 -7.250000
v -1.771960 -7.642609 -6.750000
v -1.771960 -7.642609 -7.250000
v -1.810456 -7.617941 -6.750000
v -1.810456 -7.617941 -7.250000
v -1.847479 -7.591135 -6.750000
v -1.847479 -7.591135 -7.250000
v -1.882919 -7.562099 -6.750000
v -1.882919 -7.562099 -7.250000
v -1.916664 -7.530744 -6.750000
v -1.916664 -7.530744 -7.250000
v -1.948604 -7.496978 -6.750000
v -1.948604 -7.496978 -7.250000
v -1.981699 -7.455434 -6.750000
v -1.981699 -7.455434 -7.250000
v -2.010206 -7.413293 -6.750000
v -2.010206 -7.413293 -7.250000
v -2.034448 -7.369791 -6.750000
v -2.034448 -7.369791 -7.250000
v -2.054753 -7.324163 -6.750000
v -2.054753 -7.324163 -7.250000
v -2.071446 -7.275647 -6.750000
v -2.071446 -7.275647 -7.250000
v -2.084854 -7.223478 -6.750000
v -2.084854 -7.223478 -7.250000
v -2.095305 -7.166893 -6.750000
v -2.095305 -7.166893 -7.250000
v -2.103123 -7.105126 -6.750000
v -2.103123 -7.105126 -7.250000
v -2.108636 -7.037416 -6.750000
v -2.108636 -7.037416 -7.250000
v -2.112170 -6.962997 -6.750000
v -2.112170 -6.962997 -7.250000
v -2.114050 -6.881105 -6.750000
v -2.114050 -6.881105 -7.250000
v -2.114604 -6.790978 -6.750000
v -2.114604 -6.790978 -7.250000
v -2.114604 -6.770132 -6.750000
v -2.114604 -6.770132 -7.250000
v -2.114604 -6.746043 -6.750000
v -2.114604 -6.746043 -7.250000
v -2.114604 -6.719384 -6.750000
v -2.114604 -6.719384 -7.250000
v -2.114604 -6.690830 -6.750000
v -2.114604 -6.690830 -7.250000
v -2.114604 -6.661054 -6.750000
v -2.114604 -6.661054 -7.250000
v -2.114604 -6.630728 -6.750000
v -2.114604 -6.630728 -7.250000
v -2.114604 -6.600528 -6.750000
v -2.114604 -6.600528 -7.250000
v -2.114604 -6.571126 -6.750000
v -2.114604 -6.571126 -7.250000
v -2.114604 -6.543197 -6.750000
v -2.114604 -6.543197 -7.250000
v -2.114604 -6.517413 -6.750000
v -2.114604 -6.517413 -7.250000
v -2.114604 -6.494450 -6.750000
v -2.114604 -6.494450 -7.250000
v -2.114604 -6.474978 -6.750000
v -2.114604 -6.474978 -7.250000
v -2.114522 -6.458225 -6.750000
v -2.114522 -6.458225 -7.250000
v -2.114280 -6.441951 -6.750000
v -2.114280 -6.441951 -7.250000
v -2.113885 -6.426135 -6.750000
v -2.113885 -6.426135 -7.250000
v -2.113344 -6.410756 -6.750000
v -2.113344 -6.410756 -7.250000
v -2.112665 -6.395794 -6.750000
v -2.112665 -6.395794 -7.250000
v -2.111854 -6.381228 -6.750000
v -2.111854 -6.381228 -7.250000
v -2.110917 -6.367037 -6.750000
v -2.110917 -6.367037 -7.250000
v -2.109863 -6.353200 -6.750000
v -2.109863 -6.353200 -7.250000
v -2.108697 -6.339697 -6.750000
v -2.108697 -6.339697 -7.250000
v -2.107428 -6.326506 -6.750000
v -2.107428 -6.326506 -7.250000
v -2.106061 -6.313607 -6.750000
v -2.106061 -6.313607 -7.250000
v -2.104604 -6.300978 -6.750000
v -2.104604 -6.300978 -7.250000
v -2.292604 -6.300978 -6.750000
v -2.292604 -6.300978 -7.250000
v -2.291645 -6.313607 -6.750000
v -2.291645 -6.313607 -7.250000
v -2.290771 -6.326506 -6.750000
v -2.290771 -6.326506 -7.250000
v -2.289979 -6.339697 -6.750000
v -2.289979 -6.339697 -7.250000
v -2.289271 -6.353200 -6.750000
v -2.289271 -6.353200 -7.250000
v -2.288646 -6.367037 -6.750000
v -2.288646 -6.367037 -7.250000
v -2.288104 -6.381228 -6.750000
v -2.288104 -6.381228 -7.250000
v -2.287646 -6.395794 -6.750000
v -2.287646 -6.395794 -7.250000
v -2.287271 -6.410756 -6.750000
v -2.287271 -6.410756 -7.250000
v -2.286979 -6.426135 -6.750000
v -2.286979 -6.426135 -7.250000
v -2.286771 -6.441951 -6.750000
v -2.286771 -6.441951 -7.250000
v -2.286646 -6.458225 -6.750000
v -2.286646 -6.458225 -7.250000
v -2.286604 -6.474978 -6.750000
v -2.286604 -6.474978 -7.250000
v -1.356604 -6.485122 -6.750000
v -1.356604 -6.485122 -7.250000
v -1.356604 -6.525460 -6.750000
v -1.356604 -6.525460 -7.250000
v -1.356604 -6.578854 -6.750000
v -1.356604 -6.578854 -7.250000
v -1.356604 -6.642163 -6.750000
v -1.356604 -6.642163 -7.250000
v -1.356604 -6.712252 -6.750000
v -1.356604 -6.712252 -7.250000
v -1.356604 -6.785978 -6.750000
v -1.356604 -6.785978 -7.250000
v -1.356604 -6.860205 -6.750000
v -1.356604 -6.860205 -7.250000
v -1.356604 -6.931793 -6.750000
v -1.356604 -6.931793 -7.250000
v -1.356604 -6.997603 -6.750000
v -1.356604 -6.997603 -7.250000
v -1.356604 -7.054497 -6.750000
v -1.356604 -7.054497 -7.250000
v -1.356604 -7.099335 -6.750000
v -1.356604 -7.099335 -7.250000
v -1.356604 -7.128978 -6.750000
v -1.356604 -7.128978 -7.250000
v -1.356685 -7.141785 -6.750000
v -1.356685 -7.141785 -7.250000
v -1.356919 -7.155099 -6.750000
v -1.356919 -7.155099 -7.250000
v -1.357291 -7.168759 -6.750000
v -1.357291 -7.168759 -7.250000
v -1.357789 -7.182608 -6.750000
v -1.357789 -7.182608 -7.250000
v -1.358398 -7.196484 -6.750000
v -1.358398 -7.196484 -7.250000
v -1.359103 -7.210228 -6.750000
v -1.359103 -7.210228 -7.250000
v -1.359893 -7.223681 -6.750000
v -1.359893 -7.223681 -7.250000
v -1.360751 -7.236682 -6.750000
v -1.360751 -7.236682 -7.250000
v -1.361666 -7.249072 -6.750000
v -1.361666 -7.249072 -7.250000
v -1.362622 -7.260692 -6.750000
v -1.362622 -7.260692 -7.250000
v -1.363606 -7.271380 -6.750000
v -1.363606 -7.271380 -7.250000
v -1.364603 -7.280978 -6.750000
v -1.364603 -7.280978 -7.250000
v -1.180603 -7.280978 -6.750000
v -1.180603 -7.280978 -7.250000
v -1.181641 -7.272792 -6.750000
v -1.181641 -7.272792 -7.250000
v -1.182734 -7.263321 -6.750000
v -1.182734 -7.263321 -7.250000
v -1.183854 -7.252697 -6.750000
v -1.183854 -7.252697 -7.250000
v -1.184975 -7.241053 -6.750000
v -1.184975 -7.241053 -7.250000
v -1.186068 -7.228519 -6.750000
v -1.186068 -7.228519 -7.250000
v -1.187104 -7.215228 -6.750000
v -1.187104 -7.215228 -7.250000
v -1.188058 -7.201313 -6.750000
v -1.188058 -7.201313 -7.250000
v -1.188900 -7.186904 -6.750000
v -1.188900 -7.186904 -7.250000
v -1.189604 -7.172134 -6.750000
v -1.189604 -7.172134 -7.250000
v -1.190141 -7.157136 -6.750000
v -1.190141 -7.157136 -7.250000
v -1.190483 -7.142040 -6.750000
v -1.190483 -7.142040 -7.250000
v -1.190603 -7.126978 -6.750000
v -1.190603 -7.126978 -7.250000
v -1.190603 -7.097374 -6.750000
v -1.190603 -7.097374 -7.250000
v -1.190603 -7.052645 -6.750000
v -1.190603 -7.052645 -7.250000
v -1.190603 -6.995916 -6.750000
v -1.190603 -6.995916 -7.250000
v -1.190603 -6.930312 -6.750000
v -1.190603 -6.930312 -7.250000
v -1.190603 -6.858957 -6.750000
v -1.190603 -6.858957 -7.250000
v -1.190603 -6.784978 -6.750000
v -1.190603 -6.784978 -7.250000
v -1.190603 -6.711499 -6.750000
v -1.190603 -6.711499 -7.250000
v -1.190603 -6.641645 -6.750000
v -1.190603 -6.641645 -7.250000
v -1.190603 -6.578541 -6.750000
v -1.190603 -6.578541 -7.250000
v -1.190603 -6.525311 -6.750000
v -1.190603 -6.525311 -7.250000
v -1.190603 -6.485083 -6.750000
v -1.190603 -6.485083 -7.250000
v -1.190603 -6.460979 -6.750000
v -1.190603 -6.460979 -7.250000
v -1.190522 -6.451308 -6.750000
v -1.190522 -6.451308 -7.250000
v -1.190289 -6.440451 -6.750000
v -1.190289 -6.440451 -7.250000
v -1.189916 -6.428635 -6.750000
v -1.189916 -6.428635 -7.250000
v -1.189418 -6.416090 -6.750000
v -1.189418 -6.416090 -7.250000
v -1.188810 -6.403044 -6.750000
v -1.188810 -6.403044 -7.250000
v -1.188104 -6.389729 -6.750000
v -1.188104 -6.389729 -7.250000
v -1.187314 -6.376370 -6.750000
v -1.187314 -6.376370 -7.250000
v -1.186456 -6.363200 -6.750000
v -1.186456 -6.363200 -7.250000
v -1.185541 -6.350447 -6.750000
v -1.185541 -6.350447 -7.250000
v -1.184586 -6.338339 -6.750000
v -1.184586 -6.338339 -7.250000
v -1.183602 -6.327106 -6.750000
v -1.183602 -6.327106 -7.250000
v -1.182604 -6.316978 -6.750000
v -1.182604 -6.316978 -7.250000
v -1.364603 -6.316978 -6.750000
v -1.364603 -6.316978 -7.250000
v -1.363606 -6.326878 -6.750000
v -1.363606 -6.326878 -7.250000
v -1.362622 -6.337506 -6.750000
v -1.362622 -6.337506 -7.250000
v -1.361666 -6.348760 -6.750000
v -1.361666 -6.348760 -7.250000
v -1.360751 -6.360534 -6.750000
v -1.360751 -6.360534 -7.250000
v -1.359893 -6.372725 -6.750000
v -1.359893 -6.372725 -7.250000
v -1.359103 -6.385228 -6.750000
v -1.359103 -6.385228 -7.250000
v -1.358398 -6.397940 -6.750000
v -1.358398 -6.397940 -7.250000
v -1.357789 -6.410756 -6.750000
v -1.357789 -6.410756 -7.250000
v -1.357291 -6.423572 -6.750000
v -1.357291 -6.423572 -7.250000
v -1.356919 -6.436284 -6.750000
v -1.356919 -6.436284 -7.250000
v -1.356685 -6.448788 -6.750000
v -1.356685 -6.448788 -7.250000
v -1.356604 -6.460979 -6.750000
v -1.356604 -6.460979 -7.250000
v -4.526355 -6.575392 -6.750000
v -4.526355 -6.575392 -7.250000
v -4.499771 -6.616117 -6.750000
v -4.499771 -6.616117 -7.250000
v -4.469105 -6.660385 -6.750000
v -4.469105 -6.660385 -7.250000
v -4.434605 -6.707423 -6.750000
v -4.434605 -6.707423 -7.250000
v -4.396522 -6.756461 -6.750000
v -4.396522 -6.756461 -7.250000
v -4.355104 -6.806728 -6.750000
v -4.355104 -6.806728 -7.250000
v -4.310604 -6.857454 -6.750000
v -4.310604 -6.857454 -7.250000
v -4.263270 -6.907867 -6.750000
v -4.263270 -6.907867 -7.250000
v -4.213354 -6.957197 -6.750000
v -4.213354 -6.957197 -7.250000
v -4.161104 -7.004673 -6.750000
v -4.161104 -7.004673 -7.250000
v -4.106771 -7.049523 -6.750000
v -4.106771 -7.049523 -7.250000
v -4.050604 -7.090979 -6.750000
v -4.050604 -7.090979 -7.250000
v -3.918604 -6.984979 -6.750000
v -3.918604 -6.984979 -7.250000
v -3.964615 -6.956264 -6.750000
v -3.964615 -6.956264 -7.250000
v -4.010354 -6.923599 -6.750000
v -4.010354 -6.923599 -7.250000
v -4.055386 -6.887697 -6.750000
v -4.055386 -6.887697 -7.250000
v -4.099271 -6.849275 -6.750000
v -4.099271 -6.849275 -7.250000
v -4.141573 -6.809047 -6.750000
v -4.141573 -6.809047 -7.250000
v -4.181854 -6.767728 -6.750000
v -4.181854 -6.767728 -7.250000
v -4.219677 -6.726035 -6.750000
v -4.219677 -6.726035 -7.250000
v -4.254604 -6.684682 -6.750000
v -4.254604 -6.684682 -7.250000
v -4.286198 -6.644384 -6.750000
v -4.286198 -6.644384 -7.250000
v -4.314020 -6.605858 -6.750000
v -4.314020 -6.605858 -7.250000
v -4.337635 -6.569818 -6.750000
v -4.337635 -6.569818 -7.250000
v -4.356604 -6.536978 -6.750000
v -4.356604 -6.536978 -7.250000
v -4.306558 -6.536978 -6.750000
v -4.306558 -6.536978 -7.250000
v -4.230075 -6.536978 -6.750000
v -4.230075 -6.536978 -7.250000
v -4.132634 -6.536978 -6.750000
v -4.132634 -6.536978 -7.250000
v -4.019714 -6.536978 -6.750000
v -4.019714 -6.536978 -7.250000
v -3.896795 -6.536978 -6.750000
v -3.896795 -6.536978 -7.250000
v -3.769353 -6.536978 -6.750000
v -3.769353 -6.536978 -7.250000
v -3.642870 -6.536978 -6.750000
v -3.642870 -6.536978 -7.250000
v -3.522825 -6.536978 -6.750000
v -3.522825 -6.536978 -7.250000
v -3.414697 -6.536978 -6.750000
v -3.414697 -6.536978 -7.250000
v -3.323964 -6.536978 -6.750000
v -3.323964 -6.536978 -7.250000
v -3.256107 -6.536978 -6.750000
v -3.256107 -6.536978 -7.250000
v -3.216604 -6.536978 -6.750000
v -3.216604 -6.536978 -7.250000
v -3.198062 -6.537062 -6.750000
v -3.198062 -6.537062 -7.250000
v -3.179437 -6.537312 -6.750000
v -3.179437 -6.537312 -7.250000
v -3.160729 -6.537728 -6.750000
v -3.160729 -6.537728 -7.250000
v -3.141937 -6.538311 -6.750000
v -3.141937 -6.538311 -7.250000
v -3.123062 -6.539062 -6.750000
v -3.123062 -6.539062 -7.250000
v -3.104104 -6.539978 -6.750000
v -3.104104 -6.539978 -7.250000
v -3.085062 -6.541061 -6.750000
v -3.085062 -6.541061 -7.250000
v -3.065937 -6.542312 -6.750000
v -3.065937 -6.542312 -7.250000
v -3.046729 -6.543728 -6.750000
v -3.046729 -6.543728 -7.250000
v -3.027437 -6.545312 -6.750000
v -3.027437 -6.545312 -7.250000
v -3.008063 -6.547062 -6.750000
v -3.008063 -6.547062 -7.250000
v -2.988604 -6.548978 -6.750000
v -2.988604 -6.548978 -7.250000
v -2.988604 -6.366979 -6.750000
v -2.988604 -6.366979 -7.250000
v -3.006382 -6.369433 -6.750000
v -3.006382 -6.369433 -7.250000
v -3.024660 -6.371784 -6.750000
v -3.024660 -6.371784 -7.250000
v -3.043355 -6.374010 -6.750000
v -3.043355 -6.374010 -7.250000
v -3.062383 -6.376090 -6.750000
v -3.062383 -6.376090 -7.250000
v -3.081661 -6.378003 -6.750000
v -3.081661 -6.378003 -7.250000
v -3.101105 -6.379728 -6.750000
v -3.101105 -6.379728 -7.250000
v -3.120632 -6.381246 -6.750000
v -3.120632 -6.381246 -7.250000
v -3.140160 -6.382534 -6.750000
v -3.140160 -6.382534 -7.250000
v -3.159604 -6.383572 -6.750000
v -3.159604 -6.383572 -7.250000
v -3.178882 -6.384339 -6.750000
v -3.178882 -6.384339 -7.250000
v -3.197910 -6.384815 -6.750000
v -3.197910 -6.384815 -7.250000
v -3.216604 -6.384978 -6.750000
v -3.216604 -6.384978 -7.250000
v -3.257066 -6.384978 -6.750000
v -3.257066 -6.384978 -7.250000
v -3.326640 -6.384978 -6.750000
v -3.326640 -6.384978 -7.250000
v -3.419604 -6.384978 -6.750000
v -3.419604 -6.384978 -7.250000
v -3.530234 -6.384978 -6.750000
v -3.530234 -6.384978 -7.250000
v -3.652807 -6.384978 -6.750000
v -3.652807 -6.384978 -7.250000
v -3.781604 -6.384978 -6.750000
v -3.781604 -6.384978 -7.250000
v -3.910900 -6.384978 -6.750000
v -3.910900 -6.384978 -7.250000
v -4.034974 -6.384978 -6.750000
v -4.034974 -6.384978 -7.250000
v -4.148104 -6.384978 -6.750000
v -4.148104 -6.384978 -7.250000
v -4.244567 -6.384978 -6.750000
v -4.244567 -6.384978 -7.250000
v -4.318641 -6.384978 -6.750000
v -4.318641 -6.384978 -7.250000
v -4.364604 -6.384978 -6.750000
v -4.364604 -6.384978 -7.250000
v -4.374767 -6.384857 -6.750000
v -4.374767 -6.384857 -7.250000
v -4.386085 -6.384506 -6.750000
v -4.386085 -6.384506 -7.250000
v -4.398291 -6.383947 -6.750000
v -4.398291 -6.383947 -7.250000
v -4.411121 -6.383201 -6.750000
v -4.411121 -6.383201 -7.250000
v -4.424314 -6.382287 -6.750000
v -4.424314 -6.382287 -7.250000
v -4.437603 -6.381228 -6.750000
v -4.437603 -6.381228 -7.250000
v -4.450726 -6.380044 -6.750000
v -4.450726 -6.380044 -7.250000
v -4.463418 -6.378756 -6.750000
v -4.463418 -6.378756 -7.250000
v -4.475415 -6.377385 -6.750000
v -4.475415 -6.377385 -7.250000
v -4.486455 -6.375951 -6.750000
v -4.486455 -6.375951 -7.250000
v -4.496272 -6.374475 -6.750000
v -4.496272 -6.374475 -7.250000
v -4.504603 -6.372978 -6.750000
v -4.504603 -6.372978 -7.250000
v -4.602604 -6.466978 -6.750000
v -4.602604 -6.466978 -7.250000
v -4.598867 -6.472177 -6.750000
v -4.598867 -6.472177 -7.250000
v -4.594714 -6.477728 -6.750000
v -4.594714 -6.477728 -7.250000
v -4.590228 -6.483572 -6.750000
v -4.590228 -6.483572 -7.250000
v -4.585492 -6.489645 -6.750000
v -4.585492 -6.489645 -7.250000
v -4.580589 -6.495884 -6.750000
v -4.580589 -6.495884 -7.250000
v -4.575603 -6.502228 -6.750000
v -4.575603 -6.502228 -7.250000
v -4.570618 -6.508614 -6.750000
v -4.570618 -6.508614 -7.250000
v -4.565715 -6.514978 -6.750000
v -4.565715 -6.514978 -7.250000
v -4.560979 -6.521259 -6.750000
v -4.560979 -6.521259 -7.250000
v -4.556493 -6.527395 -6.750000
v -4.556493 -6.527395 -7.250000
v -4.552341 -6.533322 -6.750000
v -4.552341 -6.533322 -7.250000
v -4.548604 -6.538979 -6.750000
v -4.548604 -6.538979 -7.250000
v -3.098603 -7.772978 -6.750000
v -3.098603 -7.772978 -7.250000
v -3.112840 -7.768190 -6.750000
v -3.112840 -7.768190 -7.250000
v -3.127493 -7.762839 -6.750000
v -3.127493 -7.762839 -7.250000
v -3.142479 -7.756947 -6.750000
v -3.142479 -7.756947 -7.250000
v -3.157715 -7.750534 -6.750000
v -3.157715 -7.750534 -7.250000
v -3.173118 -7.743621 -6.750000
v -3.173118 -7.743621 -7.250000
v -3.188604 -7.736228 -6.750000
v -3.188604 -7.736228 -7.250000
v -3.204089 -7.728378 -6.750000
v -3.204089 -7.728378 -7.250000
v -3.219492 -7.720089 -6.750000
v -3.219492 -7.720089 -7.250000
v -3.234728 -7.711385 -6.750000
v -3.234728 -7.711385 -7.250000
v -3.249714 -7.702284 -6.750000
v -3.249714 -7.702284 -7.250000
v -3.264367 -7.692808 -6.750000
v -3.264367 -7.692808 -7.250000
v -3.278604 -7.682979 -6.750000
v -3.278604 -7.682979 -7.250000
v -3.350690 -7.633965 -6.750000
v -3.350690 -7.633965 -7.250000
v -3.412464 -7.581043 -6.750000
v -3.412464 -7.581043 -7.250000
v -3.464697 -7.524384 -6.750000
v -3.464697 -7.524384 -7.250000
v -3.508159 -7.464164 -6.750000
v -3.508159 -7.464164 -7.250000
v -3.543620 -7.400554 -6.750000
v -3.543620 -7.400554 -7.250000
v -3.571853 -7.333728 -6.750000
v -3.571853 -7.333728 -7.250000
v -3.593627 -7.263862 -6.750000
v -3.593627 -7.263862 -7.250000
v -3.609714 -7.191127 -6.750000
v -3.609714 -7.191127 -7.250000
v -3.620884 -7.115697 -6.750000
v -3.620884 -7.115697 -7.250000
v -3.627909 -7.037747 -6.750000
v -3.627909 -7.037747 -7.250000
v -3.631559 -6.957449 -6.750000
v -3.631559 -6.957449 -7.250000
v -3.632604 -6.874978 -6.750000
v -3.632604 -6.874978 -7.250000
v -3.632561 -6.863055 -6.750000
v -3.632561 -6.863055 -7.250000
v -3.632427 -6.851256 -6.750000
v -3.632427 -6.851256 -7.250000
v -3.632197 -6.839540 -6.750000
v -3.632197 -6.839540 -7.250000
v -3.631862 -6.827868 -6.750000
v -3.631862 -6.827868 -7.250000
v -3.631417 -6.816194 -6.750000
v -3.631417 -6.816194 -7.250000
v -3.630853 -6.804478 -6.750000
v -3.630853 -6.804478 -7.250000
v -3.630164 -6.792680 -6.750000
v -3.630164 -6.792680 -7.250000
v -3.629344 -6.780756 -6.750000
v -3.629344 -6.780756 -7.250000
v -3.628385 -6.768666 -6.750000
v -3.628385 -6.768666 -7.250000
v -3.627280 -6.756367 -6.750000
v -3.627280 -6.756367 -7.250000
v -3.626022 -6.743818 -6.750000
v -3.626022 -6.743818 -7.250000
v -3.624604 -6.730978 -6.750000
v -3.624604 -6.730978 -7.250000
v -3.804604 -6.730978 -6.750000
v -3.804604 -6.730978 -7.250000
v -3.803364 -6.862849 -6.750000
v -3.803364 -6.862849 -7.250000
v -3.798687 -6.987608 -6.750000
v -3.798687 -6.987608 -7.250000
v -3.789135 -7.105478 -6.750000
v -3.789135 -7.105478 -7.250000
v -3.773271 -7.216682 -6.750000
v -3.773271 -7.216682 -7.250000
v -3.749656 -7.321442 -6.750000
v -3.749656 -7.321442 -7.250000
v -3.716854 -7.419978 -6.750000
v -3.716854 -7.419978 -7.250000
v -3.673427 -7.512515 -6.750000
v -3.673427 -7.512515 -7.250000
v -3.617937 -7.599275 -6.750000
v -3.617937 -7.599275 -7.250000
v -3.548948 -7.680478 -6.750000
v -3.548948 -7.680478 -7.250000
v -3.465020 -7.756349 -6.750000
v -3.465020 -7.756349 -7.250000
v -3.364719 -7.827108 -6.750000
v -3.364719 -7.827108 -7.250000
v -3.246604 -7.892979 -6.750000
v -3.246604 -7.892979 -7.250000
v -5.800604 -7.624486 -6.750000
v -5.800604 -7.624486 -7.250000
v -5.800604 -7.553043 -6.750000
v -5.800604 -7.553043 -7.250000
v -5.800604 -7.456697 -6.750000
v -5.800604 -7.456697 -7.250000
v -5.800604 -7.341496 -6.750000
v -5.800604 -7.341496 -7.250000
v -5.800604 -7.213491 -6.750000
v -5.800604 -7.213491 -7.250000
v -5.800604 -7.078728 -6.750000
v -5.800604 -7.078728 -7.250000
v -5.800604 -6.943257 -6.750000
v -5.800604 -6.943257 -7.250000
v -5.800604 -6.813127 -6.750000
v -5.800604 -6.813127 -7.250000
v -5.800604 -6.694385 -6.750000
v -5.800604 -6.694385 -7.250000
v -5.800604 -6.593080 -6.750000
v -5.800604 -6.593080 -7.250000
v -5.800604 -6.515262 -6.750000
v -5.800604 -6.515262 -7.250000
v -5.800604 -6.466978 -6.750000
v -5.800604 -6.466978 -7.250000
v -5.800445 -6.448406 -6.750000
v -5.800445 -6.448406 -7.250000
v -5.800001 -6.430737 -6.750000
v -5.800001 -6.430737 -7.250000
v -5.799322 -6.414041 -6.750000
v -5.799322 -6.414041 -7.250000
v -5.798455 -6.398386 -6.750000
v -5.798455 -6.398386 -7.250000
v -5.797449 -6.383842 -6.750000
v -5.797449 -6.383842 -7.250000
v -5.796353 -6.370478 -6.750000
v -5.796353 -6.370478 -7.250000
v -5.795216 -6.358365 -6.750000
v -5.795216 -6.358365 -7.250000
v -5.794085 -6.347571 -6.750000
v -5.794085 -6.347571 -7.250000
v -5.793010 -6.338166 -6.750000
v -5.793010 -6.338166 -7.250000
v -5.792039 -6.330219 -6.750000
v -5.792039 -6.330219 -7.250000
v -5.791221 -6.323800 -6.750000
v -5.791221 -6.323800 -7.250000
v -5.790604 -6.318978 -6.750000
v -5.790604 -6.318978 -7.250000
v -5.974604 -6.318978 -6.750000
v -5.974604 -6.318978 -7.250000
v -5.974027 -6.323800 -6.750000
v -5.974027 -6.323800 -7.250000
v -5.973317 -6.330219 -6.750000
v -5.973317 -6.330219 -7.250000
v -5.972510 -6.338166 -6.750000
v -5.972510 -6.338166 -7.250000
v -5.971642 -6.347571 -6.750000
v -5.971642 -6.347571 -7.250000
v -5.970744 -6.358365 -6.750000
v -5.970744 -6.358365 -7.250000
v -5.969854 -6.370478 -6.750000
v -5.969854 -6.370478 -7.250000
v -5.969006 -6.383842 -6.750000
v -5.969006 -6.383842 -7.250000
v -5.968233 -6.398386 -6.750000
v -5.968233 -6.398386 -7.250000
v -5.967572 -6.414041 -6.750000
v -5.967572 -6.414041 -7.250000
v -5.967057 -6.430737 -6.750000
v -5.967057 -6.430737 -7.250000
v -5.966722 -6.448406 -6.750000
v -5.966722 -6.448406 -7.250000
v -5.966603 -6.466978 -6.750000
v -5.966603 -6.466978 -7.250000
v -5.966603 -6.514969 -6.750000
v -5.966603 -6.514969 -7.250000
v -5.966603 -6.591905 -6.750000
v -5.966603 -6.591905 -7.250000
v -5.966603 -6.691729 -6.750000
v -5.966603 -6.691729 -7.250000
v -5.966603 -6.808386 -6.750000
v -5.966603 -6.808386 -7.250000
v -5.966603 -6.935821 -6.750000
v -5.966603 -6.935821 -7.250000
v -5.966603 -7.067978 -6.750000
v -5.966603 -7.067978 -7.250000
v -5.966603 -7.198802 -6.750000
v -5.966603 -7.198802 -7.250000
v -5.966603 -7.322237 -6.750000
v -5.966603 -7.322237 -7.250000
v -5.966603 -7.432228 -6.750000
v -5.966603 -7.432228 -7.250000
v -5.966603 -7.522719 -6.750000
v -5.966603 -7.522719 -7.250000
v -5.966603 -7.587654 -6.750000
v -5.966603 -7.587654 -7.250000
v -5.966603 -7.620978 -6.750000
v -5.966603 -7.620978 -7.250000
v -6.013804 -7.597968 -6.750000
v -6.013804 -7.597968 -7.250000
v -6.063056 -7.571062 -6.750000
v -6.063056 -7.571062 -7.250000
v -6.113821 -7.540447 -6.750000
v -6.113821 -7.540447 -7.250000
v -6.165565 -7.506311 -6.750000
v -6.165565 -7.506311 -7.250000
v -6.217754 -7.468843 -6.750000
v -6.217754 -7.468843 -7.250000
v -6.269853 -7.428228 -6.750000
v -6.269853 -7.428228 -7.250000
v -6.321326 -7.384655 -6.750000
v -6.321326 -7.384655 -7.250000
v -6.371640 -7.338312 -6.750000
v -6.371640 -7.338312 -7.250000
v -6.420259 -7.289385 -6.750000
v -6.420259 -7.289385 -7.250000
v -6.466650 -7.238062 -6.750000
v -6.466650 -7.238062 -7.250000
v -6.510276 -7.184530 -6.750000
v -6.510276 -7.184530 -7.250000
v -6.550604 -7.128978 -6.750000
v -6.550604 -7.128978 -7.250000
v -6.644604 -7.264978 -6.750000
v -6.644604 -7.264978 -7.250000
v -6.599483 -7.322858 -6.750000
v -6.599483 -7.322858 -7.250000
v -6.550473 -7.379349 -6.750000
v -6.550473 -7.379349 -7.250000
v -6.498103 -7.434228 -6.750000
v -6.498103 -7.434228 -7.250000
v -6.442900 -7.487275 -6.750000
v -6.442900 -7.487275 -7.250000
v -6.385390 -7.538265 -6.750000
v -6.385390 -7.538265 -7.250000
v -6.326103 -7.586978 -6.750000
v -6.326103 -7.586978 -7.250000
v -6.265566 -7.633191 -6.750000
v -6.265566 -7.633191 -7.250000
v -6.204307 -7.676682 -6.750000
v -6.204307 -7.676682 -7.250000
v -6.142853 -7.717228 -6.750000
v -6.142853 -7.717228 -7.250000
v -6.081733 -7.754608 -6.750000
v -6.081733 -7.754608 -7.250000
v -6.021474 -7.788599 -6.750000
v -6.021474 -7.788599 -7.250000
v -5.962604 -7.818978 -6.750000
v -5.962604 -7.818978 -7.250000
v -5.954811 -7.823436 -6.750000
v -5.954811 -7.823436 -7.250000
v -5.947428 -7.827803 -6.750000
v -5.947428 -7.827803 -7.250000
v -5.940448 -7.832072 -6.750000
v -5.940448 -7.832072 -7.250000
v -5.933864 -7.836238 -6.750000
v -5.933864 -7.836238 -7.250000
v -5.927668 -7.840292 -6.750000
v -5.927668 -7.840292 -7.250000
v -5.921854 -7.844228 -6.750000
v -5.921854 -7.844228 -7.250000
v -5.916415 -7.848040 -6.750000
v -5.916415 -7.848040 -7.250000
v -5.911345 -7.851719 -6.750000
v -5.911345 -7.851719 -7.250000
v -5.906635 -7.855260 -6.750000
v -5.906635 -7.855260 -7.250000
v -5.902280 -7.858654 -6.750000
v -5.902280 -7.858654 -7.250000
v -5.898272 -7.861897 -6.750000
v -5.898272 -7.861897 -7.250000
v -5.894604 -7.864978 -6.750000
v -5.894604 -7.864978 -7.250000
v -5.788604 -7.776978 -6.750000
v -5.788604 -7.776978 -7.250000
v -5.790522 -7.768816 -6.750000
v -5.790522 -7.768816 -7.250000
v -5.792272 -7.760349 -6.750000
v -5.792272 -7.760349 -7.250000
v -5.793855 -7.751603 -6.750000
v -5.793855 -7.751603 -7.250000
v -5.795271 -7.742608 -6.750000
v -5.795271 -7.742608 -7.250000
v -5.796521 -7.733390 -6.750000
v -5.796521 -7.733390 -7.250000
v -5.797605 -7.723978 -6.750000
v -5.797605 -7.723978 -7.250000
v -5.798521 -7.714399 -6.750000
v -5.798521 -7.714399 -7.250000
v -5.799271 -7.704682 -6.750000
v -5.799271 -7.704682 -7.250000
v -5.799854 -7.694853 -6.750000
v -5.799854 -7.694853 -7.250000
v -5.800271 -7.684941 -6.750000
v -5.800271 -7.684941 -7.250000
v -5.800521 -7.674973 -6.750000
v -5.800521 -7.674973 -7.250000
v -5.800604 -7.664978 -6.750000
v -5.800604 -7.664978 -7.250000
v -5.233970 -7.225166 -6.750000
v -5.233970 -7.225166 -7.250000
v -5.245189 -7.167645 -6.750000
v -5.245189 -7.167645 -7.250000
v -5.254449 -7.103791 -6.750000
v -5.254449 -7.103791 -7.250000
v -5.261938 -7.034978 -6.750000
v -5.261938 -7.034978 -7.250000
v -5.267844 -6.962583 -6.750000
v -5.267844 -6.962583 -7.250000
v -5.272355 -6.887979 -6.750000
v -5.272355 -6.887979 -7.250000
v -5.275657 -6.812541 -6.750000
v -5.275657 -6.812541 -7.250000
v -5.277938 -6.737645 -6.750000
v -5.277938 -6.737645 -7.250000
v -5.279386 -6.664666 -6.750000
v -5.279386 -6.664666 -7.250000
v -5.280188 -6.594978 -6.750000
v -5.280188 -6.594978 -7.250000
v -5.280531 -6.529958 -6.750000
v -5.280531 -6.529958 -7.250000
v -5.280603 -6.470978 -6.750000
v -5.280603 -6.470978 -7.250000
v -5.280482 -6.456304 -6.750000
v -5.280482 -6.456304 -7.250000
v -5.280124 -6.442247 -6.750000
v -5.280124 -6.442247 -7.250000
v -5.279543 -6.428760 -6.750000
v -5.279543 -6.428760 -7.250000
v -5.278753 -6.415793 -6.750000
v -5.278753 -6.415793 -7.250000
v -5.277769 -6.403299 -6.750000
v -5.277769 -6.403299 -7.250000
v -5.276605 -6.391229 -6.750000
v -5.276605 -6.391229 -7.250000
v -5.275273 -6.379533 -6.750000
v -5.275273 -6.379533 -7.250000
v -5.273789 -6.368164 -6.750000
v -5.273789 -6.368164 -7.250000
v -5.272166 -6.357072 -6.750000
v -5.272166 -6.357072 -7.250000
v -5.270418 -6.346210 -6.750000
v -5.270418 -6.346210 -7.250000
v -5.268559 -6.335528 -6.750000
v -5.268559 -6.335528 -7.250000
v -5.266603 -6.324978 -6.750000
v -5.266603 -6.324978 -7.250000
v -5.450603 -6.324978 -6.750000
v -5.450603 -6.324978 -7.250000
v -5.449986 -6.331707 -6.750000
v -5.449986 -6.331707 -7.250000
v -5.449167 -6.339811 -6.750000
v -5.449167 -6.339811 -7.250000
v -5.448196 -6.349166 -6.750000
v -5.448196 -6.349166 -7.250000
v -5.447122 -6.359645 -6.750000
v -5.447122 -6.359645 -7.250000
v -5.445991 -6.371124 -6.750000
v -5.445991 -6.371124 -7.250000
v -5.444853 -6.383478 -6.750000
v -5.444853 -6.383478 -7.250000
v -5.443757 -6.396583 -6.750000
v -5.443757 -6.396583 -7.250000
v -5.442751 -6.410312 -6.750000
v -5.442751 -6.410312 -7.250000
v -5.441884 -6.424541 -6.750000
v -5.441884 -6.424541 -7.250000
v -5.441205 -6.439145 -6.750000
v -5.441205 -6.439145 -7.250000
v -5.440762 -6.454000 -6.750000
v -5.440762 -6.454000 -7.250000
v -5.440603 -6.468978 -6.750000
v -5.440603 -6.468978 -7.250000
v -5.440413 -6.528519 -6.750000
v -5.440413 -6.528519 -7.250000
v -5.439759 -6.595136 -6.750000
v -5.439759 -6.595136 -7.250000
v -5.438508 -6.667322 -6.750000
v -5.438508 -6.667322 -7.250000
v -5.436528 -6.743571 -6.750000
v -5.436528 -6.743571 -7.250000
v -5.433687 -6.822375 -6.750000
v -5.433687 -6.822375 -7.250000
v -5.429852 -6.902228 -6.750000
v -5.429852 -6.902228 -7.250000
v -5.424893 -6.981623 -6.750000
v -5.424893 -6.981623 -7.250000
v -5.418677 -7.059052 -6.750000
v -5.418677 -7.059052 -7.250000
v -5.411072 -7.133010 -6.750000
v -5.411072 -7.133010 -7.250000
v -5.401946 -7.201988 -6.750000
v -5.401946 -7.201988 -7.250000
v -5.391168 -7.264480 -6.750000
v -5.391168 -7.264480 -7.250000
v -5.378604 -7.318978 -6.750000
v -5.378604 -7.318978 -7.250000
v -5.362203 -7.372080 -6.750000
v -5.362203 -7.372080 -7.250000
v -5.343066 -7.424294 -6.750000
v -5.343066 -7.424294 -7.250000
v -5.321291 -7.475478 -6.750000
v -5.321291 -7.475478 -7.250000
v -5.296974 -7.525497 -6.750000
v -5.296974 -7.525497 -7.250000
v -5.270212 -7.574210 -6.750000
v -5.270212 -7.574210 -7.250000
v -5.241103 -7.621478 -6.750000
v -5.241103 -7.621478 -7.250000
v -5.209744 -7.667164 -6.750000
v -5.209744 -7.667164 -7.250000
v -5.176232 -7.711126 -6.750000
v -5.176232 -7.711126 -7.250000
v -5.140665 -7.753228 -6.750000
v -5.140665 -7.753228 -7.250000
v -5.103140 -7.793330 -6.750000
v -5.103140 -7.793330 -7.250000
v -5.063753 -7.831293 -6.750000
v -5.063753 -7.831293 -7.250000
v -5.022603 -7.866979 -6.750000
v -5.022603 -7.866979 -7.250000
v -4.872603 -7.766978 -6.750000
v -4.872603 -7.766978 -7.250000
v -4.913595 -7.735795 -6.750000
v -4.913595 -7.735795 -7.250000
v -4.952547 -7.702340 -6.750000
v -4.952547 -7.702340 -7.250000
v -4.989415 -7.666759 -6.750000
v -4.989415 -7.666759 -7.250000
v -5.024158 -7.629201 -6.750000
v -5.024158 -7.629201 -7.250000
v -5.056735 -7.589808 -6.750000
v -5.056735 -7.589808 -7.250000
v -5.087103 -7.548728 -6.750000
v -5.087103 -7.548728 -7.250000
v -5.115221 -7.506107 -6.750000
v -5.115221 -7.506107 -7.250000
v -5.141047 -7.462090 -6.750000
v -5.141047 -7.462090 -7.250000
v -5.164540 -7.416822 -6.750000
v -5.164540 -7.416822 -7.250000
v -5.185658 -7.370450 -6.750000
v -5.185658 -7.370450 -7.250000
v -5.204360 -7.323121 -6.750000
v -5.204360 -7.323121 -7.250000
v -5.220603 -7.274979 -6.750000
v -5.220603 -7.274979 -7.250000
vn -0.0000 -0.0000 -1.0000
vn -0.0002 -0.0000 -1.0000
vn 0.0001 -0.0000 -1.0000
vn -0.0000 -0.0000 1.0000
vn -0.0002 -0.0000 1.0000
vn 0.0001 -0.0000 1.0000
vn 0.6452 -0.7641 -0.0000
vn 0.5982 -0.8014 -0.0000
vn 0.5472 -0.8370 -0.0000
vn 0.4924 -0.8703 -0.0000
vn 0.4344 -0.9007 -0.0000
vn 0.3738 -0.9275 -0.0000
vn 0.3113 -0.9503 -0.0000
vn 0.2478 -0.9688 -0.0000
vn 0.1842 -0.9829 -0.0000
vn 0.1212 -0.9926 -0.0000
vn 0.0598 -0.9982 -0.0000
vn -0.0072 -1.0000 -0.0000
vn -0.0900 -0.9959 -0.0000
vn -0.1842 -0.9829 -0.0000
vn -0.2828 -0.9592 -0.0000
vn -0.3856 -0.9227 -0.0000
vn -0.4915 -0.8709 -0.0000
vn -0.5986 -0.8011 -0.0000
vn -0.7033 -0.7109 -0.0000
vn -0.8007 -0.5990 -0.0000
vn -0.8845 -0.4665 -0.0000
vn -0.9482 -0.3175 -0.0000
vn -0.9872 -0.1593 -0.0000
vn -0.9985 0.0556 -0.0000
vn -0.9314 0.3641 -0.0000
vn -0.7737 0.6335 -0.0000
vn -0.6274 0.7787 -0.0000
vn -0.5367 0.8438 -0.0000
vn -0.5005 0.8657 -0.0000
vn -0.5106 0.8598 -0.0000
vn -0.5617 0.8274 -0.0000
vn -0.6501 0.7599 -0.0000
vn -0.7661 0.6427 -0.0000
vn -0.8854 0.4648 -0.0000
vn -0.9712 0.2381 -0.0000
vn -0.9997 0.0262 -0.0000
vn -0.9918 -0.1282 -0.0000
vn -0.9663 -0.2574 -0.0000
vn -0.9231 -0.3845 -0.0000
vn -0.8626 -0.5058 -0.0000
vn -0.7860 -0.6182 -0.0000
vn -0.6952 -0.7188 -0.0000
vn -0.5927 -0.8054 -0.0000
vn -0.4810 -0.8767 -0.0000
vn -0.3632 -0.9317 -0.0000
vn -0.2420 -0.9703 -0.0000
vn -0.1202 -0.9928 -0.0000
vn -0.0182 -0.9998 -0.0000
vn 0.0471 -0.9989 -0.0000
vn 0.0968 -0.9953 -0.0000
vn 0.1491 -0.9888 -0.0000
vn 0.2033 -0.9791 -0.0000
vn 0.2586 -0.9660 -0.0000
vn 0.3140 -0.9494 -0.0000
vn 0.3686 -0.9296 -0.0000
vn 0.4214 -0.9069 -0.0000
vn 0.4717 -0.8817 -0.0000
vn 0.5189 -0.8549 -0.0000
vn 0.5623 -0.8269 -0.0000
vn 0.8896 -0.4567 -0.0000
vn 0.3393 0.9407 -0.0000
vn -0.7500 0.6614 -0.0000
vn -0.7074 0.7068 -0.0000
vn -0.6596 0.7516 -0.0000
vn -0.6063 0.7953 -0.0000
vn -0.5473 0.8370 -0.0000
vn -0.4825 0.8759 -0.0000
vn -0.4122 0.9111 -0.0000
vn -0.3367 0.9416 -0.0000
vn -0.2566 0.9665 -0.0000
vn -0.1730 0.9849 -0.0000
vn -0.0870 0.9962 -0.0000
vn 0.0048 1.0000 -0.0000
vn 0.1096 0.9940 -0.0000
vn 0.2246 0.9744 -0.0000
vn 0.3427 0.9395 -0.0000
vn 0.4598 0.8880 -0.0000
vn 0.5721 0.8202 -0.0000
vn 0.6758 0.7371 -0.0000
vn 0.7680 0.6404 -0.0000
vn 0.8467 0.5321 -0.0000
vn 0.9105 0.4135 -0.0000
vn 0.9584 0.2853 -0.0000
vn 0.9891 0.1473 -0.0000
vn 0.9988 -0.0497 -0.0000
vn 0.9418 -0.3362 -0.0000
vn 0.8047 -0.5937 -0.0000
vn 0.6690 -0.7433 -0.0000
vn 0.5764 -0.8172 -0.0000
vn 0.5308 -0.8475 -0.0000
vn 0.5272 -0.8497 -0.0000
vn 0.5624 -0.8268 -0.0000
vn 0.6354 -0.7722 -0.0000
vn 0.7422 -0.6702 -0.0000
vn 0.8648 -0.5021 -0.0000
vn 0.9638 -0.2666 -0.0000
vn 0.9994 -0.0352 -0.0000
vn 0.9917 0.1285 -0.0000
vn 0.9650 0.2624 -0.0000
vn 0.9175 0.3977 -0.0000
vn 0.8490 0.5283 -0.0000
vn 0.7616 0.6481 -0.0000
vn 0.6592 0.7519 -0.0000
vn 0.5474 0.8369 -0.0000
vn 0.4315 0.9021 -0.0000
vn 0.3162 0.9487 -0.0000
vn 0.2047 0.9788 -0.0000
vn 0.0992 0.9951 -0.0000
vn 0.0112 0.9999 -0.0000
vn -0.0512 0.9987 -0.0000
vn -0.1022 0.9948 -0.0000
vn -0.1527 0.9883 -0.0000
vn -0.2026 0.9793 -0.0000
vn -0.2515 0.9679 -0.0000
vn -0.2993 0.9542 -0.0000
vn -0.3458 0.9383 -0.0000
vn -0.3909 0.9204 -0.0000
vn -0.4344 0.9007 -0.0000
vn -0.4763 0.8793 -0.0000
vn -0.5164 0.8564 -0.0000
vn -0.8763 0.4818 -0.0000
vn -0.4078 -0.9131 -0.0000
vn -0.1053 0.9944 -0.0000
vn -0.2200 0.9755 -0.0000
vn -0.3427 0.9395 -0.0000
vn -0.4688 0.8833 -0.0000
vn -0.5921 0.8058 -0.0000
vn -0.7056 0.7086 -0.0000
vn -0.8030 0.5960 -0.0000
vn -0.8804 0.4742 -0.0000
vn -0.9370 0.3494 -0.0000
vn -0.9739 0.2269 -0.0000
vn -0.9939 0.1102 -0.0000
vn -1.0000 -0.0019 -0.0000
vn -0.9930 -0.1183 -0.0000
vn -0.9698 -0.2437 -0.0000
vn -0.9273 -0.3743 -0.0000
vn -0.8632 -0.5049 -0.0000
vn -0.7775 -0.6289 -0.0000
vn -0.6734 -0.7393 -0.0000
vn -0.5568 -0.8307 -0.0000
vn -0.4348 -0.9005 -0.0000
vn -0.3142 -0.9494 -0.0000
vn -0.2000 -0.9798 -0.0000
vn -0.0952 -0.9955 -0.0000
vn -0.0227 -0.9997 -0.0000
vn -0.7071 -0.7071 -0.0000
vn 0.7071 -0.7071 -0.0000
vn 0.7071 0.7071 -0.0000
vn -0.0252 0.9997 -0.0000
vn 0.0228 0.9997 -0.0000
vn 0.0946 0.9955 -0.0000
vn 0.1970 0.9804 -0.0000
vn 0.3075 0.9516 -0.0000
vn 0.4241 0.9056 -0.0000
vn 0.5431 0.8397 -0.0000
vn 0.6588 0.7523 -0.0000
vn 0.7645 0.6446 -0.0000
vn 0.8536 0.5209 -0.0000
vn 0.9218 0.3876 -0.0000
vn 0.9676 0.2525 -0.0000
vn 0.9925 0.1222 -0.0000
vn 1.0000 0.0063 -0.0000
vn 0.9954 -0.0956 -0.0000
vn 0.9801 -0.1986 -0.0000
vn 0.9505 -0.3106 -0.0000
vn 0.9028 -0.4300 -0.0000
vn 0.8333 -0.5528 -0.0000
vn 0.7405 -0.6721 -0.0000
vn 0.6264 -0.7795 -0.0000
vn 0.4975 -0.8674 -0.0000
vn 0.3629 -0.9318 -0.0000
vn 0.2314 -0.9729 -0.0000
vn 0.1098 -0.9940 -0.0000
vn 0.0260 -0.9997 -0.0000
vn -0.7071 0.7071 -0.0000
vn 0.5420 -0.8404 -0.0000
vn -0.5507 -0.8347 -0.0000
vn 0.8345 -0.5510 -0.0000
vn 0.5510 0.8345 -0.0000
vn -0.5449 0.8385 -0.0000
vn -0.8385 -0.5449 -0.0000
vn 0.8387 0.5446 -0.0000
vn -0.0137 -0.9999 -0.0000
vn -0.8312 0.5560 -0.0000
vn 0.4763 -0.8793 -0.0000
vn 0.4457 -0.8952 -0.0000
vn 0.4117 -0.9113 -0.0000
vn 0.3742 -0.9273 -0.0000
vn 0.3334 -0.9428 -0.0000
vn 0.2897 -0.9571 -0.0000
vn 0.2434 -0.9699 -0.0000
vn 0.1952 -0.9808 -0.0000
vn 0.1460 -0.9893 -0.0000
vn 0.0965 -0.9953 -0.0000
vn 0.0477 -0.9989 -0.0000
vn -0.0180 -0.9998 -0.0000
vn -0.1203 -0.9927 -0.0000
vn -0.2418 -0.9703 -0.0000
vn -0.3623 -0.9320 -0.0000
vn -0.4793 -0.8776 -0.0000
vn -0.5902 -0.8073 -0.0000
vn -0.6922 -0.7217 -0.0000
vn -0.7829 -0.6221 -0.0000
vn -0.8599 -0.5105 -0.0000
vn -0.9212 -0.3892 -0.0000
vn -0.9652 -0.2614 -0.0000
vn -0.9915 -0.1305 -0.0000
vn -1.0000 -0.0015 -0.0000
vn -0.9921 0.1257 -0.0000
vn -0.9670 0.2546 -0.0000
vn -0.9234 0.3838 -0.0000
vn -0.8609 0.5087 -0.0000
vn -0.7808 0.6248 -0.0000
vn -0.6854 0.7282 -0.0000
vn -0.5784 0.8158 -0.0000
vn -0.4637 0.8860 -0.0000
vn -0.3454 0.9385 -0.0000
vn -0.2270 0.9739 -0.0000
vn -0.1113 0.9938 -0.0000
vn -0.0128 0.9999 -0.0000
vn 0.0569 0.9984 -0.0000
vn 0.1116 0.9938 -0.0000
vn 0.1639 0.9865 -0.0000
vn 0.2138 0.9769 -0.0000
vn 0.2616 0.9652 -0.0000
vn 0.3072 0.9516 -0.0000
vn 0.3509 0.9364 -0.0000
vn 0.3927 0.9196 -0.0000
vn 0.4329 0.9014 -0.0000
vn 0.4716 0.8818 -0.0000
vn 0.5088 0.8609 -0.0000
vn -0.4864 0.8738 -0.0000
vn -0.8517 -0.5240 -0.0000
vn -0.4374 -0.8993 -0.0000
vn -0.4081 -0.9129 -0.0000
vn -0.3749 -0.9271 -0.0000
vn -0.3381 -0.9411 -0.0000
vn -0.2984 -0.9544 -0.0000
vn -0.2565 -0.9666 -0.0000
vn -0.2131 -0.9770 -0.0000
vn -0.1690 -0.9856 -0.0000
vn -0.1251 -0.9922 -0.0000
vn -0.0819 -0.9966 -0.0000
vn -0.0401 -0.9992 -0.0000
vn 0.0226 -0.9997 -0.0000
vn 0.1330 -0.9911 -0.0000
vn 0.2704 -0.9628 -0.0000
vn 0.4061 -0.9138 -0.0000
vn 0.5336 -0.8457 -0.0000
vn 0.6474 -0.7621 -0.0000
vn 0.7446 -0.6675 -0.0000
vn 0.8243 -0.5661 -0.0000
vn 0.8876 -0.4607 -0.0000
vn 0.9358 -0.3524 -0.0000
vn 0.9705 -0.2410 -0.0000
vn 0.9923 -0.1241 -0.0000
vn 1.0000 -0.0004 -0.0000
vn 0.9918 0.1279 -0.0000
vn 0.9664 0.2571 -0.0000
vn 0.9232 0.3844 -0.0000
vn 0.8625 0.5061 -0.0000
vn 0.7855 0.6188 -0.0000
vn 0.6942 0.7198 -0.0000
vn 0.5911 0.8066 -0.0000
vn 0.4790 0.8778 -0.0000
vn 0.3610 0.9325 -0.0000
vn 0.2401 0.9708 -0.0000
vn 0.1190 0.9929 -0.0000
vn 0.0192 0.9998 -0.0000
vn -0.0408 0.9992 -0.0000
vn -0.0816 0.9967 -0.0000
vn -0.1217 0.9926 -0.0000
vn -0.1606 0.9870 -0.0000
vn -0.1976 0.9803 -0.0000
vn -0.2325 0.9726 -0.0000
vn -0.2648 0.9643 -0.0000
vn -0.2945 0.9556 -0.0000
vn -0.3214 0.9469 -0.0000
vn -0.3457 0.9384 -0.0000
vn -0.3673 0.9301 -0.0000
vn -0.8299 0.5579 -0.0000
vn -0.5046 -0.8633 -0.0000
vn 0.3347 -0.9423 -0.0000
vn 0.8889 -0.4581 -0.0000
vn 0.8839 -0.4677 -0.0000
vn 0.8791 -0.4766 -0.0000
vn 0.8744 -0.4852 -0.0000
vn 0.8697 -0.4936 -0.0000
vn 0.8647 -0.5023 -0.0000
vn 0.8592 -0.5116 -0.0000
vn 0.8532 -0.5216 -0.0000
vn 0.8462 -0.5329 -0.0000
vn 0.8379 -0.5459 -0.0000
vn 0.8277 -0.5612 -0.0000
vn 0.9617 0.2741 -0.0000
vn -0.2774 0.9608 -0.0000
vn -0.8296 0.5584 -0.0000
vn -0.8365 0.5480 -0.0000
vn -0.8423 0.5390 -0.0000
vn -0.8475 0.5308 -0.0000
vn -0.8524 0.5229 -0.0000
vn -0.8571 0.5151 -0.0000
vn -0.8619 0.5070 -0.0000
vn -0.8670 0.4983 -0.0000
vn -0.8725 0.4886 -0.0000
vn -0.8787 0.4774 -0.0000
vn -0.8860 0.4638 -0.0000
vn -0.9430 -0.3329 -0.0000
vn 0.3312 -0.9435 -0.0000
vn 0.8862 -0.4634 -0.0000
vn 0.8819 -0.4715 -0.0000
vn 0.8773 -0.4800 -0.0000
vn 0.8722 -0.4892 -0.0000
vn 0.8665 -0.4992 -0.0000
vn 0.8601 -0.5101 -0.0000
vn 0.8527 -0.5224 -0.0000
vn 0.8440 -0.5363 -0.0000
vn 0.8337 -0.5522 -0.0000
vn 0.8213 -0.5705 -0.0000
vn 0.8059 -0.5921 -0.0000
vn 0.9673 0.2538 -0.0000
vn -0.2741 0.9617 -0.0000
vn -0.8251 0.5650 -0.0000
vn -0.8309 0.5564 -0.0000
vn -0.8360 0.5488 -0.0000
vn -0.8406 0.5416 -0.0000
vn -0.8450 0.5347 -0.0000
vn -0.8495 0.5276 -0.0000
vn -0.8541 0.5201 -0.0000
vn -0.8592 0.5117 -0.0000
vn -0.8649 0.5020 -0.0000
vn -0.8715 0.4903 -0.0000
vn -0.8797 0.4756 -0.0000
vn -0.9450 -0.3271 -0.0000
vn -0.9456 -0.3252 -0.0000
vn -0.9454 -0.3258 -0.0000
vn -0.9447 -0.3281 -0.0000
vn -0.9434 -0.3317 -0.0000
vn -0.9416 -0.3368 -0.0000
vn -0.9393 -0.3431 -0.0000
vn -0.9365 -0.3506 -0.0000
vn -0.9332 -0.3594 -0.0000
vn -0.9293 -0.3694 -0.0000
vn -0.9248 -0.3805 -0.0000
vn -0.9196 -0.3928 -0.0000
vn -0.8364 0.5481 -0.0000
vn 0.0017 1.0000 -0.0000
vn 0.0069 1.0000 -0.0000
vn 0.0137 0.9999 -0.0000
vn 0.0207 0.9998 -0.0000
vn 0.0282 0.9996 -0.0000
vn 0.0363 0.9993 -0.0000
vn 0.0453 0.9990 -0.0000
vn 0.0553 0.9985 -0.0000
vn 0.0668 0.9978 -0.0000
vn 0.0801 0.9968 -0.0000
vn 0.0958 0.9954 -0.0000
vn 0.1145 0.9934 -0.0000
vn -0.6615 0.7499 -0.0000
vn -0.6854 -0.7282 -0.0000
vn 0.0570 -0.9984 -0.0000
vn 0.0506 -0.9987 -0.0000
vn 0.0448 -0.9990 -0.0000
vn 0.0396 -0.9992 -0.0000
vn 0.0349 -0.9994 -0.0000
vn 0.0303 -0.9995 -0.0000
vn 0.0259 -0.9997 -0.0000
vn 0.0215 -0.9998 -0.0000
vn 0.0169 -0.9999 -0.0000
vn 0.0120 -0.9999 -0.0000
vn 0.0064 -1.0000 -0.0000
vn 0.0017 -1.0000 -0.0000
vn -0.6759 -0.7370 -0.0000
vn -0.9929 -0.1189 -0.0000
vn -0.9824 -0.1868 -0.0000
vn -0.9658 -0.2594 -0.0000
vn -0.9420 -0.3357 -0.0000
vn -0.9104 -0.4138 -0.0000
vn -0.8709 -0.4915 -0.0000
vn -0.8240 -0.5665 -0.0000
vn -0.7712 -0.6366 -0.0000
vn -0.7142 -0.7000 -0.0000
vn -0.6552 -0.7555 -0.0000
vn -0.5964 -0.8027 -0.0000
vn -0.0020 -1.0000 -0.0000
vn 0.9938 0.1109 -0.0000
vn 0.3801 0.9250 -0.0000
vn 0.4043 0.9146 -0.0000
vn 0.4275 0.9040 -0.0000
vn 0.4499 0.8931 -0.0000
vn 0.4719 0.8816 -0.0000
vn 0.4937 0.8697 -0.0000
vn 0.5154 0.8569 -0.0000
vn 0.5375 0.8433 -0.0000
vn 0.5600 0.8285 -0.0000
vn 0.5834 0.8122 -0.0000
vn 0.6078 0.7941 -0.0000
vn 0.6225 0.7826 -0.0000
vn 0.6480 0.7617 -0.0000
vn 0.6945 0.7195 -0.0000
vn 0.7419 0.6705 -0.0000
vn 0.7886 0.6149 -0.0000
vn 0.8330 0.5533 -0.0000
vn 0.8736 0.4866 -0.0000
vn 0.9094 0.4160 -0.0000
vn 0.9393 0.3432 -0.0000
vn 0.9630 0.2697 -0.0000
vn 0.9804 0.1970 -0.0000
vn 0.9920 0.1265 -0.0000
vn 0.7389 -0.6738 -0.0000
vn -0.5075 -0.8617 -0.0000
vn -0.8672 -0.4980 -0.0000
vn -0.8525 -0.5227 -0.0000
vn -0.8382 -0.5454 -0.0000
vn -0.8238 -0.5669 -0.0000
vn -0.8090 -0.5879 -0.0000
vn -0.7933 -0.6089 -0.0000
vn -0.7762 -0.6305 -0.0000
vn -0.7571 -0.6533 -0.0000
vn -0.7351 -0.6780 -0.0000
vn -0.7089 -0.7053 -0.0000
vn -0.6768 -0.7361 -0.0000
vn -0.0912 -0.9958 -0.0000
vn 0.9980 -0.0625 -0.0000
vn 0.6390 0.7692 -0.0000
vn 0.6821 0.7312 -0.0000
vn 0.7163 0.6978 -0.0000
vn 0.7440 0.6682 -0.0000
vn 0.7668 0.6419 -0.0000
vn 0.7861 0.6182 -0.0000
vn 0.8027 0.5964 -0.0000
vn 0.8173 0.5762 -0.0000
vn 0.8305 0.5569 -0.0000
vn 0.8430 0.5380 -0.0000
vn 0.8551 0.5185 -0.0000
vn 0.8736 0.4867 -0.0000
vn 0.8909 0.4542 -0.0000
vn 0.9009 0.4339 -0.0000
vn 0.9100 0.4146 -0.0000
vn 0.9182 0.3961 -0.0000
vn 0.9256 0.3784 -0.0000
vn 0.9324 0.3614 -0.0000
vn 0.9385 0.3451 -0.0000
vn 0.9442 0.3295 -0.0000
vn 0.9493 0.3144 -0.0000
vn 0.9540 0.2997 -0.0000
vn 0.9584 0.2855 -0.0000
vn 0.9596 0.2813 -0.0000
vn 0.9616 0.2743 -0.0000
vn 0.9669 0.2550 -0.0000
vn 0.9717 0.2362 -0.0000
vn 0.9760 0.2179 -0.0000
vn 0.9798 0.1999 -0.0000
vn 0.9833 0.1821 -0.0000
vn 0.9864 0.1646 -0.0000
vn 0.9891 0.1472 -0.0000
vn 0.9915 0.1297 -0.0000
vn 0.9937 0.1123 -0.0000
vn 0.9955 0.0946 -0.0000
vn 0.6018 0.7986 -0.0000
vn -0.8761 0.4821 -0.0000
vn -0.9325 -0.3613 -0.0000
vn -0.9336 -0.3583 -0.0000
vn -0.9346 -0.3556 -0.0000
vn -0.9356 -0.3530 -0.0000
vn -0.9366 -0.3505 -0.0000
vn -0.9375 -0.3479 -0.0000
vn -0.9385 -0.3454 -0.0000
vn -0.9394 -0.3428 -0.0000
vn -0.9404 -0.3401 -0.0000
vn -0.9415 -0.3371 -0.0000
vn -0.9426 -0.3339 -0.0000
vn -0.9444 -0.3287 -0.0000
vn -0.0000 1.0000 -0.0000
vn 0.0025 1.0000 -0.0000
vn 0.0098 1.0000 -0.0000
vn 0.0195 0.9998 -0.0000
vn 0.0290 0.9996 -0.0000
vn 0.0381 0.9993 -0.0000
vn 0.0469 0.9989 -0.0000
vn 0.0633 0.9980 -0.0000
vn 0.0706 0.9975 -0.0000
vn 0.0772 0.9970 -0.0000
vn 0.0828 0.9966 -0.0000
vn 0.0873 0.9962 -0.0000
vn -0.6748 0.7380 -0.0000
vn -0.6868 -0.7268 -0.0000
vn 0.0607 -0.9982 -0.0000
vn 0.0666 -0.9978 -0.0000
vn 0.0686 -0.9976 -0.0000
vn 0.0677 -0.9977 -0.0000
vn 0.0648 -0.9979 -0.0000
vn 0.0600 -0.9982 -0.0000
vn 0.0537 -0.9986 -0.0000
vn 0.0459 -0.9989 -0.0000
vn 0.0366 -0.9993 -0.0000
vn 0.0136 -0.9999 -0.0000
vn 0.0035 -1.0000 -0.0000
vn -0.0000 -1.0000 -0.0000
vn -0.0015 -1.0000 -0.0000
vn -0.0060 -1.0000 -0.0000
vn -0.0119 -0.9999 -0.0000
vn -0.0178 -0.9998 -0.0000
vn -0.0238 -0.9997 -0.0000
vn -0.0300 -0.9996 -0.0000
vn -0.0365 -0.9993 -0.0000
vn -0.0435 -0.9991 -0.0000
vn -0.0512 -0.9987 -0.0000
vn -0.0599 -0.9982 -0.0000
vn -0.0699 -0.9976 -0.0000
vn 0.6751 -0.7377 -0.0000
vn 0.6838 0.7297 -0.0000
vn -0.0633 0.9980 -0.0000
vn -0.0597 0.9982 -0.0000
vn -0.0557 0.9984 -0.0000
vn -0.0514 0.9987 -0.0000
vn -0.0467 0.9989 -0.0000
vn -0.0415 0.9991 -0.0000
vn -0.0360 0.9994 -0.0000
vn -0.0299 0.9996 -0.0000
vn -0.0234 0.9997 -0.0000
vn -0.0162 0.9999 -0.0000
vn -0.0084 1.0000 -0.0000
vn -0.0022 1.0000 -0.0000
vn 0.9345 0.3559 -0.0000
vn 0.9399 0.3416 -0.0000
vn 0.9435 0.3315 -0.0000
vn 0.9461 0.3238 -0.0000
vn 0.9482 0.3176 -0.0000
vn 0.9499 0.3124 -0.0000
vn 0.9515 0.3077 -0.0000
vn 0.9529 0.3032 -0.0000
vn 0.9544 0.2986 -0.0000
vn 0.9561 0.2932 -0.0000
vn 0.9583 0.2858 -0.0000
vn 0.9642 0.2650 -0.0000
vn 0.9697 0.2444 -0.0000
vn 0.9719 0.2353 -0.0000
vn 0.9743 0.2251 -0.0000
vn 0.9769 0.2138 -0.0000
vn 0.9795 0.2014 -0.0000
vn 0.9821 0.1882 -0.0000
vn 0.9847 0.1745 -0.0000
vn 0.9870 0.1606 -0.0000
vn 0.9909 0.1347 -0.0000
vn 0.9923 0.1238 -0.0000
vn 0.5868 0.8097 -0.0000
vn -0.8796 0.4757 -0.0000
vn -0.9278 -0.3731 -0.0000
vn -0.9279 -0.3729 -0.0000
vn -0.9288 -0.3707 -0.0000
vn -0.9304 -0.3665 -0.0000
vn -0.9327 -0.3607 -0.0000
vn -0.9354 -0.3535 -0.0000
vn -0.9385 -0.3452 -0.0000
vn -0.9419 -0.3360 -0.0000
vn -0.9453 -0.3263 -0.0000
vn -0.9487 -0.3162 -0.0000
vn -0.9521 -0.3059 -0.0000
vn -0.9542 -0.2992 -0.0000
vn -0.9541 -0.2996 -0.0000
vn -0.9530 -0.3030 -0.0000
vn -0.9521 -0.3058 -0.0000
vn -0.9513 -0.3083 -0.0000
vn -0.9504 -0.3110 -0.0000
vn -0.9494 -0.3139 -0.0000
vn -0.9483 -0.3173 -0.0000
vn -0.9469 -0.3215 -0.0000
vn -0.9451 -0.3268 -0.0000
vn -0.9389 -0.3442 -0.0000
vn -0.7933 0.6089 -0.0000
vn 0.0976 0.9952 -0.0000
vn 0.1003 0.9950 -0.0000
vn 0.1027 0.9947 -0.0000
vn 0.1051 0.9945 -0.0000
vn 0.1076 0.9942 -0.0000
vn 0.1101 0.9939 -0.0000
vn 0.1128 0.9936 -0.0000
vn 0.1159 0.9933 -0.0000
vn 0.1194 0.9928 -0.0000
vn 0.1235 0.9923 -0.0000
vn 0.1287 0.9917 -0.0000
vn 0.8857 0.4642 -0.0000
vn 0.8879 -0.4601 -0.0000
vn 0.8834 -0.4687 -0.0000
vn 0.8785 -0.4777 -0.0000
vn 0.8733 -0.4872 -0.0000
vn 0.8676 -0.4973 -0.0000
vn 0.8611 -0.5084 -0.0000
vn 0.8538 -0.5205 -0.0000
vn 0.8455 -0.5340 -0.0000
vn 0.8356 -0.5493 -0.0000
vn 0.8239 -0.5668 -0.0000
vn 0.8095 -0.5872 -0.0000
vn 0.9684 0.2494 -0.0000
vn -0.2746 0.9615 -0.0000
vn -0.8382 0.5454 -0.0000
vn -0.8496 0.5275 -0.0000
vn -0.8584 0.5129 -0.0000
vn -0.8658 0.5004 -0.0000
vn -0.8723 0.4890 -0.0000
vn -0.8783 0.4781 -0.0000
vn -0.8842 0.4671 -0.0000
vn -0.8903 0.4554 -0.0000
vn -0.8970 0.4421 -0.0000
vn -0.9047 0.4260 -0.0000
vn -0.9143 0.4051 -0.0000
vn -0.9320 -0.3625 -0.0000
vn 0.3869 -0.9221 -0.0000
vn 0.9373 -0.3485 -0.0000
vn 0.9342 -0.3567 -0.0000
vn 0.9312 -0.3644 -0.0000
vn 0.9283 -0.3718 -0.0000
vn 0.9255 -0.3789 -0.0000
vn 0.9226 -0.3857 -0.0000
vn 0.9198 -0.3924 -0.0000
vn 0.9170 -0.3990 -0.0000
vn 0.9141 -0.4055 -0.0000
vn 0.9112 -0.4119 -0.0000
vn 0.9083 -0.4184 -0.0000
vn 0.4836 -0.8753 -0.0000
vn -0.1235 -0.9923 -0.0000
vn -0.1195 -0.9928 -0.0000
vn -0.1166 -0.9932 -0.0000
vn -0.1141 -0.9935 -0.0000
vn -0.1120 -0.9937 -0.0000
vn -0.1100 -0.9939 -0.0000
vn -0.1079 -0.9942 -0.0000
vn -0.1058 -0.9944 -0.0000
vn -0.1032 -0.9947 -0.0000
vn -0.1000 -0.9950 -0.0000
vn -0.0956 -0.9954 -0.0000
vn -0.0905 -0.9959 -0.0000
vn -0.1091 -0.9940 -0.0000
vn -0.1292 -0.9916 -0.0000
vn -0.1361 -0.9907 -0.0000
vn -0.1411 -0.9900 -0.0000
vn -0.1444 -0.9895 -0.0000
vn -0.1460 -0.9893 -0.0000
vn -0.1412 -0.9900 -0.0000
vn 0.5937 -0.8047 -0.0000
vn 0.7523 0.6588 -0.0000
vn -0.0224 0.9997 -0.0000
vn -0.0127 0.9999 -0.0000
vn -0.0041 1.0000 -0.0000
vn 0.0034 1.0000 -0.0000
vn 0.0099 1.0000 -0.0000
vn 0.0156 0.9999 -0.0000
vn 0.0205 0.9998 -0.0000
vn 0.0247 0.9997 -0.0000
vn 0.0309 0.9995 -0.0000
vn 0.0330 0.9995 -0.0000
vn 0.5883 0.8087 -0.0000
vn -0.9200 -0.3918 -0.0000
vn -0.9103 -0.4139 -0.0000
vn -0.9008 -0.4342 -0.0000
vn -0.8912 -0.4535 -0.0000
vn -0.8814 -0.4723 -0.0000
vn -0.8712 -0.4910 -0.0000
vn -0.8602 -0.5099 -0.0000
vn -0.8484 -0.5294 -0.0000
vn -0.8353 -0.5498 -0.0000
vn -0.8207 -0.5714 -0.0000
vn -0.8040 -0.5946 -0.0000
vn -0.9950 0.0995 -0.0000
vn -0.6665 0.7455 -0.0000
vn -0.6800 0.7332 -0.0000
vn -0.6916 0.7223 -0.0000
vn -0.7018 0.7124 -0.0000
vn -0.7110 0.7032 -0.0000
vn -0.7195 0.6945 -0.0000
vn -0.7276 0.6860 -0.0000
vn -0.7355 0.6775 -0.0000
vn -0.7436 0.6687 -0.0000
vn -0.7521 0.6591 -0.0000
vn -0.7615 0.6482 -0.0000
vn -0.9966 -0.0823 -0.0000
vn 0.1031 -0.9947 -0.0000
vn 0.7869 -0.6171 -0.0000
vn 0.7757 -0.6311 -0.0000
vn 0.7653 -0.6437 -0.0000
vn 0.7553 -0.6554 -0.0000
vn 0.7456 -0.6664 -0.0000
vn 0.7358 -0.6772 -0.0000
vn 0.7259 -0.6878 -0.0000
vn 0.7155 -0.6986 -0.0000
vn 0.7046 -0.7096 -0.0000
vn 0.6928 -0.7211 -0.0000
vn 0.6799 -0.7333 -0.0000
vn -0.0351 -0.9994 -0.0000
vn -0.7143 -0.6998 -0.0000
vn -0.6956 -0.7184 -0.0000
vn -0.6758 -0.7371 -0.0000
vn -0.6547 -0.7559 -0.0000
vn -0.6321 -0.7749 -0.0000
vn -0.6077 -0.7941 -0.0000
vn -0.5815 -0.8136 -0.0000
vn -0.5530 -0.8332 -0.0000
vn -0.5221 -0.8529 -0.0000
vn -0.4885 -0.8726 -0.0000
vn -0.4519 -0.8921 -0.0000
vn 0.1794 -0.9838 -0.0000
vn 0.9792 0.2029 -0.0000
vn 0.4124 0.9110 -0.0000
vn 0.4563 0.8898 -0.0000
vn 0.4962 0.8682 -0.0000
vn 0.5324 0.8465 -0.0000
vn 0.5656 0.8247 -0.0000
vn 0.5961 0.8029 -0.0000
vn 0.6244 0.7811 -0.0000
vn 0.6508 0.7593 -0.0000
vn 0.6995 0.7146 -0.0000
vn 0.7225 0.6914 -0.0000
vn 0.7478 0.6639 -0.0000
vn 0.7722 0.6353 -0.0000
vn 0.7921 0.6104 -0.0000
vn 0.8097 0.5868 -0.0000
vn 0.8259 0.5638 -0.0000
vn 0.8413 0.5406 -0.0000
vn 0.8563 0.5165 -0.0000
vn 0.8713 0.4908 -0.0000
vn 0.8867 0.4624 -0.0000
vn 0.9029 0.4299 -0.0000
vn 0.9201 0.3917 -0.0000
vn 0.9386 0.3451 -0.0000
vn 0.8122 -0.5834 -0.0000
vn -0.0043 -1.0000 -0.0000
vn -0.0157 -0.9999 -0.0000
vn -0.0281 -0.9996 -0.0000
vn -0.0378 -0.9993 -0.0000
vn -0.0456 -0.9990 -0.0000
vn -0.0520 -0.9986 -0.0000
vn -0.0575 -0.9983 -0.0000
vn -0.0623 -0.9981 -0.0000
vn -0.0667 -0.9978 -0.0000
vn -0.0709 -0.9975 -0.0000
vn -0.0754 -0.9972 -0.0000
vn -0.0813 -0.9967 -0.0000
vn 0.6765 -0.7364 -0.0000
vn 0.6623 0.7492 -0.0000
vn -0.1119 0.9937 -0.0000
vn -0.0950 0.9955 -0.0000
vn -0.0843 0.9964 -0.0000
vn -0.0763 0.9971 -0.0000
vn -0.0695 0.9976 -0.0000
vn -0.0631 0.9980 -0.0000
vn -0.0566 0.9984 -0.0000
vn -0.0495 0.9988 -0.0000
vn -0.0412 0.9991 -0.0000
vn -0.0310 0.9995 -0.0000
vn -0.0176 0.9998 -0.0000
vn -0.0050 1.0000 -0.0000
vn 0.0038 1.0000 -0.0000
vn 0.0319 0.9995 -0.0000
vn 0.0491 0.9988 -0.0000
vn 0.0675 0.9977 -0.0000
vn 0.0872 0.9962 -0.0000
vn 0.1085 0.9941 -0.0000
vn 0.1318 0.9913 -0.0000
vn 0.1576 0.9875 -0.0000
vn 0.1864 0.9825 -0.0000
vn 0.2189 0.9758 -0.0000
vn 0.2561 0.9667 -0.0000
vn -0.1855 0.9826 -0.0000
vn -0.9891 0.1469 -0.0000
vn -0.8205 -0.5716 -0.0000
vn -0.8346 -0.5509 -0.0000
vn -0.8447 -0.5352 -0.0000
vn -0.8529 -0.5221 -0.0000
vn -0.8600 -0.5103 -0.0000
vn -0.8666 -0.4989 -0.0000
vn -0.8733 -0.4872 -0.0000
vn -0.8802 -0.4746 -0.0000
vn -0.8879 -0.4601 -0.0000
vn -0.8966 -0.4429 -0.0000
vn -0.9069 -0.4212 -0.0000
vn -0.9188 -0.3947 -0.0000
vn -0.8671 0.4981 -0.0000
vn 0.0047 1.0000 -0.0000
vn 0.0196 0.9998 -0.0000
vn 0.0408 0.9992 -0.0000
vn 0.0639 0.9980 -0.0000
vn 0.0892 0.9960 -0.0000
vn 0.1166 0.9932 -0.0000
vn 0.1465 0.9892 -0.0000
vn 0.1789 0.9839 -0.0000
vn 0.2139 0.9768 -0.0000
vn 0.2517 0.9678 -0.0000
vn 0.2922 0.9563 -0.0000
vn 0.3354 0.9421 -0.0000
vn -0.0895 0.9960 -0.0000
vn -0.9714 0.2375 -0.0000
vn -0.8651 -0.5016 -0.0000
vn -0.8832 -0.4691 -0.0000
vn -0.8965 -0.4430 -0.0000
vn -0.9067 -0.4218 -0.0000
vn -0.9146 -0.4044 -0.0000
vn -0.9208 -0.3901 -0.0000
vn -0.9256 -0.3784 -0.0000
vn -0.9294 -0.3690 -0.0000
vn -0.9323 -0.3616 -0.0000
vn -0.9344 -0.3562 -0.0000
vn -0.9357 -0.3527 -0.0000
vn -0.9474 -0.3202 -0.0000
vn -0.9527 -0.3040 -0.0000
vn -0.9322 -0.3620 -0.0000
vn -0.9213 -0.3889 -0.0000
vn -0.9098 -0.4150 -0.0000
vn -0.8977 -0.4406 -0.0000
vn -0.8848 -0.4660 -0.0000
vn -0.8709 -0.4914 -0.0000
vn -0.8559 -0.5172 -0.0000
vn -0.8395 -0.5434 -0.0000
vn -0.8215 -0.5702 -0.0000
vn -0.9880 0.1543 -0.0000
vn -0.5969 0.8024 -0.0000
vn -0.5998 0.8001 -0.0000
vn -0.6027 0.7979 -0.0000
vn -0.6056 0.7957 -0.0000
vn -0.6085 0.7935 -0.0000
vn -0.6115 0.7913 -0.0000
vn -0.6144 0.7890 -0.0000
vn -0.6174 0.7866 -0.0000
vn -0.6205 0.7842 -0.0000
vn -0.6237 0.7817 -0.0000
vn -0.6271 0.7790 -0.0000
vn -0.9958 0.0915 -0.0000
vn -0.0676 -0.9977 -0.0000
vn 0.6622 -0.7493 -0.0000
vn 0.6562 -0.7546 -0.0000
vn 0.6509 -0.7592 -0.0000
vn 0.6463 -0.7631 -0.0000
vn 0.6422 -0.7665 -0.0000
vn 0.6387 -0.7694 -0.0000
vn 0.6357 -0.7719 -0.0000
vn 0.6332 -0.7740 -0.0000
vn 0.6311 -0.7757 -0.0000
vn 0.6294 -0.7771 -0.0000
vn 0.6280 -0.7782 -0.0000
vn -0.0706 -0.9975 -0.0000
vn -0.7177 -0.6964 -0.0000
vn -0.6902 -0.7236 -0.0000
vn -0.6612 -0.7502 -0.0000
vn -0.6308 -0.7760 -0.0000
vn -0.5990 -0.8008 -0.0000
vn -0.5659 -0.8245 -0.0000
vn -0.5316 -0.8470 -0.0000
vn -0.4964 -0.8681 -0.0000
vn -0.4604 -0.8877 -0.0000
vn -0.4238 -0.9058 -0.0000
vn -0.3866 -0.9222 -0.0000
vn 0.1663 -0.9861 -0.0000
vn 0.9812 0.1932 -0.0000
vn 0.3387 0.9409 -0.0000
vn 0.3824 0.9240 -0.0000
vn 0.4248 0.9053 -0.0000
vn 0.4658 0.8849 -0.0000
vn 0.5051 0.8631 -0.0000
vn 0.5428 0.8399 -0.0000
vn 0.5788 0.8155 -0.0000
vn 0.6130 0.7901 -0.0000
vn 0.6455 0.7638 -0.0000
vn 0.6763 0.7367 -0.0000
vn 0.7054 0.7088 -0.0000
vn 0.9960 -0.0897 -0.0000
vn 0.5819 -0.8133 -0.0000
vn 0.5783 -0.8158 -0.0000
vn 0.5746 -0.8185 -0.0000
vn 0.5707 -0.8211 -0.0000
vn 0.5668 -0.8239 -0.0000
vn 0.5626 -0.8267 -0.0000
vn 0.5582 -0.8297 -0.0000
vn 0.5534 -0.8329 -0.0000
vn 0.5483 -0.8363 -0.0000
vn 0.5428 -0.8399 -0.0000
vn 0.5367 -0.8438 -0.0000
vn 0.9933 -0.1157 -0.0000
vn 0.1334 0.9911 -0.0000
vn -0.5065 0.8622 -0.0000
vn -0.5137 0.8580 -0.0000
vn -0.5204 0.8539 -0.0000
vn -0.5268 0.8500 -0.0000
vn -0.5330 0.8461 -0.0000
vn -0.5390 0.8423 -0.0000
vn -0.5448 0.8386 -0.0000
vn -0.5505 0.8348 -0.0000
vn -0.5562 0.8310 -0.0000
vn -0.5619 0.8272 -0.0000
vn -0.5677 0.8233 -0.0000
vn 0.1691 0.9856 -0.0000
vn 0.8215 0.5702 -0.0000
vn 0.8399 0.5427 -0.0000
vn 0.8566 0.5160 -0.0000
vn 0.8719 0.4897 -0.0000
vn 0.8861 0.4635 -0.0000
vn 0.8995 0.4369 -0.0000
vn 0.9123 0.4095 -0.0000
vn 0.9247 0.3808 -0.0000
vn 0.9367 0.3501 -0.0000
vn 0.9486 0.3165 -0.0000
vn 0.9603 0.2790 -0.0000
vn 0.7934 -0.6087 -0.0000
vn -0.4532 -0.8914 -0.0000
vn -0.7858 -0.6185 -0.0000
vn -0.7699 -0.6381 -0.0000
vn -0.7531 -0.6579 -0.0000
vn -0.7350 -0.6780 -0.0000
vn -0.7158 -0.6983 -0.0000
vn -0.6951 -0.7189 -0.0000
vn -0.6729 -0.7397 -0.0000
vn -0.6491 -0.7607 -0.0000
vn -0.6234 -0.7819 -0.0000
vn -0.5959 -0.8031 -0.0000
vn 0.0197 -0.9998 -0.0000
vn 0.9993 0.0369 -0.0000
vn 0.5769 0.8168 -0.0000
vn 0.6217 0.7832 -0.0000
vn 0.6624 0.7491 -0.0000
vn 0.6991 0.7150 -0.0000
vn 0.7321 0.6812 -0.0000
vn 0.7618 0.6478 -0.0000
vn 0.7884 0.6151 -0.0000
vn 0.8124 0.5832 -0.0000
vn 0.8340 0.5518 -0.0000
vn 0.8536 0.5210 -0.0000
vn 0.8716 0.4902 -0.0000
vn 0.8799 0.4752 -0.0000
vn 0.8844 0.4667 -0.0000
vn 0.8931 0.4499 -0.0000
vn 0.9007 0.4345 -0.0000
vn 0.9078 0.4194 -0.0000
vn 0.9147 0.4041 -0.0000
vn 0.9217 0.3878 -0.0000
vn 0.9290 0.3700 -0.0000
vn 0.9368 0.3499 -0.0000
vn 0.9452 0.3266 -0.0000
vn 0.9542 0.2990 -0.0000
vn 0.9641 0.2654 -0.0000
vn 0.4851 0.8745 -0.0000
vn -0.9407 0.3392 -0.0000
vn -0.8460 -0.5332 -0.0000
vn -0.8534 -0.5212 -0.0000
vn -0.8595 -0.5112 -0.0000
vn -0.8644 -0.5029 -0.0000
vn -0.8683 -0.4960 -0.0000
vn -0.8714 -0.4905 -0.0000
vn -0.8739 -0.4861 -0.0000
vn -0.8756 -0.4830 -0.0000
vn -0.8767 -0.4811 -0.0000
vn -0.8769 -0.4807 -0.0000
vn -0.8761 -0.4822 -0.0000
vn -0.8697 -0.4937 -0.0000
vn 0.9999 -0.0113 -0.0000
vn 0.9998 -0.0220 -0.0000
vn 0.9995 -0.0326 -0.0000
vn 0.9991 -0.0434 -0.0000
vn 0.9985 -0.0548 -0.0000
vn 0.9977 -0.0672 -0.0000
vn 0.9967 -0.0808 -0.0000
vn 0.9954 -0.0963 -0.0000
vn 0.9935 -0.1141 -0.0000
vn 0.9908 -0.1351 -0.0000
vn 0.9871 -0.1602 -0.0000
vn 0.7662 0.6426 -0.0000
vn -0.7402 0.6724 -0.0000
vn -0.9955 -0.0949 -0.0000
vn -0.9957 -0.0926 -0.0000
vn -0.9960 -0.0894 -0.0000
vn -0.9963 -0.0854 -0.0000
vn -0.9968 -0.0805 -0.0000
vn -0.9972 -0.0744 -0.0000
vn -0.9977 -0.0671 -0.0000
vn -0.9983 -0.0584 -0.0000
vn -0.9989 -0.0479 -0.0000
vn -0.9994 -0.0350 -0.0000
vn -0.9998 -0.0192 -0.0000
vn -1.0000 -0.0052 -0.0000
vn -0.8055 0.5926 -0.0000
vn -0.3043 0.9526 -0.0000
vn -0.3168 0.9485 -0.0000
vn -0.3280 0.9447 -0.0000
vn -0.3384 0.9410 -0.0000
vn -0.3485 0.9373 -0.0000
vn -0.3586 0.9335 -0.0000
vn -0.3693 0.9293 -0.0000
vn -0.3808 0.9246 -0.0000
vn -0.3938 0.9192 -0.0000
vn -0.4091 0.9125 -0.0000
vn -0.4278 0.9039 -0.0000
vn -0.9329 0.3601 -0.0000
vn -0.3471 -0.9378 -0.0000
vn 0.4519 -0.8921 -0.0000
vn 0.4313 -0.9022 -0.0000
vn 0.4141 -0.9102 -0.0000
vn 0.3992 -0.9169 -0.0000
vn 0.3859 -0.9225 -0.0000
vn 0.3623 -0.9320 -0.0000
vn 0.3512 -0.9363 -0.0000
vn 0.3400 -0.9404 -0.0000
vn 0.3282 -0.9446 -0.0000
vn 0.3153 -0.9490 -0.0000
vn -0.5893 -0.8080 -0.0000
vn -1.0000 0.0041 -0.0000
vn -1.0000 0.0095 -0.0000
vn -0.9998 0.0177 -0.0000
vn -0.9997 0.0251 -0.0000
vn -0.9995 0.0322 -0.0000
vn -0.9992 0.0392 -0.0000
vn -0.9989 0.0466 -0.0000
vn -0.9985 0.0545 -0.0000
vn -0.9980 0.0634 -0.0000
vn -0.9973 0.0737 -0.0000
vn -0.9963 0.0860 -0.0000
vn -0.9948 0.1014 -0.0000
vn -0.7450 -0.6671 -0.0000
vn 0.7554 -0.6553 -0.0000
vn 0.9915 0.1298 -0.0000
vn 0.9940 0.1091 -0.0000
vn 0.9958 0.0921 -0.0000
vn 0.9970 0.0776 -0.0000
vn 0.9979 0.0651 -0.0000
vn 0.9985 0.0540 -0.0000
vn 0.9990 0.0439 -0.0000
vn 0.9994 0.0346 -0.0000
vn 0.9997 0.0258 -0.0000
vn 0.9999 0.0173 -0.0000
vn 1.0000 0.0087 -0.0000
vn 1.0000 0.0022 -0.0000
vn 1.0000 -0.0000 -0.0000
vn 1.0000 -0.0029 -0.0000
vn -0.0004 -0.0000 -1.0000
vn -0.0010 -0.0000 -1.0000
vn 0.0004 -0.0000 1.0000
vn 0.0010 -0.0000 1.0000
vn 0.6737 -0.7390 -0.0000
vn -0.0863 -0.9963 -0.0000
vn -0.0753 -0.9972 -0.0000
vn -0.0655 -0.9978 -0.0000
vn -0.0569 -0.9984 -0.0000
vn -0.0491 -0.9988 -0.0000
vn -0.0422 -0.9991 -0.0000
vn -0.0359 -0.9994 -0.0000
vn -0.0303 -0.9995 -0.0000
vn -0.0252 -0.9997 -0.0000
vn -0.0207 -0.9998 -0.0000
vn -0.0166 -0.9999 -0.0000
vn 0.6020 -0.7985 -0.0000
vn 0.7850 0.6195 -0.0000
vn -0.0211 0.9998 -0.0000
vn -0.0062 1.0000 -0.0000
vn 0.0063 1.0000 -0.0000
vn 0.0176 0.9998 -0.0000
vn 0.0283 0.9996 -0.0000
vn 0.0390 0.9992 -0.0000
vn 0.0500 0.9987 -0.0000
vn 0.0619 0.9981 -0.0000
vn 0.0751 0.9972 -0.0000
vn 0.0901 0.9959 -0.0000
vn 0.1078 0.9942 -0.0000
vn 0.1325 0.9912 -0.0000
vn 0.1535 0.9882 -0.0000
vn 0.1649 0.9863 -0.0000
vn 0.1762 0.9844 -0.0000
vn 0.1877 0.9822 -0.0000
vn 0.1999 0.9798 -0.0000
vn 0.2134 0.9770 -0.0000
vn 0.2288 0.9735 -0.0000
vn 0.2470 0.9690 -0.0000
vn 0.2697 0.9630 -0.0000
vn 0.2990 0.9542 -0.0000
vn -0.2690 0.9631 -0.0000
vn -0.9475 -0.3198 -0.0000
vn -0.2604 -0.9655 -0.0000
vn -0.2581 -0.9661 -0.0000
vn -0.2563 -0.9666 -0.0000
vn -0.2551 -0.9669 -0.0000
vn -0.2545 -0.9671 -0.0000
vn -0.2546 -0.9670 -0.0000
vn -0.2554 -0.9668 -0.0000
vn -0.2570 -0.9664 -0.0000
vn -0.2596 -0.9657 -0.0000
vn -0.2633 -0.9647 -0.0000
vn -0.2683 -0.9633 -0.0000
vn -0.2579 -0.9662 -0.0000
vn -0.2382 -0.9712 -0.0000
vn -0.2265 -0.9740 -0.0000
vn -0.2165 -0.9763 -0.0000
vn -0.2076 -0.9782 -0.0000
vn -0.1995 -0.9799 -0.0000
vn -0.1921 -0.9814 -0.0000
vn -0.1850 -0.9827 -0.0000
vn -0.1782 -0.9840 -0.0000
vn -0.1716 -0.9852 -0.0000
vn -0.1649 -0.9863 -0.0000
vn -0.1580 -0.9874 -0.0000
vn -0.7598 -0.6502 -0.0000
vn 0.0035 1.0000 -0.0000
vn 0.0129 0.9999 -0.0000
vn 0.0234 0.9997 -0.0000
vn 0.0320 0.9995 -0.0000
vn 0.0394 0.9992 -0.0000
vn 0.0460 0.9989 -0.0000
vn 0.0521 0.9986 -0.0000
vn 0.0580 0.9983 -0.0000
vn 0.0702 0.9975 -0.0000
vn 0.0771 0.9970 -0.0000
vn 0.0852 0.9964 -0.0000
vn -0.6747 0.7381 -0.0000
vn -0.6753 -0.7375 -0.0000
vn 0.0851 -0.9964 -0.0000
vn 0.0797 -0.9968 -0.0000
vn 0.0742 -0.9972 -0.0000
vn 0.0684 -0.9977 -0.0000
vn 0.0624 -0.9981 -0.0000
vn 0.0559 -0.9984 -0.0000
vn 0.0489 -0.9988 -0.0000
vn 0.0412 -0.9992 -0.0000
vn 0.0326 -0.9995 -0.0000
vn 0.0230 -0.9997 -0.0000
vn 0.0122 -0.9999 -0.0000
vn 0.0032 -1.0000 -0.0000
vn -0.6750 -0.7378 -0.0000
vn -0.9926 -0.1215 -0.0000
vn -0.9817 -0.1907 -0.0000
vn -0.9639 -0.2664 -0.0000
vn -0.9378 -0.3471 -0.0000
vn -0.9027 -0.4302 -0.0000
vn -0.8585 -0.5128 -0.0000
vn -0.8062 -0.5917 -0.0000
vn -0.7478 -0.6640 -0.0000
vn -0.6858 -0.7278 -0.0000
vn -0.6229 -0.7823 -0.0000
vn -0.5616 -0.8274 -0.0000
vn 0.0241 -0.9997 -0.0000
vn 0.9975 0.0711 -0.0000
vn 0.4813 0.8765 -0.0000
vn 0.5471 0.8371 -0.0000
vn 0.6161 0.7877 -0.0000
vn 0.6861 0.7275 -0.0000
vn 0.7542 0.6567 -0.0000
vn 0.8171 0.5765 -0.0000
vn 0.8719 0.4896 -0.0000
vn 0.9168 0.3993 -0.0000
vn 0.9510 0.3092 -0.0000
vn 0.9749 0.2225 -0.0000
vn 0.9899 0.1416 -0.0000
vn 0.7426 -0.6698 -0.0000
vn -0.0025 -1.0000 -0.0000
vn -0.0098 -1.0000 -0.0000
vn -0.0188 -0.9998 -0.0000
vn -0.0270 -0.9996 -0.0000
vn -0.0346 -0.9994 -0.0000
vn -0.0417 -0.9991 -0.0000
vn -0.0483 -0.9988 -0.0000
vn -0.0545 -0.9985 -0.0000
vn -0.0604 -0.9982 -0.0000
vn -0.0662 -0.9978 -0.0000
vn -0.0718 -0.9974 -0.0000
vn -0.0774 -0.9970 -0.0000
vn 0.6782 -0.7349 -0.0000
vn 0.6771 0.7359 -0.0000
vn -0.0796 0.9968 -0.0000
vn -0.0731 0.9973 -0.0000
vn -0.0670 0.9978 -0.0000
vn -0.0609 0.9981 -0.0000
vn -0.0549 0.9985 -0.0000
vn -0.0487 0.9988 -0.0000
vn -0.0422 0.9991 -0.0000
vn -0.0352 0.9994 -0.0000
vn -0.0277 0.9996 -0.0000
vn -0.0194 0.9998 -0.0000
vn -0.0102 0.9999 -0.0000
vn -0.0027 1.0000 -0.0000
vn 0.6439 0.7651 -0.0000
vn 0.9859 0.1672 -0.0000
vn 0.9870 0.1607 -0.0000
vn 0.9878 0.1555 -0.0000
vn 0.9886 0.1509 -0.0000
vn 0.9892 0.1463 -0.0000
vn 0.9907 0.1362 -0.0000
vn 0.9916 0.1296 -0.0000
vn 0.9927 0.1209 -0.0000
vn 0.9941 0.1083 -0.0000
vn 0.9962 0.0876 -0.0000
vn 0.7330 -0.6803 -0.0000
vn -0.0028 -1.0000 -0.0000
vn -0.0108 -0.9999 -0.0000
vn -0.0206 -0.9998 -0.0000
vn -0.0292 -0.9996 -0.0000
vn -0.0424 -0.9991 -0.0000
vn -0.0469 -0.9989 -0.0000
vn -0.0498 -0.9988 -0.0000
vn -0.0509 -0.9987 -0.0000
vn -0.0489 -0.9988 -0.0000
vn -0.0452 -0.9990 -0.0000
vn 0.6918 -0.7221 -0.0000
vn 0.6628 0.7488 -0.0000
vn -0.1186 0.9929 -0.0000
vn -0.1127 0.9936 -0.0000
vn -0.1062 0.9943 -0.0000
vn -0.0990 0.9951 -0.0000
vn -0.0910 0.9959 -0.0000
vn -0.0821 0.9966 -0.0000
vn -0.0722 0.9974 -0.0000
vn -0.0611 0.9981 -0.0000
vn -0.0486 0.9988 -0.0000
vn -0.0344 0.9994 -0.0000
vn -0.0182 0.9998 -0.0000
vn -0.0048 1.0000 -0.0000
vn 0.0073 1.0000 -0.0000
vn 0.0274 0.9996 -0.0000
vn 0.0512 0.9987 -0.0000
vn 0.0723 0.9974 -0.0000
vn 0.0921 0.9958 -0.0000
vn 0.1118 0.9937 -0.0000
vn 0.1553 0.9879 -0.0000
vn 0.1820 0.9833 -0.0000
vn 0.2150 0.9766 -0.0000
vn 0.2583 0.9661 -0.0000
vn 0.3197 0.9475 -0.0000
vn -0.0400 0.9992 -0.0000
vn -0.9126 0.4088 -0.0000
vn -0.9614 -0.2751 -0.0000
vn -0.9646 -0.2637 -0.0000
vn -0.9675 -0.2529 -0.0000
vn -0.9701 -0.2426 -0.0000
vn -0.9727 -0.2322 -0.0000
vn -0.9752 -0.2215 -0.0000
vn -0.9777 -0.2102 -0.0000
vn -0.9802 -0.1979 -0.0000
vn -0.9829 -0.1840 -0.0000
vn -0.9858 -0.1677 -0.0000
vn -0.9890 -0.1480 -0.0000
vn -0.9915 -0.1298 -0.0000
vn -0.9920 -0.1260 -0.0000
vn -0.9913 -0.1319 -0.0000
vn -0.9908 -0.1356 -0.0000
vn -0.9904 -0.1383 -0.0000
vn -0.9901 -0.1404 -0.0000
vn -0.9898 -0.1421 -0.0000
vn -0.9896 -0.1436 -0.0000
vn -0.9894 -0.1450 -0.0000
vn -0.9892 -0.1464 -0.0000
vn -0.9890 -0.1479 -0.0000
vn -0.9887 -0.1498 -0.0000
vn -0.7585 0.6516 -0.0000
vn 0.0018 1.0000 -0.0000
vn 0.0068 1.0000 -0.0000
vn 0.0128 0.9999 -0.0000
vn 0.0184 0.9998 -0.0000
vn 0.0237 0.9997 -0.0000
vn 0.0291 0.9996 -0.0000
vn 0.0348 0.9994 -0.0000
vn 0.0411 0.9992 -0.0000
vn 0.0481 0.9988 -0.0000
vn 0.0564 0.9984 -0.0000
vn 0.0664 0.9978 -0.0000
vn 0.0790 0.9969 -0.0000
vn -0.6760 0.7369 -0.0000
vn -0.6888 -0.7249 -0.0000
vn 0.0417 -0.9991 -0.0000
vn 0.0371 -0.9993 -0.0000
vn 0.0332 -0.9994 -0.0000
vn 0.0298 -0.9996 -0.0000
vn 0.0265 -0.9996 -0.0000
vn 0.0233 -0.9997 -0.0000
vn 0.0200 -0.9998 -0.0000
vn 0.0162 -0.9999 -0.0000
vn 0.0119 -0.9999 -0.0000
vn 0.0066 -1.0000 -0.0000
vn 0.0018 -1.0000 -0.0000
vn -0.0014 -1.0000 -0.0000
vn -0.0056 -1.0000 -0.0000
vn -0.0116 -0.9999 -0.0000
vn -0.0245 -0.9997 -0.0000
vn -0.0311 -0.9995 -0.0000
vn -0.0377 -0.9993 -0.0000
vn -0.0440 -0.9990 -0.0000
vn -0.0501 -0.9987 -0.0000
vn -0.0556 -0.9985 -0.0000
vn -0.0606 -0.9982 -0.0000
vn -0.0650 -0.9979 -0.0000
vn 0.6830 -0.7304 -0.0000
vn 0.6777 0.7354 -0.0000
vn -0.0797 0.9968 -0.0000
vn -0.0757 0.9971 -0.0000
vn -0.0711 0.9975 -0.0000
vn -0.0659 0.9978 -0.0000
vn -0.0599 0.9982 -0.0000
vn -0.0534 0.9986 -0.0000
vn -0.0462 0.9989 -0.0000
vn -0.0383 0.9993 -0.0000
vn -0.0298 0.9996 -0.0000
vn -0.0205 0.9998 -0.0000
vn -0.0106 0.9999 -0.0000
vn 0.9999 -0.0114 -0.0000
vn 0.9967 -0.0809 -0.0000
vn 0.7662 0.6427 -0.0000
vn -0.9955 -0.0948 -0.0000
vn -0.9968 -0.0804 -0.0000
vn -0.9977 -0.0672 -0.0000
vn -0.9983 -0.0585 -0.0000
vn -0.5892 -0.8080 -0.0000
vn -1.0000 0.0040 -0.0000
vn -0.9963 0.0861 -0.0000
vn 0.9916 0.1297 -0.0000
vn 0.9997 0.0259 -0.0000
vn 1.0000 0.0088 -0.0000
vn 1.0000 -0.0030 -0.0000
vn -1.0000 -0.0000 -0.0000
vn -1.0000 -0.0061 -0.0000
vn -0.9996 -0.0267 -0.0000
vn -0.9982 -0.0593 -0.0000
vn -0.9950 -0.0999 -0.0000
vn -0.9888 -0.1493 -0.0000
vn -0.9781 -0.2079 -0.0000
vn -0.9614 -0.2750 -0.0000
vn -0.9064 -0.4225 -0.0000
vn -0.8700 -0.4931 -0.0000
vn -0.8320 -0.5548 -0.0000
vn -0.7968 -0.6042 -0.0000
vn -0.7617 -0.6479 -0.0000
vn -0.7172 -0.6969 -0.0000
vn -0.6663 -0.7457 -0.0000
vn -0.6174 -0.7867 -0.0000
vn -0.5712 -0.8208 -0.0000
vn -0.5283 -0.8490 -0.0000
vn -0.4888 -0.8724 -0.0000
vn -0.4529 -0.8916 -0.0000
vn -0.4204 -0.9073 -0.0000
vn -0.3913 -0.9202 -0.0000
vn -0.3657 -0.9307 -0.0000
vn -0.3434 -0.9392 -0.0000
vn 0.2356 -0.9719 -0.0000
vn 0.9619 0.2734 -0.0000
vn 0.2752 0.9614 -0.0000
vn 0.3098 0.9508 -0.0000
vn 0.3469 0.9379 -0.0000
vn 0.3863 0.9224 -0.0000
vn 0.4279 0.9038 -0.0000
vn 0.4715 0.8819 -0.0000
vn 0.5167 0.8561 -0.0000
vn 0.5632 0.8263 -0.0000
vn 0.6104 0.7921 -0.0000
vn 0.6575 0.7534 -0.0000
vn 0.7039 0.7103 -0.0000
vn 0.7550 0.6557 -0.0000
vn 0.8058 0.5921 -0.0000
vn 0.8517 0.5240 -0.0000
vn 0.8945 0.4471 -0.0000
vn 0.9305 0.3663 -0.0000
vn 0.9578 0.2874 -0.0000
vn 0.9765 0.2154 -0.0000
vn 0.9881 0.1537 -0.0000
vn 0.9946 0.1034 -0.0000
vn 0.9979 0.0643 -0.0000
vn 0.9994 0.0352 -0.0000
vn 0.9999 0.0146 -0.0000
vn 1.0000 0.0031 -0.0000
vn 1.0000 -0.0024 -0.0000
vn 1.0000 -0.0099 -0.0000
vn 0.9998 -0.0199 -0.0000
vn 0.9995 -0.0300 -0.0000
vn 0.9992 -0.0402 -0.0000
vn 0.9987 -0.0505 -0.0000
vn 0.9982 -0.0607 -0.0000
vn 0.9975 -0.0709 -0.0000
vn 0.9967 -0.0810 -0.0000
vn 0.9959 -0.0909 -0.0000
vn 0.9949 -0.1006 -0.0000
vn 0.9939 -0.1100 -0.0000
vn 0.7465 0.6653 -0.0000
vn -0.7334 0.6798 -0.0000
vn -0.9974 -0.0717 -0.0000
vn -0.9980 -0.0638 -0.0000
vn -0.9984 -0.0562 -0.0000
vn -0.9988 -0.0488 -0.0000
vn -0.9991 -0.0416 -0.0000
vn -0.9994 -0.0348 -0.0000
vn -0.9996 -0.0283 -0.0000
vn -0.9998 -0.0220 -0.0000
vn -0.9999 -0.0161 -0.0000
vn -0.9999 -0.0104 -0.0000
vn -1.0000 -0.0051 -0.0000
vn -1.0000 -0.0013 -0.0000
vn -1.0000 0.0032 -0.0000
vn -0.9999 0.0119 -0.0000
vn -0.9997 0.0224 -0.0000
vn -0.9995 0.0316 -0.0000
vn -0.9992 0.0399 -0.0000
vn -0.9989 0.0475 -0.0000
vn -0.9985 0.0549 -0.0000
vn -0.9981 0.0622 -0.0000
vn -0.9976 0.0697 -0.0000
vn -0.9970 0.0778 -0.0000
vn -0.9962 0.0868 -0.0000
vn -0.9952 0.0975 -0.0000
vn -0.7428 -0.6696 -0.0000
vn 0.7502 -0.6612 -0.0000
vn 0.9928 0.1202 -0.0000
vn 0.9940 0.1098 -0.0000
vn 0.9950 0.1003 -0.0000
vn 0.9958 0.0913 -0.0000
vn 0.9966 0.0823 -0.0000
vn 0.9973 0.0731 -0.0000
vn 0.9980 0.0634 -0.0000
vn 0.9986 0.0530 -0.0000
vn 0.9991 0.0417 -0.0000
vn 0.9996 0.0292 -0.0000
vn 0.9999 0.0153 -0.0000
vn 1.0000 0.0040 -0.0000
vn 1.0000 -0.0042 -0.0000
vn 0.9999 -0.0149 -0.0000
vn 0.9996 -0.0265 -0.0000
vn 0.9994 -0.0356 -0.0000
vn 0.9991 -0.0431 -0.0000
vn 0.9988 -0.0498 -0.0000
vn 0.9984 -0.0560 -0.0000
vn 0.9981 -0.0620 -0.0000
vn 0.9977 -0.0683 -0.0000
vn 0.9972 -0.0751 -0.0000
vn 0.9966 -0.0830 -0.0000
vn 0.9957 -0.0927 -0.0000
vn 0.7410 0.6716 -0.0000
vn -0.7417 0.6707 -0.0000
vn -0.9954 -0.0962 -0.0000
vn -0.9961 -0.0884 -0.0000
vn -0.9967 -0.0810 -0.0000
vn -0.9973 -0.0738 -0.0000
vn -0.9978 -0.0666 -0.0000
vn -0.9982 -0.0592 -0.0000
vn -0.9987 -0.0514 -0.0000
vn -0.9991 -0.0431 -0.0000
vn -0.9994 -0.0341 -0.0000
vn -0.9997 -0.0240 -0.0000
vn -0.9999 -0.0127 -0.0000
vn -1.0000 -0.0033 -0.0000
vn -0.8454 -0.5341 -0.0000
vn -0.8298 -0.5581 -0.0000
vn -0.8143 -0.5805 -0.0000
vn -0.7982 -0.6025 -0.0000
vn -0.7809 -0.6247 -0.0000
vn -0.7618 -0.6478 -0.0000
vn -0.7405 -0.6721 -0.0000
vn -0.7161 -0.6980 -0.0000
vn -0.6879 -0.7259 -0.0000
vn -0.6154 -0.7882 -0.0000
vn 0.0204 -0.9998 -0.0000
vn 0.9982 0.0593 -0.0000
vn 0.5556 0.8315 -0.0000
vn 0.6025 0.7981 -0.0000
vn 0.6412 0.7674 -0.0000
vn 0.6741 0.7387 -0.0000
vn 0.7027 0.7115 -0.0000
vn 0.7285 0.6851 -0.0000
vn 0.7524 0.6587 -0.0000
vn 0.7756 0.6312 -0.0000
vn 0.7990 0.6013 -0.0000
vn 0.8238 0.5669 -0.0000
vn 0.8515 0.5243 -0.0000
vn 0.8661 -0.4999 -0.0000
vn -0.0023 -1.0000 -0.0000
vn -0.0090 -1.0000 -0.0000
vn -0.0266 -0.9996 -0.0000
vn -0.0354 -0.9994 -0.0000
vn -0.0526 -0.9986 -0.0000
vn -0.0610 -0.9981 -0.0000
vn -0.0694 -0.9976 -0.0000
vn -0.0777 -0.9970 -0.0000
vn -0.0859 -0.9963 -0.0000
vn -0.0940 -0.9956 -0.0000
vn 0.6716 -0.7410 -0.0000
vn 0.6570 0.7539 -0.0000
vn -0.1322 0.9912 -0.0000
vn -0.1229 0.9924 -0.0000
vn -0.1134 0.9935 -0.0000
vn -0.1037 0.9946 -0.0000
vn -0.0936 0.9956 -0.0000
vn -0.0829 0.9966 -0.0000
vn -0.0717 0.9974 -0.0000
vn -0.0596 0.9982 -0.0000
vn -0.0465 0.9989 -0.0000
vn -0.0324 0.9995 -0.0000
vn -0.0169 0.9999 -0.0000
vn -0.0044 1.0000 -0.0000
vn 0.0060 1.0000 -0.0000
vn 0.0215 0.9998 -0.0000
vn 0.0384 0.9993 -0.0000
vn 0.0519 0.9987 -0.0000
vn 0.0636 0.9980 -0.0000
vn 0.0742 0.9972 -0.0000
vn 0.0847 0.9964 -0.0000
vn 0.0954 0.9954 -0.0000
vn 0.1073 0.9942 -0.0000
vn 0.1212 0.9926 -0.0000
vn 0.1387 0.9903 -0.0000
vn 0.1627 0.9867 -0.0000
vn -0.2892 0.9573 -0.0000
vn -0.9958 0.0914 -0.0000
vn -0.8064 -0.5914 -0.0000
vn -0.7970 -0.6040 -0.0000
vn -0.7909 -0.6120 -0.0000
vn -0.7874 -0.6164 -0.0000
vn -0.7863 -0.6179 -0.0000
vn -0.7872 -0.6167 -0.0000
vn -0.7902 -0.6129 -0.0000
vn -0.7954 -0.6061 -0.0000
vn -0.8029 -0.5961 -0.0000
vn -0.8132 -0.5820 -0.0000
vn -0.8268 -0.5625 -0.0000
vn -0.8440 -0.5364 -0.0000
vn 0.9841 0.1775 -0.0000
vn 0.3309 0.9437 -0.0000
vn 0.3545 0.9351 -0.0000
vn 0.3770 0.9262 -0.0000
vn 0.3987 0.9171 -0.0000
vn 0.4202 0.9074 -0.0000
vn 0.4415 0.8973 -0.0000
vn 0.4631 0.8863 -0.0000
vn 0.4850 0.8745 -0.0000
vn 0.5076 0.8616 -0.0000
vn 0.5311 0.8473 -0.0000
vn 0.5557 0.8314 -0.0000
vn 0.5652 0.8249 -0.0000
vn 0.6074 0.7944 -0.0000
vn 0.6941 0.7199 -0.0000
vn 0.7744 0.6326 -0.0000
vn 0.8436 0.5370 -0.0000
vn 0.8986 0.4387 -0.0000
vn 0.9391 0.3438 -0.0000
vn 0.9664 0.2570 -0.0000
vn 0.9834 0.1813 -0.0000
vn 0.9930 0.1182 -0.0000
vn 0.9977 0.0676 -0.0000
vn 0.9996 0.0290 -0.0000
vn 1.0000 0.0045 -0.0000
vn 1.0000 -0.0075 -0.0000
vn 0.9999 -0.0155 -0.0000
vn 0.9997 -0.0242 -0.0000
vn 0.9994 -0.0334 -0.0000
vn 0.9986 -0.0532 -0.0000
vn 0.9980 -0.0634 -0.0000
vn 0.9973 -0.0739 -0.0000
vn 0.9964 -0.0843 -0.0000
vn 0.9955 -0.0946 -0.0000
vn 0.9945 -0.1048 -0.0000
vn 0.7449 0.6672 -0.0000
vn -0.7104 0.7038 -0.0000
vn -0.9997 -0.0234 -0.0000
vn -0.9983 -0.0591 -0.0000
vn -0.9938 -0.1111 -0.0000
vn -0.9835 -0.1807 -0.0000
vn -0.9634 -0.2682 -0.0000
vn -0.9286 -0.3710 -0.0000
vn -0.8757 -0.4828 -0.0000
vn -0.8041 -0.5945 -0.0000
vn -0.7179 -0.6961 -0.0000
vn -0.6247 -0.7809 -0.0000
vn -0.5325 -0.8464 -0.0000
vn 0.0862 -0.9963 -0.0000
vn 1.0000 -0.0043 -0.0000
vn 0.9999 -0.0168 -0.0000
vn 0.9995 -0.0329 -0.0000
vn 0.9988 -0.0480 -0.0000
vn 0.9981 -0.0622 -0.0000
vn 0.9972 -0.0754 -0.0000
vn 0.9962 -0.0876 -0.0000
vn 0.9951 -0.0989 -0.0000
vn 0.9941 -0.1089 -0.0000
vn 0.9931 -0.1174 -0.0000
vn 0.9923 -0.1239 -0.0000
vn 0.9919 -0.1267 -0.0000
vn 0.7506 0.6607 -0.0000
vn -0.7479 0.6638 -0.0000
vn -0.9934 -0.1143 -0.0000
vn -0.9944 -0.1054 -0.0000
vn -0.9953 -0.0965 -0.0000
vn -0.9962 -0.0874 -0.0000
vn -0.9969 -0.0781 -0.0000
vn -0.9977 -0.0683 -0.0000
vn -0.9983 -0.0582 -0.0000
vn -0.9989 -0.0476 -0.0000
vn -0.9993 -0.0365 -0.0000
vn -0.9997 -0.0249 -0.0000
vn -1.0000 -0.0032 -0.0000
vn -0.5300 0.8480 -0.0000
vn 0.4589 0.8885 -0.0000
vn 0.4980 0.8672 -0.0000
vn 0.5337 0.8457 -0.0000
vn 0.5670 0.8237 -0.0000
vn 0.5991 0.8007 -0.0000
vn 0.6306 0.7761 -0.0000
vn 0.6619 0.7496 -0.0000
vn 0.6936 0.7204 -0.0000
vn 0.7258 0.6879 -0.0000
vn 0.7588 0.6514 -0.0000
vn 0.7925 0.6098 -0.0000
vn -0.0116 0.9999 -0.0000
vn -0.9996 -0.0287 -0.0000
vn -0.7723 -0.6353 -0.0000
vn -0.7396 -0.6730 -0.0000
vn -0.7083 -0.7059 -0.0000
vn -0.6783 -0.7348 -0.0000
vn -0.6492 -0.7606 -0.0000
vn -0.6209 -0.7839 -0.0000
vn -0.5929 -0.8053 -0.0000
vn -0.5649 -0.8252 -0.0000
vn -0.5363 -0.8440 -0.0000
vn -0.5066 -0.8622 -0.0000
vn -0.4750 -0.8800 -0.0000
vn -0.4777 -0.8785 -0.0000
vn -0.5028 -0.8644 -0.0000
vn -0.5155 -0.8569 -0.0000
vn -0.5282 -0.8491 -0.0000
vn -0.5411 -0.8410 -0.0000
vn -0.5541 -0.8324 -0.0000
vn -0.5673 -0.8235 -0.0000
vn -0.5806 -0.8142 -0.0000
vn -0.5941 -0.8044 -0.0000
vn -0.6079 -0.7940 -0.0000
vn -0.6218 -0.7832 -0.0000
vn -0.6361 -0.7716 -0.0000
vn -0.0030 -1.0000 -0.0000
vn 0.9481 -0.3179 -0.0000
vn 0.9765 0.2156 -0.0000
vn 0.9817 0.1903 -0.0000
vn 0.9860 0.1668 -0.0000
vn 0.9894 0.1450 -0.0000
vn 0.9922 0.1244 -0.0000
vn 0.9945 0.1048 -0.0000
vn 0.9963 0.0861 -0.0000
vn 0.9977 0.0681 -0.0000
vn 0.9987 0.0506 -0.0000
vn 0.9994 0.0335 -0.0000
vn 0.9999 0.0167 -0.0000
vn 1.0000 0.0042 -0.0000
vn 0.9743 0.2254 -0.0000
vn 0.9859 0.1675 -0.0000
vn 0.9920 0.1259 -0.0000
vn 0.9955 0.0948 -0.0000
vn 0.9975 0.0708 -0.0000
vn 0.9986 0.0520 -0.0000
vn 0.9993 0.0371 -0.0000
vn 0.9997 0.0251 -0.0000
vn 0.9999 0.0157 -0.0000
vn 1.0000 0.0084 -0.0000
vn 1.0000 0.0033 -0.0000
vn 1.0000 -0.0035 -0.0000
vn 0.9999 -0.0169 -0.0000
vn 0.9994 -0.0343 -0.0000
vn 0.9987 -0.0519 -0.0000
vn 0.9976 -0.0697 -0.0000
vn 0.9962 -0.0873 -0.0000
vn 0.9945 -0.1046 -0.0000
vn 0.9926 -0.1213 -0.0000
vn 0.9906 -0.1371 -0.0000
vn 0.9884 -0.1518 -0.0000
vn 0.9863 -0.1652 -0.0000
vn 0.9842 -0.1769 -0.0000
vn 0.7689 0.6394 -0.0000
vn -0.7387 0.6740 -0.0000
vn -0.9954 -0.0960 -0.0000
vn -0.9948 -0.1018 -0.0000
vn -0.9947 -0.1026 -0.0000
vn -0.9950 -0.1000 -0.0000
vn -0.9962 -0.0875 -0.0000
vn -0.9969 -0.0782 -0.0000
vn -0.9978 -0.0670 -0.0000
vn -0.9986 -0.0536 -0.0000
vn -0.9993 -0.0381 -0.0000
vn -0.9998 -0.0202 -0.0000
vn -1.0000 -0.0069 -0.0000
vn -1.0000 -0.0065 -0.0000
vn -0.9999 -0.0136 -0.0000
vn -0.9998 -0.0216 -0.0000
vn -0.9995 -0.0310 -0.0000
vn -0.9991 -0.0420 -0.0000
vn -0.9985 -0.0552 -0.0000
vn -0.9975 -0.0712 -0.0000
vn -0.9958 -0.0912 -0.0000
vn -0.9932 -0.1167 -0.0000
vn -0.9886 -0.1506 -0.0000
vn -0.9803 -0.1974 -0.0000
vn -0.9656 -0.2600 -0.0000
vn -0.9475 -0.3197 -0.0000
vn -0.9299 -0.3679 -0.0000
vn -0.9101 -0.4145 -0.0000
vn -0.8882 -0.4595 -0.0000
vn -0.8642 -0.5031 -0.0000
vn -0.8382 -0.5453 -0.0000
vn -0.8101 -0.5863 -0.0000
vn -0.7798 -0.6260 -0.0000
vn -0.7473 -0.6645 -0.0000
vn -0.7123 -0.7019 -0.0000
vn -0.6748 -0.7380 -0.0000
vn -0.0632 -0.9980 -0.0000
vn 0.9995 -0.0312 -0.0000
vn 0.6288 0.7776 -0.0000
vn 0.6733 0.7394 -0.0000
vn 0.7145 0.6996 -0.0000
vn 0.7526 0.6584 -0.0000
vn 0.7877 0.6161 -0.0000
vn 0.8197 0.5728 -0.0000
vn 0.8489 0.5285 -0.0000
vn 0.8753 0.4835 -0.0000
vn 0.8991 0.4377 -0.0000
vn 0.9203 0.3911 -0.0000
vn 0.9391 0.3437 -0.0000
vn 0.9572 0.2896 -0.0000
vt 0.077828 0.817247
vt 0.082344 0.817622
vt 0.077761 0.817622
vt 0.082308 0.817248
vt 0.082271 0.816856
vt 0.077886 0.816849
vt 0.082233 0.816448
vt 0.077938 0.816435
vt 0.082196 0.816029
vt 0.077983 0.816008
vt 0.082161 0.815602
vt 0.078021 0.815574
vt 0.082127 0.815173
vt 0.078054 0.815138
vt 0.082097 0.814744
vt 0.078080 0.814705
vt 0.082070 0.814321
vt 0.078101 0.814279
vt 0.082048 0.813907
vt 0.078116 0.813867
vt 0.082031 0.813506
vt 0.078127 0.813473
vt 0.082020 0.813122
vt 0.078133 0.813102
vt 0.082016 0.812759
vt 0.078135 0.812759
vt 0.078135 0.811448
vt 0.082016 0.805137
vt 0.078135 0.809561
vt 0.078135 0.807218
vt 0.078135 0.804540
vt 0.083612 0.804640
vt 0.085297 0.804089
vt 0.078135 0.801647
vt 0.087049 0.803491
vt 0.088845 0.802857
vt 0.090660 0.802193
vt 0.092473 0.801508
vt 0.078135 0.798661
vt 0.082016 0.800976
vt 0.094259 0.800810
vt 0.082063 0.785546
vt 0.083371 0.800537
vt 0.095995 0.800108
vt 0.084826 0.800042
vt 0.097659 0.799410
vt 0.086360 0.799497
vt 0.087955 0.798910
vt 0.099227 0.798724
vt 0.089588 0.798286
vt 0.100676 0.798059
vt 0.078135 0.795703
vt 0.091239 0.797633
vt 0.101982 0.797422
vt 0.092889 0.796956
vt 0.094516 0.796262
vt 0.096101 0.795558
vt 0.097622 0.794850
vt 0.099059 0.794144
vt 0.100392 0.793448
vt 0.078135 0.792892
vt 0.078135 0.790350
vt 0.078135 0.788198
vt 0.078135 0.786556
vt 0.078135 0.785546
vt 0.078133 0.785102
vt 0.082065 0.785162
vt 0.082071 0.784741
vt 0.078127 0.784640
vt 0.082081 0.784289
vt 0.078117 0.784164
vt 0.082094 0.783814
vt 0.078103 0.783679
vt 0.082112 0.783322
vt 0.078083 0.783189
vt 0.082133 0.782822
vt 0.078059 0.782699
vt 0.082159 0.782320
vt 0.078031 0.782214
vt 0.082188 0.781822
vt 0.077997 0.781739
vt 0.082221 0.781337
vt 0.077958 0.781278
vt 0.082258 0.780872
vt 0.077914 0.780836
vt 0.082299 0.780433
vt 0.077864 0.780418
vt 0.082344 0.780028
vt 0.077808 0.780028
vt 0.318524 0.767274
vt 0.323072 0.766902
vt 0.323096 0.767274
vt 0.323071 0.730456
vt 0.318524 0.730183
vt 0.323096 0.730186
vt 0.323046 0.766489
vt 0.323046 0.730753
vt 0.323020 0.766038
vt 0.323020 0.731078
vt 0.322994 0.765551
vt 0.322993 0.731430
vt 0.322968 0.765033
vt 0.322967 0.731809
vt 0.322944 0.764486
vt 0.322943 0.732215
vt 0.322922 0.763914
vt 0.322921 0.732649
vt 0.322902 0.763321
vt 0.322901 0.733109
vt 0.322885 0.762708
vt 0.322884 0.733597
vt 0.322873 0.762080
vt 0.322871 0.734112
vt 0.322865 0.761439
vt 0.322863 0.734655
vt 0.322862 0.760789
vt 0.322860 0.735224
vt 0.322862 0.759627
vt 0.322862 0.757937
vt 0.322862 0.755824
vt 0.322861 0.753394
vt 0.322861 0.750753
vt 0.322861 0.748007
vt 0.322861 0.745260
vt 0.322860 0.742619
vt 0.322860 0.740190
vt 0.322860 0.738077
vt 0.322860 0.736386
vt 0.318544 0.766890
vt 0.318569 0.766467
vt 0.318599 0.766009
vt 0.318627 0.765518
vt 0.318652 0.764997
vt 0.318674 0.764449
vt 0.318693 0.763878
vt 0.318709 0.763288
vt 0.318722 0.762680
vt 0.318732 0.762058
vt 0.318738 0.761426
vt 0.318740 0.760787
vt 0.318741 0.759615
vt 0.318742 0.757918
vt 0.318743 0.755801
vt 0.318746 0.750728
vt 0.318750 0.742593
vt 0.318754 0.736347
vt 0.318754 0.735175
vt 0.318751 0.734654
vt 0.318741 0.734141
vt 0.318725 0.733641
vt 0.318705 0.733155
vt 0.318682 0.732688
vt 0.318657 0.732242
vt 0.318631 0.731820
vt 0.318722 0.753370
vt 0.318715 0.747981
vt 0.318710 0.745235
vt 0.318726 0.740161
vt 0.318725 0.738044
vt 0.318600 0.731426
vt 0.318573 0.731062
vt 0.318551 0.730732
vt 0.318534 0.730438
vt 0.250290 0.619637
vt 0.246305 0.617655
vt 0.250429 0.619348
vt 0.250155 0.619948
vt 0.250025 0.620275
vt 0.249901 0.620613
vt 0.249783 0.620957
vt 0.246258 0.618021
vt 0.249673 0.621303
vt 0.246204 0.618396
vt 0.249570 0.621645
vt 0.246144 0.618776
vt 0.249477 0.621979
vt 0.246079 0.619158
vt 0.249392 0.622300
vt 0.246012 0.619538
vt 0.249318 0.622602
vt 0.245943 0.619911
vt 0.249255 0.622882
vt 0.245874 0.620273
vt 0.249204 0.623133
vt 0.245806 0.620622
vt 0.248947 0.624376
vt 0.245741 0.620952
vt 0.245679 0.621260
vt 0.245623 0.621542
vt 0.245574 0.621794
vt 0.248712 0.625764
vt 0.245245 0.623712
vt 0.248510 0.627287
vt 0.233598 0.613434
vt 0.229932 0.612694
vt 0.233493 0.613243
vt 0.233716 0.613624
vt 0.233847 0.613815
vt 0.233989 0.614007
vt 0.234144 0.614200
vt 0.234310 0.614394
vt 0.234488 0.614588
vt 0.234678 0.614784
vt 0.234880 0.614981
vt 0.235093 0.615180
vt 0.235317 0.615379
vt 0.235553 0.615581
vt 0.248353 0.628933
vt 0.229902 0.612893
vt 0.229860 0.613105
vt 0.229809 0.613327
vt 0.229750 0.613556
vt 0.248254 0.630691
vt 0.229685 0.613790
vt 0.229614 0.614026
vt 0.229540 0.614262
vt 0.244720 0.627676
vt 0.229463 0.614494
vt 0.229386 0.614721
vt 0.232629 0.617538
vt 0.229308 0.614939
vt 0.244648 0.628983
vt 0.232187 0.618453
vt 0.248250 0.632551
vt 0.229232 0.615147
vt 0.229160 0.615341
vt 0.228692 0.616387
vt 0.231760 0.619437
vt 0.244607 0.630329
vt 0.248331 0.634500
vt 0.228238 0.617500
vt 0.231351 0.620484
vt 0.244599 0.631710
vt 0.227800 0.618674
vt 0.248508 0.636526
vt 0.230963 0.621586
vt 0.244627 0.633122
vt 0.227382 0.619904
vt 0.230600 0.622735
vt 0.244693 0.634562
vt 0.248794 0.638619
vt 0.226987 0.621185
vt 0.230264 0.623925
vt 0.244801 0.636025
vt 0.249201 0.640767
vt 0.229957 0.625146
vt 0.244953 0.637508
vt 0.226619 0.622510
vt 0.240777 0.636739
vt 0.239664 0.632981
vt 0.240549 0.633148
vt 0.238755 0.632818
vt 0.249742 0.642959
vt 0.245152 0.639006
vt 0.229684 0.626392
vt 0.237826 0.632660
vt 0.226282 0.623874
vt 0.236879 0.632505
vt 0.245401 0.640517
vt 0.235916 0.632355
vt 0.229446 0.627656
vt 0.250429 0.645184
vt 0.225978 0.625272
vt 0.234941 0.632211
vt 0.239891 0.636605
vt 0.245702 0.642037
vt 0.233956 0.632072
vt 0.238975 0.636474
vt 0.229246 0.628929
vt 0.246471 0.645084
vt 0.232964 0.631939
vt 0.238032 0.636345
vt 0.225712 0.626697
vt 0.246058 0.643560
vt 0.231967 0.631812
vt 0.237067 0.636219
vt 0.229089 0.630204
vt 0.236081 0.636097
vt 0.230968 0.631692
vt 0.225487 0.628146
vt 0.235078 0.635978
vt 0.229970 0.631579
vt 0.228975 0.631474
vt 0.234062 0.635863
vt 0.225307 0.629611
vt 0.233036 0.635752
vt 0.232003 0.635645
vt 0.225174 0.631088
vt 0.230966 0.635543
vt 0.229928 0.635445
vt 0.224568 0.631042
vt 0.228893 0.635352
vt 0.223967 0.630999
vt 0.223371 0.630959
vt 0.228979 0.636915
vt 0.222781 0.630921
vt 0.222200 0.630886
vt 0.221628 0.630853
vt 0.229132 0.638516
vt 0.221066 0.630823
vt 0.220517 0.630796
vt 0.225066 0.635068
vt 0.219980 0.630772
vt 0.229355 0.640149
vt 0.225126 0.636637
vt 0.224456 0.635046
vt 0.219458 0.630750
vt 0.223853 0.635027
vt 0.218951 0.630731
vt 0.218461 0.630715
vt 0.223260 0.635008
vt 0.222675 0.634991
vt 0.222101 0.634977
vt 0.221538 0.634964
vt 0.220987 0.634954
vt 0.220448 0.634947
vt 0.219923 0.634943
vt 0.219413 0.634943
vt 0.218917 0.634946
vt 0.218438 0.634954
vt 0.229652 0.641811
vt 0.225249 0.638238
vt 0.230028 0.643499
vt 0.225439 0.639870
vt 0.230487 0.645207
vt 0.225699 0.641530
vt 0.231032 0.646933
vt 0.226033 0.643217
vt 0.231668 0.648672
vt 0.226445 0.644930
vt 0.232399 0.650420
vt 0.226939 0.646667
vt 0.233229 0.652173
vt 0.227518 0.648428
vt 0.234163 0.653928
vt 0.235203 0.655679
vt 0.228187 0.650210
vt 0.230767 0.655671
vt 0.228949 0.652012
vt 0.229807 0.653833
vt 0.303533 0.642085
vt 0.305303 0.644641
vt 0.303478 0.642280
vt 0.303584 0.641870
vt 0.307658 0.616143
vt 0.303456 0.616368
vt 0.303430 0.616165
vt 0.303630 0.641637
vt 0.303485 0.616642
vt 0.303517 0.616977
vt 0.303672 0.641386
vt 0.303550 0.617361
vt 0.303710 0.641118
vt 0.303583 0.617783
vt 0.303615 0.618232
vt 0.303743 0.640833
vt 0.303646 0.618697
vt 0.303771 0.640531
vt 0.303673 0.619166
vt 0.303794 0.640213
vt 0.303697 0.619627
vt 0.303811 0.639880
vt 0.303716 0.620071
vt 0.303823 0.639532
vt 0.303728 0.620484
vt 0.303830 0.639170
vt 0.303734 0.620857
vt 0.303831 0.638793
vt 0.303738 0.621568
vt 0.303744 0.622712
vt 0.303752 0.624202
vt 0.303761 0.625951
vt 0.303772 0.627872
vt 0.303783 0.629878
vt 0.303793 0.631880
vt 0.303804 0.633792
vt 0.303813 0.635527
vt 0.303821 0.636997
vt 0.303827 0.638115
vt 0.307673 0.616313
vt 0.305408 0.644564
vt 0.305537 0.644476
vt 0.307682 0.616559
vt 0.305686 0.644379
vt 0.307688 0.616869
vt 0.305852 0.644275
vt 0.307691 0.617233
vt 0.307690 0.617640
vt 0.306031 0.644168
vt 0.307688 0.618082
vt 0.306219 0.644058
vt 0.307688 0.618546
vt 0.307685 0.619023
vt 0.306413 0.643948
vt 0.307685 0.619502
vt 0.306610 0.643841
vt 0.307688 0.619974
vt 0.306805 0.643739
vt 0.306996 0.643643
vt 0.307698 0.620427
vt 0.307178 0.643556
vt 0.307348 0.643481
vt 0.307714 0.620852
vt 0.307714 0.622643
vt 0.307712 0.624134
vt 0.307707 0.625901
vt 0.307697 0.627852
vt 0.307683 0.629896
vt 0.307667 0.631940
vt 0.307653 0.633894
vt 0.307639 0.635666
vt 0.307628 0.637165
vt 0.307620 0.638298
vt 0.307615 0.638975
vt 0.308379 0.643066
vt 0.307722 0.621518
vt 0.308613 0.638647
vt 0.309461 0.642599
vt 0.309668 0.638235
vt 0.310584 0.642083
vt 0.310767 0.637748
vt 0.311740 0.641521
vt 0.311897 0.637193
vt 0.312919 0.640917
vt 0.313046 0.636580
vt 0.314111 0.640273
vt 0.314202 0.635917
vt 0.315308 0.639594
vt 0.315353 0.635212
vt 0.316499 0.638882
vt 0.316485 0.634474
vt 0.317588 0.633711
vt 0.317675 0.638141
vt 0.318648 0.632931
vt 0.318828 0.637374
vt 0.319654 0.632144
vt 0.319947 0.636585
vt 0.320592 0.631358
vt 0.321023 0.635776
vt 0.321939 0.630129
vt 0.322096 0.637019
vt 0.323286 0.628817
vt 0.323231 0.638283
vt 0.324621 0.627429
vt 0.323923 0.633335
vt 0.324414 0.639556
vt 0.325263 0.632075
vt 0.324995 0.634531
vt 0.325631 0.640827
vt 0.325936 0.625969
vt 0.326109 0.635728
vt 0.326587 0.630763
vt 0.326866 0.642083
vt 0.327220 0.624443
vt 0.327255 0.636919
vt 0.327890 0.629402
vt 0.328106 0.643312
vt 0.328463 0.622854
vt 0.328426 0.638097
vt 0.329165 0.627994
vt 0.329336 0.644502
vt 0.329657 0.621210
vt 0.329613 0.639256
vt 0.330406 0.626540
vt 0.330540 0.645642
vt 0.330792 0.619513
vt 0.330806 0.640387
vt 0.331607 0.625045
vt 0.331705 0.646719
vt 0.331857 0.617771
vt 0.331998 0.641485
vt 0.332762 0.623509
vt 0.332842 0.615987
vt 0.332816 0.647720
vt 0.333180 0.642541
vt 0.333865 0.621936
vt 0.333739 0.614167
vt 0.333858 0.648635
vt 0.334342 0.643550
vt 0.334538 0.612315
vt 0.334909 0.620327
vt 0.334816 0.649451
vt 0.337629 0.615313
vt 0.335477 0.644504
vt 0.335888 0.618686
vt 0.336576 0.645396
vt 0.337629 0.646219
vt 0.336797 0.617013
vt 0.128362 0.631013
vt 0.128683 0.635523
vt 0.128072 0.631029
vt 0.128651 0.630994
vt 0.128945 0.630970
vt 0.129246 0.630943
vt 0.128969 0.635429
vt 0.129559 0.630909
vt 0.129259 0.635333
vt 0.129555 0.635235
vt 0.129887 0.630870
vt 0.129861 0.635135
vt 0.130234 0.630823
vt 0.130178 0.635033
vt 0.130604 0.630768
vt 0.130508 0.634930
vt 0.131000 0.630705
vt 0.130854 0.634825
vt 0.131427 0.630631
vt 0.131219 0.634718
vt 0.131887 0.630547
vt 0.131604 0.634609
vt 0.132012 0.634499
vt 0.132386 0.630452
vt 0.132445 0.634386
vt 0.133692 0.630156
vt 0.132905 0.634272
vt 0.134159 0.633965
vt 0.135353 0.629763
vt 0.135754 0.633568
vt 0.137307 0.629288
vt 0.137628 0.633095
vt 0.139490 0.628746
vt 0.139721 0.632561
vt 0.141838 0.628151
vt 0.141970 0.631981
vt 0.144288 0.627518
vt 0.144315 0.631369
vt 0.144744 0.641650
vt 0.144204 0.645782
vt 0.143027 0.644885
vt 0.146777 0.626861
vt 0.146695 0.630739
vt 0.145529 0.646742
vt 0.145277 0.642102
vt 0.145861 0.642571
vt 0.146973 0.647748
vt 0.149241 0.626196
vt 0.146491 0.643053
vt 0.149048 0.630107
vt 0.147162 0.643547
vt 0.147870 0.644049
vt 0.148505 0.648781
vt 0.148611 0.644559
vt 0.151617 0.625536
vt 0.151313 0.629486
vt 0.149381 0.645073
vt 0.150098 0.649824
vt 0.150175 0.645590
vt 0.150989 0.646106
vt 0.153429 0.628892
vt 0.151722 0.650858
vt 0.153841 0.624896
vt 0.151818 0.646620
vt 0.152658 0.647130
vt 0.153347 0.651865
vt 0.155334 0.628339
vt 0.155850 0.624291
vt 0.153505 0.647632
vt 0.153757 0.646350
vt 0.154945 0.652827
vt 0.154027 0.644936
vt 0.154311 0.643410
vt 0.154605 0.641791
vt 0.156968 0.627841
vt 0.154908 0.640099
vt 0.157580 0.623735
vt 0.155215 0.638354
vt 0.155523 0.636574
vt 0.155828 0.634779
vt 0.156129 0.632989
vt 0.156421 0.631223
vt 0.156486 0.653726
vt 0.156702 0.629501
vt 0.157852 0.621524
vt 0.157911 0.620916
vt 0.157973 0.620269
vt 0.158038 0.619567
vt 0.158109 0.618793
vt 0.158186 0.617914
vt 0.163230 0.613446
vt 0.158566 0.612758
vt 0.158581 0.612374
vt 0.158273 0.616886
vt 0.158547 0.613148
vt 0.158373 0.615621
vt 0.158524 0.613543
vt 0.158497 0.613942
vt 0.162844 0.615245
vt 0.162769 0.615597
vt 0.162696 0.615945
vt 0.162626 0.616289
vt 0.162561 0.616627
vt 0.162499 0.616959
vt 0.156808 0.648846
vt 0.157220 0.646740
vt 0.157403 0.649176
vt 0.158136 0.654671
vt 0.157688 0.644322
vt 0.158200 0.641661
vt 0.157992 0.649496
vt 0.158739 0.638820
vt 0.159293 0.635867
vt 0.158572 0.649806
vt 0.162463 0.617287
vt 0.159850 0.632868
vt 0.159655 0.655502
vt 0.159143 0.650107
vt 0.160393 0.629889
vt 0.160908 0.626995
vt 0.159703 0.650396
vt 0.161383 0.624254
vt 0.161802 0.621731
vt 0.160252 0.650675
vt 0.162155 0.619493
vt 0.161011 0.656198
vt 0.162423 0.617607
vt 0.160787 0.650942
vt 0.162925 0.614890
vt 0.163005 0.614532
vt 0.163084 0.614172
vt 0.163160 0.613810
vt 0.161309 0.651197
vt 0.161815 0.651440
vt 0.162305 0.651670
vt 0.162777 0.651887
vt 0.163230 0.652091
vt 0.248972 0.683189
vt 0.253519 0.682817
vt 0.253543 0.683188
vt 0.253519 0.646370
vt 0.248972 0.646098
vt 0.253544 0.646100
vt 0.253494 0.682404
vt 0.253494 0.646668
vt 0.253468 0.681952
vt 0.253467 0.646992
vt 0.253441 0.681466
vt 0.253441 0.647344
vt 0.253416 0.680948
vt 0.253415 0.647723
vt 0.253392 0.680401
vt 0.253391 0.648129
vt 0.253369 0.679829
vt 0.253368 0.648563
vt 0.253350 0.679235
vt 0.253348 0.649024
vt 0.253333 0.678622
vt 0.253332 0.649512
vt 0.253321 0.677994
vt 0.253319 0.650027
vt 0.253313 0.677353
vt 0.253311 0.650569
vt 0.253310 0.676704
vt 0.253307 0.651139
vt 0.253310 0.675541
vt 0.253309 0.673851
vt 0.253309 0.671738
vt 0.253309 0.669309
vt 0.253309 0.666668
vt 0.253309 0.663921
vt 0.253308 0.661175
vt 0.253308 0.658534
vt 0.253308 0.656104
vt 0.253308 0.653991
vt 0.253308 0.652301
vt 0.248991 0.682804
vt 0.249017 0.682382
vt 0.249047 0.681924
vt 0.249075 0.681432
vt 0.249099 0.680911
vt 0.249122 0.680364
vt 0.249141 0.679793
vt 0.249157 0.679202
vt 0.249170 0.678594
vt 0.249179 0.677973
vt 0.249185 0.677341
vt 0.249188 0.676702
vt 0.249188 0.675530
vt 0.249189 0.673833
vt 0.249191 0.671716
vt 0.249193 0.666642
vt 0.249198 0.658507
vt 0.249201 0.652262
vt 0.249202 0.651090
vt 0.249199 0.650568
vt 0.249189 0.650056
vt 0.249173 0.649555
vt 0.249153 0.649070
vt 0.249130 0.648602
vt 0.249105 0.648156
vt 0.249078 0.647734
vt 0.249170 0.669284
vt 0.249163 0.663896
vt 0.249157 0.661149
vt 0.249173 0.656076
vt 0.249173 0.653959
vt 0.249047 0.647340
vt 0.249021 0.646976
vt 0.248999 0.646646
vt 0.248982 0.646352
vt 0.077364 0.620384
vt 0.080074 0.619467
vt 0.080040 0.620020
vt 0.080104 0.618868
vt 0.080130 0.618235
vt 0.077422 0.619821
vt 0.080151 0.617576
vt 0.077466 0.619228
vt 0.106420 0.620384
vt 0.109138 0.619521
vt 0.109102 0.620057
vt 0.077497 0.618610
vt 0.080167 0.616901
vt 0.109170 0.618940
vt 0.077517 0.617973
vt 0.080177 0.616219
vt 0.169345 0.668736
vt 0.172667 0.673484
vt 0.169019 0.668944
vt 0.109197 0.618322
vt 0.106463 0.619821
vt 0.169671 0.668519
vt 0.077525 0.617323
vt 0.080182 0.615541
vt 0.109219 0.617677
vt 0.169996 0.668294
vt 0.106496 0.619221
vt 0.172909 0.673206
vt 0.077523 0.616666
vt 0.170321 0.668062
vt 0.080181 0.614877
vt 0.109235 0.617014
vt 0.173157 0.672924
vt 0.106520 0.618592
vt 0.170643 0.667822
vt 0.173409 0.672637
vt 0.077512 0.616007
vt 0.170962 0.667575
vt 0.080172 0.614235
vt 0.109245 0.616341
vt 0.173664 0.672350
vt 0.106535 0.617943
vt 0.171278 0.667322
vt 0.173920 0.672063
vt 0.077494 0.615352
vt 0.080157 0.613627
vt 0.171590 0.667062
vt 0.106543 0.617280
vt 0.109249 0.615667
vt 0.174175 0.671778
vt 0.171897 0.666797
vt 0.174429 0.671497
vt 0.077469 0.614708
vt 0.080135 0.613060
vt 0.172199 0.666526
vt 0.106544 0.616611
vt 0.174678 0.671221
vt 0.109246 0.615000
vt 0.172494 0.666251
vt 0.174922 0.670953
vt 0.077438 0.614080
vt 0.080105 0.612546
vt 0.175160 0.670694
vt 0.106537 0.615944
vt 0.172782 0.665971
vt 0.109237 0.614351
vt 0.077403 0.613473
vt 0.077364 0.612894
vt 0.175388 0.670446
vt 0.173224 0.665546
vt 0.175607 0.670211
vt 0.106524 0.615287
vt 0.109220 0.613727
vt 0.175923 0.669876
vt 0.173681 0.665093
vt 0.176250 0.669529
vt 0.109197 0.613138
vt 0.106506 0.614646
vt 0.174152 0.664613
vt 0.176588 0.669170
vt 0.109166 0.612592
vt 0.106482 0.614030
vt 0.174633 0.664107
vt 0.176934 0.668799
vt 0.106453 0.613446
vt 0.106420 0.612902
vt 0.177287 0.668418
vt 0.175122 0.663575
vt 0.177646 0.668026
vt 0.175616 0.663019
vt 0.178009 0.667623
vt 0.178374 0.667210
vt 0.176113 0.662439
vt 0.178741 0.666787
vt 0.176611 0.661836
vt 0.179108 0.666355
vt 0.177106 0.661212
vt 0.179473 0.665913
vt 0.179835 0.665462
vt 0.177596 0.660566
vt 0.194921 0.694712
vt 0.199563 0.692771
vt 0.195076 0.695127
vt 0.194749 0.694281
vt 0.194564 0.693839
vt 0.194369 0.693391
vt 0.194167 0.692941
vt 0.193960 0.692494
vt 0.193752 0.692054
vt 0.193545 0.691627
vt 0.193342 0.691218
vt 0.193147 0.690830
vt 0.192962 0.690468
vt 0.192790 0.690138
vt 0.178079 0.659900
vt 0.178552 0.659215
vt 0.179084 0.658351
vt 0.197554 0.689424
vt 0.198392 0.690828
vt 0.179539 0.657565
vt 0.193271 0.681937
vt 0.193860 0.682974
vt 0.194640 0.684335
vt 0.195557 0.685931
vt 0.196527 0.687626
vt 0.179911 0.656881
vt 0.181446 0.660030
vt 0.185736 0.667995
vt 0.187122 0.670567
vt 0.189960 0.675836
vt 0.190465 0.676768
vt 0.191108 0.677947
vt 0.191788 0.679199
vt 0.192508 0.680527
vt 0.181861 0.659385
vt 0.187532 0.666803
vt 0.189162 0.669229
vt 0.180287 0.656148
vt 0.182272 0.658700
vt 0.180660 0.655377
vt 0.182676 0.657982
vt 0.181023 0.654576
vt 0.183068 0.657240
vt 0.189118 0.665583
vt 0.181366 0.653754
vt 0.190991 0.667850
vt 0.183446 0.656481
vt 0.181683 0.652920
vt 0.183804 0.655712
vt 0.181966 0.652084
vt 0.190506 0.664344
vt 0.184138 0.654940
vt 0.182207 0.651254
vt 0.192617 0.666431
vt 0.184444 0.654174
vt 0.182399 0.650439
vt 0.182532 0.649649
vt 0.184718 0.653421
vt 0.185308 0.651313
vt 0.191709 0.663091
vt 0.184956 0.652688
vt 0.185154 0.651983
vt 0.194049 0.664971
vt 0.192742 0.661833
vt 0.195295 0.663471
vt 0.193616 0.660577
vt 0.194345 0.659330
vt 0.196364 0.661931
vt 0.194943 0.658099
vt 0.197266 0.660351
vt 0.195421 0.656892
vt 0.198009 0.658733
vt 0.195793 0.655715
vt 0.196073 0.654577
vt 0.198601 0.657075
vt 0.196273 0.653484
vt 0.196317 0.653234
vt 0.196354 0.652975
vt 0.196385 0.652709
vt 0.199051 0.655379
vt 0.196408 0.652438
vt 0.196425 0.652162
vt 0.196435 0.651882
vt 0.196437 0.651601
vt 0.196433 0.651318
vt 0.196422 0.651036
vt 0.196404 0.650756
vt 0.196379 0.650479
vt 0.196346 0.650206
vt 0.199369 0.653644
vt 0.199563 0.651872
vt 0.154925 0.921431
vt 0.150342 0.893657
vt 0.154925 0.889542
vt 0.136829 0.889542
vt 0.136829 0.893657
vt 0.150342 0.903289
vt 0.150342 0.907404
vt 0.137297 0.903289
vt 0.137297 0.907404
vt 0.150342 0.917316
vt 0.136409 0.917316
vt 0.136409 0.921431
vt 0.315944 0.915090
vt 0.319240 0.915175
vt 0.318421 0.915202
vt 0.320065 0.915113
vt 0.320897 0.915017
vt 0.313596 0.914696
vt 0.321741 0.914884
vt 0.322601 0.914715
vt 0.323479 0.914509
vt 0.311393 0.914035
vt 0.324378 0.914265
vt 0.325303 0.913981
vt 0.326257 0.913657
vt 0.309350 0.913122
vt 0.327243 0.913293
vt 0.328264 0.912886
vt 0.329324 0.912438
vt 0.307484 0.911973
vt 0.320140 0.910885
vt 0.321037 0.910763
vt 0.321930 0.910596
vt 0.322820 0.910383
vt 0.323712 0.910123
vt 0.324608 0.909815
vt 0.325511 0.909458
vt 0.326425 0.909053
vt 0.327352 0.908596
vt 0.328295 0.908089
vt 0.329258 0.907529
vt 0.305809 0.910605
vt 0.318316 0.910983
vt 0.319233 0.910948
vt 0.316533 0.910902
vt 0.314836 0.910616
vt 0.313240 0.910136
vt 0.304343 0.909032
vt 0.311755 0.909473
vt 0.310396 0.908639
vt 0.303101 0.907268
vt 0.309173 0.907645
vt 0.308101 0.906503
vt 0.302099 0.905329
vt 0.307190 0.905223
vt 0.301353 0.903231
vt 0.306455 0.903819
vt 0.305907 0.902301
vt 0.300880 0.900989
vt 0.305558 0.900680
vt 0.300695 0.898617
vt 0.305422 0.898968
vt 0.305504 0.897226
vt 0.300779 0.896899
vt 0.305796 0.895582
vt 0.301086 0.895112
vt 0.306288 0.894046
vt 0.301622 0.893299
vt 0.306971 0.892627
vt 0.302391 0.891499
vt 0.307834 0.891335
vt 0.303400 0.889754
vt 0.308870 0.890180
vt 0.328410 0.889559
vt 0.329251 0.885105
vt 0.329324 0.890107
vt 0.310067 0.889172
vt 0.327485 0.889056
vt 0.304654 0.888103
vt 0.326551 0.888599
vt 0.311417 0.888320
vt 0.325611 0.888189
vt 0.324667 0.887827
vt 0.312909 0.887635
vt 0.323722 0.887513
vt 0.306160 0.886588
vt 0.322778 0.887247
vt 0.314534 0.887125
vt 0.321836 0.887031
vt 0.320900 0.886865
vt 0.316283 0.886801
vt 0.319971 0.886749
vt 0.319053 0.886684
vt 0.318146 0.886671
vt 0.307923 0.885249
vt 0.328455 0.884718
vt 0.309950 0.884128
vt 0.327644 0.884353
vt 0.326812 0.884013
vt 0.325955 0.883699
vt 0.312244 0.883263
vt 0.325069 0.883416
vt 0.324149 0.883164
vt 0.323191 0.882947
vt 0.314814 0.882698
vt 0.322189 0.882768
vt 0.321140 0.882628
vt 0.320039 0.882530
vt 0.317663 0.882471
vt 0.318882 0.882477
vt 0.322013 0.866517
vt 0.338939 0.898593
vt 0.335713 0.898593
vt 0.337256 0.891579
vt 0.353200 0.866517
vt 0.332487 0.880030
vt 0.342399 0.880030
vt 0.330710 0.875915
vt 0.344270 0.875915
vt 0.326689 0.866517
vt 0.348525 0.866517
vt 0.077723 0.883314
vt 0.082306 0.911088
vt 0.077723 0.915202
vt 0.087682 0.915202
vt 0.089345 0.915119
vt 0.090852 0.914875
vt 0.092206 0.914481
vt 0.093409 0.913949
vt 0.094462 0.913290
vt 0.095367 0.912515
vt 0.096128 0.911635
vt 0.087683 0.911088
vt 0.096745 0.910660
vt 0.082306 0.901222
vt 0.088663 0.911032
vt 0.089529 0.910886
vt 0.090285 0.910653
vt 0.097223 0.909602
vt 0.090937 0.910344
vt 0.091492 0.909967
vt 0.091954 0.909531
vt 0.097561 0.908472
vt 0.092330 0.909047
vt 0.092624 0.908524
vt 0.092844 0.907970
vt 0.097763 0.907280
vt 0.092993 0.907396
vt 0.093079 0.906811
vt 0.097830 0.906039
vt 0.093106 0.906224
vt 0.093061 0.905458
vt 0.097759 0.904812
vt 0.092928 0.904750
vt 0.097546 0.903639
vt 0.092710 0.904101
vt 0.092410 0.903514
vt 0.097188 0.902532
vt 0.092033 0.902990
vt 0.091581 0.902531
vt 0.096683 0.901499
vt 0.091058 0.902138
vt 0.090467 0.901812
vt 0.089812 0.901556
vt 0.089096 0.901371
vt 0.096029 0.900550
vt 0.088323 0.901259
vt 0.087496 0.901222
vt 0.082306 0.897107
vt 0.095223 0.899696
vt 0.094263 0.898946
vt 0.093147 0.898310
vt 0.091872 0.897799
vt 0.090437 0.897421
vt 0.088839 0.897187
vt 0.087075 0.897107
vt 0.082306 0.883314
vt 0.150019 0.787461
vt 0.152046 0.787496
vt 0.151438 0.787517
vt 0.152652 0.787444
vt 0.153257 0.787361
vt 0.148689 0.787271
vt 0.153860 0.787247
vt 0.154460 0.787102
vt 0.147455 0.786951
vt 0.155057 0.786925
vt 0.155649 0.786717
vt 0.146322 0.786508
vt 0.156237 0.786479
vt 0.156819 0.786209
vt 0.145298 0.785945
vt 0.157395 0.785908
vt 0.157964 0.785576
vt 0.144387 0.785268
vt 0.158526 0.785212
vt 0.153319 0.783097
vt 0.153930 0.782914
vt 0.154553 0.782680
vt 0.155187 0.782393
vt 0.155832 0.782049
vt 0.156485 0.781643
vt 0.157145 0.781173
vt 0.157811 0.780634
vt 0.158481 0.780022
vt 0.143598 0.784483
vt 0.152140 0.783327
vt 0.152722 0.783232
vt 0.142936 0.783593
vt 0.151028 0.783404
vt 0.151575 0.783383
vt 0.142407 0.782604
vt 0.150310 0.783379
vt 0.149631 0.783292
vt 0.148994 0.783146
vt 0.148406 0.782944
vt 0.147870 0.782689
vt 0.147390 0.782384
vt 0.142018 0.781520
vt 0.146971 0.782031
vt 0.146617 0.781635
vt 0.146334 0.781196
vt 0.141775 0.780348
vt 0.146124 0.780719
vt 0.145993 0.780207
vt 0.141685 0.779091
vt 0.145945 0.779661
vt 0.146205 0.778248
vt 0.141939 0.777061
vt 0.146944 0.777032
vt 0.148068 0.775957
vt 0.142674 0.775312
vt 0.149480 0.774968
vt 0.143794 0.773797
vt 0.151084 0.774008
vt 0.152784 0.773020
vt 0.145203 0.772469
vt 0.154483 0.771948
vt 0.146805 0.771279
vt 0.156085 0.770736
vt 0.148504 0.770182
vt 0.157493 0.769328
vt 0.150203 0.769129
vt 0.158612 0.767667
vt 0.151806 0.768074
vt 0.153217 0.766969
vt 0.159345 0.765698
vt 0.154340 0.765768
vt 0.155079 0.764422
vt 0.159596 0.763363
vt 0.155337 0.762886
vt 0.141685 0.757815
vt 0.142327 0.762888
vt 0.141736 0.763613
vt 0.159508 0.762142
vt 0.155299 0.762434
vt 0.142942 0.762221
vt 0.155191 0.761972
vt 0.159271 0.760987
vt 0.143580 0.761611
vt 0.155014 0.761511
vt 0.144239 0.761061
vt 0.154765 0.761058
vt 0.154444 0.760625
vt 0.158894 0.759906
vt 0.144918 0.760571
vt 0.154051 0.760220
vt 0.145616 0.760142
vt 0.153584 0.759853
vt 0.146331 0.759776
vt 0.158385 0.758907
vt 0.153042 0.759532
vt 0.147062 0.759472
vt 0.152425 0.759268
vt 0.147807 0.759233
vt 0.151731 0.759071
vt 0.148564 0.759059
vt 0.150961 0.758948
vt 0.149333 0.758951
vt 0.157752 0.757997
vt 0.150112 0.758910
vt 0.157005 0.757184
vt 0.142351 0.757329
vt 0.143024 0.756887
vt 0.156152 0.756476
vt 0.143707 0.756489
vt 0.155201 0.755882
vt 0.144402 0.756134
vt 0.145110 0.755822
vt 0.154161 0.755408
vt 0.145833 0.755552
vt 0.146573 0.755324
vt 0.153040 0.755063
vt 0.147332 0.755137
vt 0.148111 0.754991
vt 0.151847 0.754855
vt 0.148913 0.754885
vt 0.149738 0.754818
vt 0.150590 0.754791
vt 0.338389 0.804799
vt 0.338323 0.804423
vt 0.342905 0.804423
vt 0.342869 0.804797
vt 0.342832 0.805189
vt 0.338448 0.805196
vt 0.342795 0.805597
vt 0.338499 0.805611
vt 0.342758 0.806017
vt 0.338544 0.806037
vt 0.342722 0.806443
vt 0.338583 0.806471
vt 0.342689 0.806872
vt 0.338615 0.806907
vt 0.342658 0.807301
vt 0.338641 0.807341
vt 0.342631 0.807724
vt 0.338662 0.807766
vt 0.342609 0.808138
vt 0.338678 0.808178
vt 0.342592 0.808540
vt 0.338688 0.808572
vt 0.342581 0.808924
vt 0.338695 0.808943
vt 0.342578 0.809286
vt 0.338697 0.809286
vt 0.338697 0.810597
vt 0.342578 0.816908
vt 0.338697 0.812484
vt 0.338697 0.814827
vt 0.338697 0.817505
vt 0.344173 0.817405
vt 0.345859 0.817957
vt 0.338697 0.820398
vt 0.347611 0.818554
vt 0.349406 0.819189
vt 0.351222 0.819852
vt 0.353034 0.820537
vt 0.338697 0.823384
vt 0.342578 0.821069
vt 0.354820 0.821235
vt 0.342624 0.836499
vt 0.343932 0.821508
vt 0.356557 0.821937
vt 0.345387 0.822004
vt 0.358220 0.822635
vt 0.346922 0.822548
vt 0.348516 0.823135
vt 0.359788 0.823321
vt 0.350149 0.823759
vt 0.361237 0.823986
vt 0.338697 0.826343
vt 0.351801 0.824412
vt 0.362543 0.824623
vt 0.353450 0.825089
vt 0.355078 0.825783
vt 0.356662 0.826487
vt 0.358183 0.827195
vt 0.359620 0.827901
vt 0.360954 0.828597
vt 0.338697 0.829153
vt 0.338697 0.831695
vt 0.338697 0.833847
vt 0.338697 0.835489
vt 0.338697 0.836499
vt 0.338695 0.836943
vt 0.342626 0.836883
vt 0.342632 0.837304
vt 0.338689 0.837405
vt 0.342642 0.837756
vt 0.338678 0.837881
vt 0.342656 0.838231
vt 0.338664 0.838366
vt 0.342673 0.838723
vt 0.338645 0.838856
vt 0.342694 0.839223
vt 0.338621 0.839346
vt 0.342720 0.839726
vt 0.338592 0.839831
vt 0.342749 0.840223
vt 0.338558 0.840306
vt 0.342782 0.840708
vt 0.338519 0.840767
vt 0.342819 0.841173
vt 0.338475 0.841209
vt 0.342860 0.841612
vt 0.338425 0.841627
vt 0.342905 0.842017
vt 0.338369 0.842017
vt 0.236482 0.638113
vt 0.241086 0.638116
vt 0.241062 0.638491
vt 0.241038 0.675135
vt 0.241062 0.675403
vt 0.236518 0.675403
vt 0.241036 0.638907
vt 0.241013 0.674839
vt 0.241009 0.639362
vt 0.240987 0.674516
vt 0.240983 0.639851
vt 0.240961 0.674167
vt 0.240957 0.640373
vt 0.240935 0.673790
vt 0.240932 0.640924
vt 0.240911 0.673386
vt 0.240909 0.641500
vt 0.240889 0.672955
vt 0.240889 0.642098
vt 0.240870 0.672497
vt 0.240872 0.642715
vt 0.240853 0.672012
vt 0.240859 0.643348
vt 0.240841 0.671500
vt 0.240850 0.643993
vt 0.240833 0.670961
vt 0.240847 0.644647
vt 0.240830 0.670395
vt 0.240846 0.645818
vt 0.240845 0.647520
vt 0.240844 0.649648
vt 0.240842 0.652095
vt 0.240841 0.654755
vt 0.240839 0.657521
vt 0.240837 0.660287
vt 0.240835 0.662947
vt 0.240833 0.665394
vt 0.240832 0.667522
vt 0.240831 0.669225
vt 0.236544 0.638812
vt 0.236583 0.639338
vt 0.236613 0.639793
vt 0.236640 0.640282
vt 0.236664 0.640800
vt 0.236686 0.641344
vt 0.236705 0.641912
vt 0.236720 0.642499
vt 0.236733 0.643103
vt 0.236742 0.643721
vt 0.236748 0.644349
vt 0.236750 0.644984
vt 0.236750 0.646149
vt 0.236750 0.647836
vt 0.236750 0.649940
vt 0.236750 0.654983
vt 0.236750 0.663069
vt 0.236750 0.669276
vt 0.236750 0.670441
vt 0.236746 0.670960
vt 0.236736 0.671469
vt 0.236720 0.671967
vt 0.236700 0.672449
vt 0.236677 0.672914
vt 0.236651 0.673357
vt 0.236625 0.673776
vt 0.236728 0.652357
vt 0.236718 0.657713
vt 0.236711 0.660443
vt 0.236724 0.665486
vt 0.236722 0.667590
vt 0.236594 0.674168
vt 0.236567 0.674530
vt 0.236545 0.674858
vt 0.236528 0.675150
vt 0.109628 0.789916
vt 0.109768 0.790205
vt 0.105643 0.791899
vt 0.109493 0.789605
vt 0.109363 0.789278
vt 0.109239 0.788940
vt 0.109121 0.788596
vt 0.105596 0.791533
vt 0.109011 0.788250
vt 0.105542 0.791158
vt 0.108909 0.787908
vt 0.105482 0.790777
vt 0.108815 0.787574
vt 0.105418 0.790395
vt 0.108731 0.787253
vt 0.105350 0.790016
vt 0.108657 0.786951
vt 0.105281 0.789643
vt 0.108594 0.786672
vt 0.105212 0.789280
vt 0.108542 0.786420
vt 0.105145 0.788932
vt 0.108286 0.785177
vt 0.105079 0.788601
vt 0.105018 0.788293
vt 0.104962 0.788011
vt 0.104912 0.787759
vt 0.108050 0.783789
vt 0.104583 0.785841
vt 0.107848 0.782266
vt 0.092936 0.796120
vt 0.092831 0.796310
vt 0.089270 0.796860
vt 0.093054 0.795929
vt 0.093185 0.795738
vt 0.093327 0.795546
vt 0.093481 0.795354
vt 0.093648 0.795160
vt 0.093826 0.794965
vt 0.094016 0.794770
vt 0.094218 0.794572
vt 0.094431 0.794374
vt 0.094655 0.794174
vt 0.094891 0.793972
vt 0.107691 0.780620
vt 0.089240 0.796660
vt 0.089198 0.796448
vt 0.089147 0.796226
vt 0.089088 0.795997
vt 0.107593 0.778862
vt 0.089022 0.795763
vt 0.088952 0.795527
vt 0.088878 0.795292
vt 0.104059 0.781877
vt 0.088801 0.795059
vt 0.088724 0.794832
vt 0.091967 0.792015
vt 0.088645 0.794614
vt 0.103987 0.780570
vt 0.091525 0.791101
vt 0.107589 0.777002
vt 0.088569 0.794407
vt 0.088498 0.794212
vt 0.088030 0.793166
vt 0.091097 0.790117
vt 0.103945 0.779224
vt 0.107669 0.775053
vt 0.087576 0.792053
vt 0.090689 0.789070
vt 0.103937 0.777843
vt 0.087138 0.790879
vt 0.107846 0.773027
vt 0.090301 0.787968
vt 0.103965 0.776431
vt 0.086720 0.789649
vt 0.089938 0.786818
vt 0.104031 0.774991
vt 0.108132 0.770934
vt 0.086325 0.788369
vt 0.089601 0.785629
vt 0.104139 0.773528
vt 0.108540 0.768786
vt 0.089295 0.784408
vt 0.104291 0.772045
vt 0.085957 0.787044
vt 0.100115 0.772815
vt 0.099887 0.776406
vt 0.099001 0.776573
vt 0.098093 0.776736
vt 0.109081 0.766594
vt 0.104490 0.770546
vt 0.089021 0.783161
vt 0.097163 0.776894
vt 0.085620 0.785680
vt 0.096216 0.777049
vt 0.104739 0.769035
vt 0.095254 0.777199
vt 0.088783 0.781898
vt 0.109768 0.764369
vt 0.085316 0.784282
vt 0.094279 0.777343
vt 0.099228 0.772949
vt 0.105040 0.767516
vt 0.093294 0.777482
vt 0.098312 0.773081
vt 0.088584 0.780625
vt 0.105810 0.764468
vt 0.092301 0.777615
vt 0.097370 0.773209
vt 0.085050 0.782856
vt 0.105396 0.765993
vt 0.091305 0.777742
vt 0.096404 0.773335
vt 0.088426 0.779350
vt 0.095418 0.773457
vt 0.090306 0.777862
vt 0.084825 0.781408
vt 0.094416 0.773576
vt 0.089308 0.777975
vt 0.088313 0.778080
vt 0.093400 0.773691
vt 0.084645 0.779943
vt 0.092374 0.773802
vt 0.091341 0.773909
vt 0.084512 0.778466
vt 0.090304 0.774011
vt 0.089266 0.774109
vt 0.083906 0.778512
vt 0.088231 0.774202
vt 0.083305 0.778555
vt 0.082709 0.778595
vt 0.088317 0.772639
vt 0.082119 0.778633
vt 0.081538 0.778668
vt 0.080966 0.778701
vt 0.088469 0.771038
vt 0.080404 0.778730
vt 0.079855 0.778758
vt 0.084404 0.774486
vt 0.079318 0.778782
vt 0.088692 0.769405
vt 0.084464 0.772917
vt 0.083794 0.774508
vt 0.078796 0.778804
vt 0.083191 0.774527
vt 0.078289 0.778823
vt 0.077799 0.778839
vt 0.082597 0.774546
vt 0.082013 0.774563
vt 0.081439 0.774577
vt 0.080876 0.774590
vt 0.080325 0.774600
vt 0.079786 0.774607
vt 0.079261 0.774611
vt 0.078751 0.774611
vt 0.078255 0.774608
vt 0.077776 0.774600
vt 0.088990 0.767743
vt 0.084587 0.771316
vt 0.089366 0.766055
vt 0.084777 0.769684
vt 0.089824 0.764347
vt 0.085037 0.768024
vt 0.090370 0.762621
vt 0.085371 0.766337
vt 0.091006 0.760883
vt 0.085783 0.764624
vt 0.091737 0.759135
vt 0.086277 0.762887
vt 0.092567 0.757381
vt 0.086856 0.761126
vt 0.093500 0.755627
vt 0.094541 0.753875
vt 0.087525 0.759344
vt 0.090105 0.753884
vt 0.088286 0.757542
vt 0.089145 0.755722
vt 0.248276 0.682617
vt 0.248353 0.682889
vt 0.245821 0.686176
vt 0.248205 0.682318
vt 0.242472 0.646544
vt 0.248353 0.646565
vt 0.248317 0.646847
vt 0.248139 0.681994
vt 0.248277 0.647228
vt 0.248234 0.647694
vt 0.248080 0.681646
vt 0.248189 0.648229
vt 0.248027 0.681273
vt 0.248144 0.648816
vt 0.248101 0.649441
vt 0.247981 0.680876
vt 0.248059 0.650087
vt 0.247941 0.680457
vt 0.248022 0.650739
vt 0.247909 0.680015
vt 0.247991 0.651381
vt 0.247883 0.679552
vt 0.247966 0.651998
vt 0.247865 0.679068
vt 0.247949 0.652573
vt 0.247855 0.678563
vt 0.247942 0.653092
vt 0.247853 0.678040
vt 0.247939 0.654080
vt 0.247933 0.655671
vt 0.247926 0.657744
vt 0.247917 0.660177
vt 0.247907 0.662849
vt 0.247897 0.665639
vt 0.247888 0.668424
vt 0.247878 0.671083
vt 0.247869 0.673496
vt 0.247862 0.675541
vt 0.247857 0.677096
vt 0.242624 0.648818
vt 0.245681 0.686076
vt 0.245511 0.685960
vt 0.242753 0.650949
vt 0.245324 0.685839
vt 0.242865 0.652950
vt 0.245125 0.685715
vt 0.242963 0.654830
vt 0.243056 0.656601
vt 0.244930 0.685598
vt 0.243135 0.658264
vt 0.244732 0.685483
vt 0.243200 0.659825
vt 0.243262 0.661297
vt 0.244544 0.685377
vt 0.243312 0.662678
vt 0.244361 0.685278
vt 0.243350 0.663973
vt 0.244187 0.685187
vt 0.244016 0.685102
vt 0.243367 0.665184
vt 0.243860 0.685028
vt 0.243714 0.684964
vt 0.243368 0.666318
vt 0.243372 0.667794
vt 0.243376 0.669023
vt 0.243384 0.670479
vt 0.243396 0.672087
vt 0.243412 0.673771
vt 0.243428 0.675455
vt 0.243444 0.677065
vt 0.243459 0.678525
vt 0.243471 0.679760
vt 0.243480 0.680694
vt 0.243486 0.681252
vt 0.242864 0.684624
vt 0.243363 0.666867
vt 0.242662 0.680984
vt 0.241971 0.684242
vt 0.241792 0.680646
vt 0.241045 0.683818
vt 0.240886 0.680247
vt 0.240091 0.683358
vt 0.239954 0.679792
vt 0.239119 0.682862
vt 0.239006 0.679289
vt 0.238135 0.682334
vt 0.238052 0.678745
vt 0.237148 0.681777
vt 0.237102 0.678166
vt 0.236165 0.681192
vt 0.236167 0.677560
vt 0.235257 0.676934
vt 0.235194 0.680584
vt 0.234382 0.676294
vt 0.234243 0.679955
vt 0.233552 0.675647
vt 0.233319 0.679306
vt 0.232778 0.675001
vt 0.232431 0.678642
vt 0.231665 0.673991
vt 0.231550 0.679668
vt 0.230553 0.672913
vt 0.230617 0.680712
vt 0.229450 0.671772
vt 0.230037 0.676636
vt 0.229644 0.681763
vt 0.228930 0.675601
vt 0.229156 0.677624
vt 0.228644 0.682813
vt 0.228364 0.670571
vt 0.228241 0.678612
vt 0.227837 0.674523
vt 0.227629 0.683850
vt 0.227303 0.669316
vt 0.227298 0.679596
vt 0.226761 0.673404
vt 0.226609 0.684865
vt 0.226275 0.668009
vt 0.226336 0.680569
vt 0.225707 0.672246
vt 0.225599 0.685849
vt 0.225288 0.666656
vt 0.225360 0.681526
vt 0.224682 0.671050
vt 0.224609 0.686790
vt 0.224350 0.665261
vt 0.224379 0.682460
vt 0.223689 0.669820
vt 0.223651 0.687679
vt 0.223469 0.663827
vt 0.223399 0.683367
vt 0.222734 0.668557
vt 0.222654 0.662359
vt 0.222738 0.688507
vt 0.222428 0.684240
vt 0.221823 0.667263
vt 0.221911 0.660861
vt 0.221881 0.689262
vt 0.221472 0.685073
vt 0.221249 0.659337
vt 0.220959 0.665940
vt 0.221093 0.689936
vt 0.218708 0.661813
vt 0.220539 0.685862
vt 0.220149 0.664589
vt 0.219635 0.686599
vt 0.218769 0.687279
vt 0.219397 0.663213
vt 0.198222 0.633844
vt 0.198525 0.633861
vt 0.197887 0.638554
vt 0.197920 0.633824
vt 0.197613 0.633800
vt 0.197299 0.633771
vt 0.197589 0.638455
vt 0.196972 0.633736
vt 0.197286 0.638355
vt 0.196976 0.638252
vt 0.196630 0.633695
vt 0.196657 0.638148
vt 0.196267 0.633646
vt 0.196327 0.638042
vt 0.195881 0.633589
vt 0.195982 0.637934
vt 0.195467 0.633522
vt 0.195620 0.637825
vt 0.195022 0.633446
vt 0.195239 0.637713
vt 0.194541 0.633358
vt 0.194837 0.637600
vt 0.194412 0.637484
vt 0.194020 0.633259
vt 0.193959 0.637367
vt 0.192657 0.632950
vt 0.193478 0.637248
vt 0.192169 0.636927
vt 0.190922 0.632540
vt 0.190504 0.636513
vt 0.188881 0.632044
vt 0.188547 0.636020
vt 0.186602 0.631478
vt 0.186362 0.635462
vt 0.184150 0.630857
vt 0.184013 0.634857
vt 0.181592 0.630197
vt 0.181564 0.634217
vt 0.181118 0.644953
vt 0.182911 0.648331
vt 0.181682 0.649267
vt 0.178993 0.629511
vt 0.179079 0.633560
vt 0.180298 0.650270
vt 0.180561 0.645425
vt 0.179951 0.645915
vt 0.178791 0.651321
vt 0.176420 0.628816
vt 0.179294 0.646418
vt 0.176621 0.632900
vt 0.178593 0.646934
vt 0.177853 0.647459
vt 0.177190 0.652400
vt 0.177079 0.647991
vt 0.173939 0.628127
vt 0.174256 0.632252
vt 0.176276 0.648528
vt 0.175527 0.653489
vt 0.175447 0.649068
vt 0.174597 0.649607
vt 0.172047 0.631632
vt 0.173832 0.654569
vt 0.171616 0.627460
vt 0.173731 0.650144
vt 0.172854 0.650676
vt 0.172135 0.655621
vt 0.170057 0.631055
vt 0.169519 0.626828
vt 0.171970 0.651201
vt 0.171706 0.649862
vt 0.170466 0.656625
vt 0.171424 0.648386
vt 0.171128 0.646792
vt 0.170820 0.645102
vt 0.168352 0.630535
vt 0.170504 0.643335
vt 0.167712 0.626248
vt 0.170184 0.641512
vt 0.169862 0.639654
vt 0.169542 0.637780
vt 0.169228 0.635911
vt 0.168922 0.634067
vt 0.168857 0.657565
vt 0.168629 0.632268
vt 0.167428 0.623940
vt 0.167379 0.623600
vt 0.167330 0.623253
vt 0.167279 0.622899
vt 0.167228 0.622540
vt 0.167175 0.622176
vt 0.162674 0.620624
vt 0.166937 0.619641
vt 0.166950 0.619993
vt 0.167122 0.621811
vt 0.166968 0.620351
vt 0.167068 0.621445
vt 0.166989 0.620713
vt 0.167014 0.621079
vt 0.163027 0.622274
vt 0.163096 0.622597
vt 0.163163 0.622916
vt 0.163227 0.623231
vt 0.163287 0.623541
vt 0.163343 0.623846
vt 0.168562 0.653090
vt 0.168185 0.651158
vt 0.168017 0.653392
vt 0.167345 0.658431
vt 0.167755 0.648941
vt 0.167286 0.646500
vt 0.167477 0.653685
vt 0.166791 0.643895
vt 0.166283 0.641187
vt 0.166945 0.653970
vt 0.163495 0.624842
vt 0.165794 0.638549
vt 0.165952 0.659193
vt 0.166421 0.654245
vt 0.165316 0.635928
vt 0.164862 0.633382
vt 0.165908 0.654511
vt 0.164445 0.630971
vt 0.164076 0.628751
vt 0.165404 0.654767
vt 0.163766 0.626783
vt 0.164708 0.659832
vt 0.163530 0.625123
vt 0.164913 0.655012
vt 0.162953 0.621948
vt 0.162879 0.621620
vt 0.162807 0.621290
vt 0.162738 0.620958
vt 0.164435 0.655246
vt 0.163971 0.655468
vt 0.163522 0.655679
vt 0.163089 0.655878
vt 0.162674 0.656065
vt 0.077654 0.735694
vt 0.082258 0.735697
vt 0.082234 0.736071
vt 0.082210 0.772715
vt 0.082234 0.772984
vt 0.077690 0.772984
vt 0.082208 0.736488
vt 0.082184 0.772420
vt 0.082181 0.736942
vt 0.082158 0.772097
vt 0.082154 0.737432
vt 0.082132 0.771747
vt 0.082128 0.737954
vt 0.082107 0.771370
vt 0.082104 0.738504
vt 0.082083 0.770967
vt 0.082081 0.739080
vt 0.082061 0.770536
vt 0.082061 0.739679
vt 0.082041 0.770078
vt 0.082044 0.740296
vt 0.082025 0.769593
vt 0.082031 0.740928
vt 0.082013 0.769081
vt 0.082022 0.741574
vt 0.082005 0.768542
vt 0.082019 0.742228
vt 0.082002 0.767976
vt 0.082018 0.743398
vt 0.082017 0.745101
vt 0.082016 0.747229
vt 0.082014 0.749676
vt 0.082012 0.752336
vt 0.082010 0.755102
vt 0.082009 0.757868
vt 0.082007 0.760528
vt 0.082005 0.762975
vt 0.082004 0.765103
vt 0.082003 0.766805
vt 0.077715 0.736393
vt 0.077755 0.736919
vt 0.077784 0.737374
vt 0.077811 0.737862
vt 0.077836 0.738380
vt 0.077858 0.738925
vt 0.077876 0.739492
vt 0.077892 0.740080
vt 0.077905 0.740684
vt 0.077914 0.741302
vt 0.077919 0.741930
vt 0.077921 0.742565
vt 0.077921 0.743730
vt 0.077921 0.745417
vt 0.077921 0.747521
vt 0.077921 0.752563
vt 0.077921 0.760649
vt 0.077921 0.766857
vt 0.077921 0.768022
vt 0.077918 0.768540
vt 0.077907 0.769050
vt 0.077892 0.769547
vt 0.077872 0.770030
vt 0.077848 0.770494
vt 0.077823 0.770938
vt 0.077796 0.771357
vt 0.077899 0.749938
vt 0.077890 0.755293
vt 0.077883 0.758024
vt 0.077896 0.763066
vt 0.077894 0.765170
vt 0.077765 0.771749
vt 0.077739 0.772110
vt 0.077717 0.772439
vt 0.077700 0.772731
vt 0.081516 0.612546
vt 0.084193 0.612910
vt 0.084227 0.613463
vt 0.084257 0.614062
vt 0.084282 0.614695
vt 0.081574 0.613109
vt 0.084303 0.615354
vt 0.081619 0.613702
vt 0.078911 0.620897
vt 0.081592 0.621224
vt 0.081629 0.621760
vt 0.081650 0.614320
vt 0.084319 0.616029
vt 0.081661 0.622341
vt 0.081669 0.614957
vt 0.084330 0.616711
vt 0.274281 0.864982
vt 0.274089 0.864745
vt 0.277946 0.862257
vt 0.081688 0.622959
vt 0.078953 0.621460
vt 0.274471 0.865225
vt 0.081677 0.615607
vt 0.084334 0.617388
vt 0.081709 0.623604
vt 0.274658 0.865474
vt 0.078986 0.622060
vt 0.278057 0.862525
vt 0.081675 0.616264
vt 0.274843 0.865729
vt 0.084333 0.618053
vt 0.081725 0.624267
vt 0.278172 0.862798
vt 0.079010 0.622688
vt 0.275024 0.865988
vt 0.278290 0.863075
vt 0.081665 0.616923
vt 0.275201 0.866252
vt 0.084325 0.618695
vt 0.081735 0.624940
vt 0.278409 0.863353
vt 0.079026 0.623338
vt 0.275375 0.866520
vt 0.278529 0.863631
vt 0.081646 0.617578
vt 0.084310 0.619303
vt 0.275544 0.866792
vt 0.079034 0.624001
vt 0.081739 0.625614
vt 0.278649 0.863908
vt 0.275707 0.867066
vt 0.278768 0.864181
vt 0.081621 0.618222
vt 0.084287 0.619870
vt 0.275866 0.867344
vt 0.079034 0.624669
vt 0.278887 0.864449
vt 0.081737 0.626280
vt 0.276018 0.867623
vt 0.279003 0.864711
vt 0.081590 0.618850
vt 0.084257 0.620384
vt 0.279116 0.864963
vt 0.079028 0.625336
vt 0.276164 0.867904
vt 0.081727 0.626930
vt 0.081555 0.619457
vt 0.081516 0.620036
vt 0.279225 0.865205
vt 0.276388 0.868332
vt 0.279330 0.865436
vt 0.079015 0.625994
vt 0.081711 0.627553
vt 0.279483 0.865765
vt 0.276618 0.868784
vt 0.279642 0.866106
vt 0.081687 0.628143
vt 0.078996 0.626635
vt 0.276850 0.869260
vt 0.279805 0.866458
vt 0.081656 0.628689
vt 0.078972 0.627251
vt 0.277084 0.869758
vt 0.279972 0.866821
vt 0.078944 0.627835
vt 0.078911 0.628379
vt 0.280141 0.867194
vt 0.277318 0.870277
vt 0.280312 0.867577
vt 0.277549 0.870816
vt 0.280483 0.867968
vt 0.280654 0.868368
vt 0.277777 0.871374
vt 0.280823 0.868775
vt 0.277999 0.871948
vt 0.280990 0.869190
vt 0.278214 0.872538
vt 0.281153 0.869611
vt 0.281312 0.870038
vt 0.278420 0.873143
vt 0.299864 0.851915
vt 0.300083 0.851643
vt 0.302853 0.854519
vt 0.299629 0.852194
vt 0.299380 0.852479
vt 0.299123 0.852765
vt 0.298860 0.853052
vt 0.298594 0.853334
vt 0.298329 0.853611
vt 0.298068 0.853879
vt 0.297815 0.854135
vt 0.297572 0.854377
vt 0.297344 0.854601
vt 0.297134 0.854805
vt 0.278616 0.873761
vt 0.278799 0.874391
vt 0.278998 0.875233
vt 0.302316 0.855042
vt 0.302589 0.854777
vt 0.279191 0.876168
vt 0.300950 0.856416
vt 0.301218 0.856147
vt 0.301492 0.855873
vt 0.301769 0.855596
vt 0.302044 0.855318
vt 0.279372 0.877179
vt 0.282603 0.873874
vt 0.291283 0.865684
vt 0.294087 0.863039
vt 0.299828 0.857622
vt 0.300019 0.857413
vt 0.300229 0.857185
vt 0.300457 0.856941
vt 0.300698 0.856684
vt 0.282853 0.874854
vt 0.293036 0.867923
vt 0.296085 0.865562
vt 0.279539 0.878253
vt 0.283083 0.875883
vt 0.279686 0.879373
vt 0.283291 0.876949
vt 0.279806 0.880527
vt 0.283475 0.878041
vt 0.294515 0.870108
vt 0.279895 0.881699
vt 0.297802 0.868048
vt 0.283632 0.879148
vt 0.279946 0.882874
vt 0.283760 0.880260
vt 0.279953 0.884039
vt 0.295737 0.872237
vt 0.283858 0.881365
vt 0.279910 0.885178
vt 0.299248 0.870501
vt 0.283923 0.882451
vt 0.279811 0.886277
vt 0.279650 0.887322
vt 0.283954 0.883508
vt 0.283816 0.886392
vt 0.296724 0.874305
vt 0.283947 0.884525
vt 0.283902 0.885490
vt 0.300434 0.872924
vt 0.297494 0.876309
vt 0.301371 0.875320
vt 0.298067 0.878245
vt 0.298462 0.880109
vt 0.302070 0.877692
vt 0.298698 0.881898
vt 0.302543 0.880044
vt 0.298796 0.883609
vt 0.302800 0.882379
vt 0.298773 0.885236
vt 0.298650 0.886778
vt 0.302853 0.884700
vt 0.298446 0.888230
vt 0.298398 0.888561
vt 0.298337 0.888900
vt 0.298265 0.889246
vt 0.302712 0.887011
vt 0.298181 0.889595
vt 0.298088 0.889948
vt 0.297983 0.890302
vt 0.297870 0.890656
vt 0.297747 0.891007
vt 0.297616 0.891356
vt 0.297477 0.891699
vt 0.297330 0.892036
vt 0.297176 0.892364
vt 0.302390 0.889315
vt 0.301896 0.891615
vt 0.099037 0.926621
vt 0.099037 0.894732
vt 0.103619 0.898847
vt 0.117133 0.894732
vt 0.117133 0.898847
vt 0.103619 0.908479
vt 0.103619 0.912594
vt 0.116665 0.908479
vt 0.116665 0.912594
vt 0.103619 0.922507
vt 0.117553 0.922507
vt 0.117553 0.926621
vt 0.236530 0.883621
vt 0.239007 0.883509
vt 0.239826 0.883536
vt 0.240651 0.883598
vt 0.241483 0.883695
vt 0.234182 0.884015
vt 0.242327 0.883827
vt 0.243187 0.883996
vt 0.244065 0.884202
vt 0.231979 0.884676
vt 0.244964 0.884447
vt 0.245889 0.884730
vt 0.246843 0.885054
vt 0.229936 0.885589
vt 0.247829 0.885418
vt 0.248850 0.885825
vt 0.249910 0.886274
vt 0.228070 0.886738
vt 0.240726 0.887826
vt 0.241623 0.887948
vt 0.242516 0.888115
vt 0.243406 0.888328
vt 0.244298 0.888588
vt 0.245194 0.888896
vt 0.246097 0.889253
vt 0.247010 0.889659
vt 0.247938 0.890115
vt 0.248881 0.890622
vt 0.249844 0.891182
vt 0.226395 0.888106
vt 0.238902 0.887728
vt 0.239819 0.887763
vt 0.237119 0.887809
vt 0.235422 0.888095
vt 0.233826 0.888575
vt 0.224929 0.889679
vt 0.232341 0.889238
vt 0.230982 0.890072
vt 0.223687 0.891443
vt 0.229759 0.891066
vt 0.228687 0.892208
vt 0.222685 0.893381
vt 0.227776 0.893488
vt 0.221939 0.895480
vt 0.227041 0.894892
vt 0.226493 0.896410
vt 0.221466 0.897722
vt 0.226144 0.898031
vt 0.221280 0.900094
vt 0.226008 0.899742
vt 0.226090 0.901485
vt 0.221365 0.901812
vt 0.226382 0.903129
vt 0.221672 0.903599
vt 0.226874 0.904665
vt 0.222207 0.905412
vt 0.227556 0.906084
vt 0.222977 0.907212
vt 0.228420 0.907376
vt 0.223986 0.908957
vt 0.229456 0.908531
vt 0.248996 0.909152
vt 0.249910 0.908604
vt 0.249837 0.913606
vt 0.230653 0.909539
vt 0.248070 0.909655
vt 0.225240 0.910608
vt 0.247137 0.910112
vt 0.232002 0.910391
vt 0.246197 0.910522
vt 0.245253 0.910884
vt 0.233495 0.911076
vt 0.244308 0.911198
vt 0.226746 0.912123
vt 0.243364 0.911464
vt 0.235120 0.911586
vt 0.242422 0.911680
vt 0.241486 0.911846
vt 0.236869 0.911911
vt 0.240557 0.911962
vt 0.239638 0.912027
vt 0.238732 0.912040
vt 0.228509 0.913462
vt 0.249041 0.913993
vt 0.230535 0.914583
vt 0.248230 0.914358
vt 0.247398 0.914699
vt 0.246541 0.915012
vt 0.232830 0.915448
vt 0.245655 0.915296
vt 0.244735 0.915547
vt 0.243776 0.915764
vt 0.235399 0.916014
vt 0.242775 0.915944
vt 0.241726 0.916084
vt 0.240625 0.916181
vt 0.238249 0.916241
vt 0.239468 0.916235
vt 0.361505 0.627756
vt 0.347805 0.659832
vt 0.344579 0.659832
vt 0.346262 0.652818
vt 0.330317 0.627756
vt 0.351031 0.641269
vt 0.341119 0.641269
vt 0.352808 0.637154
vt 0.339248 0.637154
vt 0.356829 0.627756
vt 0.334993 0.627756
vt 0.354894 0.676441
vt 0.354894 0.644552
vt 0.359476 0.648667
vt 0.364853 0.644552
vt 0.366516 0.644636
vt 0.368023 0.644880
vt 0.369377 0.645274
vt 0.370579 0.645805
vt 0.371632 0.646464
vt 0.372538 0.647240
vt 0.373299 0.648120
vt 0.364853 0.648667
vt 0.373916 0.649095
vt 0.359476 0.658533
vt 0.365834 0.648723
vt 0.366699 0.648869
vt 0.367456 0.649101
vt 0.374393 0.650153
vt 0.368108 0.649411
vt 0.368663 0.649788
vt 0.369125 0.650223
vt 0.374732 0.651283
vt 0.369501 0.650708
vt 0.369795 0.651231
vt 0.370015 0.651785
vt 0.374934 0.652474
vt 0.370164 0.652359
vt 0.370250 0.652944
vt 0.375000 0.653716
vt 0.370277 0.653530
vt 0.370232 0.654297
vt 0.374930 0.654943
vt 0.370099 0.655005
vt 0.374717 0.656115
vt 0.369881 0.655653
vt 0.369581 0.656240
vt 0.374359 0.657223
vt 0.369204 0.656764
vt 0.368752 0.657224
vt 0.373854 0.658256
vt 0.368229 0.657617
vt 0.367638 0.657943
vt 0.366983 0.658198
vt 0.366267 0.658383
vt 0.373200 0.659204
vt 0.365494 0.658495
vt 0.364667 0.658533
vt 0.359476 0.662648
vt 0.372394 0.660058
vt 0.371434 0.660808
vt 0.370318 0.661444
vt 0.369043 0.661956
vt 0.367608 0.662334
vt 0.366009 0.662568
vt 0.364246 0.662648
vt 0.359476 0.676441
vt 0.356600 0.873190
vt 0.358018 0.873134
vt 0.358626 0.873155
vt 0.359233 0.873207
vt 0.359838 0.873290
vt 0.355270 0.873380
vt 0.360441 0.873404
vt 0.361041 0.873549
vt 0.354036 0.873700
vt 0.361637 0.873726
vt 0.362230 0.873933
vt 0.352903 0.874143
vt 0.362817 0.874172
vt 0.363399 0.874442
vt 0.351878 0.874706
vt 0.363975 0.874743
vt 0.364544 0.875075
vt 0.350968 0.875382
vt 0.365106 0.875439
vt 0.359900 0.877554
vt 0.360510 0.877737
vt 0.361133 0.877971
vt 0.361768 0.878258
vt 0.362412 0.878602
vt 0.363065 0.879008
vt 0.363725 0.879478
vt 0.364391 0.880017
vt 0.365062 0.880628
vt 0.350178 0.876168
vt 0.358721 0.877324
vt 0.359302 0.877419
vt 0.349516 0.877058
vt 0.357609 0.877247
vt 0.358156 0.877268
vt 0.348987 0.878047
vt 0.356890 0.877272
vt 0.356211 0.877359
vt 0.355575 0.877505
vt 0.354986 0.877707
vt 0.354450 0.877962
vt 0.353970 0.878267
vt 0.348598 0.879131
vt 0.353551 0.878619
vt 0.353198 0.879016
vt 0.352914 0.879454
vt 0.348356 0.880303
vt 0.352705 0.879931
vt 0.352574 0.880444
vt 0.348266 0.881560
vt 0.352526 0.880990
vt 0.352785 0.882403
vt 0.348519 0.883590
vt 0.353525 0.883619
vt 0.354649 0.884694
vt 0.349254 0.885339
vt 0.356061 0.885683
vt 0.350375 0.886854
vt 0.357665 0.886643
vt 0.359365 0.887631
vt 0.351784 0.888182
vt 0.361063 0.888703
vt 0.353386 0.889372
vt 0.362665 0.889915
vt 0.355085 0.890469
vt 0.364074 0.891323
vt 0.356784 0.891522
vt 0.365193 0.892984
vt 0.358387 0.892577
vt 0.359798 0.893682
vt 0.365926 0.894953
vt 0.360921 0.894883
vt 0.361659 0.896229
vt 0.366177 0.897288
vt 0.361917 0.897765
vt 0.348266 0.902836
vt 0.348317 0.897038
vt 0.348907 0.897763
vt 0.366088 0.898509
vt 0.361879 0.898217
vt 0.349522 0.898430
vt 0.361772 0.898679
vt 0.365851 0.899664
vt 0.350160 0.899040
vt 0.361594 0.899140
vt 0.350819 0.899590
vt 0.361345 0.899593
vt 0.361025 0.900026
vt 0.365474 0.900745
vt 0.351499 0.900080
vt 0.360631 0.900431
vt 0.352197 0.900509
vt 0.360164 0.900798
vt 0.352912 0.900875
vt 0.364965 0.901744
vt 0.359623 0.901119
vt 0.353642 0.901179
vt 0.359005 0.901383
vt 0.354387 0.901418
vt 0.358312 0.901580
vt 0.355145 0.901592
vt 0.357541 0.901703
vt 0.355913 0.901700
vt 0.364333 0.902654
vt 0.356692 0.901741
vt 0.363586 0.903467
vt 0.348931 0.903322
vt 0.349604 0.903764
vt 0.362732 0.904175
vt 0.350288 0.904162
vt 0.361781 0.904769
vt 0.350982 0.904517
vt 0.351690 0.904829
vt 0.360741 0.905243
vt 0.352413 0.905099
vt 0.353153 0.905327
vt 0.359620 0.905588
vt 0.353912 0.905514
vt 0.354692 0.905660
vt 0.358427 0.905796
vt 0.355493 0.905766
vt 0.356319 0.905833
vt 0.357170 0.905860
vt 0.213014 0.892675
vt 0.213175 0.892722
vt 0.227829 0.885369
vt 0.226594 0.885848
vt 0.213335 0.892772
vt 0.229062 0.884856
vt 0.213494 0.892827
vt 0.230293 0.884311
vt 0.213653 0.892886
vt 0.231522 0.883736
vt 0.213813 0.892949
vt 0.232748 0.883132
vt 0.213974 0.893015
vt 0.233971 0.882501
vt 0.214136 0.893086
vt 0.235189 0.881843
vt 0.214300 0.893160
vt 0.236403 0.881161
vt 0.214466 0.893238
vt 0.237613 0.880454
vt 0.214633 0.893320
vt 0.238818 0.879724
vt 0.214803 0.893405
vt 0.240018 0.878972
vt 0.214963 0.893432
vt 0.241152 0.878091
vt 0.215122 0.893469
vt 0.242282 0.877188
vt 0.215281 0.893515
vt 0.243409 0.876264
vt 0.215441 0.893570
vt 0.244531 0.875322
vt 0.215601 0.893632
vt 0.245650 0.874363
vt 0.215761 0.893701
vt 0.246765 0.873385
vt 0.215920 0.893776
vt 0.247874 0.872390
vt 0.216077 0.893853
vt 0.248976 0.871374
vt 0.216229 0.893932
vt 0.250067 0.870334
vt 0.216374 0.894009
vt 0.251144 0.869266
vt 0.216508 0.894079
vt 0.252201 0.868160
vt 0.216626 0.894139
vt 0.253231 0.867010
vt 0.216387 0.893680
vt 0.253713 0.865107
vt 0.216045 0.893302
vt 0.254156 0.863133
vt 0.215556 0.892920
vt 0.254459 0.860966
vt 0.214910 0.892502
vt 0.254582 0.858565
vt 0.214116 0.892043
vt 0.254523 0.855938
vt 0.213192 0.891560
vt 0.254303 0.853118
vt 0.212368 0.891367
vt 0.253950 0.850145
vt 0.211441 0.891265
vt 0.253491 0.847056
vt 0.210430 0.891250
vt 0.252932 0.843863
vt 0.209325 0.891284
vt 0.252239 0.840541
vt 0.207993 0.891137
vt 0.251303 0.837003
vt 0.206135 0.891293
vt 0.249923 0.833102
vt 0.205135 0.891993
vt 0.249808 0.830143
vt 0.204192 0.892796
vt 0.249659 0.827152
vt 0.203213 0.893671
vt 0.249463 0.824122
vt 0.202254 0.894623
vt 0.249209 0.821044
vt 0.201316 0.895650
vt 0.248880 0.817909
vt 0.200397 0.896755
vt 0.248462 0.814710
vt 0.199496 0.897945
vt 0.247937 0.811436
vt 0.198610 0.899232
vt 0.247285 0.808078
vt 0.197739 0.900633
vt 0.246483 0.804627
vt 0.196910 0.902187
vt 0.245506 0.801070
vt 0.196114 0.903921
vt 0.244325 0.797398
vt 0.195375 0.905892
vt 0.242907 0.793596
vt 0.195250 0.908007
vt 0.242349 0.790139
vt 0.195349 0.910242
vt 0.241756 0.786650
vt 0.195694 0.912607
vt 0.241121 0.783126
vt 0.197154 0.911940
vt 0.238393 0.785714
vt 0.198412 0.911230
vt 0.235807 0.788331
vt 0.199505 0.910479
vt 0.233348 0.790968
vt 0.200467 0.909694
vt 0.231001 0.793622
vt 0.201318 0.908872
vt 0.228754 0.796287
vt 0.202077 0.908005
vt 0.226596 0.798960
vt 0.202760 0.907086
vt 0.224517 0.801636
vt 0.203379 0.906096
vt 0.222509 0.804314
vt 0.203953 0.905018
vt 0.220565 0.806992
vt 0.195317 0.903078
vt 0.208614 0.807925
vt 0.196105 0.903785
vt 0.206929 0.810218
vt 0.196911 0.904542
vt 0.205397 0.812508
vt 0.197737 0.905326
vt 0.204009 0.814790
vt 0.198305 0.905771
vt 0.202755 0.817063
vt 0.198698 0.906185
vt 0.201627 0.819322
vt 0.198968 0.906539
vt 0.200614 0.821565
vt 0.199164 0.906811
vt 0.199709 0.823792
vt 0.199321 0.906970
vt 0.198901 0.825999
vt 0.199488 0.906979
vt 0.198183 0.828186
vt 0.199700 0.906781
vt 0.197544 0.830352
vt 0.200023 0.906309
vt 0.196978 0.832496
vt 0.200432 0.905627
vt 0.196475 0.834616
vt 0.200882 0.904775
vt 0.195938 0.836718
vt 0.201459 0.903852
vt 0.195570 0.838787
vt 0.202111 0.902891
vt 0.195349 0.840824
vt 0.202799 0.901896
vt 0.195250 0.842831
vt 0.203501 0.900905
vt 0.195258 0.844809
vt 0.204203 0.899926
vt 0.195355 0.846761
vt 0.204892 0.898963
vt 0.195532 0.848688
vt 0.205560 0.898017
vt 0.195779 0.850590
vt 0.206200 0.897090
vt 0.196090 0.852470
vt 0.206807 0.896179
vt 0.196459 0.854326
vt 0.207382 0.895289
vt 0.196883 0.856161
vt 0.207919 0.894392
vt 0.197357 0.857975
vt 0.208432 0.893562
vt 0.197045 0.860002
vt 0.208830 0.893026
vt 0.196856 0.861967
vt 0.208983 0.892650
vt 0.196700 0.863899
vt 0.208949 0.892398
vt 0.196560 0.865804
vt 0.208827 0.892242
vt 0.196459 0.867669
vt 0.208678 0.892157
vt 0.196427 0.869473
vt 0.208539 0.892124
vt 0.196490 0.871199
vt 0.208429 0.892130
vt 0.196664 0.872831
vt 0.208356 0.892163
vt 0.196954 0.874360
vt 0.208320 0.892223
vt 0.197347 0.875788
vt 0.208310 0.892316
vt 0.197811 0.877131
vt 0.208306 0.892460
vt 0.198301 0.878414
vt 0.208436 0.892506
vt 0.199083 0.879448
vt 0.208582 0.892549
vt 0.199922 0.880409
vt 0.208741 0.892590
vt 0.200808 0.881302
vt 0.208909 0.892630
vt 0.201734 0.882133
vt 0.209084 0.892668
vt 0.202693 0.882905
vt 0.209263 0.892706
vt 0.203679 0.883621
vt 0.209445 0.892745
vt 0.204688 0.884281
vt 0.209630 0.892784
vt 0.205716 0.884883
vt 0.209815 0.892825
vt 0.206760 0.885427
vt 0.210001 0.892866
vt 0.207817 0.885908
vt 0.210187 0.892907
vt 0.208887 0.886322
vt 0.210373 0.892949
vt 0.209965 0.886663
vt 0.210592 0.893015
vt 0.211165 0.886941
vt 0.210813 0.893080
vt 0.212373 0.887186
vt 0.211034 0.893142
vt 0.213586 0.887397
vt 0.211255 0.893203
vt 0.214805 0.887575
vt 0.211477 0.893261
vt 0.216029 0.887717
vt 0.211699 0.893316
vt 0.217257 0.887826
vt 0.211921 0.893368
vt 0.218489 0.887898
vt 0.212143 0.893418
vt 0.219725 0.887934
vt 0.212365 0.893464
vt 0.220962 0.887934
vt 0.212586 0.893506
vt 0.222202 0.887895
vt 0.212806 0.893544
vt 0.223442 0.887818
vt 0.213025 0.893577
vt 0.224683 0.887701
vt 0.212850 0.892631
vt 0.225359 0.886290
vt 0.403053 0.898161
vt 0.403077 0.903331
vt 0.407415 0.826474
vt 0.405430 0.835160
vt 0.403388 0.908530
vt 0.409047 0.817533
vt 0.403973 0.913761
vt 0.410346 0.808366
vt 0.404818 0.919024
vt 0.411310 0.798988
vt 0.405903 0.924316
vt 0.411918 0.789415
vt 0.407207 0.929636
vt 0.412129 0.779653
vt 0.408711 0.934987
vt 0.411889 0.769709
vt 0.410398 0.940379
vt 0.411133 0.759586
vt 0.412265 0.945826
vt 0.409794 0.749289
vt 0.414027 0.941683
vt 0.408525 0.757644
vt 0.415629 0.937612
vt 0.407544 0.765810
vt 0.417111 0.933661
vt 0.407029 0.773772
vt 0.418483 0.929823
vt 0.407037 0.781525
vt 0.419727 0.926062
vt 0.407502 0.789071
vt 0.420851 0.922362
vt 0.408361 0.796413
vt 0.421848 0.918703
vt 0.409555 0.803553
vt 0.422760 0.915103
vt 0.411030 0.810489
vt 0.423420 0.911460
vt 0.412741 0.817219
vt 0.423831 0.907759
vt 0.414658 0.823731
vt 0.423975 0.903968
vt 0.416764 0.830011
vt 0.423833 0.900050
vt 0.419057 0.836037
vt 0.423388 0.895951
vt 0.421551 0.841776
vt 0.422996 0.892325
vt 0.424270 0.847193
vt 0.421677 0.886995
vt 0.424829 0.851881
vt 0.420888 0.884187
vt 0.420413 0.854133
vt 0.421500 0.882816
vt 0.422207 0.854458
vt 0.406917 0.885021
vt 0.407398 0.850807
vt 0.403325 0.893011
vt 0.403053 0.843559
vt 0.206046 0.680346
vt 0.206244 0.680975
vt 0.199815 0.626654
vt 0.199018 0.626945
vt 0.206480 0.681578
vt 0.200652 0.626297
vt 0.206757 0.682157
vt 0.201522 0.625878
vt 0.207075 0.682713
vt 0.202420 0.625400
vt 0.207435 0.683247
vt 0.203336 0.624868
vt 0.207833 0.683762
vt 0.204259 0.624285
vt 0.208266 0.684259
vt 0.205177 0.623652
vt 0.208729 0.684741
vt 0.206074 0.622971
vt 0.209218 0.685211
vt 0.206933 0.622243
vt 0.209726 0.685672
vt 0.207735 0.621466
vt 0.210250 0.686129
vt 0.208462 0.620638
vt 0.210788 0.686592
vt 0.209095 0.619758
vt 0.211379 0.687035
vt 0.209959 0.618821
vt 0.211991 0.687472
vt 0.210792 0.617841
vt 0.212623 0.687899
vt 0.211597 0.616818
vt 0.213276 0.688311
vt 0.212372 0.615752
vt 0.213946 0.688705
vt 0.213110 0.614644
vt 0.214625 0.689075
vt 0.213799 0.613491
vt 0.215304 0.689417
vt 0.214421 0.612295
vt 0.215905 0.687832
vt 0.215039 0.614550
vt 0.216399 0.686182
vt 0.215643 0.616755
vt 0.216781 0.684464
vt 0.216215 0.618905
vt 0.217048 0.682683
vt 0.216740 0.620995
vt 0.217210 0.680865
vt 0.217210 0.623018
vt 0.215266 0.677766
vt 0.212513 0.624805
vt 0.207759 0.677793
vt 0.203153 0.626354
vt 0.399756 0.843439
vt 0.402510 0.868311
vt 0.401556 0.787183
vt 0.397952 0.791428
vt 0.385409 0.900657
vt 0.397671 0.775197
vt 0.357795 0.938041
vt 0.401903 0.755690
vt 0.369444 0.887791
vt 0.402510 0.788395
vt 0.354398 0.838197
vt 0.385424 0.798330
vt 0.374450 0.827630
vt 0.389940 0.802953
vt 0.384204 0.824786
vt 0.390539 0.793333
vt 0.426905 0.790900
vt 0.422745 0.811393
vt 0.418119 0.612635
vt 0.419042 0.626998
vt 0.418119 0.791149
vt 0.418312 0.626845
vt 0.312846 0.734197
vt 0.313104 0.733913
vt 0.315909 0.731317
vt 0.314285 0.732545
vt 0.313321 0.733573
vt 0.317480 0.730018
vt 0.313534 0.733242
vt 0.319000 0.728651
vt 0.313743 0.732919
vt 0.320468 0.727220
vt 0.313948 0.732603
vt 0.321885 0.725729
vt 0.314141 0.732295
vt 0.323250 0.724179
vt 0.314328 0.731992
vt 0.324562 0.722573
vt 0.314511 0.731694
vt 0.325820 0.720912
vt 0.314690 0.731404
vt 0.327021 0.719195
vt 0.314865 0.731118
vt 0.328163 0.717422
vt 0.315031 0.730834
vt 0.329243 0.715594
vt 0.315077 0.730285
vt 0.329948 0.713423
vt 0.315103 0.729771
vt 0.330553 0.711177
vt 0.315107 0.729300
vt 0.331054 0.708860
vt 0.315088 0.728869
vt 0.331447 0.706474
vt 0.315044 0.728476
vt 0.331727 0.704023
vt 0.314974 0.728122
vt 0.331887 0.701508
vt 0.314875 0.727805
vt 0.331920 0.698929
vt 0.314743 0.727524
vt 0.331813 0.696287
vt 0.314575 0.727281
vt 0.331555 0.693580
vt 0.314364 0.727076
vt 0.331128 0.690807
vt 0.314103 0.726912
vt 0.330512 0.687967
vt 0.313784 0.726791
vt 0.329681 0.685056
vt 0.313424 0.726729
vt 0.328653 0.682090
vt 0.313089 0.726753
vt 0.327519 0.679108
vt 0.312774 0.726858
vt 0.326268 0.676111
vt 0.312472 0.727040
vt 0.324886 0.673096
vt 0.312175 0.727297
vt 0.323352 0.670064
vt 0.311877 0.727629
vt 0.321646 0.667013
vt 0.311567 0.728039
vt 0.319738 0.663946
vt 0.311236 0.728534
vt 0.317599 0.660863
vt 0.310875 0.729121
vt 0.315195 0.657769
vt 0.310474 0.729812
vt 0.312486 0.654670
vt 0.310023 0.730625
vt 0.309432 0.651573
vt 0.309516 0.731582
vt 0.305984 0.648490
vt 0.309908 0.732499
vt 0.304054 0.645350
vt 0.310304 0.733446
vt 0.301969 0.642224
vt 0.310703 0.734425
vt 0.299726 0.639114
vt 0.311109 0.735440
vt 0.297317 0.636024
vt 0.311522 0.736495
vt 0.294739 0.632957
vt 0.311948 0.737593
vt 0.291986 0.629917
vt 0.312388 0.738737
vt 0.289052 0.626907
vt 0.312849 0.739933
vt 0.285933 0.623931
vt 0.313337 0.741184
vt 0.282624 0.620993
vt 0.313857 0.742494
vt 0.279120 0.618098
vt 0.314419 0.743872
vt 0.275416 0.615250
vt 0.315034 0.745321
vt 0.271507 0.612454
vt 0.309515 0.751184
vt 0.255923 0.613447
vt 0.309300 0.749100
vt 0.255424 0.618481
vt 0.309076 0.747075
vt 0.255061 0.623444
vt 0.308841 0.745109
vt 0.254824 0.628338
vt 0.308592 0.743202
vt 0.254701 0.633167
vt 0.308326 0.741355
vt 0.254682 0.637934
vt 0.308042 0.739570
vt 0.254759 0.642643
vt 0.307736 0.737851
vt 0.254924 0.647297
vt 0.307406 0.736199
vt 0.255172 0.651898
vt 0.307049 0.734619
vt 0.255498 0.656449
vt 0.306665 0.733115
vt 0.255899 0.660952
vt 0.306252 0.731688
vt 0.256376 0.665407
vt 0.305810 0.730343
vt 0.256929 0.669814
vt 0.304266 0.730110
vt 0.255626 0.675743
vt 0.303039 0.729952
vt 0.254919 0.681177
vt 0.302061 0.729848
vt 0.254682 0.686190
vt 0.301284 0.729791
vt 0.254819 0.690843
vt 0.300671 0.729775
vt 0.255257 0.695183
vt 0.300194 0.729796
vt 0.255948 0.699245
vt 0.299833 0.729844
vt 0.256854 0.703052
vt 0.299576 0.729911
vt 0.257951 0.706616
vt 0.299413 0.729985
vt 0.259219 0.709943
vt 0.299337 0.730053
vt 0.260644 0.713034
vt 0.299339 0.730100
vt 0.262211 0.715889
vt 0.299413 0.730111
vt 0.263907 0.718506
vt 0.299509 0.730518
vt 0.265548 0.721433
vt 0.299699 0.730897
vt 0.267314 0.724081
vt 0.299973 0.731251
vt 0.269182 0.726477
vt 0.300324 0.731586
vt 0.271132 0.728642
vt 0.300746 0.731905
vt 0.273149 0.730595
vt 0.301237 0.732212
vt 0.275221 0.732350
vt 0.301796 0.732512
vt 0.277334 0.733919
vt 0.302422 0.732806
vt 0.279481 0.735310
vt 0.303117 0.733100
vt 0.281651 0.736531
vt 0.303883 0.733396
vt 0.283835 0.737586
vt 0.304723 0.733697
vt 0.286023 0.738478
vt 0.305639 0.734011
vt 0.288205 0.739208
vt 0.306079 0.733940
vt 0.290182 0.739185
vt 0.306527 0.733867
vt 0.292147 0.739098
vt 0.306983 0.733794
vt 0.294101 0.738949
vt 0.307450 0.733721
vt 0.296041 0.738737
vt 0.307927 0.733649
vt 0.297967 0.738462
vt 0.308417 0.733580
vt 0.299877 0.738123
vt 0.308921 0.733513
vt 0.301768 0.737719
vt 0.309438 0.733450
vt 0.303639 0.737247
vt 0.309971 0.733391
vt 0.305487 0.736704
vt 0.310518 0.733339
vt 0.307308 0.736089
vt 0.311081 0.733295
vt 0.309098 0.735396
vt 0.311657 0.733265
vt 0.310854 0.734623
vt 0.312597 0.734462
vt 0.312610 0.733694
vt 0.356424 0.781725
vt 0.359821 0.780369
vt 0.377979 0.766088
vt 0.367843 0.776499
vt 0.361643 0.778240
vt 0.382714 0.748905
vt 0.365364 0.780649
vt 0.387977 0.732422
vt 0.361772 0.782058
vt 0.378445 0.708622
vt 0.364765 0.791232
vt 0.363718 0.683382
vt 0.365208 0.823331
vt 0.326447 0.656894
vt 0.372083 0.803060
vt 0.334107 0.697515
vt 0.360218 0.784693
vt 0.326447 0.740117
vt 0.353613 0.782864
vt 0.329589 0.772280
vt 0.353938 0.783971
vt 0.342210 0.781945
vt 0.355056 0.783079
vt 0.355411 0.781747
vt 0.288541 0.950531
vt 0.288953 0.950957
vt 0.289322 0.868860
vt 0.288891 0.869269
vt 0.289286 0.951416
vt 0.289708 0.868486
vt 0.289550 0.951909
vt 0.290075 0.868136
vt 0.289756 0.952439
vt 0.290455 0.867800
vt 0.289916 0.953007
vt 0.290622 0.867633
vt 0.290043 0.953612
vt 0.290778 0.867404
vt 0.290177 0.952999
vt 0.290928 0.867987
vt 0.290337 0.952424
vt 0.291090 0.868484
vt 0.290537 0.951888
vt 0.291269 0.868950
vt 0.290788 0.951389
vt 0.291470 0.869390
vt 0.291101 0.950927
vt 0.291697 0.869805
vt 0.291486 0.950499
vt 0.291953 0.870196
vt 0.288230 0.950144
vt 0.289626 0.870405
vt 0.288679 0.949949
vt 0.289866 0.870172
vt 0.289055 0.949785
vt 0.290062 0.869933
vt 0.289373 0.949656
vt 0.290220 0.869694
vt 0.289648 0.949563
vt 0.290350 0.869465
vt 0.289893 0.949509
vt 0.290458 0.869258
vt 0.290122 0.949494
vt 0.290557 0.869092
vt 0.290349 0.949519
vt 0.290659 0.868986
vt 0.290589 0.949584
vt 0.290775 0.868956
vt 0.290855 0.949688
vt 0.290936 0.869000
vt 0.291161 0.949830
vt 0.291158 0.869104
vt 0.291523 0.950007
vt 0.291460 0.869262
vt 0.291953 0.950219
vt 0.291857 0.869470
vt 0.292821 0.955476
vt 0.293179 0.955843
vt 0.292683 0.876524
vt 0.292429 0.876935
vt 0.293481 0.956245
vt 0.292915 0.876113
vt 0.293735 0.956682
vt 0.293134 0.875710
vt 0.293950 0.957156
vt 0.293351 0.875323
vt 0.294134 0.957667
vt 0.293580 0.874957
vt 0.294296 0.958216
vt 0.293843 0.874604
vt 0.294445 0.958802
vt 0.294169 0.874258
vt 0.294603 0.958202
vt 0.294517 0.874532
vt 0.294800 0.957639
vt 0.294847 0.874816
vt 0.295044 0.957111
vt 0.295190 0.875119
vt 0.295344 0.956619
vt 0.295576 0.875450
vt 0.295706 0.956159
vt 0.296034 0.875817
vt 0.292429 0.955778
vt 0.293164 0.875908
vt 0.292837 0.955526
vt 0.293485 0.875669
vt 0.293175 0.955306
vt 0.293724 0.875481
vt 0.293459 0.955121
vt 0.293901 0.875348
vt 0.293703 0.954974
vt 0.294034 0.875275
vt 0.293924 0.954866
vt 0.294144 0.875273
vt 0.294137 0.954798
vt 0.294256 0.875331
vt 0.294357 0.954770
vt 0.294390 0.875432
vt 0.294600 0.954781
vt 0.294516 0.875574
vt 0.294882 0.954831
vt 0.294615 0.875966
vt 0.295216 0.954916
vt 0.294752 0.876331
vt 0.295619 0.955036
vt 0.294929 0.876669
vt 0.296105 0.955185
vt 0.295149 0.876981
vt 0.138180 0.788756
vt 0.139596 0.788686
vt 0.138672 0.800149
vt 0.138599 0.800046
vt 0.141017 0.788639
vt 0.138749 0.800264
vt 0.142441 0.788614
vt 0.138832 0.800392
vt 0.143868 0.788614
vt 0.138922 0.800535
vt 0.145299 0.788638
vt 0.139018 0.800695
vt 0.146732 0.788687
vt 0.139121 0.800874
vt 0.148168 0.788762
vt 0.139234 0.801076
vt 0.149604 0.788863
vt 0.139354 0.801301
vt 0.151043 0.788991
vt 0.139483 0.801554
vt 0.152481 0.789145
vt 0.139624 0.801838
vt 0.153920 0.789326
vt 0.139926 0.802136
vt 0.161266 0.796623
vt 0.146878 0.809673
vt 0.162111 0.797574
vt 0.147484 0.809907
vt 0.162952 0.798543
vt 0.148100 0.810147
vt 0.163786 0.799530
vt 0.148723 0.810392
vt 0.164611 0.800534
vt 0.149353 0.810640
vt 0.165425 0.801555
vt 0.149989 0.810888
vt 0.166226 0.802590
vt 0.150629 0.811135
vt 0.167013 0.803639
vt 0.151272 0.811379
vt 0.167784 0.804701
vt 0.151918 0.811618
vt 0.168539 0.805773
vt 0.152570 0.811855
vt 0.169278 0.806853
vt 0.153259 0.812111
vt 0.170000 0.807941
vt 0.154036 0.812419
vt 0.170706 0.809033
vt 0.155050 0.812872
vt 0.171621 0.811417
vt 0.154866 0.814827
vt 0.172177 0.812543
vt 0.155389 0.815003
vt 0.172718 0.813681
vt 0.155909 0.815175
vt 0.173243 0.814831
vt 0.156427 0.815343
vt 0.173750 0.815991
vt 0.156943 0.815506
vt 0.174240 0.817159
vt 0.157460 0.815666
vt 0.174713 0.818334
vt 0.157979 0.815823
vt 0.175170 0.819514
vt 0.158500 0.815975
vt 0.175610 0.820698
vt 0.158520 0.815918
vt 0.176036 0.821883
vt 0.158538 0.815858
vt 0.176449 0.823068
vt 0.158556 0.815794
vt 0.176851 0.824250
vt 0.158575 0.815727
vt 0.177244 0.825427
vt 0.158594 0.815656
vt 0.175847 0.829740
vt 0.155460 0.816093
vt 0.175591 0.832182
vt 0.155571 0.818262
vt 0.175247 0.834623
vt 0.155843 0.820335
vt 0.174803 0.837056
vt 0.156136 0.822187
vt 0.174251 0.839475
vt 0.156396 0.823781
vt 0.173582 0.841878
vt 0.156569 0.825140
vt 0.172789 0.844263
vt 0.156621 0.826306
vt 0.171864 0.846631
vt 0.156527 0.827273
vt 0.170799 0.848982
vt 0.156343 0.828136
vt 0.169584 0.851315
vt 0.156117 0.828925
vt 0.168208 0.853629
vt 0.155862 0.829654
vt 0.166657 0.855918
vt 0.155581 0.830329
vt 0.164918 0.858179
vt 0.155275 0.830950
vt 0.161489 0.860874
vt 0.153549 0.831296
vt 0.160671 0.862751
vt 0.153970 0.831228
vt 0.159821 0.864620
vt 0.154390 0.831158
vt 0.158940 0.866479
vt 0.154809 0.831086
vt 0.158028 0.868329
vt 0.155227 0.831012
vt 0.157087 0.870169
vt 0.155646 0.830935
vt 0.156117 0.871998
vt 0.156066 0.830857
vt 0.155121 0.873817
vt 0.156488 0.830776
vt 0.154100 0.875625
vt 0.156913 0.830693
vt 0.153055 0.877424
vt 0.157342 0.830608
vt 0.151989 0.879212
vt 0.157777 0.830521
vt 0.150905 0.880990
vt 0.158218 0.830432
vt 0.149804 0.882759
vt 0.158649 0.830335
vt 0.147355 0.884285
vt 0.158229 0.829939
vt 0.144692 0.885740
vt 0.157755 0.829463
vt 0.141804 0.887114
vt 0.157228 0.828895
vt 0.138673 0.888394
vt 0.156644 0.828216
vt 0.135279 0.889565
vt 0.155985 0.827401
vt 0.131596 0.890606
vt 0.155332 0.826460
vt 0.127589 0.891494
vt 0.154861 0.825478
vt 0.123220 0.892196
vt 0.154372 0.824246
vt 0.118440 0.892676
vt 0.153854 0.822708
vt 0.113193 0.892883
vt 0.153315 0.820793
vt 0.107415 0.892762
vt 0.152809 0.818398
vt 0.101029 0.892241
vt 0.152472 0.815310
vt 0.078782 0.881068
vt 0.138292 0.801950
vt 0.078439 0.877723
vt 0.137530 0.802628
vt 0.078117 0.874382
vt 0.136767 0.803240
vt 0.077838 0.871063
vt 0.136015 0.803797
vt 0.077618 0.867781
vt 0.135285 0.804309
vt 0.077473 0.864548
vt 0.134586 0.804784
vt 0.077416 0.861380
vt 0.133928 0.805229
vt 0.077456 0.858289
vt 0.133319 0.805653
vt 0.077600 0.855285
vt 0.132765 0.806062
vt 0.077855 0.852380
vt 0.132270 0.806464
vt 0.078224 0.849582
vt 0.131839 0.806864
vt 0.078707 0.846900
vt 0.131472 0.807267
vt 0.079304 0.844340
vt 0.131170 0.807679
vt 0.077416 0.838174
vt 0.129166 0.804973
vt 0.077972 0.835734
vt 0.129529 0.804921
vt 0.078555 0.833302
vt 0.129921 0.804828
vt 0.079172 0.830892
vt 0.130336 0.804673
vt 0.079832 0.828519
vt 0.130772 0.804458
vt 0.080539 0.826198
vt 0.131228 0.804190
vt 0.081297 0.823944
vt 0.131702 0.803880
vt 0.082110 0.821772
vt 0.132191 0.803538
vt 0.082978 0.819694
vt 0.132693 0.803176
vt 0.083901 0.817726
vt 0.133199 0.802806
vt 0.084879 0.815879
vt 0.133704 0.802440
vt 0.085910 0.814164
vt 0.134198 0.802093
vt 0.086991 0.812591
vt 0.134669 0.801781
vt 0.088143 0.811277
vt 0.135078 0.801606
vt 0.089314 0.810006
vt 0.135463 0.801422
vt 0.090503 0.808781
vt 0.135816 0.801232
vt 0.091711 0.807602
vt 0.136129 0.801039
vt 0.092935 0.806470
vt 0.136396 0.800847
vt 0.094174 0.805385
vt 0.136613 0.800663
vt 0.095429 0.804348
vt 0.136786 0.800499
vt 0.096698 0.803358
vt 0.136924 0.800355
vt 0.097979 0.802417
vt 0.137036 0.800232
vt 0.099272 0.801523
vt 0.137125 0.800130
vt 0.100576 0.800677
vt 0.137197 0.800048
vt 0.101889 0.799878
vt 0.137255 0.799986
vt 0.103209 0.799229
vt 0.137298 0.800021
vt 0.104534 0.798596
vt 0.137331 0.800058
vt 0.105865 0.797981
vt 0.137353 0.800096
vt 0.107202 0.797384
vt 0.137366 0.800139
vt 0.108544 0.796804
vt 0.137370 0.800185
vt 0.109891 0.796244
vt 0.137366 0.800235
vt 0.111242 0.795702
vt 0.137353 0.800291
vt 0.112599 0.795179
vt 0.137333 0.800351
vt 0.113959 0.794675
vt 0.137305 0.800417
vt 0.115325 0.794190
vt 0.137271 0.800488
vt 0.116693 0.793725
vt 0.137229 0.800565
vt 0.118066 0.793279
vt 0.137181 0.800649
vt 0.120152 0.791208
vt 0.137898 0.799095
vt 0.121527 0.790920
vt 0.137946 0.799172
vt 0.122905 0.790647
vt 0.137996 0.799246
vt 0.124286 0.790389
vt 0.138047 0.799317
vt 0.125670 0.790148
vt 0.138099 0.799387
vt 0.127056 0.789924
vt 0.138152 0.799456
vt 0.128443 0.789718
vt 0.138206 0.799524
vt 0.129831 0.789529
vt 0.138260 0.799593
vt 0.131220 0.789358
vt 0.138315 0.799662
vt 0.132608 0.789205
vt 0.138369 0.799733
vt 0.133996 0.789069
vt 0.138423 0.799805
vt 0.135383 0.788950
vt 0.138477 0.799878
vt 0.136767 0.788846
vt 0.138530 0.799953
vt 0.193077 0.917151
vt 0.190812 0.919642
vt 0.187409 0.829896
vt 0.188017 0.829801
vt 0.187539 0.922238
vt 0.186586 0.829780
vt 0.183386 0.924917
vt 0.185763 0.829266
vt 0.178491 0.927660
vt 0.185246 0.828188
vt 0.173821 0.924055
vt 0.184456 0.829911
vt 0.169494 0.920574
vt 0.183265 0.830958
vt 0.165671 0.917251
vt 0.181935 0.831466
vt 0.162490 0.914129
vt 0.180591 0.831568
vt 0.160076 0.911249
vt 0.179294 0.831423
vt 0.158544 0.908648
vt 0.178315 0.831321
vt 0.157999 0.906353
vt 0.177897 0.831379
vt 0.158473 0.904361
vt 0.178124 0.831633
vt 0.159030 0.902414
vt 0.178369 0.831908
vt 0.159667 0.900510
vt 0.178635 0.832200
vt 0.160379 0.898647
vt 0.178923 0.832503
vt 0.161164 0.896823
vt 0.179235 0.832816
vt 0.162017 0.895038
vt 0.179571 0.833134
vt 0.162935 0.893289
vt 0.179929 0.833457
vt 0.163915 0.891574
vt 0.180309 0.833782
vt 0.164953 0.889892
vt 0.180711 0.834108
vt 0.166045 0.888240
vt 0.181133 0.834434
vt 0.167190 0.886617
vt 0.181575 0.834759
vt 0.168384 0.885021
vt 0.182035 0.835083
vt 0.165130 0.882321
vt 0.179205 0.833998
vt 0.166469 0.881088
vt 0.179579 0.833865
vt 0.167781 0.879864
vt 0.179939 0.833715
vt 0.169072 0.878651
vt 0.180229 0.833560
vt 0.170348 0.877455
vt 0.180509 0.833390
vt 0.171612 0.876278
vt 0.180780 0.833205
vt 0.172871 0.875125
vt 0.181042 0.833005
vt 0.174127 0.873998
vt 0.181268 0.832801
vt 0.175385 0.872901
vt 0.181488 0.832584
vt 0.176648 0.871835
vt 0.181699 0.832356
vt 0.177920 0.870804
vt 0.181906 0.832118
vt 0.179203 0.869808
vt 0.182110 0.831870
vt 0.180500 0.868850
vt 0.182311 0.831613
vt 0.181311 0.867929
vt 0.182322 0.831198
vt 0.181761 0.867104
vt 0.182231 0.830630
vt 0.181944 0.866423
vt 0.182051 0.829912
vt 0.181937 0.865923
vt 0.182525 0.830040
vt 0.181810 0.865625
vt 0.183145 0.829840
vt 0.181615 0.865544
vt 0.183846 0.829409
vt 0.181401 0.865690
vt 0.184543 0.828977
vt 0.181218 0.866065
vt 0.185147 0.828996
vt 0.181126 0.866661
vt 0.185630 0.829069
vt 0.181197 0.867465
vt 0.185975 0.829062
vt 0.181524 0.868457
vt 0.186215 0.829000
vt 0.182219 0.869606
vt 0.186449 0.828987
vt 0.183328 0.870870
vt 0.186777 0.829098
vt 0.184407 0.872179
vt 0.187063 0.829229
vt 0.185459 0.873533
vt 0.187316 0.829379
vt 0.186487 0.874930
vt 0.187548 0.829542
vt 0.187494 0.876369
vt 0.187767 0.829717
vt 0.188485 0.877847
vt 0.187984 0.829903
vt 0.189464 0.879363
vt 0.188205 0.830098
vt 0.190436 0.880913
vt 0.188439 0.830301
vt 0.191406 0.882495
vt 0.188692 0.830510
vt 0.192381 0.884105
vt 0.188969 0.830724
vt 0.193368 0.885741
vt 0.189277 0.830940
vt 0.194372 0.887399
vt 0.189618 0.831156
vt 0.190155 0.889638
vt 0.185200 0.831559
vt 0.190966 0.891568
vt 0.185587 0.831308
vt 0.191691 0.893525
vt 0.185936 0.831067
vt 0.192330 0.895509
vt 0.186250 0.830841
vt 0.192881 0.897523
vt 0.186530 0.830631
vt 0.193345 0.899568
vt 0.186780 0.830440
vt 0.193721 0.901644
vt 0.187006 0.830267
vt 0.194011 0.903753
vt 0.187212 0.830113
vt 0.194214 0.905894
vt 0.187406 0.829981
vt 0.194334 0.908068
vt 0.187594 0.829871
vt 0.194372 0.910273
vt 0.187787 0.829785
vt 0.194331 0.912510
vt 0.187993 0.829727
vt 0.194214 0.914778
vt 0.188225 0.829701
vt 0.288076 0.842183
vt 0.284319 0.840769
vt 0.272906 0.780103
vt 0.273951 0.779016
vt 0.280464 0.839331
vt 0.271654 0.781187
vt 0.276619 0.837844
vt 0.270287 0.782190
vt 0.272877 0.836296
vt 0.268883 0.783065
vt 0.269318 0.834683
vt 0.267502 0.783788
vt 0.266010 0.833009
vt 0.266200 0.784346
vt 0.263008 0.831286
vt 0.265020 0.784739
vt 0.260358 0.829531
vt 0.263999 0.784977
vt 0.258100 0.827766
vt 0.263164 0.785078
vt 0.256262 0.826014
vt 0.262539 0.785076
vt 0.254867 0.824299
vt 0.262140 0.785022
vt 0.254269 0.822713
vt 0.262159 0.785057
vt 0.253737 0.821131
vt 0.262203 0.785095
vt 0.253264 0.819553
vt 0.262269 0.785136
vt 0.252843 0.817979
vt 0.262216 0.785234
vt 0.252469 0.816409
vt 0.262180 0.785331
vt 0.252135 0.814842
vt 0.262155 0.785426
vt 0.251837 0.813278
vt 0.262139 0.785518
vt 0.251571 0.811717
vt 0.262129 0.785609
vt 0.251332 0.810158
vt 0.262124 0.785699
vt 0.251118 0.808600
vt 0.262121 0.785788
vt 0.250926 0.807042
vt 0.262121 0.785875
vt 0.250753 0.805484
vt 0.262121 0.785961
vt 0.248877 0.802836
vt 0.260674 0.785026
vt 0.248853 0.801322
vt 0.260798 0.784970
vt 0.248847 0.799807
vt 0.260922 0.784913
vt 0.248859 0.798292
vt 0.261047 0.784856
vt 0.248888 0.796776
vt 0.261172 0.784798
vt 0.248935 0.795259
vt 0.261298 0.784739
vt 0.249001 0.793740
vt 0.261425 0.784679
vt 0.249086 0.792219
vt 0.261554 0.784618
vt 0.249192 0.790696
vt 0.261685 0.784558
vt 0.249320 0.789170
vt 0.261820 0.784498
vt 0.249472 0.787641
vt 0.261961 0.784440
vt 0.249649 0.786109
vt 0.262108 0.784384
vt 0.249854 0.784574
vt 0.262266 0.784331
vt 0.250111 0.782820
vt 0.262535 0.784185
vt 0.250470 0.780984
vt 0.262942 0.783980
vt 0.250958 0.779091
vt 0.263514 0.783696
vt 0.251592 0.777166
vt 0.264253 0.783318
vt 0.252378 0.775234
vt 0.265141 0.782832
vt 0.253315 0.773322
vt 0.266144 0.782230
vt 0.254389 0.771456
vt 0.267221 0.781513
vt 0.255581 0.769661
vt 0.268326 0.780692
vt 0.256866 0.767961
vt 0.269410 0.779787
vt 0.258213 0.766376
vt 0.270432 0.778831
vt 0.259588 0.764923
vt 0.271369 0.777866
vt 0.260957 0.763612
vt 0.272214 0.776937
vt 0.262383 0.762376
vt 0.272278 0.776063
vt 0.263891 0.761199
vt 0.273753 0.775612
vt 0.265475 0.760088
vt 0.275225 0.775111
vt 0.267121 0.759054
vt 0.276669 0.774564
vt 0.268819 0.758103
vt 0.278051 0.773969
vt 0.270555 0.757243
vt 0.279357 0.773351
vt 0.272315 0.756478
vt 0.280577 0.772737
vt 0.274086 0.755811
vt 0.281703 0.772137
vt 0.275855 0.755244
vt 0.282712 0.771561
vt 0.277610 0.754776
vt 0.283617 0.771045
vt 0.279338 0.754404
vt 0.284417 0.770599
vt 0.281028 0.754121
vt 0.285092 0.770225
vt 0.282608 0.753931
vt 0.285283 0.770040
vt 0.284191 0.753795
vt 0.285456 0.769852
vt 0.285776 0.753713
vt 0.285621 0.769669
vt 0.287359 0.753685
vt 0.285778 0.769493
vt 0.288938 0.753711
vt 0.285927 0.769322
vt 0.290509 0.753787
vt 0.286068 0.769157
vt 0.292071 0.753911
vt 0.286199 0.768998
vt 0.293622 0.754082
vt 0.286321 0.768844
vt 0.295158 0.754295
vt 0.286433 0.768694
vt 0.296679 0.754547
vt 0.286534 0.768548
vt 0.298183 0.754832
vt 0.286623 0.768405
vt 0.299668 0.755146
vt 0.286701 0.768263
vt 0.302014 0.756449
vt 0.287527 0.768636
vt 0.303737 0.757195
vt 0.287651 0.768812
vt 0.305483 0.758090
vt 0.287786 0.769045
vt 0.307237 0.759135
vt 0.287924 0.769333
vt 0.308984 0.760328
vt 0.288056 0.769669
vt 0.310711 0.761660
vt 0.288176 0.770048
vt 0.312405 0.763119
vt 0.288280 0.770467
vt 0.314056 0.764688
vt 0.288369 0.770925
vt 0.315656 0.766346
vt 0.288450 0.771429
vt 0.317200 0.768066
vt 0.288541 0.771967
vt 0.318685 0.769818
vt 0.288672 0.772423
vt 0.320113 0.771567
vt 0.288824 0.772749
vt 0.321490 0.773275
vt 0.288974 0.772907
vt 0.322749 0.777170
vt 0.288674 0.775017
vt 0.324096 0.778397
vt 0.288468 0.774654
vt 0.325423 0.779668
vt 0.288283 0.774298
vt 0.326730 0.780984
vt 0.288119 0.773948
vt 0.328013 0.782345
vt 0.287960 0.773630
vt 0.329272 0.783752
vt 0.287816 0.773312
vt 0.330505 0.785206
vt 0.287680 0.773013
vt 0.331711 0.786706
vt 0.287552 0.772713
vt 0.332889 0.788254
vt 0.287431 0.772407
vt 0.334037 0.789849
vt 0.287311 0.772095
vt 0.335155 0.791490
vt 0.287196 0.771771
vt 0.336240 0.793179
vt 0.287083 0.771432
vt 0.337293 0.794914
vt 0.286881 0.771059
vt 0.337595 0.798185
vt 0.286093 0.771834
vt 0.337629 0.801901
vt 0.285013 0.772787
vt 0.337395 0.806018
vt 0.283663 0.773866
vt 0.336900 0.810482
vt 0.282025 0.775021
vt 0.336161 0.815239
vt 0.280136 0.776196
vt 0.335206 0.820223
vt 0.278024 0.777322
vt 0.334073 0.825367
vt 0.275715 0.778322
vt 0.332817 0.830593
vt 0.273289 0.779110
vt 0.331510 0.835818
vt 0.270824 0.779579
vt 0.330243 0.840950
vt 0.268416 0.779693
vt 0.329130 0.845890
vt 0.266199 0.779487
vt 0.328307 0.850528
vt 0.264292 0.778971
vt 0.329621 0.853242
vt 0.264155 0.777487
vt 0.330893 0.855989
vt 0.264014 0.776008
vt 0.332122 0.858770
vt 0.263866 0.774532
vt 0.333309 0.861584
vt 0.263710 0.773059
vt 0.334452 0.864430
vt 0.263545 0.771588
vt 0.335553 0.867309
vt 0.263371 0.770116
vt 0.336612 0.870219
vt 0.263187 0.768643
vt 0.337629 0.873160
vt 0.262994 0.767168
vt 0.335086 0.871055
vt 0.264592 0.768250
vt 0.332577 0.868927
vt 0.266182 0.769327
vt 0.330104 0.866774
vt 0.267766 0.770400
vt 0.327668 0.864597
vt 0.269344 0.771466
vt 0.317406 0.867311
vt 0.266965 0.773959
vt 0.315450 0.865528
vt 0.267712 0.774296
vt 0.313515 0.863731
vt 0.268453 0.774628
vt 0.311604 0.861920
vt 0.269190 0.774953
vt 0.309720 0.860093
vt 0.269923 0.775270
vt 0.307867 0.858248
vt 0.270655 0.775579
vt 0.306047 0.856386
vt 0.271386 0.775879
vt 0.304263 0.854504
vt 0.272118 0.776169
vt 0.302517 0.852602
vt 0.272852 0.776448
vt 0.300811 0.850681
vt 0.273590 0.776717
vt 0.299146 0.848738
vt 0.274333 0.776976
vt 0.297524 0.846776
vt 0.275082 0.777225
vt 0.295947 0.844794
vt 0.275839 0.777464
vt 0.291615 0.843609
vt 0.274684 0.778038
vt 0.265296 0.723352
vt 0.265669 0.724780
vt 0.238465 0.715241
vt 0.238521 0.714733
vt 0.265991 0.726272
vt 0.238434 0.715794
vt 0.266259 0.727826
vt 0.238446 0.716396
vt 0.266474 0.729434
vt 0.238508 0.717030
vt 0.266632 0.731092
vt 0.238610 0.717690
vt 0.266734 0.732793
vt 0.238744 0.718372
vt 0.266779 0.734532
vt 0.238899 0.719070
vt 0.266769 0.736300
vt 0.239067 0.719785
vt 0.266704 0.738092
vt 0.239236 0.720519
vt 0.266586 0.739901
vt 0.239395 0.721282
vt 0.266417 0.741720
vt 0.239526 0.722091
vt 0.266057 0.743733
vt 0.240026 0.722966
vt 0.265591 0.745803
vt 0.240426 0.723875
vt 0.265021 0.747915
vt 0.240759 0.724770
vt 0.264349 0.750058
vt 0.241035 0.725647
vt 0.263580 0.752217
vt 0.241272 0.726499
vt 0.262720 0.754380
vt 0.241483 0.727318
vt 0.261778 0.756535
vt 0.241682 0.728098
vt 0.260766 0.758671
vt 0.241877 0.728833
vt 0.259698 0.760778
vt 0.242088 0.729522
vt 0.258592 0.762847
vt 0.242321 0.730159
vt 0.257466 0.764871
vt 0.242600 0.730748
vt 0.256345 0.766846
vt 0.242929 0.731282
vt 0.252716 0.769670
vt 0.241643 0.731713
vt 0.251280 0.771756
vt 0.241856 0.731856
vt 0.249670 0.773838
vt 0.242012 0.731967
vt 0.247885 0.775907
vt 0.242112 0.732044
vt 0.245925 0.777954
vt 0.242160 0.732081
vt 0.243791 0.779970
vt 0.242159 0.732076
vt 0.241487 0.781949
vt 0.242114 0.732026
vt 0.239018 0.783883
vt 0.242032 0.731932
vt 0.236391 0.785766
vt 0.241921 0.731794
vt 0.233613 0.787594
vt 0.241792 0.731615
vt 0.230696 0.789362
vt 0.241655 0.731400
vt 0.227651 0.791069
vt 0.241524 0.731155
vt 0.224494 0.792714
vt 0.241414 0.730887
vt 0.220863 0.794192
vt 0.241381 0.730292
vt 0.217020 0.795565
vt 0.241336 0.729587
vt 0.212962 0.796823
vt 0.241287 0.728770
vt 0.208691 0.797958
vt 0.241247 0.727837
vt 0.204205 0.798962
vt 0.241234 0.726790
vt 0.199506 0.799827
vt 0.241284 0.725641
vt 0.194593 0.800545
vt 0.241467 0.724423
vt 0.189467 0.801109
vt 0.242120 0.723144
vt 0.184128 0.801510
vt 0.243016 0.721902
vt 0.178573 0.801741
vt 0.244333 0.720821
vt 0.172800 0.801791
vt 0.246178 0.720018
vt 0.166804 0.801649
vt 0.248668 0.719707
vt 0.162649 0.791477
vt 0.245267 0.719585
vt 0.162345 0.785746
vt 0.245485 0.720703
vt 0.162198 0.780217
vt 0.244797 0.721769
vt 0.162198 0.774890
vt 0.243707 0.722668
vt 0.162338 0.769764
vt 0.242340 0.723531
vt 0.162613 0.764836
vt 0.241223 0.723672
vt 0.163016 0.760111
vt 0.240269 0.723708
vt 0.163540 0.755589
vt 0.239474 0.723640
vt 0.164179 0.751273
vt 0.238840 0.723475
vt 0.164923 0.747166
vt 0.238358 0.723215
vt 0.165765 0.743269
vt 0.238005 0.722856
vt 0.166695 0.739587
vt 0.237777 0.722405
vt 0.167705 0.736121
vt 0.237682 0.721851
vt 0.168942 0.733662
vt 0.237663 0.721704
vt 0.170198 0.731211
vt 0.237563 0.721412
vt 0.171477 0.728789
vt 0.237394 0.720960
vt 0.172781 0.726418
vt 0.237188 0.720391
vt 0.174111 0.724118
vt 0.236967 0.719743
vt 0.175466 0.721906
vt 0.236748 0.719043
vt 0.176845 0.719801
vt 0.236535 0.718313
vt 0.178244 0.717815
vt 0.236333 0.717570
vt 0.179662 0.715962
vt 0.236136 0.716824
vt 0.181093 0.714253
vt 0.235940 0.716084
vt 0.182535 0.712695
vt 0.235742 0.715620
vt 0.183982 0.711295
vt 0.235460 0.715171
vt 0.185405 0.710360
vt 0.235000 0.715064
vt 0.186882 0.708991
vt 0.234484 0.714626
vt 0.188414 0.707324
vt 0.233975 0.713945
vt 0.189995 0.705482
vt 0.233526 0.713118
vt 0.191617 0.703574
vt 0.233168 0.712227
vt 0.193265 0.701693
vt 0.232911 0.711343
vt 0.194920 0.699921
vt 0.232759 0.710521
vt 0.196558 0.698327
vt 0.232704 0.709803
vt 0.198154 0.696968
vt 0.232728 0.709222
vt 0.199677 0.695893
vt 0.232796 0.708800
vt 0.201097 0.695143
vt 0.232859 0.708553
vt 0.202382 0.694748
vt 0.232859 0.708493
vt 0.203595 0.694537
vt 0.232812 0.708522
vt 0.204815 0.694328
vt 0.232762 0.708535
vt 0.206039 0.694130
vt 0.232707 0.708538
vt 0.207264 0.693950
vt 0.232647 0.708535
vt 0.208487 0.693793
vt 0.232581 0.708531
vt 0.209703 0.693665
vt 0.232508 0.708531
vt 0.210909 0.693568
vt 0.232428 0.708537
vt 0.212103 0.693506
vt 0.232341 0.708554
vt 0.213281 0.693482
vt 0.232247 0.708584
vt 0.214438 0.693494
vt 0.232145 0.708628
vt 0.215574 0.693544
vt 0.232036 0.708688
vt 0.216683 0.693629
vt 0.231919 0.708765
vt 0.219101 0.692484
vt 0.233052 0.707723
vt 0.220179 0.692643
vt 0.233060 0.707819
vt 0.221277 0.692793
vt 0.233084 0.707913
vt 0.222393 0.692941
vt 0.233123 0.708007
vt 0.223520 0.693092
vt 0.233175 0.708100
vt 0.224656 0.693254
vt 0.233239 0.708192
vt 0.225796 0.693429
vt 0.233249 0.708280
vt 0.226935 0.693621
vt 0.233267 0.708361
vt 0.228071 0.693833
vt 0.233288 0.708437
vt 0.229199 0.694065
vt 0.233311 0.708508
vt 0.230315 0.694319
vt 0.233330 0.708574
vt 0.231417 0.694592
vt 0.233344 0.708635
vt 0.232501 0.694883
vt 0.233329 0.708729
vt 0.233679 0.695191
vt 0.233352 0.708850
vt 0.234972 0.695540
vt 0.233422 0.709036
vt 0.236346 0.695955
vt 0.233540 0.709323
vt 0.237770 0.696451
vt 0.233712 0.709730
vt 0.239213 0.697033
vt 0.233942 0.710249
vt 0.240647 0.697700
vt 0.234235 0.710853
vt 0.242042 0.698439
vt 0.234586 0.711498
vt 0.243375 0.699232
vt 0.234983 0.712129
vt 0.244620 0.700055
vt 0.235401 0.712693
vt 0.245758 0.700877
vt 0.235800 0.713143
vt 0.246774 0.701664
vt 0.236125 0.713450
vt 0.247658 0.702379
vt 0.236322 0.713609
vt 0.248455 0.703036
vt 0.236425 0.713682
vt 0.249241 0.703701
vt 0.236562 0.713730
vt 0.250014 0.704372
vt 0.236693 0.713772
vt 0.250776 0.705050
vt 0.236818 0.713808
vt 0.251527 0.705732
vt 0.236938 0.713840
vt 0.252268 0.706420
vt 0.237052 0.713866
vt 0.252998 0.707110
vt 0.237161 0.713887
vt 0.253719 0.707804
vt 0.237264 0.713903
vt 0.254431 0.708499
vt 0.237363 0.713914
vt 0.255135 0.709195
vt 0.237456 0.713919
vt 0.255831 0.709892
vt 0.237545 0.713920
vt 0.256520 0.710588
vt 0.237629 0.713915
vt 0.257365 0.712460
vt 0.238160 0.714805
vt 0.258021 0.713196
vt 0.238192 0.714731
vt 0.258674 0.713948
vt 0.238224 0.714666
vt 0.259322 0.714713
vt 0.238255 0.714610
vt 0.259964 0.715492
vt 0.238285 0.714562
vt 0.260600 0.716283
vt 0.238315 0.714520
vt 0.261230 0.717084
vt 0.238345 0.714483
vt 0.261852 0.717893
vt 0.238377 0.714449
vt 0.262468 0.718710
vt 0.238410 0.714417
vt 0.263078 0.719530
vt 0.238447 0.714385
vt 0.263681 0.720352
vt 0.238487 0.714351
vt 0.264280 0.721174
vt 0.238532 0.714312
vt 0.264875 0.721993
vt 0.238583 0.714267
vt 0.120020 0.741161
vt 0.125335 0.736509
vt 0.140862 0.756319
vt 0.134728 0.760589
vt 0.125561 0.736173
vt 0.141688 0.755961
vt 0.125785 0.735843
vt 0.142507 0.755597
vt 0.126007 0.735519
vt 0.143319 0.755227
vt 0.126227 0.735199
vt 0.144123 0.754852
vt 0.126446 0.734886
vt 0.144921 0.754473
vt 0.126663 0.734578
vt 0.145711 0.754089
vt 0.126878 0.734275
vt 0.146495 0.753702
vt 0.127090 0.733976
vt 0.147273 0.753310
vt 0.127298 0.733680
vt 0.148044 0.752915
vt 0.127504 0.733388
vt 0.148809 0.752517
vt 0.127705 0.733098
vt 0.149568 0.752115
vt 0.127901 0.732810
vt 0.150321 0.751711
vt 0.128953 0.730480
vt 0.152421 0.749626
vt 0.129025 0.730199
vt 0.153100 0.749202
vt 0.129094 0.729909
vt 0.153781 0.748765
vt 0.129160 0.729610
vt 0.154464 0.748317
vt 0.129224 0.729303
vt 0.155147 0.747858
vt 0.129285 0.728989
vt 0.155830 0.747389
vt 0.129345 0.728670
vt 0.156510 0.746912
vt 0.129402 0.728346
vt 0.157187 0.746429
vt 0.129653 0.728660
vt 0.157860 0.745941
vt 0.130698 0.728630
vt 0.158527 0.745450
vt 0.131149 0.728489
vt 0.159188 0.744958
vt 0.131511 0.728419
vt 0.159841 0.744467
vt 0.131824 0.728417
vt 0.160487 0.743979
vt 0.132518 0.727998
vt 0.161434 0.742898
vt 0.133223 0.727550
vt 0.162381 0.741753
vt 0.133934 0.727075
vt 0.163321 0.740547
vt 0.134648 0.726579
vt 0.164251 0.739280
vt 0.135359 0.726066
vt 0.165167 0.737956
vt 0.136085 0.725535
vt 0.166062 0.736577
vt 0.136804 0.724991
vt 0.166935 0.735145
vt 0.137514 0.724437
vt 0.167780 0.733664
vt 0.138211 0.723875
vt 0.168594 0.732136
vt 0.138892 0.723308
vt 0.169373 0.730564
vt 0.139556 0.722740
vt 0.170114 0.728952
vt 0.140199 0.722173
vt 0.170814 0.727303
vt 0.140366 0.722053
vt 0.171387 0.726204
vt 0.140540 0.721925
vt 0.171941 0.725095
vt 0.140720 0.721792
vt 0.172476 0.723977
vt 0.140905 0.721654
vt 0.172993 0.722851
vt 0.141097 0.721514
vt 0.173491 0.721719
vt 0.141295 0.721373
vt 0.173971 0.720580
vt 0.141498 0.721234
vt 0.174434 0.719438
vt 0.141708 0.721097
vt 0.174878 0.718293
vt 0.141922 0.720966
vt 0.175306 0.717146
vt 0.142142 0.720840
vt 0.175718 0.715999
vt 0.142367 0.720722
vt 0.176114 0.714853
vt 0.142598 0.720614
vt 0.176495 0.713709
vt 0.143030 0.717992
vt 0.176242 0.709799
vt 0.143175 0.718091
vt 0.176555 0.708523
vt 0.143314 0.718174
vt 0.176844 0.707226
vt 0.143445 0.718242
vt 0.177110 0.705910
vt 0.143571 0.718295
vt 0.177351 0.704575
vt 0.143690 0.718332
vt 0.177566 0.703221
vt 0.143804 0.718353
vt 0.177754 0.701849
vt 0.143913 0.718360
vt 0.177914 0.700460
vt 0.144017 0.718351
vt 0.178047 0.699054
vt 0.144118 0.718328
vt 0.178150 0.697631
vt 0.144215 0.718290
vt 0.178224 0.696192
vt 0.144310 0.718238
vt 0.178268 0.694739
vt 0.144403 0.718173
vt 0.178282 0.693271
vt 0.144802 0.717451
vt 0.177735 0.691091
vt 0.145179 0.716739
vt 0.177095 0.688866
vt 0.145526 0.716042
vt 0.176354 0.686596
vt 0.145840 0.715364
vt 0.175504 0.684283
vt 0.146119 0.714708
vt 0.174537 0.681929
vt 0.146362 0.714077
vt 0.173442 0.679535
vt 0.146567 0.713474
vt 0.172208 0.677103
vt 0.146731 0.712905
vt 0.170825 0.674636
vt 0.146853 0.712374
vt 0.169280 0.672137
vt 0.146931 0.711887
vt 0.167557 0.669610
vt 0.146963 0.711451
vt 0.165641 0.667060
vt 0.146947 0.711072
vt 0.163516 0.664492
vt 0.144686 0.710106
vt 0.158779 0.661105
vt 0.144066 0.710840
vt 0.156280 0.658480
vt 0.143447 0.711661
vt 0.153657 0.655895
vt 0.142830 0.712572
vt 0.150911 0.653348
vt 0.142219 0.713571
vt 0.148042 0.650840
vt 0.141615 0.714660
vt 0.145050 0.648371
vt 0.141021 0.715840
vt 0.141936 0.645941
vt 0.140438 0.717111
vt 0.138701 0.643549
vt 0.139870 0.718473
vt 0.135347 0.641196
vt 0.139317 0.719926
vt 0.131876 0.638883
vt 0.138783 0.721471
vt 0.128292 0.636608
vt 0.138268 0.723106
vt 0.124600 0.634371
vt 0.137774 0.724832
vt 0.120805 0.632171
vt 0.138012 0.726168
vt 0.117901 0.629824
vt 0.138314 0.727542
vt 0.114868 0.627515
vt 0.138684 0.728960
vt 0.111709 0.625244
vt 0.139128 0.730427
vt 0.108431 0.623011
vt 0.139648 0.731946
vt 0.105039 0.620817
vt 0.140247 0.733520
vt 0.101541 0.618659
vt 0.140926 0.735150
vt 0.097946 0.616536
vt 0.141686 0.736837
vt 0.094261 0.614446
vt 0.142527 0.738581
vt 0.090499 0.612383
vt 0.142127 0.737232
vt 0.089371 0.616540
vt 0.141769 0.735931
vt 0.088432 0.620611
vt 0.141455 0.734680
vt 0.087682 0.624594
vt 0.137157 0.734737
vt 0.080842 0.631553
vt 0.136598 0.733870
vt 0.080207 0.635132
vt 0.136041 0.733057
vt 0.079621 0.638686
vt 0.135488 0.732298
vt 0.079091 0.642211
vt 0.134943 0.731595
vt 0.078625 0.645702
vt 0.134409 0.730946
vt 0.078228 0.649155
vt 0.133888 0.730352
vt 0.077906 0.652564
vt 0.133383 0.729810
vt 0.077661 0.655927
vt 0.132896 0.729319
vt 0.077498 0.659238
vt 0.132428 0.728876
vt 0.077419 0.662494
vt 0.131981 0.728479
vt 0.077427 0.665691
vt 0.131556 0.728124
vt 0.077523 0.668827
vt 0.131153 0.727807
vt 0.077707 0.671896
vt 0.130571 0.727746
vt 0.077655 0.675211
vt 0.130021 0.727718
vt 0.077692 0.678458
vt 0.129507 0.727720
vt 0.077822 0.681630
vt 0.129030 0.727750
vt 0.078050 0.684719
vt 0.128592 0.727807
vt 0.078376 0.687718
vt 0.128192 0.727889
vt 0.078803 0.690619
vt 0.127828 0.727999
vt 0.079330 0.693416
vt 0.127496 0.728139
vt 0.079957 0.696105
vt 0.127189 0.728317
vt 0.080682 0.698679
vt 0.126899 0.728546
vt 0.081503 0.701136
vt 0.126611 0.728846
vt 0.082416 0.703472
vt 0.126310 0.729237
vt 0.083417 0.705686
vt 0.118292 0.741039
vt 0.077419 0.720910
vt 0.117725 0.740917
vt 0.078034 0.723043
vt 0.117185 0.740815
vt 0.078691 0.725144
vt 0.116673 0.740731
vt 0.079392 0.727206
vt 0.116188 0.740662
vt 0.080140 0.729227
vt 0.115733 0.740606
vt 0.080935 0.731201
vt 0.115308 0.740560
vt 0.081779 0.733125
vt 0.114913 0.740522
vt 0.082672 0.734996
vt 0.114549 0.740490
vt 0.083614 0.736811
vt 0.114216 0.740462
vt 0.084605 0.738568
vt 0.113913 0.740437
vt 0.085646 0.740265
vt 0.113641 0.740411
vt 0.086735 0.741901
vt 0.113399 0.740384
vt 0.087871 0.743473
vt 0.113364 0.741489
vt 0.089244 0.746222
vt 0.113754 0.741679
vt 0.090535 0.747990
vt 0.114181 0.741840
vt 0.091872 0.749624
vt 0.114638 0.741978
vt 0.093245 0.751131
vt 0.115118 0.742114
vt 0.094645 0.752514
vt 0.115615 0.742251
vt 0.096066 0.753779
vt 0.116121 0.742386
vt 0.097497 0.754929
vt 0.116631 0.742517
vt 0.098931 0.755968
vt 0.117136 0.742645
vt 0.100360 0.756899
vt 0.117629 0.742769
vt 0.101775 0.757726
vt 0.118102 0.742891
vt 0.103169 0.758451
vt 0.118542 0.743014
vt 0.104532 0.759079
vt 0.118936 0.743142
vt 0.105859 0.759615
vt 0.118954 0.743075
vt 0.106833 0.759839
vt 0.118975 0.743021
vt 0.107819 0.760060
vt 0.118997 0.742978
vt 0.108817 0.760276
vt 0.119017 0.742946
vt 0.109824 0.760484
vt 0.119032 0.742922
vt 0.110839 0.760682
vt 0.119041 0.742906
vt 0.111859 0.760868
vt 0.119041 0.742895
vt 0.112884 0.761042
vt 0.119032 0.742889
vt 0.113911 0.761202
vt 0.119011 0.742887
vt 0.114938 0.761348
vt 0.118978 0.742886
vt 0.115964 0.761480
vt 0.118932 0.742886
vt 0.116986 0.761598
vt 0.118872 0.742886
vt 0.118002 0.761702
vt 0.120425 0.742831
vt 0.120695 0.761793
vt 0.120357 0.742742
vt 0.121731 0.761816
vt 0.120294 0.742652
vt 0.122771 0.761824
vt 0.120236 0.742561
vt 0.123814 0.761818
vt 0.120181 0.742469
vt 0.124858 0.761797
vt 0.120126 0.742377
vt 0.125901 0.761761
vt 0.120073 0.742283
vt 0.126942 0.761712
vt 0.120018 0.742189
vt 0.127979 0.761650
vt 0.119961 0.742095
vt 0.129010 0.761576
vt 0.119901 0.742001
vt 0.130032 0.761493
vt 0.119838 0.741909
vt 0.131046 0.761403
vt 0.119772 0.741820
vt 0.132048 0.761308
vt 0.119701 0.741736
vt 0.133036 0.761210
vt 0.263670 0.879275
vt 0.263944 0.878107
vt 0.262454 0.833425
vt 0.262390 0.832677
vt 0.263907 0.877110
vt 0.262525 0.834705
vt 0.263677 0.876311
vt 0.262744 0.836198
vt 0.263346 0.875721
vt 0.263126 0.837616
vt 0.262987 0.875347
vt 0.263616 0.838776
vt 0.262655 0.875185
vt 0.264136 0.839595
vt 0.262400 0.875230
vt 0.264610 0.840065
vt 0.262275 0.875472
vt 0.264983 0.840229
vt 0.262344 0.875897
vt 0.265232 0.840173
vt 0.262685 0.876483
vt 0.265389 0.840014
vt 0.263393 0.877199
vt 0.265549 0.839892
vt 0.264545 0.878003
vt 0.265824 0.839908
vt 0.265700 0.878846
vt 0.266078 0.839947
vt 0.266857 0.879726
vt 0.266318 0.840006
vt 0.268018 0.880639
vt 0.266551 0.840081
vt 0.269184 0.881583
vt 0.266782 0.840169
vt 0.270357 0.882556
vt 0.267017 0.840268
vt 0.271536 0.883556
vt 0.267258 0.840376
vt 0.272724 0.884578
vt 0.267510 0.840492
vt 0.273922 0.885622
vt 0.267776 0.840613
vt 0.275132 0.886685
vt 0.268055 0.840737
vt 0.276354 0.887764
vt 0.268350 0.840863
vt 0.277592 0.888857
vt 0.268661 0.840989
vt 0.274307 0.890930
vt 0.264808 0.841770
vt 0.275440 0.892269
vt 0.265129 0.841575
vt 0.276514 0.893634
vt 0.265425 0.841386
vt 0.277530 0.895026
vt 0.265696 0.841208
vt 0.278487 0.896447
vt 0.265945 0.841044
vt 0.279386 0.897899
vt 0.266174 0.840898
vt 0.280228 0.899383
vt 0.266386 0.840771
vt 0.281014 0.900899
vt 0.266583 0.840664
vt 0.281746 0.902449
vt 0.266772 0.840578
vt 0.282425 0.904031
vt 0.266956 0.840516
vt 0.283053 0.905646
vt 0.267142 0.840477
vt 0.283633 0.907294
vt 0.267336 0.840463
vt 0.284167 0.908974
vt 0.267547 0.840476
vt 0.283692 0.910932
vt 0.267283 0.840735
vt 0.282329 0.913152
vt 0.266667 0.841067
vt 0.280180 0.915610
vt 0.265792 0.841288
vt 0.277347 0.918277
vt 0.264729 0.841248
vt 0.273944 0.921117
vt 0.263532 0.840836
vt 0.270093 0.924098
vt 0.262259 0.839967
vt 0.265939 0.927190
vt 0.260996 0.838580
vt 0.261655 0.930375
vt 0.259874 0.836638
vt 0.257452 0.933644
vt 0.259101 0.834143
vt 0.253589 0.937002
vt 0.258959 0.831172
vt 0.250937 0.934102
vt 0.259001 0.831226
vt 0.249601 0.931365
vt 0.259180 0.831241
vt 0.249504 0.928786
vt 0.259710 0.831448
vt 0.249489 0.926243
vt 0.260168 0.831691
vt 0.249558 0.923737
vt 0.260572 0.831969
vt 0.249715 0.921269
vt 0.260942 0.832283
vt 0.249964 0.918840
vt 0.261291 0.832637
vt 0.250306 0.916450
vt 0.261630 0.833028
vt 0.250744 0.914099
vt 0.261968 0.833450
vt 0.251277 0.911786
vt 0.262316 0.833896
vt 0.251907 0.909512
vt 0.262679 0.834359
vt 0.252634 0.907275
vt 0.263063 0.834834
vt 0.253457 0.905073
vt 0.263472 0.835315
vt 0.254375 0.902905
vt 0.263909 0.835798
vt 0.249489 0.900040
vt 0.259338 0.835075
vt 0.250635 0.898236
vt 0.259596 0.834796
vt 0.251754 0.896452
vt 0.259830 0.834492
vt 0.252853 0.894692
vt 0.260041 0.834163
vt 0.253941 0.892962
vt 0.260231 0.833812
vt 0.255024 0.891264
vt 0.260401 0.833438
vt 0.256109 0.889603
vt 0.260552 0.833044
vt 0.257202 0.887983
vt 0.260685 0.832630
vt 0.258307 0.886405
vt 0.260798 0.832197
vt 0.259431 0.884873
vt 0.261028 0.832052
vt 0.260576 0.883389
vt 0.261398 0.832068
vt 0.261747 0.881956
vt 0.261784 0.832139
vt 0.262948 0.880575
vt 0.262200 0.832276
vt 0.366034 0.680346
vt 0.366765 0.678586
vt 0.383567 0.636634
vt 0.383412 0.636559
vt 0.367501 0.676835
vt 0.383711 0.636710
vt 0.368249 0.675097
vt 0.383848 0.636787
vt 0.369015 0.673374
vt 0.383980 0.636868
vt 0.369804 0.671669
vt 0.384110 0.636956
vt 0.370619 0.669984
vt 0.384239 0.637052
vt 0.371465 0.668320
vt 0.384372 0.637160
vt 0.372343 0.666680
vt 0.384509 0.637280
vt 0.373255 0.665063
vt 0.384653 0.637414
vt 0.374204 0.663471
vt 0.384743 0.637568
vt 0.375189 0.661904
vt 0.384840 0.637719
vt 0.374157 0.659596
vt 0.383053 0.636977
vt 0.375300 0.658228
vt 0.383167 0.636888
vt 0.376455 0.656878
vt 0.383279 0.636798
vt 0.377626 0.655549
vt 0.383391 0.636711
vt 0.378815 0.654243
vt 0.383504 0.636626
vt 0.380024 0.652961
vt 0.383620 0.636546
vt 0.381254 0.651703
vt 0.383742 0.636473
vt 0.382507 0.650471
vt 0.383872 0.636409
vt 0.383784 0.649265
vt 0.384011 0.636354
vt 0.385085 0.648084
vt 0.384161 0.636311
vt 0.386410 0.646927
vt 0.384324 0.636279
vt 0.387759 0.645794
vt 0.384499 0.636258
vt 0.389130 0.644682
vt 0.384688 0.636247
vt 0.389385 0.644506
vt 0.384796 0.636858
vt 0.390745 0.644066
vt 0.385419 0.636329
vt 0.392131 0.643760
vt 0.386037 0.635895
vt 0.393539 0.643596
vt 0.386637 0.635486
vt 0.394969 0.643580
vt 0.387239 0.635096
vt 0.396414 0.643716
vt 0.387840 0.634711
vt 0.397870 0.644003
vt 0.388425 0.634333
vt 0.399333 0.644439
vt 0.389008 0.633950
vt 0.400798 0.645018
vt 0.389586 0.633559
vt 0.402264 0.645732
vt 0.390157 0.633160
vt 0.403730 0.646567
vt 0.390724 0.632763
vt 0.405201 0.647508
vt 0.391289 0.632417
vt 0.406682 0.648536
vt 0.391862 0.632090
vt 0.407092 0.650701
vt 0.390902 0.631956
vt 0.408508 0.652158
vt 0.391111 0.631396
vt 0.409816 0.653788
vt 0.391277 0.630873
vt 0.411012 0.655592
vt 0.391414 0.630388
vt 0.412092 0.657570
vt 0.391534 0.629940
vt 0.413055 0.659717
vt 0.391658 0.629524
vt 0.413901 0.662027
vt 0.391806 0.629135
vt 0.414634 0.664489
vt 0.391999 0.628762
vt 0.415262 0.667090
vt 0.392263 0.628394
vt 0.415797 0.669815
vt 0.392619 0.628015
vt 0.416256 0.672646
vt 0.393011 0.627652
vt 0.416662 0.675563
vt 0.393541 0.627243
vt 0.417043 0.678547
vt 0.394221 0.626759
vt 0.401066 0.689047
vt 0.378984 0.629328
vt 0.402952 0.693255
vt 0.378719 0.628099
vt 0.404715 0.697524
vt 0.378459 0.626872
vt 0.406356 0.701855
vt 0.378226 0.625651
vt 0.407879 0.706245
vt 0.378044 0.624435
vt 0.409287 0.710694
vt 0.377937 0.623223
vt 0.410591 0.715198
vt 0.377928 0.622011
vt 0.411800 0.719752
vt 0.378000 0.620746
vt 0.412930 0.724350
vt 0.378212 0.619507
vt 0.413997 0.728985
vt 0.378574 0.618271
vt 0.415022 0.733650
vt 0.379104 0.617063
vt 0.416029 0.738337
vt 0.379827 0.615896
vt 0.417043 0.743036
vt 0.380768 0.614772
vt 0.406268 0.751159
vt 0.371067 0.614663
vt 0.407067 0.756374
vt 0.372193 0.612504
vt 0.405662 0.752908
vt 0.374264 0.614800
vt 0.404257 0.749455
vt 0.376041 0.617221
vt 0.402873 0.746011
vt 0.377520 0.619770
vt 0.401526 0.742573
vt 0.378706 0.622504
vt 0.400230 0.739137
vt 0.380694 0.624113
vt 0.399000 0.735702
vt 0.382049 0.625468
vt 0.397845 0.732266
vt 0.383396 0.626812
vt 0.396775 0.728829
vt 0.384731 0.628131
vt 0.395799 0.725389
vt 0.386066 0.629443
vt 0.394923 0.721947
vt 0.387401 0.630731
vt 0.394151 0.718503
vt 0.388744 0.632016
vt 0.392439 0.715128
vt 0.389569 0.633301
vt 0.389817 0.711798
vt 0.389814 0.634547
vt 0.386622 0.708485
vt 0.389579 0.635678
vt 0.383137 0.705178
vt 0.388965 0.636619
vt 0.379598 0.701884
vt 0.388065 0.637337
vt 0.376194 0.698625
vt 0.386986 0.637782
vt 0.373078 0.695438
vt 0.385806 0.637978
vt 0.370369 0.692364
vt 0.384691 0.637868
vt 0.368165 0.689450
vt 0.383818 0.637566
vt 0.366544 0.686743
vt 0.383241 0.637149
vt 0.365572 0.684285
vt 0.383023 0.636772
vt 0.365302 0.682112
vt 0.383187 0.636519
vt 0.790694 0.894842
vt 0.785207 0.894685
vt 0.790712 0.894693
vt 0.785224 0.894835
vt 0.790669 0.895041
vt 0.785245 0.895033
vt 0.790639 0.895287
vt 0.785269 0.895279
vt 0.790607 0.895578
vt 0.785294 0.895571
vt 0.790573 0.895912
vt 0.785321 0.895905
vt 0.790538 0.896287
vt 0.785347 0.896280
vt 0.790505 0.896701
vt 0.785372 0.896693
vt 0.790474 0.897151
vt 0.785394 0.897144
vt 0.790447 0.897635
vt 0.785413 0.897628
vt 0.790426 0.898152
vt 0.785428 0.898145
vt 0.790412 0.898699
vt 0.785437 0.898692
vt 0.790407 0.899274
vt 0.785440 0.899267
vt 0.790405 0.900769
vt 0.785438 0.900753
vt 0.785435 0.903134
vt 0.790402 0.903178
vt 0.785431 0.906224
vt 0.790398 0.906314
vt 0.785426 0.909836
vt 0.790393 0.909990
vt 0.785421 0.913781
vt 0.790387 0.914018
vt 0.785415 0.917872
vt 0.790382 0.918212
vt 0.785410 0.921922
vt 0.790376 0.922383
vt 0.769144 0.921457
vt 0.765121 0.923941
vt 0.767940 0.919735
vt 0.770447 0.923116
vt 0.785405 0.925743
vt 0.790371 0.926346
vt 0.771833 0.924707
vt 0.766469 0.925735
vt 0.773286 0.926223
vt 0.785401 0.929148
vt 0.767933 0.927486
vt 0.774789 0.927660
vt 0.790366 0.929912
vt 0.769498 0.929187
vt 0.776327 0.929011
vt 0.777885 0.930270
vt 0.785397 0.931949
vt 0.771147 0.930831
vt 0.790362 0.932895
vt 0.779445 0.931433
vt 0.772866 0.932412
vt 0.780991 0.932491
vt 0.785394 0.933959
vt 0.774638 0.933923
vt 0.782509 0.933441
vt 0.790359 0.935106
vt 0.783981 0.934276
vt 0.776447 0.935356
vt 0.785393 0.934991
vt 0.790358 0.936360
vt 0.778278 0.936705
vt 0.790360 0.936669
vt 0.790367 0.936978
vt 0.780115 0.937963
vt 0.790379 0.937285
vt 0.790396 0.937589
vt 0.790418 0.937890
vt 0.790445 0.938186
vt 0.781943 0.939122
vt 0.790477 0.938478
vt 0.790514 0.938763
vt 0.790556 0.939042
vt 0.790603 0.939312
vt 0.783744 0.940177
vt 0.790655 0.939575
vt 0.790712 0.939827
vt 0.787537 0.942547
vt 0.787427 0.942451
vt 0.787308 0.942351
vt 0.787178 0.942246
vt 0.787037 0.942136
vt 0.786885 0.942022
vt 0.786723 0.941903
vt 0.786549 0.941781
vt 0.786364 0.941656
vt 0.786167 0.941526
vt 0.785958 0.941394
vt 0.785737 0.941258
vt 0.785504 0.941120
vt 0.738236 0.782794
vt 0.743407 0.784595
vt 0.738096 0.783093
vt 0.743442 0.784389
vt 0.743482 0.784140
vt 0.738374 0.782490
vt 0.743528 0.783853
vt 0.738510 0.782180
vt 0.743580 0.783531
vt 0.738644 0.781862
vt 0.743637 0.783179
vt 0.738776 0.781535
vt 0.743702 0.782801
vt 0.738907 0.781196
vt 0.743774 0.782400
vt 0.739036 0.780846
vt 0.743853 0.781982
vt 0.739163 0.780480
vt 0.743940 0.781550
vt 0.739288 0.780100
vt 0.744036 0.781109
vt 0.739411 0.779702
vt 0.744140 0.780661
vt 0.739532 0.779285
vt 0.744254 0.780213
vt 0.739651 0.778848
vt 0.744718 0.778433
vt 0.740115 0.777086
vt 0.745224 0.776439
vt 0.740617 0.775141
vt 0.741144 0.773054
vt 0.745757 0.774273
vt 0.741677 0.770863
vt 0.746302 0.771980
vt 0.742202 0.768608
vt 0.746841 0.769603
vt 0.742702 0.766328
vt 0.747360 0.767187
vt 0.743160 0.764063
vt 0.747843 0.764776
vt 0.743560 0.761853
vt 0.748274 0.762413
vt 0.743887 0.759737
vt 0.748638 0.760143
vt 0.744123 0.757755
vt 0.748918 0.758008
vt 0.744253 0.755946
vt 0.749100 0.756054
vt 0.744260 0.754349
vt 0.749167 0.754325
vt 0.744171 0.752779
vt 0.749113 0.752605
vt 0.744004 0.751213
vt 0.743761 0.749656
vt 0.748972 0.750890
vt 0.743439 0.748113
vt 0.748747 0.749184
vt 0.743041 0.746588
vt 0.748440 0.747491
vt 0.742566 0.745085
vt 0.748052 0.745818
vt 0.742013 0.743611
vt 0.747584 0.744169
vt 0.741384 0.742169
vt 0.747040 0.742549
vt 0.740677 0.740764
vt 0.739894 0.739400
vt 0.746419 0.740963
vt 0.739033 0.738084
vt 0.745724 0.739416
vt 0.738096 0.736818
vt 0.744958 0.737912
vt 0.743214 0.735056
vt 0.744120 0.736457
vt 0.911168 0.664847
vt 0.905894 0.665367
vt 0.905824 0.664827
vt 0.905961 0.665923
vt 0.906024 0.666491
vt 0.905869 0.710627
vt 0.908566 0.713874
vt 0.905824 0.710880
vt 0.906083 0.667069
vt 0.905914 0.710329
vt 0.905958 0.709994
vt 0.906137 0.667655
vt 0.906001 0.709630
vt 0.906186 0.668246
vt 0.906041 0.709245
vt 0.906228 0.668839
vt 0.906078 0.708846
vt 0.906111 0.708443
vt 0.906264 0.669432
vt 0.906140 0.708042
vt 0.906292 0.670023
vt 0.906165 0.707652
vt 0.906313 0.670609
vt 0.906183 0.707282
vt 0.906324 0.671187
vt 0.906195 0.706938
vt 0.906327 0.671755
vt 0.906201 0.706629
vt 0.906323 0.672984
vt 0.906315 0.675098
vt 0.906305 0.677922
vt 0.906293 0.681283
vt 0.906279 0.685006
vt 0.906265 0.688919
vt 0.906251 0.692847
vt 0.906237 0.696616
vt 0.906225 0.700052
vt 0.906214 0.702983
vt 0.906206 0.705233
vt 0.911137 0.665442
vt 0.911106 0.666033
vt 0.911075 0.666621
vt 0.911042 0.667205
vt 0.911009 0.667787
vt 0.910975 0.668365
vt 0.910988 0.668943
vt 0.908720 0.713762
vt 0.908884 0.713637
vt 0.911003 0.669518
vt 0.909056 0.713502
vt 0.909236 0.713360
vt 0.911022 0.670090
vt 0.909420 0.713212
vt 0.909608 0.713063
vt 0.911045 0.670660
vt 0.909797 0.712913
vt 0.909985 0.712766
vt 0.911071 0.671226
vt 0.910171 0.712624
vt 0.910353 0.712490
vt 0.911100 0.671790
vt 0.910528 0.712366
vt 0.911121 0.672990
vt 0.911126 0.675051
vt 0.911125 0.677808
vt 0.911119 0.681093
vt 0.911104 0.684740
vt 0.911080 0.688583
vt 0.911045 0.692455
vt 0.910999 0.696190
vt 0.910945 0.699620
vt 0.910824 0.704903
vt 0.910786 0.706424
vt 0.910697 0.712257
vt 0.910899 0.702581
vt 0.911764 0.705873
vt 0.911783 0.711610
vt 0.912841 0.705185
vt 0.912999 0.710835
vt 0.913993 0.704370
vt 0.914322 0.709939
vt 0.915201 0.703443
vt 0.915730 0.708928
vt 0.916441 0.702415
vt 0.917199 0.707811
vt 0.917695 0.701299
vt 0.630711 0.872805
vt 0.626115 0.869959
vt 0.630922 0.872470
vt 0.624370 0.873621
vt 0.630509 0.873134
vt 0.630313 0.873459
vt 0.918706 0.706592
vt 0.918938 0.700108
vt 0.630125 0.873780
vt 0.629942 0.874098
vt 0.629764 0.874414
vt 0.629591 0.874730
vt 0.920230 0.705281
vt 0.920152 0.698855
vt 0.629422 0.875046
vt 0.629256 0.875364
vt 0.629092 0.875685
vt 0.921314 0.697553
vt 0.628929 0.876009
vt 0.921746 0.703883
vt 0.622812 0.877134
vt 0.628767 0.876338
vt 0.627683 0.878632
vt 0.922402 0.696214
vt 0.923233 0.702406
vt 0.923397 0.694850
vt 0.924275 0.693475
vt 0.924667 0.700857
vt 0.626698 0.880902
vt 0.927285 0.697569
vt 0.621478 0.880524
vt 0.926025 0.699242
vt 0.625834 0.883154
vt 0.620403 0.883819
vt 0.625116 0.885394
vt 0.624565 0.887628
vt 0.619621 0.887043
vt 0.624204 0.889863
vt 0.619168 0.890224
vt 0.624057 0.892104
vt 0.624147 0.894356
vt 0.619081 0.893387
vt 0.624496 0.896627
vt 0.619393 0.896558
vt 0.625127 0.898921
vt 0.626063 0.901245
vt 0.620141 0.899765
vt 0.627328 0.903605
vt 0.621360 0.903032
vt 0.627576 0.904076
vt 0.627839 0.904542
vt 0.628117 0.905002
vt 0.628407 0.905455
vt 0.628706 0.905899
vt 0.629014 0.906332
vt 0.629328 0.906753
vt 0.629646 0.907159
vt 0.629967 0.907548
vt 0.623085 0.906387
vt 0.630287 0.907920
vt 0.630607 0.908273
vt 0.630922 0.908603
vt 0.625351 0.909855
vt 0.613082 0.866965
vt 0.618052 0.869621
vt 0.612892 0.867306
vt 0.618176 0.869251
vt 0.613273 0.866616
vt 0.618306 0.868874
vt 0.613465 0.866257
vt 0.618441 0.868489
vt 0.613658 0.865887
vt 0.618582 0.868097
vt 0.613851 0.865507
vt 0.618730 0.867696
vt 0.614046 0.865116
vt 0.618884 0.867287
vt 0.614242 0.864712
vt 0.619045 0.866867
vt 0.614438 0.864296
vt 0.619213 0.866438
vt 0.614636 0.863866
vt 0.619388 0.865997
vt 0.614835 0.863421
vt 0.619570 0.865546
vt 0.615036 0.862962
vt 0.619761 0.865082
vt 0.615237 0.862487
vt 0.619959 0.864606
vt 0.615469 0.861934
vt 0.620218 0.863988
vt 0.615743 0.861282
vt 0.620512 0.863285
vt 0.616050 0.860550
vt 0.620836 0.862513
vt 0.616382 0.859757
vt 0.621181 0.861690
vt 0.616732 0.858922
vt 0.621540 0.860834
vt 0.617091 0.858064
vt 0.621905 0.859962
vt 0.617452 0.857203
vt 0.622269 0.859093
vt 0.617807 0.856357
vt 0.622625 0.858244
vt 0.618147 0.855546
vt 0.622965 0.857433
vt 0.618464 0.854789
vt 0.623282 0.856677
vt 0.618751 0.854105
vt 0.623568 0.855995
vt 0.618999 0.853513
vt 0.623816 0.855404
vt 0.620057 0.850946
vt 0.625129 0.852164
vt 0.620980 0.848597
vt 0.626219 0.849237
vt 0.621769 0.846440
vt 0.627100 0.846590
vt 0.622423 0.844449
vt 0.627784 0.844190
vt 0.622944 0.842599
vt 0.623331 0.840863
vt 0.628284 0.842002
vt 0.623584 0.839216
vt 0.628612 0.839993
vt 0.623703 0.837633
vt 0.628781 0.838129
vt 0.623689 0.836087
vt 0.623541 0.834553
vt 0.628805 0.836377
vt 0.623260 0.833005
vt 0.628695 0.834703
vt 0.622846 0.831417
vt 0.628464 0.833074
vt 0.622372 0.830065
vt 0.628126 0.831455
vt 0.621819 0.828759
vt 0.621191 0.827498
vt 0.627693 0.829813
vt 0.620494 0.826280
vt 0.627210 0.828329
vt 0.619731 0.825106
vt 0.618906 0.823972
vt 0.626626 0.826893
vt 0.618024 0.822879
vt 0.625953 0.825509
vt 0.617088 0.821825
vt 0.616103 0.820809
vt 0.625205 0.824177
vt 0.615072 0.819829
vt 0.614000 0.818885
vt 0.624395 0.822900
vt 0.612892 0.817975
vt 0.618103 0.815657
vt 0.623536 0.821680
vt 0.622642 0.820518
vt 0.621726 0.819417
vt 0.620800 0.818378
vt 0.619879 0.817404
vt 0.618976 0.816497
vt 0.826295 0.923536
vt 0.831710 0.923849
vt 0.826265 0.923849
vt 0.831681 0.923543
vt 0.831651 0.923214
vt 0.826324 0.923188
vt 0.831622 0.922865
vt 0.826353 0.922813
vt 0.831595 0.922501
vt 0.826380 0.922418
vt 0.831569 0.922123
vt 0.826406 0.922011
vt 0.831546 0.921736
vt 0.826429 0.921597
vt 0.831525 0.921343
vt 0.826451 0.921185
vt 0.831506 0.920946
vt 0.826469 0.920781
vt 0.831492 0.920549
vt 0.826484 0.920393
vt 0.831480 0.920156
vt 0.826495 0.920027
vt 0.831473 0.919769
vt 0.826502 0.919691
vt 0.831471 0.919391
vt 0.826504 0.919391
vt 0.826504 0.918645
vt 0.831471 0.918644
vt 0.826504 0.917400
vt 0.831471 0.917395
vt 0.826504 0.915752
vt 0.831471 0.915742
vt 0.826504 0.913799
vt 0.831471 0.913783
vt 0.826504 0.911636
vt 0.831471 0.911613
vt 0.826504 0.909362
vt 0.831471 0.909331
vt 0.826504 0.907071
vt 0.831471 0.907033
vt 0.826504 0.904863
vt 0.831471 0.904817
vt 0.826504 0.902832
vt 0.831471 0.902779
vt 0.826504 0.901076
vt 0.831471 0.901018
vt 0.826504 0.899691
vt 0.831471 0.899630
vt 0.826504 0.898775
vt 0.831471 0.898713
vt 0.826501 0.898308
vt 0.831473 0.898316
vt 0.831480 0.897904
vt 0.826490 0.897841
vt 0.831492 0.897481
vt 0.826474 0.897377
vt 0.831506 0.897052
vt 0.826453 0.896919
vt 0.831525 0.896623
vt 0.826428 0.896473
vt 0.831546 0.896197
vt 0.826400 0.896043
vt 0.831569 0.895781
vt 0.826369 0.895631
vt 0.831595 0.895378
vt 0.826336 0.895243
vt 0.831622 0.894995
vt 0.826302 0.894883
vt 0.831651 0.894635
vt 0.826269 0.894554
vt 0.831681 0.894304
vt 0.826236 0.894261
vt 0.831710 0.894007
vt 0.826205 0.894007
vt 0.905909 0.613876
vt 0.911688 0.614373
vt 0.905824 0.614373
vt 0.911642 0.613879
vt 0.911595 0.613359
vt 0.905984 0.613350
vt 0.911547 0.612818
vt 0.906050 0.612801
vt 0.911500 0.612263
vt 0.906107 0.612236
vt 0.911454 0.611699
vt 0.906156 0.611661
vt 0.911411 0.611130
vt 0.906198 0.611084
vt 0.911372 0.610563
vt 0.906231 0.610510
vt 0.911338 0.610002
vt 0.906258 0.609947
vt 0.911309 0.609454
vt 0.906278 0.609402
vt 0.911288 0.608923
vt 0.906292 0.608880
vt 0.911274 0.608414
vt 0.906300 0.608388
vt 0.911269 0.607934
vt 0.906302 0.607934
vt 0.906302 0.606199
vt 0.911269 0.597842
vt 0.906302 0.603700
vt 0.906302 0.600598
vt 0.906302 0.597051
vt 0.913311 0.597184
vt 0.915468 0.596454
vt 0.906302 0.593221
vt 0.917710 0.595663
vt 0.920008 0.594822
vt 0.922332 0.593943
vt 0.924651 0.593036
vt 0.906302 0.589267
vt 0.911269 0.592332
vt 0.926937 0.592113
vt 0.911329 0.571901
vt 0.913003 0.591751
vt 0.929159 0.591183
vt 0.914865 0.591095
vt 0.931289 0.590259
vt 0.916829 0.590374
vt 0.918869 0.589597
vt 0.933295 0.589351
vt 0.920959 0.588771
vt 0.935149 0.588470
vt 0.906302 0.585350
vt 0.923073 0.587905
vt 0.936821 0.587627
vt 0.925184 0.587009
vt 0.927267 0.586090
vt 0.929294 0.585158
vt 0.931241 0.584220
vt 0.933081 0.583286
vt 0.934787 0.582364
vt 0.906302 0.581628
vt 0.906302 0.578263
vt 0.906302 0.575413
vt 0.906302 0.573239
vt 0.906302 0.571901
vt 0.906300 0.571314
vt 0.911332 0.571393
vt 0.911339 0.570835
vt 0.906292 0.570702
vt 0.911352 0.570237
vt 0.906279 0.570072
vt 0.911369 0.569608
vt 0.906260 0.569429
vt 0.911391 0.568957
vt 0.906236 0.568781
vt 0.911419 0.568295
vt 0.906205 0.568132
vt 0.911451 0.567629
vt 0.906168 0.567490
vt 0.911489 0.566971
vt 0.906125 0.566861
vt 0.911531 0.566329
vt 0.906075 0.566251
vt 0.911578 0.565713
vt 0.906018 0.565665
vt 0.911631 0.565132
vt 0.905955 0.565112
vt 0.911688 0.564595
vt 0.905884 0.564595
vt 0.612892 0.919072
vt 0.618712 0.918579
vt 0.618743 0.919071
vt 0.618712 0.870320
vt 0.612892 0.869959
vt 0.618743 0.869962
vt 0.618679 0.918032
vt 0.618679 0.870714
vt 0.618646 0.917434
vt 0.618645 0.871144
vt 0.618612 0.916790
vt 0.618611 0.871610
vt 0.618579 0.916104
vt 0.618578 0.872112
vt 0.618548 0.915380
vt 0.618547 0.872650
vt 0.618520 0.914623
vt 0.618518 0.873223
vt 0.618495 0.913836
vt 0.618493 0.873833
vt 0.618474 0.913025
vt 0.618472 0.874480
vt 0.618457 0.912193
vt 0.618455 0.875162
vt 0.618447 0.911345
vt 0.618445 0.875880
vt 0.618443 0.910485
vt 0.618441 0.876634
vt 0.618443 0.908946
vt 0.618443 0.906707
vt 0.618443 0.903910
vt 0.618443 0.900693
vt 0.618442 0.897196
vt 0.618442 0.893559
vt 0.618442 0.889922
vt 0.618441 0.886426
vt 0.618441 0.883209
vt 0.618441 0.880411
vt 0.618441 0.878173
vt 0.612917 0.918563
vt 0.612950 0.918003
vt 0.612988 0.917396
vt 0.613023 0.916746
vt 0.613055 0.916056
vt 0.613083 0.915331
vt 0.613108 0.914575
vt 0.613129 0.913792
vt 0.613145 0.912988
vt 0.613158 0.912165
vt 0.613165 0.911328
vt 0.613168 0.910482
vt 0.613169 0.908930
vt 0.613170 0.906683
vt 0.613172 0.903880
vt 0.613175 0.897162
vt 0.613181 0.886391
vt 0.613186 0.878121
vt 0.613187 0.876569
vt 0.613182 0.875879
vt 0.613169 0.875200
vt 0.613149 0.874537
vt 0.613124 0.873894
vt 0.613094 0.873276
vt 0.613062 0.872685
vt 0.613028 0.872126
vt 0.613145 0.900660
vt 0.613137 0.893526
vt 0.613129 0.889889
vt 0.613150 0.883171
vt 0.613149 0.880368
vt 0.612989 0.871605
vt 0.612954 0.871123
vt 0.612926 0.870685
vt 0.612905 0.870296
vt 0.633034 0.930547
vt 0.634749 0.934441
vt 0.632978 0.930706
vt 0.633087 0.930353
vt 0.637719 0.903975
vt 0.632768 0.904415
vt 0.632719 0.904039
vt 0.632817 0.904804
vt 0.633136 0.930128
vt 0.632864 0.905204
vt 0.633182 0.929878
vt 0.632910 0.905613
vt 0.633222 0.929608
vt 0.632953 0.906027
vt 0.633259 0.929324
vt 0.632993 0.906445
vt 0.633290 0.929032
vt 0.633030 0.906865
vt 0.633316 0.928735
vt 0.633062 0.907283
vt 0.633336 0.928441
vt 0.633089 0.907698
vt 0.633350 0.928154
vt 0.633111 0.908107
vt 0.633357 0.927879
vt 0.633126 0.908509
vt 0.633358 0.927622
vt 0.633134 0.908900
vt 0.633144 0.909708
vt 0.633158 0.910885
vt 0.633175 0.912362
vt 0.633196 0.914068
vt 0.633218 0.915934
vt 0.633241 0.917891
vt 0.633265 0.919868
vt 0.633288 0.921796
vt 0.633310 0.923605
vt 0.633329 0.925225
vt 0.633345 0.926588
vt 0.634900 0.934393
vt 0.635058 0.934345
vt 0.635219 0.934298
vt 0.635384 0.934253
vt 0.635549 0.934209
vt 0.635713 0.934167
vt 0.635875 0.934128
vt 0.636032 0.934091
vt 0.636184 0.934059
vt 0.636329 0.934030
vt 0.636464 0.934006
vt 0.636589 0.933986
vt 0.637667 0.906348
vt 0.637677 0.906760
vt 0.637686 0.907177
vt 0.637694 0.907600
vt 0.637702 0.908030
vt 0.637708 0.908466
vt 0.637754 0.933828
vt 0.637733 0.908908
vt 0.637757 0.909583
vt 0.637779 0.910692
vt 0.637800 0.912159
vt 0.637824 0.913903
vt 0.637846 0.915848
vt 0.637867 0.917915
vt 0.637883 0.920026
vt 0.637893 0.922102
vt 0.637897 0.924065
vt 0.637897 0.925837
vt 0.637897 0.927340
vt 0.637897 0.928494
vt 0.639196 0.933633
vt 0.638908 0.928416
vt 0.637681 0.905943
vt 0.637694 0.905542
vt 0.637706 0.905145
vt 0.637715 0.904751
vt 0.637720 0.904362
vt 0.640210 0.928280
vt 0.640864 0.933399
vt 0.641751 0.928094
vt 0.642709 0.933135
vt 0.643481 0.927867
vt 0.644681 0.932847
vt 0.645346 0.927607
vt 0.646731 0.932544
vt 0.647297 0.927324
vt 0.648810 0.932234
vt 0.649281 0.927025
vt 0.650868 0.931923
vt 0.651247 0.926719
vt 0.652855 0.931621
vt 0.653144 0.926415
vt 0.654723 0.931333
vt 0.654919 0.926122
vt 0.656422 0.931069
vt 0.656523 0.925847
vt 0.657902 0.930835
vt 0.657902 0.925599
vt 0.662606 0.898187
vt 0.657694 0.898563
vt 0.657664 0.898187
vt 0.657723 0.898951
vt 0.657751 0.899350
vt 0.657747 0.941396
vt 0.662541 0.941744
vt 0.657718 0.941738
vt 0.657779 0.899759
vt 0.657773 0.941023
vt 0.657797 0.940623
vt 0.657804 0.900178
vt 0.657819 0.940203
vt 0.657828 0.900605
vt 0.657838 0.939769
vt 0.657849 0.901040
vt 0.657855 0.939328
vt 0.657867 0.901482
vt 0.657869 0.938886
vt 0.657882 0.901929
vt 0.657880 0.938448
vt 0.657893 0.902382
vt 0.657890 0.938022
vt 0.657896 0.937613
vt 0.657900 0.902840
vt 0.657900 0.937228
vt 0.657902 0.903300
vt 0.657902 0.936872
vt 0.662590 0.898628
vt 0.662574 0.899057
vt 0.662559 0.899475
vt 0.662544 0.899887
vt 0.662529 0.900295
vt 0.662513 0.900703
vt 0.662499 0.901113
vt 0.662487 0.901528
vt 0.662478 0.901952
vt 0.662471 0.902388
vt 0.662467 0.902838
vt 0.662465 0.903305
vt 0.662464 0.904536
vt 0.662462 0.906610
vt 0.662451 0.916220
vt 0.662442 0.923788
vt 0.662438 0.927421
vt 0.662431 0.933552
vt 0.662427 0.937062
vt 0.662428 0.937405
vt 0.662431 0.937781
vt 0.662436 0.938184
vt 0.662443 0.938605
vt 0.662451 0.939037
vt 0.662461 0.939472
vt 0.662473 0.939904
vt 0.662485 0.940325
vt 0.662498 0.940727
vt 0.662512 0.941102
vt 0.662526 0.941444
vt 0.662492 0.909359
vt 0.662501 0.912618
vt 0.662478 0.919999
vt 0.662460 0.930731
vt 0.662442 0.935718
vt 0.840526 0.929794
vt 0.845377 0.932207
vt 0.840517 0.930677
vt 0.840488 0.928765
vt 0.840406 0.927610
vt 0.840284 0.926350
vt 0.840127 0.925004
vt 0.839938 0.923593
vt 0.839722 0.922135
vt 0.839484 0.920651
vt 0.839226 0.919162
vt 0.838954 0.917686
vt 0.838672 0.916243
vt 0.838384 0.914854
vt 0.837991 0.913209
vt 0.837548 0.911493
vt 0.837062 0.909729
vt 0.836543 0.907940
vt 0.836000 0.906149
vt 0.845346 0.931867
vt 0.845314 0.931533
vt 0.835442 0.904380
vt 0.834879 0.902657
vt 0.845283 0.931207
vt 0.834319 0.901002
vt 0.836605 0.894274
vt 0.832512 0.895894
vt 0.832048 0.894720
vt 0.845252 0.930889
vt 0.833686 0.899174
vt 0.833016 0.897233
vt 0.845221 0.930572
vt 0.845191 0.930265
vt 0.845161 0.929968
vt 0.845134 0.929683
vt 0.845108 0.929410
vt 0.845084 0.929150
vt 0.845063 0.928904
vt 0.845044 0.928672
vt 0.844955 0.927846
vt 0.844848 0.926960
vt 0.844724 0.926021
vt 0.844585 0.925036
vt 0.844431 0.924011
vt 0.844265 0.922954
vt 0.844086 0.921872
vt 0.843897 0.920770
vt 0.843699 0.919657
vt 0.843491 0.918538
vt 0.843277 0.917422
vt 0.843056 0.916314
vt 0.841918 0.911412
vt 0.853792 0.912153
vt 0.841517 0.909887
vt 0.852095 0.907467
vt 0.841092 0.908349
vt 0.840650 0.906807
vt 0.840195 0.905270
vt 0.839731 0.903747
vt 0.839262 0.902249
vt 0.838796 0.900782
vt 0.838337 0.899357
vt 0.837888 0.897982
vt 0.837450 0.896670
vt 0.837024 0.895429
vt 0.848363 0.883250
vt 0.843876 0.885385
vt 0.843722 0.885049
vt 0.860899 0.932451
vt 0.865635 0.931004
vt 0.860986 0.932783
vt 0.860801 0.932089
vt 0.844038 0.885746
vt 0.860693 0.931702
vt 0.844207 0.886130
vt 0.860578 0.931298
vt 0.844382 0.886533
vt 0.860456 0.930881
vt 0.844561 0.886952
vt 0.860330 0.930457
vt 0.844743 0.887383
vt 0.860201 0.930034
vt 0.844925 0.887824
vt 0.860071 0.929616
vt 0.845106 0.888271
vt 0.859941 0.929209
vt 0.845285 0.888721
vt 0.859814 0.928821
vt 0.845459 0.889170
vt 0.859691 0.928455
vt 0.845628 0.889615
vt 0.859574 0.928120
vt 0.845789 0.890054
vt 0.848499 0.883611
vt 0.848640 0.883994
vt 0.848785 0.884397
vt 0.848933 0.884817
vt 0.849084 0.885253
vt 0.849237 0.885701
vt 0.849392 0.886158
vt 0.849548 0.886623
vt 0.849703 0.887093
vt 0.849860 0.887565
vt 0.850021 0.888036
vt 0.850185 0.888502
vt 0.856337 0.905711
vt 0.858036 0.910462
vt 0.863815 0.926628
vt 0.863949 0.926995
vt 0.864091 0.927370
vt 0.864238 0.927750
vt 0.864391 0.928133
vt 0.864548 0.928516
vt 0.864706 0.928898
vt 0.864866 0.929274
vt 0.865026 0.929644
vt 0.865184 0.930005
vt 0.865339 0.930353
vt 0.865489 0.930687
vt 0.858673 0.904522
vt 0.860507 0.909249
vt 0.860797 0.903218
vt 0.862797 0.907926
vt 0.862713 0.901797
vt 0.864909 0.906485
vt 0.864427 0.900256
vt 0.866845 0.904915
vt 0.865945 0.898592
vt 0.868607 0.903208
vt 0.867270 0.896801
vt 0.870195 0.901355
vt 0.868408 0.894882
vt 0.871612 0.899346
vt 0.869366 0.892831
vt 0.872861 0.897173
vt 0.870146 0.890645
vt 0.870756 0.888321
vt 0.873942 0.894825
vt 0.871199 0.885858
vt 0.874857 0.892295
vt 0.871482 0.883250
vt 0.876198 0.886649
vt 0.875609 0.889573
vt 0.731219 0.903613
vt 0.697250 0.898187
vt 0.731219 0.898187
vt 0.697250 0.903613
vt 0.717155 0.903762
vt 0.717336 0.940389
vt 0.711314 0.903793
vt 0.711495 0.940420
vt 0.816622 0.942390
vt 0.816641 0.942539
vt 0.811136 0.942547
vt 0.811153 0.942398
vt 0.816598 0.942191
vt 0.811174 0.942199
vt 0.816568 0.941945
vt 0.811197 0.941953
vt 0.816536 0.941654
vt 0.811223 0.941662
vt 0.816501 0.941320
vt 0.811250 0.941328
vt 0.816467 0.940945
vt 0.811276 0.940953
vt 0.816433 0.940531
vt 0.811300 0.940539
vt 0.816403 0.940081
vt 0.811323 0.940089
vt 0.816376 0.939597
vt 0.811342 0.939604
vt 0.816355 0.939080
vt 0.811357 0.939087
vt 0.816341 0.938533
vt 0.811366 0.938540
vt 0.816336 0.937958
vt 0.811369 0.937965
vt 0.816334 0.936463
vt 0.811367 0.936479
vt 0.811364 0.934098
vt 0.816330 0.934054
vt 0.811360 0.931008
vt 0.816326 0.930918
vt 0.811355 0.927396
vt 0.816321 0.927243
vt 0.811350 0.923452
vt 0.816316 0.923214
vt 0.811344 0.919360
vt 0.816311 0.919021
vt 0.811339 0.915311
vt 0.816305 0.914849
vt 0.795073 0.915776
vt 0.793868 0.917497
vt 0.791050 0.913291
vt 0.796376 0.914117
vt 0.811334 0.911489
vt 0.816300 0.910886
vt 0.797762 0.912526
vt 0.792398 0.911497
vt 0.799214 0.911009
vt 0.811329 0.908085
vt 0.793862 0.909746
vt 0.800718 0.909572
vt 0.816295 0.907320
vt 0.795427 0.908045
vt 0.802256 0.908221
vt 0.803813 0.906962
vt 0.811326 0.905283
vt 0.797076 0.906401
vt 0.816291 0.904338
vt 0.805373 0.905800
vt 0.798795 0.904820
vt 0.806920 0.904741
vt 0.811323 0.903273
vt 0.800567 0.903309
vt 0.808438 0.903791
vt 0.816288 0.902126
vt 0.809910 0.902956
vt 0.802376 0.901876
vt 0.811322 0.902242
vt 0.816287 0.900872
vt 0.804207 0.900527
vt 0.816289 0.900563
vt 0.816296 0.900254
vt 0.806044 0.899270
vt 0.816308 0.899948
vt 0.816325 0.899643
vt 0.816347 0.899343
vt 0.816374 0.899046
vt 0.807871 0.898110
vt 0.816406 0.898755
vt 0.816443 0.898469
vt 0.816485 0.898191
vt 0.816532 0.897920
vt 0.809673 0.897055
vt 0.816584 0.897658
vt 0.816641 0.897405
vt 0.813466 0.894685
vt 0.813356 0.894781
vt 0.813236 0.894881
vt 0.813106 0.894987
vt 0.812965 0.895096
vt 0.812814 0.895211
vt 0.812651 0.895329
vt 0.812478 0.895451
vt 0.812292 0.895577
vt 0.812095 0.895706
vt 0.811887 0.895838
vt 0.811666 0.895974
vt 0.811433 0.896112
vt 0.738236 0.786733
vt 0.738096 0.786434
vt 0.743407 0.784932
vt 0.743442 0.785138
vt 0.743482 0.785387
vt 0.738374 0.787037
vt 0.743528 0.785674
vt 0.738510 0.787347
vt 0.743580 0.785996
vt 0.738644 0.787665
vt 0.743637 0.786348
vt 0.738776 0.787992
vt 0.743702 0.786726
vt 0.738907 0.788330
vt 0.743774 0.787127
vt 0.739036 0.788681
vt 0.743853 0.787545
vt 0.739163 0.789046
vt 0.743940 0.787977
vt 0.739288 0.789427
vt 0.744036 0.788418
vt 0.739411 0.789825
vt 0.744140 0.788866
vt 0.739532 0.790242
vt 0.744254 0.789314
vt 0.739651 0.790679
vt 0.744718 0.791094
vt 0.740115 0.792441
vt 0.745224 0.793088
vt 0.740617 0.794386
vt 0.741144 0.796473
vt 0.745757 0.795254
vt 0.741677 0.798664
vt 0.746301 0.797547
vt 0.742202 0.800919
vt 0.746841 0.799924
vt 0.742702 0.803199
vt 0.747360 0.802339
vt 0.743160 0.805464
vt 0.747843 0.804751
vt 0.743560 0.807674
vt 0.748274 0.807114
vt 0.743887 0.809790
vt 0.748638 0.809384
vt 0.744123 0.811772
vt 0.748919 0.811518
vt 0.744253 0.813581
vt 0.749100 0.813472
vt 0.744260 0.815178
vt 0.749167 0.815202
vt 0.744171 0.816748
vt 0.749113 0.816922
vt 0.744004 0.818314
vt 0.743761 0.819871
vt 0.748972 0.818637
vt 0.743439 0.821414
vt 0.748747 0.820343
vt 0.743041 0.822939
vt 0.748440 0.822035
vt 0.742566 0.824442
vt 0.748052 0.823708
vt 0.742013 0.825916
vt 0.747584 0.825357
vt 0.741384 0.827358
vt 0.747040 0.826977
vt 0.740677 0.828763
vt 0.739894 0.830126
vt 0.746419 0.828564
vt 0.739033 0.831443
vt 0.745724 0.830111
vt 0.738096 0.832709
vt 0.744958 0.831615
vt 0.743214 0.834471
vt 0.744120 0.833070
vt 0.619083 0.815291
vt 0.612892 0.815319
vt 0.612972 0.814693
vt 0.613050 0.814049
vt 0.613123 0.813391
vt 0.612940 0.762604
vt 0.612892 0.762333
vt 0.615827 0.759123
vt 0.613191 0.812721
vt 0.612989 0.762923
vt 0.613036 0.763282
vt 0.613253 0.812042
vt 0.613082 0.763672
vt 0.613309 0.811358
vt 0.613125 0.764084
vt 0.613357 0.810670
vt 0.613165 0.764511
vt 0.613201 0.764943
vt 0.613398 0.809983
vt 0.613233 0.765373
vt 0.613431 0.809298
vt 0.613259 0.765790
vt 0.613454 0.808619
vt 0.613279 0.766187
vt 0.613467 0.807950
vt 0.613293 0.766555
vt 0.613470 0.807292
vt 0.613299 0.766886
vt 0.613464 0.805867
vt 0.613454 0.803419
vt 0.613440 0.800147
vt 0.613423 0.796253
vt 0.613405 0.791939
vt 0.613386 0.787405
vt 0.613366 0.782855
vt 0.613348 0.778488
vt 0.613331 0.774506
vt 0.613317 0.771111
vt 0.613306 0.768504
vt 0.618850 0.812951
vt 0.618705 0.811372
vt 0.618605 0.810196
vt 0.618533 0.809268
vt 0.618480 0.808509
vt 0.618441 0.807869
vt 0.618338 0.805073
vt 0.615984 0.759238
vt 0.616152 0.759366
vt 0.618256 0.802453
vt 0.616321 0.759497
vt 0.616496 0.759636
vt 0.618196 0.799998
vt 0.616668 0.759773
vt 0.616843 0.759913
vt 0.618157 0.797700
vt 0.617012 0.760046
vt 0.617180 0.760177
vt 0.618137 0.795549
vt 0.617338 0.760298
vt 0.617493 0.760412
vt 0.618133 0.793536
vt 0.617636 0.760512
vt 0.618136 0.791643
vt 0.618136 0.789859
vt 0.618132 0.787691
vt 0.618125 0.785107
vt 0.618110 0.782239
vt 0.618088 0.779216
vt 0.618058 0.776171
vt 0.618019 0.773234
vt 0.617974 0.770536
vt 0.617875 0.766381
vt 0.617843 0.765186
vt 0.617769 0.760598
vt 0.617935 0.768208
vt 0.618613 0.765617
vt 0.618623 0.761106
vt 0.619460 0.766158
vt 0.619580 0.761714
vt 0.620367 0.766798
vt 0.620622 0.762418
vt 0.621317 0.767526
vt 0.621729 0.763212
vt 0.622294 0.768334
vt 0.622886 0.764090
vt 0.623281 0.769210
vt 0.888167 0.920300
vt 0.888378 0.920635
vt 0.883570 0.923146
vt 0.881825 0.919485
vt 0.887964 0.919971
vt 0.887769 0.919647
vt 0.624072 0.765046
vt 0.624260 0.770145
vt 0.887580 0.919326
vt 0.887398 0.919008
vt 0.887220 0.918691
vt 0.887047 0.918375
vt 0.625271 0.766076
vt 0.625215 0.771130
vt 0.886878 0.918059
vt 0.886712 0.917741
vt 0.886548 0.917421
vt 0.626130 0.772153
vt 0.886385 0.917096
vt 0.626465 0.767174
vt 0.880268 0.915972
vt 0.886223 0.916767
vt 0.885139 0.914474
vt 0.626987 0.773206
vt 0.627635 0.768335
vt 0.627770 0.774277
vt 0.628462 0.775357
vt 0.628764 0.769552
vt 0.884154 0.912204
vt 0.630826 0.772135
vt 0.878934 0.912581
vt 0.629834 0.770820
vt 0.883290 0.909952
vt 0.877858 0.909287
vt 0.882572 0.907711
vt 0.882021 0.905477
vt 0.877077 0.906062
vt 0.881660 0.903242
vt 0.876624 0.902882
vt 0.881513 0.901002
vt 0.881603 0.898749
vt 0.876536 0.899719
vt 0.881952 0.896479
vt 0.876849 0.896547
vt 0.882583 0.894184
vt 0.883519 0.891860
vt 0.877597 0.893340
vt 0.884784 0.889500
vt 0.878815 0.890073
vt 0.885032 0.889030
vt 0.885295 0.888564
vt 0.885573 0.888103
vt 0.885862 0.887650
vt 0.886162 0.887206
vt 0.886470 0.886773
vt 0.886784 0.886353
vt 0.887102 0.885947
vt 0.887422 0.885557
vt 0.880540 0.886718
vt 0.887743 0.885185
vt 0.888062 0.884833
vt 0.888378 0.884502
vt 0.882807 0.883250
vt 0.749061 0.851497
vt 0.748871 0.851157
vt 0.754031 0.848841
vt 0.754155 0.849212
vt 0.749252 0.851847
vt 0.754285 0.849589
vt 0.749444 0.852206
vt 0.754420 0.849973
vt 0.749637 0.852575
vt 0.754561 0.850366
vt 0.749830 0.852955
vt 0.754709 0.850766
vt 0.750025 0.853347
vt 0.754863 0.851176
vt 0.750220 0.853750
vt 0.755024 0.851595
vt 0.750417 0.854167
vt 0.755192 0.852025
vt 0.750615 0.854597
vt 0.755367 0.852465
vt 0.750814 0.855041
vt 0.755549 0.852917
vt 0.751015 0.855500
vt 0.755740 0.853381
vt 0.751216 0.855975
vt 0.755938 0.853857
vt 0.751448 0.856528
vt 0.756196 0.854474
vt 0.751722 0.857180
vt 0.756491 0.855178
vt 0.752028 0.857913
vt 0.756815 0.855950
vt 0.752361 0.858706
vt 0.757160 0.856773
vt 0.752711 0.859541
vt 0.757519 0.857629
vt 0.753070 0.860399
vt 0.757884 0.858500
vt 0.753431 0.861260
vt 0.758248 0.859370
vt 0.753786 0.862106
vt 0.758604 0.860219
vt 0.754126 0.862917
vt 0.758944 0.861030
vt 0.754443 0.863674
vt 0.759261 0.861785
vt 0.754730 0.864358
vt 0.759547 0.862468
vt 0.754978 0.864950
vt 0.759795 0.863059
vt 0.756036 0.867516
vt 0.761108 0.866299
vt 0.756959 0.869865
vt 0.762198 0.869226
vt 0.757748 0.872023
vt 0.763079 0.871872
vt 0.758402 0.874013
vt 0.763763 0.874273
vt 0.758923 0.875864
vt 0.759310 0.877600
vt 0.764263 0.876461
vt 0.759563 0.879246
vt 0.764591 0.878469
vt 0.759682 0.880830
vt 0.764760 0.880333
vt 0.759668 0.882376
vt 0.759520 0.883910
vt 0.764784 0.882085
vt 0.759239 0.885458
vt 0.764674 0.883759
vt 0.758825 0.887045
vt 0.764443 0.885389
vt 0.758351 0.888398
vt 0.764105 0.887008
vt 0.757797 0.889704
vt 0.757170 0.890965
vt 0.763672 0.888650
vt 0.756473 0.892182
vt 0.763189 0.890134
vt 0.755710 0.893357
vt 0.754885 0.894490
vt 0.762605 0.891569
vt 0.754003 0.895583
vt 0.761932 0.892954
vt 0.753067 0.896637
vt 0.752082 0.897654
vt 0.761184 0.894285
vt 0.751051 0.898633
vt 0.749979 0.899577
vt 0.760374 0.895562
vt 0.748871 0.900487
vt 0.754082 0.902805
vt 0.759515 0.896783
vt 0.758621 0.897944
vt 0.757705 0.899045
vt 0.756779 0.900084
vt 0.755858 0.901058
vt 0.754955 0.901966
vt 0.743512 0.914051
vt 0.743541 0.914364
vt 0.738096 0.914364
vt 0.738126 0.914058
vt 0.738155 0.913729
vt 0.743482 0.913703
vt 0.738184 0.913381
vt 0.743454 0.913328
vt 0.738211 0.913016
vt 0.743426 0.912933
vt 0.738237 0.912639
vt 0.743401 0.912526
vt 0.738261 0.912252
vt 0.743377 0.912112
vt 0.738282 0.911858
vt 0.743356 0.911700
vt 0.738300 0.911461
vt 0.743338 0.911296
vt 0.738315 0.911065
vt 0.743323 0.910908
vt 0.738326 0.910671
vt 0.743312 0.910542
vt 0.738333 0.910284
vt 0.743305 0.910206
vt 0.738335 0.909907
vt 0.743302 0.909907
vt 0.743302 0.909160
vt 0.738335 0.909159
vt 0.743302 0.907915
vt 0.738335 0.907911
vt 0.743302 0.906267
vt 0.738335 0.906258
vt 0.743302 0.904314
vt 0.738335 0.904298
vt 0.743302 0.902151
vt 0.738335 0.902128
vt 0.743302 0.899877
vt 0.738335 0.899846
vt 0.743302 0.897587
vt 0.738335 0.897548
vt 0.743302 0.895378
vt 0.738335 0.895332
vt 0.743302 0.893347
vt 0.738335 0.893295
vt 0.743302 0.891591
vt 0.738335 0.891533
vt 0.743302 0.890206
vt 0.738335 0.890146
vt 0.743302 0.889290
vt 0.738335 0.889228
vt 0.743306 0.888824
vt 0.738333 0.888831
vt 0.738326 0.888419
vt 0.743316 0.888356
vt 0.738315 0.887996
vt 0.743332 0.887892
vt 0.738300 0.887568
vt 0.743353 0.887435
vt 0.738282 0.887138
vt 0.743378 0.886989
vt 0.738261 0.886713
vt 0.743407 0.886558
vt 0.738237 0.886296
vt 0.743438 0.886146
vt 0.738211 0.885894
vt 0.743470 0.885758
vt 0.738184 0.885510
vt 0.743504 0.885398
vt 0.738155 0.885151
vt 0.743538 0.885069
vt 0.738126 0.884820
vt 0.743570 0.884776
vt 0.738096 0.884522
vt 0.743601 0.884522
vt 0.905909 0.615208
vt 0.905824 0.614711
vt 0.911688 0.614711
vt 0.911642 0.615205
vt 0.911595 0.615725
vt 0.905984 0.615734
vt 0.911547 0.616266
vt 0.906050 0.616283
vt 0.911500 0.616821
vt 0.906107 0.616848
vt 0.911454 0.617385
vt 0.906157 0.617423
vt 0.911411 0.617954
vt 0.906198 0.618000
vt 0.911372 0.618521
vt 0.906231 0.618574
vt 0.911338 0.619082
vt 0.906258 0.619137
vt 0.911309 0.619630
vt 0.906278 0.619682
vt 0.911288 0.620161
vt 0.906292 0.620204
vt 0.911274 0.620670
vt 0.906300 0.620696
vt 0.911269 0.621150
vt 0.906302 0.621150
vt 0.906302 0.622885
vt 0.911269 0.631242
vt 0.906302 0.625384
vt 0.906302 0.628487
vt 0.906302 0.632033
vt 0.913311 0.631900
vt 0.915468 0.632630
vt 0.906302 0.635863
vt 0.917711 0.633421
vt 0.920008 0.634262
vt 0.922332 0.635141
vt 0.924651 0.636048
vt 0.906302 0.639817
vt 0.911269 0.636752
vt 0.926937 0.636971
vt 0.911329 0.657183
vt 0.913003 0.637333
vt 0.929159 0.637901
vt 0.914865 0.637989
vt 0.931289 0.638825
vt 0.916829 0.638710
vt 0.918869 0.639488
vt 0.933295 0.639733
vt 0.920959 0.640313
vt 0.935149 0.640614
vt 0.906302 0.643734
vt 0.923073 0.641179
vt 0.936821 0.641457
vt 0.925184 0.642075
vt 0.927267 0.642994
vt 0.929294 0.643926
vt 0.931241 0.644864
vt 0.933081 0.645798
vt 0.934787 0.646720
vt 0.906302 0.647456
vt 0.906302 0.650822
vt 0.906302 0.653671
vt 0.906302 0.655845
vt 0.906302 0.657183
vt 0.906300 0.657770
vt 0.911332 0.657691
vt 0.911339 0.658249
vt 0.906292 0.658382
vt 0.911352 0.658847
vt 0.906279 0.659012
vt 0.911369 0.659476
vt 0.906260 0.659655
vt 0.911391 0.660127
vt 0.906236 0.660304
vt 0.911419 0.660789
vt 0.906205 0.660952
vt 0.911451 0.661455
vt 0.906168 0.661594
vt 0.911489 0.662113
vt 0.906125 0.662223
vt 0.911531 0.662755
vt 0.906075 0.662834
vt 0.911578 0.663371
vt 0.906018 0.663419
vt 0.911631 0.663952
vt 0.905955 0.663972
vt 0.911688 0.664489
vt 0.905884 0.664489
vt 0.738096 0.834809
vt 0.743989 0.834813
vt 0.743957 0.835309
vt 0.743927 0.883829
vt 0.743958 0.884185
vt 0.738142 0.884185
vt 0.743924 0.835860
vt 0.743894 0.883438
vt 0.743890 0.836462
vt 0.743861 0.883010
vt 0.743856 0.837110
vt 0.743828 0.882547
vt 0.743823 0.837801
vt 0.743796 0.882048
vt 0.743791 0.838530
vt 0.743765 0.881514
vt 0.743762 0.839293
vt 0.743736 0.880943
vt 0.743736 0.840085
vt 0.743711 0.880337
vt 0.743714 0.840902
vt 0.743691 0.879695
vt 0.743698 0.841740
vt 0.743675 0.879017
vt 0.743687 0.842594
vt 0.743664 0.878303
vt 0.743683 0.843461
vt 0.743661 0.877553
vt 0.743682 0.845011
vt 0.743680 0.847265
vt 0.743678 0.850082
vt 0.743676 0.853323
vt 0.743674 0.856844
vt 0.743672 0.860507
vt 0.743669 0.864170
vt 0.743667 0.867692
vt 0.743665 0.870932
vt 0.743663 0.873749
vt 0.743662 0.876003
vt 0.738175 0.835734
vt 0.738226 0.836431
vt 0.738263 0.837034
vt 0.738298 0.837680
vt 0.738329 0.838366
vt 0.738357 0.839087
vt 0.738381 0.839838
vt 0.738401 0.840616
vt 0.738417 0.841416
vt 0.738429 0.842234
vt 0.738436 0.843066
vt 0.738438 0.843907
vt 0.738438 0.845449
vt 0.738438 0.847683
vt 0.738438 0.850469
vt 0.738438 0.857146
vt 0.738438 0.867852
vt 0.738439 0.876072
vt 0.738439 0.877615
vt 0.738434 0.878301
vt 0.738421 0.878976
vt 0.738401 0.879634
vt 0.738375 0.880273
vt 0.738345 0.880888
vt 0.738312 0.881475
vt 0.738279 0.882030
vt 0.738410 0.853669
vt 0.738398 0.860761
vt 0.738389 0.864376
vt 0.738406 0.871053
vt 0.738403 0.873839
vt 0.738239 0.882549
vt 0.738205 0.883028
vt 0.738177 0.883463
vt 0.738155 0.883850
vt 0.922602 0.932424
vt 0.922668 0.932612
vt 0.920562 0.937011
vt 0.922540 0.932194
vt 0.917188 0.901046
vt 0.923088 0.901144
vt 0.923028 0.901588
vt 0.922969 0.902047
vt 0.922483 0.931928
vt 0.922911 0.902519
vt 0.922431 0.931633
vt 0.922856 0.903001
vt 0.922383 0.931315
vt 0.922803 0.903490
vt 0.922342 0.930980
vt 0.922754 0.903983
vt 0.922306 0.930634
vt 0.922709 0.904478
vt 0.922277 0.930285
vt 0.922669 0.904971
vt 0.922255 0.929937
vt 0.922635 0.905461
vt 0.922240 0.929598
vt 0.922608 0.905944
vt 0.922232 0.929273
vt 0.922588 0.906417
vt 0.922233 0.928970
vt 0.922577 0.906878
vt 0.922562 0.907832
vt 0.922540 0.909221
vt 0.922513 0.910964
vt 0.922482 0.912977
vt 0.922447 0.915179
vt 0.922412 0.917488
vt 0.922375 0.919821
vt 0.922340 0.922096
vt 0.922306 0.924231
vt 0.922277 0.926143
vt 0.922252 0.927750
vt 0.920383 0.936953
vt 0.920197 0.936896
vt 0.920007 0.936840
vt 0.919813 0.936786
vt 0.919619 0.936733
vt 0.919425 0.936683
vt 0.919234 0.936636
vt 0.919049 0.936592
vt 0.918870 0.936553
vt 0.918699 0.936519
vt 0.918539 0.936489
vt 0.918392 0.936466
vt 0.917239 0.903847
vt 0.917274 0.905717
vt 0.917309 0.907480
vt 0.917339 0.909012
vt 0.917351 0.910017
vt 0.917354 0.910728
vt 0.917218 0.936302
vt 0.917322 0.912193
vt 0.917293 0.913574
vt 0.917268 0.914876
vt 0.917243 0.916234
vt 0.917216 0.917850
vt 0.917189 0.919651
vt 0.917164 0.921565
vt 0.917142 0.923520
vt 0.917126 0.925443
vt 0.917116 0.927261
vt 0.917111 0.928902
vt 0.917106 0.930293
vt 0.917102 0.931362
vt 0.915883 0.936116
vt 0.916166 0.931287
vt 0.917224 0.903368
vt 0.917210 0.902895
vt 0.917198 0.902426
vt 0.917190 0.901962
vt 0.917185 0.901502
vt 0.914961 0.931156
vt 0.914339 0.935894
vt 0.913534 0.930979
vt 0.912632 0.935643
vt 0.911934 0.930763
vt 0.910806 0.935370
vt 0.910207 0.930516
vt 0.908909 0.935083
vt 0.908402 0.930247
vt 0.906985 0.934788
vt 0.906565 0.929963
vt 0.905080 0.934494
vt 0.904746 0.929674
vt 0.903241 0.934207
vt 0.902990 0.929386
vt 0.901512 0.933934
vt 0.901347 0.929108
vt 0.899940 0.933684
vt 0.899863 0.928848
vt 0.898570 0.933462
vt 0.898587 0.928614
vt 0.894318 0.903214
vt 0.898894 0.903231
vt 0.898865 0.903579
vt 0.898837 0.903938
vt 0.898809 0.904307
vt 0.898678 0.943168
vt 0.898703 0.943479
vt 0.894318 0.943468
vt 0.898782 0.904686
vt 0.898655 0.942828
vt 0.898635 0.942464
vt 0.898757 0.905074
vt 0.898616 0.942082
vt 0.898734 0.905469
vt 0.898600 0.941688
vt 0.898714 0.905872
vt 0.898587 0.941286
vt 0.898695 0.906281
vt 0.898575 0.940884
vt 0.898680 0.906696
vt 0.898566 0.940486
vt 0.898669 0.907115
vt 0.898559 0.940099
vt 0.898554 0.939727
vt 0.898661 0.907538
vt 0.898551 0.939376
vt 0.898657 0.907965
vt 0.898551 0.939052
vt 0.894355 0.903828
vt 0.894388 0.904387
vt 0.894415 0.904893
vt 0.894437 0.905352
vt 0.894455 0.905767
vt 0.894469 0.906144
vt 0.894481 0.906517
vt 0.894490 0.906895
vt 0.894497 0.907280
vt 0.894502 0.907676
vt 0.894504 0.908086
vt 0.894504 0.908511
vt 0.894502 0.909631
vt 0.894498 0.911517
vt 0.894478 0.920256
vt 0.894463 0.927139
vt 0.894455 0.930442
vt 0.894443 0.936018
vt 0.894435 0.939211
vt 0.894434 0.939522
vt 0.894430 0.939865
vt 0.894424 0.940230
vt 0.894416 0.940613
vt 0.894407 0.941006
vt 0.894397 0.941402
vt 0.894385 0.941795
vt 0.894373 0.942178
vt 0.894359 0.942543
vt 0.894346 0.942884
vt 0.894332 0.943195
vt 0.894462 0.914017
vt 0.894443 0.916981
vt 0.894441 0.923693
vt 0.894425 0.933453
vt 0.894425 0.937988
vt 0.910181 0.851308
vt 0.910358 0.850381
vt 0.915773 0.849886
vt 0.909922 0.852377
vt 0.909590 0.853567
vt 0.909194 0.854859
vt 0.908743 0.856232
vt 0.908245 0.857667
vt 0.907710 0.859144
vt 0.907144 0.860643
vt 0.906558 0.862145
vt 0.905959 0.863628
vt 0.905357 0.865074
vt 0.904759 0.866463
vt 0.903999 0.868096
vt 0.903169 0.869792
vt 0.902285 0.871528
vt 0.901361 0.873284
vt 0.900412 0.875035
vt 0.915668 0.850235
vt 0.915564 0.850577
vt 0.899452 0.876760
vt 0.898495 0.878436
vt 0.915462 0.850912
vt 0.897557 0.880041
vt 0.898890 0.886803
vt 0.894318 0.885331
vt 0.895036 0.884232
vt 0.915361 0.851238
vt 0.896661 0.881559
vt 0.895831 0.882973
vt 0.915264 0.851555
vt 0.915169 0.851863
vt 0.915077 0.852160
vt 0.914990 0.852446
vt 0.914907 0.852720
vt 0.914828 0.852981
vt 0.914755 0.853228
vt 0.914688 0.853461
vt 0.914424 0.854287
vt 0.914130 0.855170
vt 0.913808 0.856104
vt 0.913461 0.857082
vt 0.913091 0.858097
vt 0.912700 0.859142
vt 0.912292 0.860211
vt 0.911869 0.861297
vt 0.911434 0.862392
vt 0.910989 0.863491
vt 0.910538 0.864586
vt 0.910081 0.865671
vt 0.907896 0.870438
vt 0.920208 0.872323
vt 0.907168 0.871910
vt 0.917496 0.876743
vt 0.906413 0.873390
vt 0.905640 0.874871
vt 0.904854 0.876343
vt 0.904062 0.877798
vt 0.903270 0.879229
vt 0.902488 0.880627
vt 0.901721 0.881984
vt 0.900975 0.883291
vt 0.900254 0.884538
vt 0.899560 0.885713
vt 0.908637 0.900708
vt 0.904259 0.897833
vt 0.904486 0.897523
vt 0.931469 0.853561
vt 0.931610 0.853274
vt 0.935535 0.855827
vt 0.931311 0.853873
vt 0.904727 0.897189
vt 0.931141 0.854205
vt 0.904980 0.896834
vt 0.930960 0.854553
vt 0.905244 0.896460
vt 0.930771 0.854910
vt 0.905514 0.896071
vt 0.930577 0.855273
vt 0.905789 0.895670
vt 0.930380 0.855635
vt 0.906068 0.895259
vt 0.930183 0.855992
vt 0.906346 0.894842
vt 0.929989 0.856338
vt 0.906623 0.894422
vt 0.929800 0.856668
vt 0.906895 0.894001
vt 0.929620 0.856978
vt 0.907160 0.893582
vt 0.929450 0.857262
vt 0.907417 0.893169
vt 0.909496 0.899022
vt 0.910173 0.897711
vt 0.910728 0.896646
vt 0.911198 0.895757
vt 0.911601 0.895002
vt 0.911953 0.894352
vt 0.912264 0.893787
vt 0.912540 0.893292
vt 0.912787 0.892856
vt 0.913018 0.892455
vt 0.913253 0.892057
vt 0.913490 0.891662
vt 0.922321 0.877132
vt 0.924760 0.873121
vt 0.933056 0.859471
vt 0.933247 0.859162
vt 0.933446 0.858847
vt 0.933652 0.858529
vt 0.933863 0.858209
vt 0.934077 0.857889
vt 0.934293 0.857571
vt 0.934510 0.857258
vt 0.934724 0.856951
vt 0.934936 0.856653
vt 0.935143 0.856365
vt 0.935343 0.856089
vt 0.924239 0.878686
vt 0.926796 0.874723
vt 0.925941 0.880302
vt 0.928647 0.876390
vt 0.927431 0.881984
vt 0.930313 0.878130
vt 0.928714 0.883736
vt 0.931793 0.879952
vt 0.929793 0.885562
vt 0.933088 0.881865
vt 0.930673 0.887465
vt 0.934198 0.883878
vt 0.931359 0.889448
vt 0.935122 0.885999
vt 0.931854 0.891516
vt 0.935861 0.888237
vt 0.932162 0.893673
vt 0.932288 0.895921
vt 0.936414 0.890601
vt 0.932236 0.898265
vt 0.936782 0.893100
vt 0.932010 0.900708
vt 0.936960 0.898535
vt 0.936964 0.895741
vt 0.662944 0.903613
vt 0.662944 0.898187
vt 0.696912 0.898187
vt 0.696912 0.903613
vt 0.677008 0.903762
vt 0.676827 0.940389
vt 0.682848 0.903793
vt 0.682667 0.940420
vt 0.741887 0.734718
vt 0.695895 0.671142
vt 0.727836 0.585956
vt 0.757077 0.564595
vt 0.711582 0.638853
vt 0.737879 0.592939
vt 0.723538 0.609268
vt 0.747852 0.579598
vt 0.743877 0.612426
vt 0.750223 0.585264
vt 0.764784 0.624641
vt 0.755285 0.588197
vt 0.760169 0.657158
vt 0.750047 0.590477
vt 0.764784 0.693617
vt 0.758476 0.582040
vt 0.877870 0.574425
vt 0.883378 0.578252
vt 0.866849 0.603218
vt 0.860360 0.600459
vt 0.884932 0.579611
vt 0.867883 0.603527
vt 0.886447 0.581024
vt 0.868845 0.603821
vt 0.887917 0.582490
vt 0.869674 0.604134
vt 0.889336 0.584004
vt 0.870444 0.604446
vt 0.890700 0.585561
vt 0.871103 0.604788
vt 0.892005 0.587158
vt 0.871714 0.605137
vt 0.893248 0.588787
vt 0.872236 0.605519
vt 0.894428 0.590443
vt 0.872722 0.605911
vt 0.895543 0.592119
vt 0.873137 0.606334
vt 0.896593 0.593808
vt 0.873527 0.606765
vt 0.897579 0.595503
vt 0.873893 0.607201
vt 0.898503 0.597197
vt 0.874256 0.607643
vt 0.899886 0.600382
vt 0.875349 0.608254
vt 0.900720 0.602212
vt 0.875746 0.609058
vt 0.901517 0.604145
vt 0.876176 0.609915
vt 0.902264 0.606170
vt 0.876633 0.610815
vt 0.902949 0.608279
vt 0.877109 0.611747
vt 0.903563 0.610461
vt 0.877597 0.612700
vt 0.904099 0.612704
vt 0.878090 0.613662
vt 0.904550 0.614994
vt 0.878582 0.614624
vt 0.904913 0.617318
vt 0.879068 0.615575
vt 0.905186 0.619663
vt 0.879542 0.616505
vt 0.905370 0.622012
vt 0.880002 0.617406
vt 0.905468 0.624354
vt 0.880444 0.618270
vt 0.905486 0.626674
vt 0.880868 0.619092
vt 0.905456 0.628888
vt 0.881271 0.619815
vt 0.905344 0.631130
vt 0.881660 0.620543
vt 0.905149 0.633389
vt 0.882031 0.621268
vt 0.904870 0.635656
vt 0.882382 0.621985
vt 0.904513 0.637920
vt 0.882714 0.622689
vt 0.904081 0.640171
vt 0.883027 0.623375
vt 0.903584 0.642400
vt 0.883325 0.624041
vt 0.903029 0.644600
vt 0.883611 0.624682
vt 0.902430 0.646763
vt 0.883892 0.625297
vt 0.901800 0.648883
vt 0.884176 0.625883
vt 0.901155 0.650955
vt 0.884470 0.626439
vt 0.900514 0.652977
vt 0.884786 0.626963
vt 0.897877 0.656146
vt 0.883699 0.628156
vt 0.897276 0.658079
vt 0.884110 0.628603
vt 0.896657 0.660005
vt 0.884517 0.629052
vt 0.896023 0.661924
vt 0.884923 0.629505
vt 0.895373 0.663837
vt 0.885327 0.629961
vt 0.894709 0.665743
vt 0.885731 0.630419
vt 0.894033 0.667642
vt 0.886134 0.630880
vt 0.893344 0.669535
vt 0.886539 0.631343
vt 0.892646 0.671421
vt 0.886944 0.631808
vt 0.891939 0.673301
vt 0.887352 0.632275
vt 0.891225 0.675176
vt 0.887762 0.632742
vt 0.890506 0.677045
vt 0.888173 0.633207
vt 0.889782 0.678909
vt 0.888589 0.633671
vt 0.888604 0.680774
vt 0.888713 0.634302
vt 0.887331 0.682623
vt 0.888812 0.634955
vt 0.885964 0.684450
vt 0.888890 0.635628
vt 0.884503 0.686253
vt 0.888967 0.636339
vt 0.882951 0.688029
vt 0.889037 0.637062
vt 0.881309 0.689775
vt 0.889107 0.637792
vt 0.879583 0.691488
vt 0.889201 0.638547
vt 0.877774 0.693166
vt 0.889309 0.639299
vt 0.875888 0.694808
vt 0.889435 0.640046
vt 0.873929 0.696412
vt 0.889604 0.640801
vt 0.871904 0.697978
vt 0.889801 0.641540
vt 0.869818 0.699507
vt 0.890031 0.642263
vt 0.857737 0.697162
vt 0.881657 0.641067
vt 0.840198 0.691749
vt 0.870675 0.632692
vt 0.837379 0.694136
vt 0.871237 0.632459
vt 0.834502 0.696475
vt 0.871772 0.632235
vt 0.831568 0.698766
vt 0.872279 0.632032
vt 0.828583 0.701009
vt 0.872741 0.631872
vt 0.825552 0.703207
vt 0.873187 0.631753
vt 0.822480 0.705364
vt 0.873623 0.631686
vt 0.819374 0.707483
vt 0.874054 0.631680
vt 0.816242 0.709570
vt 0.874488 0.631741
vt 0.813094 0.711633
vt 0.874933 0.631874
vt 0.809938 0.713680
vt 0.875398 0.632079
vt 0.806785 0.715722
vt 0.875894 0.632355
vt 0.803647 0.717768
vt 0.876428 0.632695
vt 0.793932 0.713736
vt 0.871525 0.627066
vt 0.790490 0.715641
vt 0.872539 0.627127
vt 0.786997 0.717486
vt 0.873532 0.627206
vt 0.783455 0.719272
vt 0.874419 0.627262
vt 0.779867 0.720999
vt 0.875999 0.627148
vt 0.776236 0.722672
vt 0.877577 0.626976
vt 0.772566 0.724292
vt 0.879151 0.626752
vt 0.768860 0.725863
vt 0.880711 0.626488
vt 0.765122 0.727389
vt 0.882483 0.625919
vt 0.768616 0.722684
vt 0.880661 0.628519
vt 0.772168 0.718044
vt 0.878873 0.631164
vt 0.775780 0.713475
vt 0.877124 0.633867
vt 0.779451 0.708977
vt 0.875418 0.636647
vt 0.765122 0.678630
vt 0.858057 0.617679
vt 0.765378 0.671658
vt 0.855715 0.617424
vt 0.765954 0.665118
vt 0.853685 0.617177
vt 0.766805 0.658962
vt 0.851908 0.616927
vt 0.767890 0.653140
vt 0.850339 0.616661
vt 0.769176 0.647607
vt 0.848941 0.616366
vt 0.770634 0.642315
vt 0.847686 0.616027
vt 0.772243 0.637223
vt 0.846552 0.615631
vt 0.773986 0.632292
vt 0.845522 0.615165
vt 0.775854 0.627488
vt 0.844585 0.614618
vt 0.777843 0.622786
vt 0.843732 0.613984
vt 0.779954 0.618166
vt 0.842962 0.613258
vt 0.782190 0.613616
vt 0.842276 0.612441
vt 0.784572 0.606439
vt 0.842544 0.608689
vt 0.786995 0.602817
vt 0.843329 0.607741
vt 0.789493 0.599499
vt 0.844179 0.606880
vt 0.792050 0.596457
vt 0.845091 0.606098
vt 0.794656 0.593660
vt 0.846065 0.605388
vt 0.797304 0.591079
vt 0.847102 0.604739
vt 0.799988 0.588684
vt 0.848209 0.604137
vt 0.802708 0.586450
vt 0.849391 0.603572
vt 0.805465 0.584352
vt 0.850659 0.603029
vt 0.808260 0.582370
vt 0.852023 0.602496
vt 0.811097 0.580488
vt 0.853494 0.601960
vt 0.813978 0.578693
vt 0.855083 0.601409
vt 0.816904 0.576975
vt 0.856664 0.601078
vt 0.825680 0.565505
vt 0.861824 0.590485
vt 0.827445 0.565336
vt 0.861747 0.590334
vt 0.829208 0.565192
vt 0.861672 0.590183
vt 0.830969 0.565075
vt 0.861599 0.590034
vt 0.832727 0.564984
vt 0.861527 0.589889
vt 0.834481 0.564922
vt 0.861455 0.589747
vt 0.836228 0.564889
vt 0.861384 0.589610
vt 0.837970 0.564885
vt 0.861312 0.589479
vt 0.839703 0.564910
vt 0.861238 0.589355
vt 0.841428 0.564965
vt 0.860646 0.589562
vt 0.843143 0.565048
vt 0.860052 0.589780
vt 0.844847 0.565158
vt 0.859454 0.590012
vt 0.846539 0.565295
vt 0.858853 0.590255
vt 0.850065 0.564595
vt 0.860353 0.590285
vt 0.851652 0.564848
vt 0.859810 0.590588
vt 0.853246 0.565116
vt 0.859274 0.590898
vt 0.854846 0.565401
vt 0.858744 0.591217
vt 0.856449 0.565705
vt 0.858220 0.591542
vt 0.858054 0.566030
vt 0.857702 0.591875
vt 0.859660 0.566378
vt 0.857188 0.592215
vt 0.861264 0.566748
vt 0.856679 0.592559
vt 0.862865 0.567141
vt 0.856173 0.592909
vt 0.864461 0.567557
vt 0.855670 0.593262
vt 0.866051 0.567996
vt 0.855168 0.593617
vt 0.867634 0.568456
vt 0.854666 0.593974
vt 0.869207 0.568936
vt 0.854163 0.594329
vt 0.717978 0.839463
vt 0.719046 0.844113
vt 0.650981 0.778794
vt 0.652006 0.781142
vt 0.719725 0.849159
vt 0.649638 0.776451
vt 0.720025 0.854565
vt 0.647995 0.774112
vt 0.719973 0.860288
vt 0.646077 0.771765
vt 0.719609 0.866276
vt 0.643927 0.769392
vt 0.718994 0.872470
vt 0.641598 0.766961
vt 0.718207 0.878804
vt 0.639166 0.764425
vt 0.717350 0.885202
vt 0.636737 0.761701
vt 0.716546 0.891580
vt 0.634480 0.758643
vt 0.715941 0.897849
vt 0.632719 0.754998
vt 0.711469 0.896253
vt 0.633799 0.755153
vt 0.707799 0.894202
vt 0.634789 0.755015
vt 0.704014 0.892232
vt 0.635527 0.755535
vt 0.699621 0.890606
vt 0.636149 0.756439
vt 0.694829 0.889205
vt 0.637359 0.757352
vt 0.689825 0.887922
vt 0.638237 0.758051
vt 0.684782 0.886676
vt 0.638801 0.758482
vt 0.679859 0.885402
vt 0.639099 0.758630
vt 0.675202 0.884054
vt 0.639212 0.758515
vt 0.670950 0.882598
vt 0.639235 0.758187
vt 0.667233 0.881012
vt 0.639273 0.757713
vt 0.664177 0.879281
vt 0.639433 0.757176
vt 0.661899 0.877393
vt 0.639811 0.756654
vt 0.660510 0.875340
vt 0.640489 0.756222
vt 0.659595 0.873206
vt 0.641327 0.755850
vt 0.658724 0.871069
vt 0.642168 0.755477
vt 0.657896 0.868930
vt 0.643012 0.755104
vt 0.657110 0.866788
vt 0.643858 0.754729
vt 0.656363 0.864644
vt 0.644706 0.754354
vt 0.655654 0.862500
vt 0.645556 0.753977
vt 0.654983 0.860354
vt 0.646407 0.753598
vt 0.654347 0.858208
vt 0.647258 0.753218
vt 0.653746 0.856062
vt 0.648110 0.752836
vt 0.653178 0.853917
vt 0.648962 0.752451
vt 0.652642 0.851772
vt 0.649813 0.752064
vt 0.652138 0.849628
vt 0.650581 0.752918
vt 0.644557 0.847618
vt 0.645735 0.752870
vt 0.644267 0.845728
vt 0.646423 0.753382
vt 0.643982 0.843841
vt 0.647096 0.753890
vt 0.643705 0.841957
vt 0.647754 0.754393
vt 0.643441 0.840076
vt 0.648400 0.754892
vt 0.643193 0.838199
vt 0.649034 0.755390
vt 0.642965 0.836327
vt 0.649658 0.755886
vt 0.642760 0.834458
vt 0.650274 0.756382
vt 0.642581 0.832594
vt 0.650884 0.756879
vt 0.642429 0.830735
vt 0.651488 0.757379
vt 0.642308 0.828882
vt 0.652089 0.757882
vt 0.642218 0.827035
vt 0.652689 0.758389
vt 0.642163 0.825195
vt 0.653288 0.758902
vt 0.641706 0.823284
vt 0.653631 0.759268
vt 0.640933 0.821312
vt 0.653745 0.759496
vt 0.639940 0.819293
vt 0.653666 0.759603
vt 0.638816 0.817244
vt 0.653433 0.759602
vt 0.637638 0.815183
vt 0.653088 0.759512
vt 0.636474 0.813131
vt 0.652671 0.759354
vt 0.635386 0.811109
vt 0.652225 0.759150
vt 0.634427 0.809138
vt 0.651792 0.758929
vt 0.633643 0.807240
vt 0.651412 0.758719
vt 0.633074 0.805434
vt 0.651125 0.758550
vt 0.632756 0.803739
vt 0.650966 0.758453
vt 0.632719 0.802172
vt 0.650969 0.758455
vt 0.633240 0.800858
vt 0.651350 0.758712
vt 0.633759 0.799545
vt 0.651722 0.758963
vt 0.634281 0.798235
vt 0.652086 0.759212
vt 0.634810 0.796929
vt 0.652447 0.759458
vt 0.635349 0.795630
vt 0.652806 0.759704
vt 0.635900 0.794339
vt 0.653166 0.759951
vt 0.636467 0.793057
vt 0.653529 0.760201
vt 0.637052 0.791786
vt 0.653897 0.760454
vt 0.637655 0.790526
vt 0.654272 0.760713
vt 0.638279 0.789279
vt 0.654655 0.760977
vt 0.638923 0.788045
vt 0.655050 0.761249
vt 0.639587 0.786825
vt 0.655456 0.761529
vt 0.638748 0.784594
vt 0.654772 0.760624
vt 0.639483 0.783497
vt 0.655185 0.760826
vt 0.640221 0.782402
vt 0.655597 0.761025
vt 0.640964 0.781311
vt 0.656008 0.761221
vt 0.641712 0.780225
vt 0.656417 0.761415
vt 0.642466 0.779142
vt 0.656826 0.761606
vt 0.643226 0.778065
vt 0.657234 0.761796
vt 0.643992 0.776994
vt 0.657641 0.761985
vt 0.644764 0.775928
vt 0.658046 0.762172
vt 0.645544 0.774868
vt 0.658451 0.762358
vt 0.646330 0.773814
vt 0.658853 0.762544
vt 0.647122 0.772766
vt 0.659254 0.762729
vt 0.647921 0.771725
vt 0.659653 0.762913
vt 0.648591 0.770488
vt 0.660103 0.762932
vt 0.649269 0.769233
vt 0.660573 0.762900
vt 0.649972 0.767980
vt 0.661061 0.762819
vt 0.650711 0.766745
vt 0.661565 0.762696
vt 0.651496 0.765546
vt 0.662087 0.762534
vt 0.652329 0.764396
vt 0.662620 0.762341
vt 0.653212 0.763308
vt 0.663163 0.762122
vt 0.654143 0.762293
vt 0.663707 0.761884
vt 0.655116 0.761357
vt 0.664244 0.761637
vt 0.656125 0.760508
vt 0.664774 0.761386
vt 0.657163 0.759747
vt 0.665283 0.761139
vt 0.658221 0.759073
vt 0.665722 0.760853
vt 0.659459 0.757965
vt 0.665856 0.759836
vt 0.660565 0.757585
vt 0.665911 0.759767
vt 0.661675 0.757215
vt 0.665968 0.759700
vt 0.662791 0.756859
vt 0.666025 0.759635
vt 0.663912 0.756517
vt 0.666083 0.759574
vt 0.665038 0.756190
vt 0.666141 0.759517
vt 0.666168 0.755880
vt 0.666199 0.759463
vt 0.667302 0.755587
vt 0.666258 0.759414
vt 0.668440 0.755309
vt 0.666317 0.759367
vt 0.669581 0.755047
vt 0.666375 0.759324
vt 0.670724 0.754799
vt 0.666432 0.759282
vt 0.671869 0.754564
vt 0.666488 0.759242
vt 0.673014 0.754340
vt 0.666543 0.759203
vt 0.674535 0.754721
vt 0.666870 0.759551
vt 0.675715 0.754601
vt 0.666851 0.759530
vt 0.676899 0.754499
vt 0.666833 0.759512
vt 0.678088 0.754418
vt 0.666815 0.759499
vt 0.679280 0.754356
vt 0.666797 0.759488
vt 0.680476 0.754314
vt 0.666780 0.759480
vt 0.681675 0.754292
vt 0.666762 0.759475
vt 0.682875 0.754287
vt 0.666748 0.759484
vt 0.684077 0.754299
vt 0.666733 0.759494
vt 0.685279 0.754324
vt 0.666717 0.759502
vt 0.686481 0.754359
vt 0.666699 0.759506
vt 0.687682 0.754401
vt 0.666680 0.759507
vt 0.688881 0.754446
vt 0.666659 0.759501
vt 0.690162 0.754897
vt 0.666665 0.759726
vt 0.691507 0.755742
vt 0.666829 0.760054
vt 0.692898 0.756959
vt 0.667057 0.760666
vt 0.694313 0.758515
vt 0.667416 0.761510
vt 0.695728 0.760362
vt 0.667796 0.762459
vt 0.697123 0.762443
vt 0.668158 0.763435
vt 0.698479 0.764686
vt 0.668476 0.764366
vt 0.699787 0.767007
vt 0.668731 0.765191
vt 0.701049 0.769308
vt 0.668923 0.765850
vt 0.702280 0.771477
vt 0.669059 0.766283
vt 0.703512 0.773383
vt 0.669158 0.766430
vt 0.704797 0.774884
vt 0.669239 0.766231
vt 0.706165 0.775969
vt 0.669320 0.765720
vt 0.707524 0.777066
vt 0.669401 0.765202
vt 0.708874 0.778174
vt 0.669481 0.764677
vt 0.710215 0.779296
vt 0.669561 0.764148
vt 0.711548 0.780432
vt 0.669640 0.763614
vt 0.712870 0.781585
vt 0.669718 0.763077
vt 0.714183 0.782755
vt 0.669794 0.762539
vt 0.715484 0.783945
vt 0.669870 0.762000
vt 0.716772 0.785158
vt 0.669944 0.761462
vt 0.718046 0.786396
vt 0.670015 0.760926
vt 0.719304 0.787663
vt 0.670084 0.760394
vt 0.720545 0.788960
vt 0.670150 0.759867
vt 0.719571 0.794346
vt 0.667136 0.761450
vt 0.720953 0.795707
vt 0.667227 0.761368
vt 0.722317 0.797100
vt 0.667315 0.761300
vt 0.723661 0.798524
vt 0.667400 0.761244
vt 0.724986 0.799978
vt 0.667482 0.761200
vt 0.726292 0.801463
vt 0.667562 0.761168
vt 0.727578 0.802979
vt 0.667640 0.761146
vt 0.728844 0.804526
vt 0.667717 0.761135
vt 0.730090 0.806102
vt 0.667792 0.761133
vt 0.731317 0.807707
vt 0.667868 0.761139
vt 0.732523 0.809341
vt 0.667943 0.761153
vt 0.733710 0.811003
vt 0.668018 0.761173
vt 0.734878 0.812692
vt 0.668094 0.761199
vt 0.601879 0.886776
vt 0.602043 0.886723
vt 0.600673 0.839546
vt 0.600268 0.839144
vt 0.602291 0.886802
vt 0.600686 0.839787
vt 0.602677 0.887156
vt 0.600398 0.839830
vt 0.603192 0.887901
vt 0.599882 0.839649
vt 0.603777 0.889117
vt 0.599205 0.839226
vt 0.604344 0.890835
vt 0.598434 0.838544
vt 0.604787 0.893018
vt 0.597646 0.837594
vt 0.605006 0.895528
vt 0.596943 0.836367
vt 0.604964 0.898104
vt 0.596462 0.834863
vt 0.604769 0.900367
vt 0.596376 0.833094
vt 0.604747 0.901930
vt 0.596898 0.831088
vt 0.605362 0.902654
vt 0.598209 0.828895
vt 0.605788 0.902812
vt 0.599508 0.826645
vt 0.605870 0.902371
vt 0.600798 0.824341
vt 0.605985 0.901949
vt 0.602083 0.821987
vt 0.606126 0.901546
vt 0.603365 0.819588
vt 0.606291 0.901163
vt 0.604647 0.817146
vt 0.606481 0.900798
vt 0.605933 0.814666
vt 0.606693 0.900452
vt 0.607227 0.812150
vt 0.606928 0.900125
vt 0.608532 0.809603
vt 0.607185 0.899816
vt 0.609852 0.807028
vt 0.607465 0.899525
vt 0.611192 0.804427
vt 0.607767 0.899253
vt 0.612554 0.801805
vt 0.601476 0.899129
vt 0.604972 0.798522
vt 0.602316 0.899956
vt 0.606079 0.795397
vt 0.603129 0.900781
vt 0.607065 0.792249
vt 0.603922 0.901595
vt 0.607928 0.789075
vt 0.604700 0.902393
vt 0.608666 0.785873
vt 0.605474 0.903165
vt 0.609281 0.782641
vt 0.606255 0.903904
vt 0.609773 0.779379
vt 0.607058 0.904601
vt 0.610144 0.776085
vt 0.607903 0.905247
vt 0.610397 0.772758
vt 0.608812 0.905832
vt 0.610536 0.769399
vt 0.609806 0.906351
vt 0.610563 0.766006
vt 0.610907 0.906798
vt 0.610485 0.762581
vt 0.612136 0.907186
vt 0.610306 0.759123
vt 0.612554 0.903000
vt 0.608307 0.763781
vt 0.612007 0.898786
vt 0.605063 0.768394
vt 0.610774 0.894968
vt 0.601023 0.772945
vt 0.609171 0.891783
vt 0.596567 0.777414
vt 0.607442 0.889310
vt 0.592003 0.781773
vt 0.605743 0.887537
vt 0.587581 0.785989
vt 0.604167 0.886408
vt 0.583502 0.790019
vt 0.602769 0.885838
vt 0.579932 0.793814
vt 0.601590 0.885714
vt 0.577010 0.797323
vt 0.600671 0.885891
vt 0.574862 0.800496
vt 0.600070 0.886179
vt 0.573606 0.803286
vt 0.599871 0.886354
vt 0.573354 0.805659
vt 0.600088 0.886279
vt 0.574055 0.807648
vt 0.600274 0.886175
vt 0.574810 0.809583
vt 0.600440 0.886045
vt 0.575621 0.811463
vt 0.600597 0.885891
vt 0.576492 0.813287
vt 0.600752 0.885713
vt 0.577425 0.815054
vt 0.600915 0.885511
vt 0.578421 0.816764
vt 0.601090 0.885285
vt 0.579483 0.818416
vt 0.601285 0.885036
vt 0.580612 0.820013
vt 0.601505 0.884762
vt 0.581809 0.821554
vt 0.601753 0.884465
vt 0.583074 0.823042
vt 0.602032 0.884145
vt 0.584409 0.824479
vt 0.602346 0.883807
vt 0.585814 0.825867
vt 0.598069 0.885137
vt 0.582317 0.828584
vt 0.598456 0.885292
vt 0.583835 0.829620
vt 0.598811 0.885455
vt 0.585320 0.830637
vt 0.599136 0.885623
vt 0.586778 0.831626
vt 0.599436 0.885792
vt 0.588212 0.832584
vt 0.599714 0.885957
vt 0.589629 0.833506
vt 0.599978 0.886118
vt 0.591032 0.834388
vt 0.600233 0.886271
vt 0.592426 0.835224
vt 0.600487 0.886414
vt 0.593813 0.836013
vt 0.600749 0.886544
vt 0.595198 0.836750
vt 0.601027 0.886656
vt 0.596584 0.837434
vt 0.601332 0.886747
vt 0.597972 0.838061
vt 0.601674 0.886810
vt 0.599366 0.838631
vt 0.664295 0.720766
vt 0.665377 0.722049
vt 0.690747 0.642219
vt 0.689860 0.645853
vt 0.666447 0.723326
vt 0.691541 0.638548
vt 0.667506 0.724603
vt 0.692246 0.634840
vt 0.668557 0.725883
vt 0.692866 0.631099
vt 0.669616 0.727202
vt 0.693406 0.627326
vt 0.670672 0.728531
vt 0.693876 0.623524
vt 0.671729 0.729873
vt 0.694285 0.619696
vt 0.672807 0.731264
vt 0.694643 0.615845
vt 0.673892 0.732672
vt 0.694965 0.611975
vt 0.675006 0.734132
vt 0.695264 0.608088
vt 0.676136 0.735612
vt 0.695557 0.604187
vt 0.671126 0.735337
vt 0.684052 0.598338
vt 0.672183 0.737665
vt 0.683985 0.593579
vt 0.673215 0.739993
vt 0.683787 0.588799
vt 0.674226 0.742323
vt 0.683463 0.583996
vt 0.675225 0.744659
vt 0.683021 0.579174
vt 0.676219 0.747002
vt 0.682472 0.574332
vt 0.677215 0.749357
vt 0.681828 0.569472
vt 0.678223 0.751726
vt 0.681102 0.564595
vt 0.679333 0.748254
vt 0.680234 0.571338
vt 0.680456 0.744800
vt 0.679517 0.578068
vt 0.681598 0.741365
vt 0.678959 0.584783
vt 0.682765 0.737949
vt 0.678567 0.591483
vt 0.683961 0.734551
vt 0.678342 0.598168
vt 0.672833 0.729554
vt 0.658747 0.605606
vt 0.671482 0.728235
vt 0.655348 0.611043
vt 0.670019 0.727032
vt 0.652043 0.616454
vt 0.668494 0.725955
vt 0.648911 0.621822
vt 0.666952 0.725008
vt 0.646016 0.627128
vt 0.665438 0.724190
vt 0.643409 0.632351
vt 0.663998 0.723499
vt 0.641133 0.637471
vt 0.662681 0.722925
vt 0.639217 0.642468
vt 0.661558 0.722443
vt 0.637684 0.647321
vt 0.660708 0.721995
vt 0.636546 0.652014
vt 0.660193 0.721560
vt 0.635809 0.656532
vt 0.659943 0.721096
vt 0.635471 0.660864
vt 0.659930 0.720556
vt 0.635523 0.665000
vt 0.657379 0.721952
vt 0.632719 0.670433
vt 0.657839 0.722465
vt 0.633219 0.674093
vt 0.658194 0.723144
vt 0.633800 0.677663
vt 0.658510 0.724045
vt 0.634486 0.681116
vt 0.659111 0.723534
vt 0.635298 0.684428
vt 0.659696 0.723041
vt 0.636249 0.687581
vt 0.660272 0.722545
vt 0.637347 0.690558
vt 0.660845 0.721972
vt 0.638595 0.693347
vt 0.661414 0.721222
vt 0.639992 0.695937
vt 0.662008 0.720420
vt 0.641534 0.698323
vt 0.662629 0.719633
vt 0.643213 0.700503
vt 0.663264 0.718845
vt 0.645020 0.702477
vt 0.663888 0.717982
vt 0.646943 0.704251
vt 0.661632 0.722602
vt 0.645296 0.710396
vt 0.661855 0.722637
vt 0.647387 0.710336
vt 0.662056 0.722668
vt 0.649465 0.710249
vt 0.662176 0.722629
vt 0.651531 0.710128
vt 0.662297 0.722592
vt 0.653586 0.709969
vt 0.662418 0.722554
vt 0.655632 0.709765
vt 0.662542 0.722515
vt 0.657669 0.709516
vt 0.662668 0.722473
vt 0.659698 0.709218
vt 0.662797 0.722429
vt 0.661722 0.708873
vt 0.662931 0.722381
vt 0.663741 0.708480
vt 0.663070 0.722329
vt 0.665758 0.708042
vt 0.663215 0.722275
vt 0.667774 0.707562
vt 0.663366 0.722221
vt 0.669793 0.707045
vt 0.662312 0.721648
vt 0.670467 0.705707
vt 0.662416 0.721807
vt 0.672432 0.704887
vt 0.662515 0.721960
vt 0.674375 0.704024
vt 0.662612 0.722104
vt 0.676295 0.703114
vt 0.662709 0.722238
vt 0.678193 0.702157
vt 0.662809 0.722360
vt 0.680070 0.701151
vt 0.662916 0.722468
vt 0.681926 0.700098
vt 0.663034 0.722562
vt 0.683762 0.698999
vt 0.663167 0.722639
vt 0.685579 0.697854
vt 0.663318 0.722699
vt 0.687381 0.696668
vt 0.663492 0.722745
vt 0.689169 0.695442
vt 0.663692 0.722777
vt 0.690945 0.694183
vt 0.663921 0.722801
vt 0.692715 0.692893
vt 0.664567 0.722439
vt 0.694102 0.691177
vt 0.665008 0.721801
vt 0.695021 0.688930
vt 0.665244 0.720967
vt 0.695498 0.686176
vt 0.665278 0.720025
vt 0.695557 0.682958
vt 0.665116 0.719071
vt 0.695231 0.679333
vt 0.664763 0.718227
vt 0.694560 0.675369
vt 0.664286 0.717692
vt 0.693603 0.671148
vt 0.663623 0.717466
vt 0.692445 0.666758
vt 0.663103 0.717576
vt 0.691205 0.662293
vt 0.662795 0.717948
vt 0.690048 0.657852
vt 0.662797 0.718590
vt 0.689184 0.653536
vt 0.663203 0.719506
vt 0.688880 0.649447
vt 0.805967 0.871447
vt 0.805400 0.874199
vt 0.804319 0.730447
vt 0.804126 0.730649
vt 0.804596 0.876983
vt 0.804494 0.730223
vt 0.803589 0.879798
vt 0.804687 0.729960
vt 0.802417 0.882645
vt 0.804939 0.729643
vt 0.801119 0.885524
vt 0.805290 0.729263
vt 0.799739 0.888433
vt 0.805787 0.728816
vt 0.798326 0.891374
vt 0.806471 0.728302
vt 0.796931 0.894347
vt 0.807382 0.727727
vt 0.796171 0.889944
vt 0.808066 0.730804
vt 0.795712 0.885592
vt 0.808558 0.733815
vt 0.795579 0.881292
vt 0.808929 0.736776
vt 0.789243 0.876447
vt 0.805816 0.740541
vt 0.784099 0.871853
vt 0.803289 0.742869
vt 0.779961 0.867501
vt 0.801541 0.744683
vt 0.776663 0.863378
vt 0.800126 0.746256
vt 0.774059 0.859465
vt 0.798932 0.747651
vt 0.772018 0.855742
vt 0.797995 0.748891
vt 0.770424 0.852186
vt 0.797243 0.750010
vt 0.769171 0.848771
vt 0.796628 0.751028
vt 0.768170 0.845477
vt 0.796096 0.751964
vt 0.767342 0.842281
vt 0.795632 0.752819
vt 0.766623 0.839165
vt 0.795182 0.753601
vt 0.765963 0.836115
vt 0.794708 0.754320
vt 0.765588 0.833215
vt 0.794386 0.754994
vt 0.765326 0.830403
vt 0.794083 0.755611
vt 0.765172 0.827678
vt 0.793799 0.756176
vt 0.765122 0.825041
vt 0.793539 0.756696
vt 0.765174 0.822494
vt 0.793305 0.757175
vt 0.765330 0.820040
vt 0.793101 0.757619
vt 0.765589 0.817680
vt 0.792933 0.758032
vt 0.765953 0.815417
vt 0.792825 0.758429
vt 0.766424 0.813254
vt 0.792762 0.758806
vt 0.767002 0.811191
vt 0.792748 0.759166
vt 0.767688 0.809231
vt 0.792819 0.759531
vt 0.768483 0.807373
vt 0.792948 0.759888
vt 0.765988 0.803826
vt 0.790438 0.757930
vt 0.766760 0.802299
vt 0.790854 0.757487
vt 0.767578 0.800863
vt 0.791282 0.757021
vt 0.768439 0.799520
vt 0.791723 0.756533
vt 0.769339 0.798270
vt 0.792178 0.756024
vt 0.770273 0.797112
vt 0.792646 0.755494
vt 0.771238 0.796046
vt 0.793130 0.754945
vt 0.772228 0.795072
vt 0.793628 0.754375
vt 0.773239 0.794189
vt 0.794142 0.753786
vt 0.774266 0.793397
vt 0.794672 0.753175
vt 0.775302 0.792695
vt 0.795218 0.752543
vt 0.776342 0.792081
vt 0.795780 0.751886
vt 0.777378 0.791557
vt 0.796356 0.751204
vt 0.778286 0.791067
vt 0.796922 0.750419
vt 0.779234 0.790704
vt 0.797513 0.749634
vt 0.780195 0.790452
vt 0.798078 0.748799
vt 0.781141 0.790301
vt 0.798602 0.747898
vt 0.782042 0.790239
vt 0.799078 0.746921
vt 0.782867 0.790262
vt 0.799499 0.745854
vt 0.783583 0.790367
vt 0.799863 0.744684
vt 0.784158 0.790554
vt 0.800185 0.743390
vt 0.784555 0.790827
vt 0.800507 0.741933
vt 0.784735 0.791191
vt 0.801049 0.740276
vt 0.784652 0.791652
vt 0.801416 0.738249
vt 0.784253 0.792218
vt 0.801406 0.735872
vt 0.785662 0.793513
vt 0.801855 0.735105
vt 0.786946 0.794827
vt 0.802223 0.734345
vt 0.788119 0.796173
vt 0.802501 0.733664
vt 0.789192 0.797560
vt 0.802689 0.733122
vt 0.790181 0.798998
vt 0.802812 0.732707
vt 0.791105 0.800491
vt 0.802891 0.732401
vt 0.791983 0.802045
vt 0.802945 0.732186
vt 0.792837 0.803661
vt 0.802988 0.732045
vt 0.793693 0.805339
vt 0.803037 0.731963
vt 0.794576 0.807078
vt 0.803108 0.731932
vt 0.795518 0.808875
vt 0.803219 0.731947
vt 0.796551 0.810725
vt 0.803389 0.732005
vt 0.797653 0.812618
vt 0.803608 0.732097
vt 0.798742 0.814542
vt 0.803830 0.732214
vt 0.799819 0.816495
vt 0.804059 0.732353
vt 0.800883 0.818477
vt 0.804297 0.732512
vt 0.801935 0.820486
vt 0.804547 0.732690
vt 0.802974 0.822521
vt 0.804813 0.732884
vt 0.804000 0.824582
vt 0.805095 0.733094
vt 0.805013 0.826666
vt 0.805397 0.733318
vt 0.806013 0.828773
vt 0.805719 0.733555
vt 0.806999 0.830903
vt 0.806064 0.733805
vt 0.807971 0.833054
vt 0.806433 0.734068
vt 0.808929 0.835226
vt 0.806827 0.734342
vt 0.801131 0.837751
vt 0.799020 0.734425
vt 0.801850 0.840227
vt 0.799496 0.734035
vt 0.802525 0.842721
vt 0.799953 0.733664
vt 0.803154 0.845233
vt 0.800394 0.733309
vt 0.803733 0.847764
vt 0.800819 0.732972
vt 0.804262 0.850314
vt 0.801230 0.732651
vt 0.804735 0.852884
vt 0.801629 0.732346
vt 0.805152 0.855473
vt 0.802017 0.732058
vt 0.805508 0.858082
vt 0.802396 0.731785
vt 0.805801 0.860712
vt 0.802768 0.731528
vt 0.806027 0.863362
vt 0.803138 0.731286
vt 0.806183 0.866033
vt 0.803506 0.731059
vt 0.806266 0.868725
vt 0.803878 0.730846
vt 0.764784 0.817303
vt 0.764701 0.817451
vt 0.759463 0.750204
vt 0.759617 0.750472
vt 0.764192 0.817694
vt 0.759357 0.750323
vt 0.763352 0.818036
vt 0.759161 0.750317
vt 0.762274 0.818477
vt 0.758908 0.750112
vt 0.761051 0.819015
vt 0.758605 0.749662
vt 0.759776 0.819648
vt 0.758247 0.748952
vt 0.758547 0.820373
vt 0.757829 0.747999
vt 0.757470 0.821184
vt 0.757360 0.746863
vt 0.756664 0.822075
vt 0.756890 0.745651
vt 0.756257 0.823033
vt 0.756524 0.744512
vt 0.756391 0.824043
vt 0.756418 0.743608
vt 0.757158 0.825081
vt 0.756713 0.743019
vt 0.757891 0.826137
vt 0.757002 0.742455
vt 0.758597 0.827210
vt 0.757295 0.741923
vt 0.759281 0.828301
vt 0.757600 0.741431
vt 0.759948 0.829411
vt 0.757922 0.740986
vt 0.760606 0.830538
vt 0.758271 0.740592
vt 0.761262 0.831682
vt 0.758654 0.740255
vt 0.761924 0.832843
vt 0.759079 0.739970
vt 0.762598 0.834020
vt 0.759552 0.739731
vt 0.763293 0.835210
vt 0.760076 0.739527
vt 0.764019 0.836413
vt 0.760656 0.739348
vt 0.764784 0.837627
vt 0.761292 0.739186
vt 0.757141 0.839278
vt 0.754221 0.738663
vt 0.757907 0.840781
vt 0.754953 0.738035
vt 0.758595 0.842296
vt 0.755670 0.737410
vt 0.759211 0.843824
vt 0.756381 0.736796
vt 0.759758 0.845368
vt 0.757093 0.736198
vt 0.760240 0.846928
vt 0.757818 0.735617
vt 0.760663 0.848503
vt 0.758564 0.735056
vt 0.760992 0.846819
vt 0.759316 0.736155
vt 0.761319 0.845151
vt 0.759991 0.737275
vt 0.761651 0.843499
vt 0.760594 0.738413
vt 0.761995 0.841865
vt 0.761132 0.739571
vt 0.762359 0.840248
vt 0.761612 0.740746
vt 0.762748 0.838648
vt 0.762043 0.741941
vt 0.762492 0.837078
vt 0.762159 0.743377
vt 0.761606 0.835554
vt 0.761961 0.744968
vt 0.760269 0.834086
vt 0.761558 0.746527
vt 0.758639 0.832681
vt 0.761048 0.747907
vt 0.756858 0.831347
vt 0.760502 0.749022
vt 0.755054 0.830091
vt 0.759960 0.749839
vt 0.753343 0.828920
vt 0.759442 0.750366
vt 0.751831 0.827843
vt 0.758964 0.750643
vt 0.750621 0.826868
vt 0.758548 0.750735
vt 0.749813 0.826001
vt 0.758239 0.750733
vt 0.749505 0.825247
vt 0.758106 0.750739
vt 0.749795 0.824602
vt 0.758260 0.750842
vt 0.750608 0.824041
vt 0.758692 0.751036
vt 0.751384 0.823487
vt 0.759091 0.751246
vt 0.752132 0.822943
vt 0.759462 0.751477
vt 0.752860 0.822411
vt 0.759812 0.751725
vt 0.753577 0.821892
vt 0.760145 0.751991
vt 0.754291 0.821388
vt 0.760467 0.752272
vt 0.755009 0.820900
vt 0.760785 0.752565
vt 0.755738 0.820429
vt 0.761103 0.752867
vt 0.756487 0.819975
vt 0.761426 0.753175
vt 0.757261 0.819537
vt 0.761759 0.753486
vt 0.758068 0.819115
vt 0.762105 0.753796
vt 0.758913 0.818708
vt 0.762467 0.754103
vt 0.754429 0.818102
vt 0.758226 0.753682
vt 0.755314 0.817952
vt 0.758381 0.753476
vt 0.756178 0.817813
vt 0.758527 0.753261
vt 0.757024 0.817687
vt 0.758665 0.753038
vt 0.757854 0.817576
vt 0.758796 0.752807
vt 0.758673 0.817479
vt 0.758921 0.752569
vt 0.759484 0.817397
vt 0.759041 0.752325
vt 0.760289 0.817331
vt 0.759158 0.752077
vt 0.761092 0.817281
vt 0.759273 0.751824
vt 0.761895 0.817248
vt 0.759376 0.751575
vt 0.762703 0.817230
vt 0.759480 0.751323
vt 0.763517 0.817227
vt 0.759586 0.751068
vt 0.764342 0.817239
vt 0.759697 0.750814
vt 0.594968 0.739810
vt 0.594316 0.739168
vt 0.579845 0.651697
vt 0.580689 0.647836
vt 0.593563 0.738507
vt 0.578951 0.655528
vt 0.592786 0.737800
vt 0.578061 0.659314
vt 0.592076 0.737075
vt 0.577220 0.663041
vt 0.591441 0.736372
vt 0.576468 0.666694
vt 0.590883 0.735721
vt 0.575835 0.670260
vt 0.590403 0.735136
vt 0.575346 0.673725
vt 0.590001 0.734619
vt 0.575019 0.677080
vt 0.589679 0.734158
vt 0.574868 0.680312
vt 0.589445 0.733730
vt 0.574900 0.683413
vt 0.589302 0.733294
vt 0.575117 0.686377
vt 0.587355 0.733986
vt 0.573354 0.689838
vt 0.587794 0.734261
vt 0.574269 0.692233
vt 0.588120 0.734594
vt 0.575247 0.694523
vt 0.588384 0.734991
vt 0.576301 0.696698
vt 0.588611 0.735471
vt 0.577439 0.698748
vt 0.588822 0.736045
vt 0.578669 0.700664
vt 0.589031 0.736721
vt 0.579997 0.702440
vt 0.589250 0.737508
vt 0.581428 0.704072
vt 0.589486 0.738414
vt 0.582965 0.705559
vt 0.589743 0.739444
vt 0.584611 0.706905
vt 0.590025 0.740603
vt 0.586370 0.708114
vt 0.589796 0.741113
vt 0.588244 0.709196
vt 0.588763 0.740653
vt 0.590237 0.710167
vt 0.588444 0.738854
vt 0.592092 0.711012
vt 0.588440 0.736480
vt 0.593644 0.711639
vt 0.589040 0.734004
vt 0.595007 0.711986
vt 0.590209 0.731775
vt 0.596258 0.712021
vt 0.591749 0.729982
vt 0.597443 0.711739
vt 0.593433 0.728688
vt 0.598580 0.711150
vt 0.595062 0.727876
vt 0.599676 0.710276
vt 0.596481 0.727476
vt 0.600743 0.709146
vt 0.597586 0.727376
vt 0.601806 0.707797
vt 0.598346 0.727443
vt 0.602915 0.706278
vt 0.598831 0.727526
vt 0.604151 0.704652
vt 0.599213 0.727505
vt 0.605623 0.702996
vt 0.599631 0.727382
vt 0.607299 0.701351
vt 0.600024 0.727224
vt 0.608945 0.699671
vt 0.600397 0.727036
vt 0.610561 0.697953
vt 0.600752 0.726823
vt 0.612146 0.696199
vt 0.601094 0.726591
vt 0.613700 0.694408
vt 0.601424 0.726344
vt 0.615221 0.692581
vt 0.601746 0.726086
vt 0.616710 0.690717
vt 0.602061 0.725820
vt 0.618164 0.688817
vt 0.602372 0.725549
vt 0.619585 0.686881
vt 0.602678 0.725275
vt 0.620970 0.684909
vt 0.602982 0.725000
vt 0.622319 0.682901
vt 0.603283 0.724725
vt 0.623632 0.680857
vt 0.600648 0.723495
vt 0.621321 0.676924
vt 0.600718 0.723724
vt 0.622495 0.674581
vt 0.600780 0.723957
vt 0.623620 0.672203
vt 0.600833 0.724195
vt 0.624696 0.669789
vt 0.600878 0.724438
vt 0.625723 0.667342
vt 0.600917 0.724686
vt 0.626702 0.664861
vt 0.600950 0.724941
vt 0.627635 0.662347
vt 0.600978 0.725202
vt 0.628524 0.659802
vt 0.601004 0.725471
vt 0.629370 0.657227
vt 0.601004 0.725728
vt 0.630175 0.654624
vt 0.601003 0.725994
vt 0.630943 0.651995
vt 0.601003 0.726269
vt 0.631678 0.649341
vt 0.601007 0.726553
vt 0.632381 0.646664
vt 0.600492 0.726766
vt 0.632176 0.643592
vt 0.599770 0.726244
vt 0.630671 0.639964
vt 0.598494 0.725726
vt 0.627990 0.635852
vt 0.596750 0.725450
vt 0.624270 0.631341
vt 0.594618 0.725580
vt 0.619669 0.626520
vt 0.592184 0.726239
vt 0.614369 0.621480
vt 0.589550 0.727529
vt 0.608591 0.616301
vt 0.586846 0.729533
vt 0.602608 0.611053
vt 0.584252 0.732307
vt 0.596760 0.605788
vt 0.582039 0.735813
vt 0.591467 0.600542
vt 0.580579 0.739787
vt 0.587241 0.595335
vt 0.580247 0.743627
vt 0.584688 0.590178
vt 0.581028 0.746638
vt 0.584652 0.585081
vt 0.581883 0.749659
vt 0.584473 0.579975
vt 0.582828 0.752692
vt 0.584163 0.574858
vt 0.583871 0.755734
vt 0.583736 0.569731
vt 0.585011 0.758785
vt 0.583211 0.564595
vt 0.586091 0.757018
vt 0.582759 0.568945
vt 0.587058 0.755245
vt 0.582377 0.573283
vt 0.587935 0.753461
vt 0.582085 0.577610
vt 0.588746 0.751661
vt 0.581903 0.581924
vt 0.589502 0.749922
vt 0.581846 0.586225
vt 0.590250 0.748166
vt 0.581927 0.590512
vt 0.591007 0.746393
vt 0.582158 0.594784
vt 0.587939 0.745938
vt 0.573354 0.599574
vt 0.588611 0.745506
vt 0.573957 0.603312
vt 0.589265 0.745070
vt 0.574547 0.607046
vt 0.589905 0.744629
vt 0.575133 0.610775
vt 0.590533 0.744185
vt 0.575724 0.614499
vt 0.591152 0.743737
vt 0.576328 0.618216
vt 0.591765 0.743285
vt 0.576953 0.621924
vt 0.592373 0.742829
vt 0.577604 0.625624
vt 0.592981 0.742366
vt 0.578287 0.629314
vt 0.593590 0.741898
vt 0.579007 0.632993
vt 0.594204 0.741422
vt 0.579768 0.636661
vt 0.594826 0.740938
vt 0.580573 0.640317
vt 0.595458 0.740445
vt 0.581425 0.643961
vt 0.894318 0.849548
vt 0.895611 0.848480
vt 0.895463 0.730519
vt 0.894318 0.727727
vt 0.896896 0.847415
vt 0.896617 0.733279
vt 0.898172 0.846355
vt 0.897785 0.736006
vt 0.899443 0.845301
vt 0.898973 0.738699
vt 0.900709 0.844252
vt 0.900186 0.741356
vt 0.901972 0.843210
vt 0.901429 0.743977
vt 0.903233 0.842175
vt 0.902705 0.746560
vt 0.904493 0.841147
vt 0.904019 0.749105
vt 0.905754 0.840126
vt 0.905372 0.751613
vt 0.907017 0.839114
vt 0.906768 0.754081
vt 0.908282 0.838109
vt 0.908209 0.756511
vt 0.909551 0.837112
vt 0.909697 0.758903
vt 0.909773 0.836010
vt 0.908663 0.761172
vt 0.910087 0.835045
vt 0.908013 0.763245
vt 0.910471 0.834188
vt 0.907656 0.765130
vt 0.910903 0.833423
vt 0.907516 0.766832
vt 0.911377 0.832761
vt 0.907527 0.768357
vt 0.911890 0.832239
vt 0.907638 0.769706
vt 0.912411 0.831855
vt 0.907807 0.770880
vt 0.912915 0.831613
vt 0.908003 0.771877
vt 0.913372 0.831525
vt 0.908199 0.772694
vt 0.913757 0.831624
vt 0.908378 0.773326
vt 0.914060 0.831965
vt 0.908521 0.773766
vt 0.914181 0.832526
vt 0.908614 0.774010
vt 0.914913 0.832762
vt 0.910697 0.773933
vt 0.915652 0.832960
vt 0.912783 0.773825
vt 0.916317 0.833002
vt 0.914869 0.773688
vt 0.916981 0.833026
vt 0.916955 0.773522
vt 0.917642 0.833027
vt 0.919039 0.773326
vt 0.918301 0.833005
vt 0.921119 0.773101
vt 0.918959 0.832956
vt 0.923194 0.772846
vt 0.919614 0.832878
vt 0.925262 0.772562
vt 0.920267 0.832768
vt 0.927322 0.772247
vt 0.920918 0.832625
vt 0.929372 0.771900
vt 0.921567 0.832445
vt 0.931411 0.771521
vt 0.922218 0.832228
vt 0.933436 0.771109
vt 0.918496 0.831205
vt 0.930494 0.769487
vt 0.916438 0.830858
vt 0.928878 0.767783
vt 0.915016 0.830677
vt 0.927350 0.765813
vt 0.913257 0.831132
vt 0.925873 0.763595
vt 0.911594 0.831743
vt 0.924413 0.761143
vt 0.910041 0.832516
vt 0.922926 0.758465
vt 0.908509 0.833511
vt 0.921353 0.755564
vt 0.906973 0.834724
vt 0.919609 0.752438
vt 0.905380 0.836177
vt 0.917579 0.749074
vt 0.903657 0.837906
vt 0.915113 0.745453
vt 0.901708 0.839966
vt 0.912023 0.741550
vt 0.899419 0.842440
vt 0.908085 0.737339
vt 0.896672 0.845438
vt 0.903040 0.732796
vt 0.841646 0.865288
vt 0.841246 0.864927
vt 0.838402 0.826043
vt 0.838820 0.823545
vt 0.840956 0.864361
vt 0.837707 0.828490
vt 0.840943 0.863926
vt 0.836914 0.830850
vt 0.841072 0.863798
vt 0.836156 0.833091
vt 0.841216 0.864007
vt 0.835532 0.835179
vt 0.841291 0.864500
vt 0.835105 0.837079
vt 0.841260 0.865181
vt 0.834925 0.838761
vt 0.841124 0.865939
vt 0.835029 0.840207
vt 0.840913 0.866663
vt 0.835453 0.841411
vt 0.840706 0.867250
vt 0.836235 0.842391
vt 0.840626 0.867616
vt 0.837416 0.843189
vt 0.840753 0.867760
vt 0.838970 0.843876
vt 0.840878 0.867879
vt 0.840545 0.844529
vt 0.841005 0.867977
vt 0.842143 0.845151
vt 0.841135 0.868057
vt 0.843761 0.845743
vt 0.841271 0.868122
vt 0.845399 0.846309
vt 0.841414 0.868177
vt 0.847058 0.846851
vt 0.841563 0.868222
vt 0.848737 0.847373
vt 0.841720 0.868263
vt 0.850435 0.847878
vt 0.841884 0.868300
vt 0.852152 0.848371
vt 0.842056 0.868337
vt 0.853888 0.848855
vt 0.842233 0.868377
vt 0.855642 0.849335
vt 0.842414 0.868422
vt 0.857413 0.849815
vt 0.841118 0.867185
vt 0.857621 0.848728
vt 0.841241 0.867365
vt 0.859454 0.848987
vt 0.841356 0.867537
vt 0.861275 0.849220
vt 0.841466 0.867700
vt 0.863084 0.849423
vt 0.841573 0.867851
vt 0.864883 0.849593
vt 0.841678 0.867988
vt 0.866672 0.849726
vt 0.841784 0.868108
vt 0.868453 0.849820
vt 0.841892 0.868212
vt 0.870226 0.849872
vt 0.842004 0.868298
vt 0.871991 0.849879
vt 0.842125 0.868366
vt 0.873750 0.849839
vt 0.842255 0.868415
vt 0.875502 0.849751
vt 0.842399 0.868445
vt 0.877249 0.849612
vt 0.842561 0.868456
vt 0.878991 0.849421
vt 0.842681 0.868038
vt 0.880467 0.848610
vt 0.842744 0.867261
vt 0.881675 0.847109
vt 0.842725 0.866301
vt 0.882658 0.844967
vt 0.842588 0.865307
vt 0.883449 0.842254
vt 0.842296 0.864401
vt 0.884075 0.839051
vt 0.841817 0.863700
vt 0.884570 0.835457
vt 0.841137 0.863326
vt 0.884977 0.831588
vt 0.840272 0.863417
vt 0.885368 0.827577
vt 0.839303 0.864117
vt 0.885847 0.823584
vt 0.838404 0.865535
vt 0.886563 0.819795
vt 0.837124 0.866734
vt 0.887719 0.816431
vt 0.836179 0.868279
vt 0.889561 0.813758
vt 0.835384 0.869204
vt 0.890822 0.810435
vt 0.834833 0.870266
vt 0.891881 0.806857
vt 0.834448 0.871480
vt 0.892733 0.803023
vt 0.834135 0.872844
vt 0.893369 0.798934
vt 0.833877 0.874315
vt 0.893786 0.794595
vt 0.833656 0.875834
vt 0.893980 0.790010
vt 0.833492 0.877285
vt 0.893947 0.785185
vt 0.833451 0.878460
vt 0.893686 0.780127
vt 0.833688 0.879007
vt 0.893197 0.774846
vt 0.834184 0.878968
vt 0.892480 0.769354
vt 0.835078 0.878401
vt 0.891535 0.763663
vt 0.835909 0.878049
vt 0.890362 0.757787
vt 0.832054 0.877005
vt 0.883114 0.748864
vt 0.832048 0.878714
vt 0.881008 0.742046
vt 0.832236 0.880644
vt 0.878447 0.734997
vt 0.832897 0.882912
vt 0.875420 0.727727
vt 0.834769 0.880225
vt 0.869495 0.730596
vt 0.835776 0.877669
vt 0.863864 0.733478
vt 0.836213 0.875329
vt 0.858539 0.736372
vt 0.836261 0.873259
vt 0.853531 0.739275
vt 0.836023 0.871502
vt 0.848852 0.742183
vt 0.835582 0.870133
vt 0.844512 0.745091
vt 0.834932 0.869216
vt 0.840519 0.747990
vt 0.834074 0.868846
vt 0.836880 0.750874
vt 0.833076 0.868933
vt 0.833604 0.753734
vt 0.833581 0.868692
vt 0.833619 0.756590
vt 0.834086 0.868436
vt 0.833681 0.759441
vt 0.834592 0.868166
vt 0.833786 0.762288
vt 0.835099 0.867884
vt 0.833933 0.765130
vt 0.835609 0.867591
vt 0.834121 0.767968
vt 0.836122 0.867288
vt 0.834346 0.770801
vt 0.836638 0.866978
vt 0.834608 0.773630
vt 0.837159 0.866660
vt 0.834905 0.776454
vt 0.837763 0.866238
vt 0.835234 0.779275
vt 0.838371 0.865811
vt 0.835594 0.782091
vt 0.838983 0.865379
vt 0.835984 0.784904
vt 0.839599 0.864944
vt 0.836401 0.787713
vt 0.837419 0.864915
vt 0.832048 0.790698
vt 0.837789 0.864980
vt 0.832516 0.793266
vt 0.838155 0.865045
vt 0.832995 0.795828
vt 0.838517 0.865109
vt 0.833488 0.798383
vt 0.838877 0.865170
vt 0.833996 0.800932
vt 0.839233 0.865229
vt 0.834520 0.803474
vt 0.839589 0.865283
vt 0.835062 0.806008
vt 0.839943 0.865332
vt 0.835623 0.808534
vt 0.840297 0.865374
vt 0.836204 0.811052
vt 0.840651 0.865408
vt 0.836805 0.813562
vt 0.841007 0.865433
vt 0.837429 0.816063
vt 0.841366 0.865446
vt 0.838075 0.818555
vt 0.841728 0.865447
vt 0.838745 0.821038
vt 0.822138 0.857115
vt 0.822385 0.858173
vt 0.819744 0.801356
vt 0.819354 0.802065
vt 0.822616 0.859366
vt 0.819922 0.800529
vt 0.822832 0.860726
vt 0.819903 0.799572
vt 0.823024 0.862284
vt 0.819704 0.798473
vt 0.823174 0.864065
vt 0.819349 0.797226
vt 0.823253 0.866083
vt 0.818862 0.795825
vt 0.823224 0.868338
vt 0.818274 0.794265
vt 0.823043 0.870808
vt 0.817625 0.792546
vt 0.822662 0.873451
vt 0.816963 0.790666
vt 0.822040 0.876177
vt 0.816347 0.788630
vt 0.820865 0.877713
vt 0.815849 0.786443
vt 0.821285 0.878629
vt 0.817219 0.784064
vt 0.821751 0.879495
vt 0.818584 0.781654
vt 0.822266 0.880309
vt 0.819943 0.779213
vt 0.822832 0.881068
vt 0.821296 0.776745
vt 0.823451 0.881772
vt 0.822640 0.774251
vt 0.824126 0.882419
vt 0.823976 0.771730
vt 0.824857 0.883009
vt 0.825301 0.769186
vt 0.825645 0.883542
vt 0.826615 0.766618
vt 0.826487 0.884019
vt 0.827915 0.764027
vt 0.827384 0.884441
vt 0.829199 0.761414
vt 0.828338 0.884815
vt 0.830465 0.758779
vt 0.829346 0.885140
vt 0.831710 0.756124
vt 0.820462 0.886316
vt 0.821903 0.753065
vt 0.821368 0.887336
vt 0.823224 0.749963
vt 0.822262 0.888329
vt 0.824431 0.746847
vt 0.823152 0.889292
vt 0.825525 0.743713
vt 0.824045 0.890225
vt 0.826510 0.740561
vt 0.824954 0.891128
vt 0.827389 0.737387
vt 0.825892 0.892002
vt 0.828166 0.734190
vt 0.826876 0.892849
vt 0.828847 0.730971
vt 0.827925 0.893669
vt 0.829438 0.727727
vt 0.829011 0.890784
vt 0.829930 0.731660
vt 0.830012 0.887876
vt 0.830449 0.735569
vt 0.830917 0.884946
vt 0.831005 0.739454
vt 0.831710 0.881993
vt 0.831609 0.743313
vt 0.831127 0.877813
vt 0.829365 0.747112
vt 0.830355 0.874027
vt 0.826899 0.750811
vt 0.829485 0.870675
vt 0.824338 0.754404
vt 0.828581 0.867752
vt 0.821787 0.757884
vt 0.827698 0.865227
vt 0.819335 0.761243
vt 0.826867 0.863066
vt 0.817055 0.764474
vt 0.826108 0.861229
vt 0.815006 0.767568
vt 0.825437 0.859676
vt 0.813237 0.770517
vt 0.824866 0.858364
vt 0.811787 0.773314
vt 0.824408 0.857247
vt 0.810689 0.775953
vt 0.824072 0.856275
vt 0.809966 0.778431
vt 0.823869 0.855397
vt 0.809638 0.780748
vt 0.823643 0.854571
vt 0.809423 0.782962
vt 0.823403 0.853800
vt 0.809301 0.785075
vt 0.823162 0.853082
vt 0.809267 0.787086
vt 0.822925 0.852419
vt 0.809318 0.788995
vt 0.822700 0.851808
vt 0.809448 0.790801
vt 0.822492 0.851245
vt 0.809654 0.792502
vt 0.822305 0.850725
vt 0.809932 0.794098
vt 0.822145 0.850242
vt 0.810277 0.795589
vt 0.822016 0.849786
vt 0.810685 0.796974
vt 0.821924 0.849345
vt 0.811151 0.798254
vt 0.821877 0.848903
vt 0.811672 0.799427
vt 0.821884 0.848439
vt 0.812242 0.800494
vt 0.819418 0.848958
vt 0.809981 0.801964
vt 0.819800 0.849305
vt 0.810692 0.802582
vt 0.820084 0.849683
vt 0.811422 0.803098
vt 0.820302 0.850098
vt 0.812167 0.803514
vt 0.820479 0.850556
vt 0.812920 0.803828
vt 0.820634 0.851062
vt 0.813678 0.804041
vt 0.820778 0.851620
vt 0.814435 0.804153
vt 0.820920 0.852233
vt 0.815188 0.804163
vt 0.821069 0.852903
vt 0.815931 0.804070
vt 0.821231 0.853632
vt 0.816662 0.803876
vt 0.821412 0.854419
vt 0.817376 0.803578
vt 0.821619 0.855263
vt 0.818069 0.803177
vt 0.821861 0.856164
vt 0.818737 0.802673
s 0
usemtl UI
f 11/1/1 13/2/1 12/3/1
f 11/1/1 14/4/1 13/2/1
f 11/1/1 15/5/1 14/4/1
f 10/6/1 15/5/1 11/1/1
f 10/6/1 16/7/1 15/5/1
f 9/8/1 16/7/1 10/6/1
f 9/8/1 17/9/1 16/7/1
f 8/10/1 17/9/1 9/8/1
f 8/10/1 18/11/1 17/9/1
f 7/12/1 18/11/1 8/10/1
f 7/12/1 19/13/1 18/11/1
f 6/14/1 19/13/1 7/12/1
f 6/14/1 20/15/1 19/13/1
f 5/16/1 20/15/1 6/14/1
f 5/16/1 21/17/1 20/15/1
f 4/18/1 21/17/1 5/16/1
f 4/18/1 22/19/1 21/17/1
f 3/20/1 22/19/1 4/18/1
f 3/20/1 23/21/1 22/19/1
f 2/22/1 23/21/1 3/20/1
f 2/22/1 24/23/1 23/21/1
f 1/24/1 24/23/1 2/22/1
f 1/24/1 25/25/1 24/23/1
f 89/26/1 25/25/1 1/24/1
f 88/27/1 25/25/1 89/26/1
f 88/27/1 26/28/1 25/25/1
f 87/29/1 26/28/1 88/27/1
f 86/30/1 26/28/1 87/29/1
f 85/31/1 26/28/1 86/30/1
f 85/31/1 27/32/1 26/28/1
f 85/31/1 28/33/1 27/32/1
f 84/34/1 28/33/1 85/31/1
f 84/34/1 29/35/1 28/33/1
f 84/34/1 30/36/1 29/35/1
f 84/34/1 31/37/1 30/36/1
f 84/34/1 32/38/1 31/37/1
f 83/39/1 51/40/1 84/34/1
f 51/40/1 32/38/1 84/34/1
f 51/40/1 33/41/1 32/38/1
f 83/39/1 52/42/1 51/40/1
f 50/43/1 33/41/1 51/40/1
f 50/43/1 34/44/1 33/41/1
f 49/45/1 34/44/1 50/43/1
f 49/45/1 35/46/1 34/44/1
f 48/47/1 35/46/1 49/45/1
f 47/48/1 35/46/1 48/47/1
f 47/48/1 36/49/1 35/46/1
f 46/50/1 36/49/1 47/48/1
f 46/50/1 37/51/1 36/49/1
f 82/52/1 52/42/1 83/39/1
f 45/53/1 37/51/1 46/50/1
f 45/53/1 38/54/1 37/51/1
f 44/55/1 38/54/1 45/53/1
f 44/55/1 43/56/1 38/54/1
f 43/56/1 42/57/1 38/54/1
f 42/57/1 41/58/1 38/54/1
f 41/58/1 40/59/1 38/54/1
f 40/59/1 39/60/1 38/54/1
f 81/61/1 52/42/1 82/52/1
f 80/62/1 52/42/1 81/61/1
f 79/63/1 52/42/1 80/62/1
f 78/64/1 52/42/1 79/63/1
f 77/65/1 52/42/1 78/64/1
f 76/66/1 52/42/1 77/65/1
f 76/66/1 53/67/1 52/42/1
f 76/66/1 54/68/1 53/67/1
f 75/69/1 54/68/1 76/66/1
f 75/69/1 55/70/1 54/68/1
f 74/71/1 55/70/1 75/69/1
f 74/71/1 56/72/1 55/70/1
f 73/73/1 56/72/1 74/71/1
f 73/73/1 57/74/1 56/72/1
f 72/75/1 57/74/1 73/73/1
f 72/75/1 58/76/1 57/74/1
f 71/77/1 58/76/1 72/75/1
f 71/77/1 59/78/1 58/76/1
f 70/79/1 59/78/1 71/77/1
f 70/79/1 60/80/1 59/78/1
f 69/81/1 60/80/1 70/79/1
f 69/81/1 61/82/1 60/80/1
f 68/83/1 61/82/1 69/81/1
f 68/83/1 62/84/1 61/82/1
f 67/85/1 62/84/1 68/83/1
f 67/85/1 63/86/1 62/84/1
f 66/87/1 63/86/1 67/85/1
f 66/87/1 64/88/1 63/86/1
f 65/89/1 64/88/1 66/87/1
f 150/90/1 152/91/1 151/92/1
f 112/93/1 114/94/1 113/95/1
f 150/90/1 153/96/1 152/91/1
f 111/97/1 114/94/1 112/93/1
f 150/90/1 154/98/1 153/96/1
f 110/99/1 114/94/1 111/97/1
f 150/90/1 155/100/1 154/98/1
f 109/101/1 114/94/1 110/99/1
f 150/90/1 156/102/1 155/100/1
f 108/103/1 114/94/1 109/101/1
f 150/90/1 157/104/1 156/102/1
f 107/105/1 114/94/1 108/103/1
f 150/90/1 158/106/1 157/104/1
f 106/107/1 114/94/1 107/105/1
f 150/90/1 159/108/1 158/106/1
f 105/109/1 114/94/1 106/107/1
f 150/90/1 160/110/1 159/108/1
f 104/111/1 114/94/1 105/109/1
f 150/90/1 161/112/1 160/110/1
f 103/113/1 114/94/1 104/111/1
f 150/90/1 162/114/1 161/112/1
f 102/115/1 114/94/1 103/113/1
f 150/90/1 163/116/1 162/114/1
f 101/117/1 114/94/1 102/115/1
f 150/90/1 90/118/1 163/116/1
f 150/90/1 91/119/1 90/118/1
f 150/90/1 92/120/1 91/119/1
f 150/90/1 93/121/1 92/120/1
f 150/90/1 94/122/1 93/121/1
f 150/90/1 95/123/1 94/122/1
f 150/90/1 96/124/1 95/123/1
f 150/90/1 97/125/1 96/124/1
f 150/90/1 98/126/1 97/125/1
f 150/90/1 99/127/1 98/126/1
f 150/90/1 100/128/1 99/127/1
f 150/90/1 101/117/1 100/128/1
f 150/90/1 149/129/1 101/117/1
f 149/129/1 148/130/1 101/117/1
f 148/130/1 147/131/1 101/117/1
f 147/131/1 146/132/1 101/117/1
f 146/132/1 145/133/1 101/117/1
f 145/133/1 144/134/1 101/117/1
f 144/134/1 143/135/1 101/117/1
f 143/135/1 142/136/1 101/117/1
f 142/136/1 141/137/1 101/117/1
f 141/137/1 140/138/1 101/117/1
f 140/138/1 139/139/1 101/117/1
f 139/139/1 138/140/1 101/117/1
f 138/140/1 137/141/1 101/117/1
f 137/141/1 136/142/1 101/117/1
f 136/142/1 135/143/1 101/117/1
f 135/143/1 133/144/1 101/117/1
f 133/144/1 130/145/1 101/117/1
f 130/145/1 127/146/1 101/117/1
f 127/146/1 126/147/1 101/117/1
f 126/147/1 125/148/1 101/117/1
f 125/148/1 124/149/1 101/117/1
f 124/149/1 123/150/1 101/117/1
f 123/150/1 122/151/1 101/117/1
f 122/151/1 121/152/1 101/117/1
f 121/152/1 120/153/1 101/117/1
f 120/153/1 119/154/1 101/117/1
f 119/154/1 114/94/1 101/117/1
f 134/155/1 133/144/1 135/143/1
f 132/156/1 130/145/1 133/144/1
f 131/157/1 130/145/1 132/156/1
f 129/158/1 127/146/1 130/145/1
f 128/159/1 127/146/1 129/158/1
f 118/160/2 114/94/2 119/154/2
f 117/161/1 114/94/1 118/160/1
f 116/162/1 114/94/1 117/161/1
f 115/163/1 114/94/1 116/162/1
f 326/164/1 328/165/1 327/166/1
f 325/167/1 328/165/1 326/164/1
f 324/168/1 328/165/1 325/167/1
f 323/169/1 328/165/1 324/168/1
f 322/170/1 328/165/1 323/169/1
f 322/170/1 329/171/1 328/165/1
f 321/172/1 329/171/1 322/170/1
f 321/172/1 330/173/1 329/171/1
f 320/174/1 330/173/1 321/172/1
f 320/174/1 331/175/1 330/173/1
f 319/176/1 331/175/1 320/174/1
f 319/176/1 332/177/1 331/175/1
f 318/178/1 332/177/1 319/176/1
f 318/178/1 333/179/1 332/177/1
f 317/180/1 333/179/1 318/178/1
f 317/180/1 334/181/1 333/179/1
f 316/182/1 334/181/1 317/180/1
f 316/182/1 335/183/1 334/181/1
f 315/184/1 335/183/1 316/182/1
f 315/184/1 336/185/1 335/183/1
f 314/186/1 336/185/1 315/184/1
f 314/186/1 337/187/1 336/185/1
f 314/186/1 338/188/1 337/187/1
f 314/186/1 339/189/1 338/188/1
f 314/186/1 340/190/1 339/189/1
f 313/191/1 340/190/1 314/186/1
f 313/191/1 164/192/1 340/190/1
f 312/193/1 164/192/1 313/191/1
f 176/194/1 178/195/1 177/196/1
f 175/197/1 178/195/1 176/194/1
f 174/198/1 178/195/1 175/197/1
f 173/199/1 178/195/1 174/198/1
f 172/200/1 178/195/1 173/199/1
f 171/201/1 178/195/1 172/200/1
f 170/202/1 178/195/1 171/201/1
f 169/203/1 178/195/1 170/202/1
f 168/204/1 178/195/1 169/203/1
f 167/205/1 178/195/1 168/204/1
f 166/206/1 178/195/1 167/205/1
f 165/207/1 178/195/1 166/206/1
f 312/193/1 165/207/1 164/192/1
f 312/193/1 178/195/1 165/207/1
f 311/208/1 178/195/1 312/193/1
f 311/208/1 179/209/1 178/195/1
f 311/208/1 180/210/1 179/209/1
f 311/208/1 181/211/1 180/210/1
f 311/208/1 182/212/1 181/211/1
f 310/213/1 182/212/1 311/208/1
f 310/213/1 183/214/1 182/212/1
f 310/213/1 184/215/1 183/214/1
f 310/213/1 185/216/1 184/215/1
f 310/213/1 290/217/1 185/216/1
f 290/217/1 186/218/1 185/216/1
f 290/217/1 187/219/1 186/218/1
f 290/217/1 289/220/1 187/219/1
f 289/220/1 188/221/1 187/219/1
f 310/213/1 291/222/1 290/217/1
f 288/223/1 188/221/1 289/220/1
f 309/224/1 291/222/1 310/213/1
f 288/223/1 189/225/1 188/221/1
f 288/223/1 190/226/1 189/225/1
f 288/223/1 191/227/1 190/226/1
f 287/228/1 191/227/1 288/223/1
f 309/224/1 292/229/1 291/222/1
f 308/230/1 292/229/1 309/224/1
f 287/228/1 192/231/1 191/227/1
f 286/232/1 192/231/1 287/228/1
f 308/230/1 293/233/1 292/229/1
f 286/232/1 193/234/1 192/231/1
f 307/235/1 293/233/1 308/230/1
f 285/236/1 193/234/1 286/232/1
f 307/235/1 294/237/1 293/233/1
f 285/236/1 194/238/1 193/234/1
f 284/239/1 194/238/1 285/236/1
f 307/235/1 295/240/1 294/237/1
f 306/241/1 295/240/1 307/235/1
f 284/239/1 195/242/1 194/238/1
f 283/243/1 195/242/1 284/239/1
f 306/241/1 296/244/1 295/240/1
f 305/245/1 296/244/1 306/241/1
f 282/246/1 195/242/1 283/243/1
f 305/245/1 297/247/1 296/244/1
f 282/246/1 196/248/1 195/242/1
f 264/249/1 266/250/1 265/251/1
f 264/249/1 267/252/1 266/250/1
f 304/253/1 297/247/1 305/245/1
f 304/253/1 298/254/1 297/247/1
f 281/255/1 196/248/1 282/246/1
f 264/249/1 268/256/1 267/252/1
f 281/255/1 197/257/1 196/248/1
f 264/249/1 269/258/1 268/256/1
f 304/253/1 299/259/1 298/254/1
f 264/249/1 270/260/1 269/258/1
f 280/261/1 197/257/1 281/255/1
f 303/262/1 299/259/1 304/253/1
f 280/261/1 198/263/1 197/257/1
f 264/249/1 271/264/1 270/260/1
f 263/265/1 271/264/1 264/249/1
f 303/262/1 300/266/1 299/259/1
f 263/265/1 272/267/1 271/264/1
f 262/268/1 272/267/1 263/265/1
f 279/269/1 198/263/1 280/261/1
f 302/270/1 300/266/1 303/262/1
f 262/268/1 273/271/1 272/267/1
f 261/272/1 273/271/1 262/268/1
f 279/269/1 199/273/1 198/263/1
f 302/270/1 301/274/1 300/266/1
f 261/272/1 274/275/1 273/271/1
f 260/276/1 274/275/1 261/272/1
f 278/277/1 199/273/1 279/269/1
f 259/278/1 274/275/1 260/276/1
f 259/278/1 275/279/1 274/275/1
f 278/277/1 200/280/1 199/273/1
f 258/281/1 275/279/1 259/278/1
f 258/281/1 276/282/1 275/279/1
f 277/283/1 200/280/1 278/277/1
f 257/284/1 276/282/1 258/281/1
f 257/284/1 277/283/1 276/282/1
f 277/283/1 201/285/1 200/280/1
f 256/286/1 277/283/1 257/284/1
f 256/286/1 201/285/1 277/283/1
f 255/287/1 201/285/1 256/286/1
f 255/287/1 202/288/1 201/285/1
f 254/289/1 202/288/1 255/287/1
f 253/290/1 202/288/1 254/289/1
f 253/290/1 203/291/1 202/288/1
f 252/292/1 203/291/1 253/290/1
f 252/292/1 204/293/1 203/291/1
f 252/292/1 205/294/1 204/293/1
f 251/295/1 205/294/1 252/292/1
f 251/295/1 206/296/1 205/294/1
f 251/295/1 207/297/1 206/296/1
f 251/295/1 208/298/1 207/297/1
f 250/299/1 208/298/1 251/295/1
f 250/299/1 209/300/1 208/298/1
f 250/299/1 210/301/1 209/300/1
f 250/299/1 227/302/1 210/301/1
f 227/302/1 211/303/1 210/301/1
f 249/304/1 227/302/1 250/299/1
f 249/304/1 228/305/1 227/302/1
f 226/306/1 211/303/1 227/302/1
f 226/306/1 212/307/1 211/303/1
f 225/308/1 212/307/1 226/306/1
f 225/308/1 213/309/1 212/307/1
f 225/308/1 214/310/1 213/309/1
f 224/311/1 214/310/1 225/308/1
f 224/311/1 223/312/1 214/310/1
f 223/312/1 222/313/1 214/310/1
f 222/313/1 221/314/1 214/310/1
f 221/314/1 220/315/1 214/310/1
f 220/315/1 219/316/1 214/310/1
f 219/316/1 218/317/1 214/310/1
f 218/317/1 217/318/1 214/310/1
f 217/318/1 216/319/1 214/310/1
f 216/319/1 215/320/1 214/310/1
f 248/321/1 228/305/1 249/304/1
f 248/321/1 229/322/1 228/305/1
f 247/323/1 229/322/1 248/321/1
f 247/323/1 230/324/1 229/322/1
f 246/325/1 230/324/1 247/323/1
f 246/325/1 231/326/1 230/324/1
f 245/327/1 231/326/1 246/325/1
f 245/327/1 232/328/1 231/326/1
f 244/329/1 232/328/1 245/327/1
f 244/329/1 233/330/1 232/328/1
f 243/331/1 233/330/1 244/329/1
f 243/331/1 234/332/1 233/330/1
f 242/333/1 234/332/1 243/331/1
f 242/333/1 235/334/1 234/332/1
f 241/335/1 235/334/1 242/333/1
f 240/336/1 235/334/1 241/335/1
f 240/336/1 236/337/1 235/334/1
f 239/338/1 236/337/1 240/336/1
f 239/338/1 237/339/1 236/337/1
f 239/338/1 238/340/1 237/339/1
f 474/341/1 476/342/1 475/343/1
f 473/344/1 476/342/1 474/341/1
f 438/345/1 440/346/1 439/347/1
f 472/348/1 476/342/1 473/344/1
f 438/345/1 441/349/1 440/346/1
f 438/345/1 442/350/1 441/349/1
f 471/351/1 476/342/1 472/348/1
f 438/345/1 443/352/1 442/350/1
f 470/353/1 476/342/1 471/351/1
f 438/345/1 444/354/1 443/352/1
f 438/345/1 445/355/1 444/354/1
f 469/356/1 476/342/1 470/353/1
f 438/345/1 446/357/1 445/355/1
f 468/358/1 476/342/1 469/356/1
f 438/345/1 447/359/1 446/357/1
f 467/360/1 476/342/1 468/358/1
f 438/345/1 448/361/1 447/359/1
f 466/362/1 476/342/1 467/360/1
f 438/345/1 449/363/1 448/361/1
f 465/364/1 476/342/1 466/362/1
f 438/345/1 450/365/1 449/363/1
f 464/366/1 476/342/1 465/364/1
f 438/345/1 451/367/1 450/365/1
f 463/368/1 476/342/1 464/366/1
f 438/345/1 452/369/1 451/367/1
f 438/345/1 453/370/1 452/369/1
f 438/345/1 454/371/1 453/370/1
f 438/345/1 455/372/1 454/371/1
f 438/345/1 456/373/1 455/372/1
f 438/345/1 457/374/1 456/373/1
f 438/345/1 458/375/1 457/374/1
f 438/345/1 459/376/1 458/375/1
f 438/345/1 460/377/1 459/376/1
f 438/345/1 461/378/1 460/377/1
f 438/345/1 462/379/1 461/378/1
f 438/345/1 463/368/1 462/379/1
f 438/345/1 476/342/1 463/368/1
f 438/345/1 437/380/1 476/342/1
f 437/380/1 477/381/1 476/342/1
f 437/380/1 478/382/1 477/381/1
f 437/380/1 436/383/1 478/382/1
f 436/383/1 479/384/1 478/382/1
f 436/383/1 435/385/1 479/384/1
f 435/385/1 480/386/1 479/384/1
f 435/385/1 434/387/1 480/386/1
f 434/387/1 433/388/1 480/386/1
f 433/388/1 481/389/1 480/386/1
f 433/388/1 432/390/1 481/389/1
f 432/390/1 482/391/1 481/389/1
f 432/390/1 431/392/1 482/391/1
f 431/392/1 430/393/1 482/391/1
f 430/393/1 483/394/1 482/391/1
f 430/393/1 429/395/1 483/394/1
f 429/395/1 484/396/1 483/394/1
f 429/395/1 428/397/1 484/396/1
f 428/397/1 485/398/1 484/396/1
f 428/397/1 486/399/1 485/398/1
f 428/397/1 427/400/1 486/399/1
f 427/400/1 487/401/1 486/399/1
f 427/400/1 488/402/1 487/401/1
f 427/400/1 426/403/1 488/402/1
f 426/403/1 424/404/1 488/402/1
f 424/404/1 423/405/1 488/402/1
f 423/405/1 422/406/1 488/402/1
f 422/406/1 421/407/1 488/402/1
f 421/407/1 420/408/1 488/402/1
f 420/408/1 419/409/1 488/402/1
f 419/409/1 418/410/1 488/402/1
f 418/410/1 417/411/1 488/402/1
f 417/411/1 416/412/1 488/402/1
f 416/412/1 415/413/1 488/402/1
f 415/413/1 414/414/1 488/402/1
f 414/414/1 341/415/1 488/402/1
f 425/416/1 424/404/1 426/403/1
f 413/417/1 341/415/1 414/414/1
f 413/417/1 342/418/1 341/415/1
f 412/419/1 342/418/1 413/417/1
f 412/419/1 343/420/1 342/418/1
f 411/421/1 343/420/1 412/419/1
f 411/421/1 344/422/1 343/420/1
f 410/423/1 344/422/1 411/421/1
f 410/423/1 345/424/1 344/422/1
f 409/425/1 345/424/1 410/423/1
f 409/425/1 346/426/1 345/424/1
f 408/427/1 346/426/1 409/425/1
f 408/427/1 347/428/1 346/426/1
f 407/429/1 347/428/1 408/427/1
f 407/429/1 348/430/1 347/428/1
f 406/431/1 348/430/1 407/429/1
f 405/432/1 348/430/1 406/431/1
f 405/432/1 349/433/1 348/430/1
f 404/434/1 349/433/1 405/432/1
f 404/434/1 350/435/1 349/433/1
f 403/436/1 350/435/1 404/434/1
f 403/436/1 351/437/1 350/435/1
f 402/438/1 351/437/1 403/436/1
f 402/438/1 352/439/1 351/437/1
f 401/440/1 352/439/1 402/438/1
f 401/440/1 353/441/1 352/439/1
f 400/442/1 353/441/1 401/440/1
f 400/442/1 354/443/1 353/441/1
f 399/444/1 354/443/1 400/442/1
f 399/444/1 377/445/1 354/443/1
f 377/445/1 355/446/1 354/443/1
f 399/444/1 378/447/1 377/445/1
f 376/448/1 355/446/1 377/445/1
f 376/448/1 356/449/1 355/446/1
f 398/450/1 378/447/1 399/444/1
f 375/451/1 356/449/1 376/448/1
f 398/450/1 379/452/1 378/447/1
f 375/451/1 357/453/1 356/449/1
f 397/454/1 379/452/1 398/450/1
f 374/455/1 357/453/1 375/451/1
f 397/454/1 380/456/1 379/452/1
f 374/455/1 358/457/1 357/453/1
f 396/458/1 380/456/1 397/454/1
f 373/459/1 358/457/1 374/455/1
f 396/458/1 381/460/1 380/456/1
f 373/459/1 359/461/1 358/457/1
f 395/462/1 381/460/1 396/458/1
f 372/463/1 359/461/1 373/459/1
f 395/462/1 382/464/1 381/460/1
f 372/463/1 360/465/1 359/461/1
f 394/466/1 382/464/1 395/462/1
f 371/467/1 360/465/1 372/463/1
f 394/466/1 383/468/1 382/464/1
f 371/467/1 361/469/1 360/465/1
f 393/470/1 383/468/1 394/466/1
f 370/471/1 361/469/1 371/467/1
f 393/470/1 384/472/1 383/468/1
f 392/473/1 384/472/1 393/470/1
f 370/471/1 362/474/1 361/469/1
f 369/475/1 362/474/1 370/471/1
f 392/473/1 385/476/1 384/472/1
f 391/477/1 385/476/1 392/473/1
f 369/475/1 363/478/1 362/474/1
f 368/479/1 363/478/1 369/475/1
f 390/480/1 385/476/1 391/477/1
f 390/480/1 386/481/1 385/476/1
f 368/479/1 364/482/1 363/478/1
f 389/483/1 386/481/1 390/480/1
f 367/484/1 364/482/1 368/479/1
f 389/483/1 387/485/1 386/481/1
f 367/484/1 366/486/1 364/482/1
f 366/486/1 365/487/1 364/482/1
f 389/483/1 388/488/1 387/485/1
f 511/489/1 513/490/1 512/491/1
f 510/492/1 513/490/1 511/489/1
f 509/493/1 513/490/1 510/492/1
f 508/494/1 513/490/1 509/493/1
f 508/494/1 514/495/1 513/490/1
f 507/496/1 514/495/1 508/494/1
f 507/496/1 515/497/1 514/495/1
f 507/496/1 516/498/1 515/497/1
f 506/499/1 516/498/1 507/496/1
f 506/499/1 517/500/1 516/498/1
f 505/501/1 517/500/1 506/499/1
f 505/501/1 518/502/1 517/500/1
f 504/503/1 518/502/1 505/501/1
f 504/503/1 519/504/1 518/502/1
f 503/505/1 519/504/1 504/503/1
f 503/505/1 520/506/1 519/504/1
f 502/507/1 520/506/1 503/505/1
f 502/507/1 521/508/1 520/506/1
f 501/509/1 521/508/1 502/507/1
f 501/509/1 522/510/1 521/508/1
f 501/509/1 523/511/1 522/510/1
f 500/512/1 523/511/1 501/509/1
f 500/512/1 524/513/1 523/511/1
f 499/514/1 524/513/1 500/512/1
f 499/514/1 525/515/1 524/513/1
f 499/514/1 526/516/1 525/515/1
f 498/517/1 526/516/1 499/514/1
f 498/517/1 527/518/1 526/516/1
f 497/519/1 527/518/1 498/517/1
f 497/519/1 528/520/1 527/518/1
f 496/521/1 528/520/1 497/519/1
f 496/521/1 529/522/1 528/520/1
f 495/523/1 529/522/1 496/521/1
f 495/523/1 530/524/1 529/522/1
f 494/525/1 530/524/1 495/523/1
f 494/525/1 531/526/1 530/524/1
f 561/527/1 563/528/1 562/529/1
f 493/530/1 531/526/1 494/525/1
f 493/530/1 532/531/1 531/526/1
f 561/527/1 564/532/1 563/528/1
f 560/533/1 564/532/1 561/527/1
f 559/534/1 564/532/1 560/533/1
f 559/534/1 565/535/1 564/532/1
f 492/536/1 532/531/1 493/530/1
f 558/537/1 565/535/1 559/534/1
f 492/536/1 533/538/1 532/531/1
f 557/539/1 565/535/1 558/537/1
f 556/540/1 565/535/1 557/539/1
f 556/540/1 566/541/1 565/535/1
f 555/542/1 566/541/1 556/540/1
f 491/543/1 533/538/1 492/536/1
f 491/543/1 534/544/1 533/538/1
f 554/545/1 566/541/1 555/542/1
f 554/545/1 567/546/1 566/541/1
f 553/547/1 567/546/1 554/545/1
f 552/548/1 567/546/1 553/547/1
f 491/543/1 535/549/1 534/544/1
f 552/548/1 568/550/1 567/546/1
f 490/551/1 535/549/1 491/543/1
f 551/552/1 568/550/1 552/548/1
f 550/553/1 568/550/1 551/552/1
f 550/553/1 569/554/1 568/550/1
f 490/551/1 536/555/1 535/549/1
f 489/556/1 536/555/1 490/551/1
f 549/557/1 569/554/1 550/553/1
f 548/558/1 569/554/1 549/557/1
f 548/558/1 570/559/1 569/554/1
f 547/560/1 570/559/1 548/558/1
f 546/561/1 570/559/1 547/560/1
f 545/562/1 570/559/1 546/561/1
f 489/556/1 537/563/1 536/555/1
f 544/564/1 570/559/1 545/562/1
f 625/565/1 537/563/1 489/556/1
f 543/566/1 570/559/1 544/564/1
f 542/567/1 570/559/1 543/566/1
f 541/568/1 570/559/1 542/567/1
f 540/569/1 570/559/1 541/568/1
f 539/570/1 570/559/1 540/569/1
f 539/570/1 571/571/1 570/559/1
f 538/572/1 571/571/1 539/570/1
f 537/563/1 571/571/1 538/572/1
f 625/565/1 571/571/1 537/563/1
f 624/573/1 571/571/1 625/565/1
f 623/574/1 571/571/1 624/573/1
f 622/575/1 571/571/1 623/574/1
f 621/576/1 571/571/1 622/575/1
f 620/577/1 571/571/1 621/576/1
f 619/578/1 571/571/1 620/577/1
f 611/579/1 613/580/1 612/581/1
f 618/582/1 571/571/1 619/578/1
f 611/579/1 614/583/1 613/580/1
f 617/584/1 571/571/1 618/582/1
f 611/579/1 615/585/1 614/583/1
f 616/586/1 571/571/1 617/584/1
f 611/579/1 616/586/1 615/585/1
f 611/579/1 606/587/1 616/586/1
f 606/587/1 605/588/1 616/586/1
f 605/588/1 604/589/1 616/586/1
f 604/589/1 603/590/1 616/586/1
f 603/590/1 602/591/1 616/586/1
f 602/591/1 601/592/1 616/586/1
f 601/592/1 587/593/1 616/586/1
f 587/593/1 571/571/1 616/586/1
f 601/592/1 588/594/1 587/593/1
f 586/595/1 571/571/1 587/593/1
f 586/595/1 572/596/1 571/571/1
f 601/592/1 589/597/1 588/594/1
f 601/592/1 590/598/1 589/597/1
f 585/599/1 572/596/1 586/595/1
f 601/592/1 591/600/1 590/598/1
f 601/592/1 592/601/1 591/600/1
f 584/602/1 572/596/1 585/599/1
f 601/592/1 600/603/1 592/601/1
f 600/603/1 593/604/1 592/601/1
f 584/602/1 573/605/1 572/596/1
f 583/606/1 573/605/1 584/602/1
f 600/603/1 594/607/1 593/604/1
f 600/603/1 595/608/1 594/607/1
f 582/609/1 573/605/1 583/606/1
f 600/603/1 596/610/1 595/608/1
f 600/603/1 597/611/1 596/610/1
f 581/612/1 573/605/1 582/609/1
f 600/603/1 598/613/1 597/611/1
f 581/612/1 574/614/1 573/605/1
f 600/603/1 599/615/1 598/613/1
f 580/616/1 574/614/1 581/612/1
f 611/579/3 607/617/3 606/587/3
f 611/579/1 608/618/1 607/617/1
f 611/579/3 609/619/3 608/618/3
f 611/579/1 610/620/1 609/619/1
f 579/621/1 574/614/1 580/616/1
f 578/622/1 574/614/1 579/621/1
f 578/622/1 577/623/1 574/614/1
f 577/623/1 576/624/1 574/614/1
f 576/624/1 575/625/1 574/614/1
f 686/626/1 688/627/1 687/628/1
f 648/629/1 650/630/1 649/631/1
f 686/626/1 689/632/1 688/627/1
f 647/633/1 650/630/1 648/629/1
f 686/626/1 690/634/1 689/632/1
f 646/635/1 650/630/1 647/633/1
f 686/626/1 691/636/1 690/634/1
f 645/637/1 650/630/1 646/635/1
f 686/626/1 692/638/1 691/636/1
f 644/639/1 650/630/1 645/637/1
f 686/626/1 693/640/1 692/638/1
f 643/641/1 650/630/1 644/639/1
f 686/626/1 694/642/1 693/640/1
f 642/643/1 650/630/1 643/641/1
f 686/626/1 695/644/1 694/642/1
f 641/645/1 650/630/1 642/643/1
f 686/626/1 696/646/1 695/644/1
f 640/647/1 650/630/1 641/645/1
f 686/626/1 697/648/1 696/646/1
f 639/649/1 650/630/1 640/647/1
f 686/626/1 698/650/1 697/648/1
f 638/651/1 650/630/1 639/649/1
f 686/626/1 699/652/1 698/650/1
f 637/653/1 650/630/1 638/651/1
f 686/626/1 626/654/1 699/652/1
f 686/626/1 627/655/1 626/654/1
f 686/626/1 628/656/1 627/655/1
f 686/626/1 629/657/1 628/656/1
f 686/626/1 630/658/1 629/657/1
f 686/626/1 631/659/1 630/658/1
f 686/626/1 632/660/1 631/659/1
f 686/626/1 633/661/1 632/660/1
f 686/626/1 634/662/1 633/661/1
f 686/626/1 635/663/1 634/662/1
f 686/626/1 636/664/1 635/663/1
f 686/626/1 637/653/1 636/664/1
f 686/626/1 685/665/1 637/653/1
f 685/665/1 684/666/1 637/653/1
f 684/666/1 683/667/1 637/653/1
f 683/667/1 682/668/1 637/653/1
f 682/668/1 681/669/1 637/653/1
f 681/669/1 680/670/1 637/653/1
f 680/670/1 679/671/1 637/653/1
f 679/671/1 678/672/1 637/653/1
f 678/672/1 677/673/1 637/653/1
f 677/673/1 676/674/1 637/653/1
f 676/674/1 675/675/1 637/653/1
f 675/675/1 674/676/1 637/653/1
f 674/676/1 673/677/1 637/653/1
f 673/677/1 672/678/1 637/653/1
f 672/678/1 671/679/1 637/653/1
f 671/679/1 669/680/1 637/653/1
f 669/680/1 666/681/1 637/653/1
f 666/681/1 663/682/1 637/653/1
f 663/682/1 662/683/1 637/653/1
f 662/683/1 661/684/1 637/653/1
f 661/684/1 660/685/1 637/653/1
f 660/685/1 659/686/1 637/653/1
f 659/686/1 658/687/1 637/653/1
f 658/687/1 657/688/1 637/653/1
f 657/688/1 656/689/1 637/653/1
f 656/689/1 655/690/1 637/653/1
f 655/690/1 650/630/1 637/653/1
f 670/691/1 669/680/1 671/679/1
f 668/692/1 666/681/1 669/680/1
f 667/693/1 666/681/1 668/692/1
f 665/694/1 663/682/1 666/681/1
f 664/695/1 663/682/1 665/694/1
f 654/696/2 650/630/2 655/690/2
f 653/697/1 650/630/1 654/696/1
f 652/698/1 650/630/1 653/697/1
f 651/699/1 650/630/1 652/698/1
f 738/700/1 740/701/1 739/702/1
f 738/700/1 741/703/1 740/701/1
f 738/700/1 742/704/1 741/703/1
f 737/705/1 742/704/1 738/700/1
f 737/705/1 743/706/1 742/704/1
f 736/707/1 743/706/1 737/705/1
f 712/708/1 714/709/1 713/710/1
f 735/711/1 743/706/1 736/707/1
f 735/711/1 744/712/1 743/706/1
f 712/708/1 715/713/1 714/709/1
f 734/714/1 744/712/1 735/711/1
f 734/714/1 745/715/1 744/712/1
f 876/716/1 878/717/1 877/718/1
f 712/708/1 716/719/1 715/713/1
f 711/720/1 716/719/1 712/708/1
f 875/721/1 878/717/1 876/716/1
f 733/722/1 745/715/1 734/714/1
f 733/722/1 746/723/1 745/715/1
f 711/720/1 717/724/1 716/719/1
f 874/725/1 878/717/1 875/721/1
f 710/726/1 717/724/1 711/720/1
f 874/725/1 879/727/1 878/717/1
f 732/728/1 746/723/1 733/722/1
f 873/729/1 879/727/1 874/725/1
f 732/728/1 747/730/1 746/723/1
f 710/726/1 718/731/1 717/724/1
f 873/729/1 880/732/1 879/727/1
f 709/733/1 718/731/1 710/726/1
f 872/734/1 880/732/1 873/729/1
f 872/734/1 881/735/1 880/732/1
f 731/736/1 747/730/1 732/728/1
f 871/737/1 881/735/1 872/734/1
f 731/736/1 748/738/1 747/730/1
f 709/733/1 719/739/1 718/731/1
f 871/737/1 882/740/1 881/735/1
f 708/741/1 719/739/1 709/733/1
f 870/742/1 882/740/1 871/737/1
f 870/742/1 883/743/1 882/740/1
f 730/744/1 748/738/1 731/736/1
f 730/744/1 749/745/1 748/738/1
f 869/746/1 883/743/1 870/742/1
f 707/747/1 719/739/1 708/741/1
f 707/747/1 720/748/1 719/739/1
f 869/746/1 884/749/1 883/743/1
f 868/750/1 884/749/1 869/746/1
f 868/750/1 885/751/1 884/749/1
f 729/752/1 749/745/1 730/744/1
f 729/752/1 750/753/1 749/745/1
f 867/754/1 885/751/1 868/750/1
f 706/755/1 720/748/1 707/747/1
f 867/754/1 886/756/1 885/751/1
f 706/755/1 721/757/1 720/748/1
f 866/758/1 886/756/1 867/754/1
f 866/758/1 887/759/1 886/756/1
f 728/760/1 750/753/1 729/752/1
f 728/760/1 751/761/1 750/753/1
f 866/758/1 888/762/1 887/759/1
f 705/763/1 721/757/1 706/755/1
f 865/764/1 888/762/1 866/758/1
f 705/763/1 722/765/1 721/757/1
f 728/760/1 727/766/1 751/761/1
f 727/766/1 726/767/1 751/761/1
f 865/764/1 889/768/1 888/762/1
f 864/769/1 889/768/1 865/764/1
f 864/769/1 890/770/1 889/768/1
f 704/771/1 722/765/1 705/763/1
f 704/771/1 723/772/1 722/765/1
f 864/769/1 752/773/1 890/770/1
f 863/774/1 752/773/1 864/769/1
f 863/774/1 753/775/1 752/773/1
f 704/771/1 724/776/1 723/772/1
f 703/777/1 724/776/1 704/771/1
f 862/778/1 753/775/1 863/774/1
f 862/778/1 754/779/1 753/775/1
f 703/777/1 725/780/1 724/776/1
f 702/781/1 725/780/1 703/777/1
f 861/782/1 754/779/1 862/778/1
f 861/782/1 755/783/1 754/779/1
f 702/781/1 701/784/1 725/780/1
f 701/784/1 700/785/1 725/780/1
f 861/782/1 756/786/1 755/783/1
f 860/787/1 756/786/1 861/782/1
f 860/787/1 757/788/1 756/786/1
f 859/789/1 757/788/1 860/787/1
f 859/789/1 758/790/1 757/788/1
f 859/789/1 759/791/1 758/790/1
f 858/792/1 759/791/1 859/789/1
f 858/792/1 760/793/1 759/791/1
f 857/794/1 760/793/1 858/792/1
f 857/794/1 761/795/1 760/793/1
f 856/796/1 761/795/1 857/794/1
f 856/796/1 762/797/1 761/795/1
f 856/796/1 763/798/1 762/797/1
f 855/799/1 763/798/1 856/796/1
f 775/800/1 777/801/1 776/802/1
f 774/803/1 777/801/1 775/800/1
f 773/804/1 777/801/1 774/803/1
f 772/805/1 777/801/1 773/804/1
f 771/806/1 777/801/1 772/805/1
f 770/807/1 777/801/1 771/806/1
f 769/808/1 777/801/1 770/807/1
f 768/809/1 777/801/1 769/808/1
f 767/810/1 777/801/1 768/809/1
f 766/811/1 777/801/1 767/810/1
f 765/812/1 777/801/1 766/811/1
f 764/813/1 777/801/1 765/812/1
f 855/799/1 764/813/1 763/798/1
f 855/799/1 777/801/1 764/813/1
f 854/814/1 777/801/1 855/799/1
f 853/815/1 777/801/1 854/814/1
f 852/816/1 779/817/1 853/815/1
f 779/817/1 778/818/1 853/815/1
f 778/818/1 777/801/1 853/815/1
f 851/819/1 784/820/1 852/816/1
f 784/820/1 783/821/1 852/816/1
f 783/821/1 782/822/1 852/816/1
f 782/822/1 781/823/1 852/816/1
f 781/823/1 780/824/1 852/816/1
f 780/824/1 779/817/1 852/816/1
f 850/825/1 828/826/1 851/819/1
f 828/826/1 827/827/1 851/819/1
f 827/827/1 790/828/1 851/819/1
f 790/828/1 789/829/1 851/819/1
f 789/829/1 788/830/1 851/819/1
f 788/830/1 787/831/1 851/819/1
f 787/831/1 786/832/1 851/819/1
f 786/832/1 785/833/1 851/819/1
f 785/833/1 784/820/1 851/819/1
f 850/825/1 829/834/1 828/826/1
f 826/835/1 790/828/1 827/827/1
f 826/835/1 791/836/1 790/828/1
f 849/837/1 829/834/1 850/825/1
f 849/837/1 830/838/1 829/834/1
f 848/839/1 830/838/1 849/837/1
f 848/839/1 831/840/1 830/838/1
f 847/841/1 831/840/1 848/839/1
f 847/841/1 832/842/1 831/840/1
f 825/843/1 791/836/1 826/835/1
f 846/844/1 832/842/1 847/841/1
f 825/843/1 792/845/1 791/836/1
f 846/844/1 833/846/1 832/842/1
f 845/847/1 833/846/1 846/844/1
f 845/847/1 834/848/1 833/846/1
f 844/849/1 834/848/1 845/847/1
f 824/850/1 792/845/1 825/843/1
f 844/849/1 835/851/1 834/848/1
f 843/852/1 835/851/1 844/849/1
f 824/850/1 793/853/1 792/845/1
f 843/852/1 836/854/1 835/851/1
f 842/855/1 836/854/1 843/852/1
f 841/856/1 836/854/1 842/855/1
f 841/856/1 837/857/1 836/854/1
f 840/858/1 837/857/1 841/856/1
f 823/859/1 793/853/1 824/850/1
f 840/858/1 838/860/1 837/857/1
f 840/858/1 839/861/1 838/860/1
f 823/859/1 794/862/1 793/853/1
f 822/863/1 794/862/1 823/859/1
f 822/863/1 795/864/1 794/862/1
f 821/865/1 795/864/1 822/863/1
f 820/866/1 795/864/1 821/865/1
f 820/866/1 796/867/1 795/864/1
f 819/868/1 796/867/1 820/866/1
f 819/868/1 797/869/1 796/867/1
f 818/870/1 797/869/1 819/868/1
f 818/870/1 798/871/1 797/869/1
f 817/872/1 798/871/1 818/870/1
f 816/873/1 798/871/1 817/872/1
f 816/873/1 799/874/1 798/871/1
f 815/875/1 799/874/1 816/873/1
f 814/876/1 799/874/1 815/875/1
f 813/877/1 799/874/1 814/876/1
f 812/878/1 799/874/1 813/877/1
f 812/878/1 800/879/1 799/874/1
f 811/880/1 800/879/1 812/878/1
f 810/881/1 800/879/1 811/880/1
f 809/882/1 800/879/1 810/881/1
f 808/883/1 800/879/1 809/882/1
f 807/884/1 800/879/1 808/883/1
f 806/885/1 800/879/1 807/884/1
f 805/886/1 800/879/1 806/885/1
f 804/887/1 800/879/1 805/886/1
f 803/888/1 800/879/1 804/887/1
f 803/888/1 801/889/1 800/879/1
f 802/890/1 801/889/1 803/888/1
f 899/891/1 891/892/1 900/893/1
f 891/892/1 901/894/1 900/893/1
f 891/892/1 902/895/1 901/894/1
f 899/891/1 892/896/1 891/892/1
f 899/891/1 895/897/1 892/896/1
f 895/897/1 893/898/1 892/896/1
f 895/897/1 894/899/1 893/898/1
f 899/891/1 896/900/1 895/897/1
f 899/891/1 897/901/1 896/900/1
f 899/891/1 898/902/1 897/901/1
f 986/903/1 988/904/1 987/905/1
f 986/903/1 989/906/1 988/904/1
f 986/903/1 990/907/1 989/906/1
f 985/908/1 990/907/1 986/903/1
f 985/908/1 991/909/1 990/907/1
f 985/908/1 992/910/1 991/909/1
f 985/908/1 993/911/1 992/910/1
f 984/912/1 993/911/1 985/908/1
f 984/912/1 994/913/1 993/911/1
f 984/912/1 995/914/1 994/913/1
f 984/912/1 996/915/1 995/914/1
f 983/916/1 996/915/1 984/912/1
f 983/916/1 997/917/1 996/915/1
f 983/916/1 998/918/1 997/917/1
f 983/916/1 999/919/1 998/918/1
f 982/920/1 999/919/1 983/916/1
f 982/920/1 912/921/1 999/919/1
f 912/921/1 911/922/1 999/919/1
f 911/922/1 910/923/1 999/919/1
f 910/923/1 909/924/1 999/919/1
f 909/924/1 908/925/1 999/919/1
f 908/925/1 907/926/1 999/919/1
f 907/926/1 906/927/1 999/919/1
f 906/927/1 905/928/1 999/919/1
f 905/928/1 904/929/1 999/919/1
f 904/929/1 903/930/1 999/919/1
f 903/930/1 1000/931/1 999/919/1
f 981/932/1 914/933/1 982/920/1
f 914/933/1 913/934/1 982/920/1
f 913/934/1 912/921/1 982/920/1
f 981/932/1 915/935/1 914/933/1
f 981/932/1 916/936/1 915/935/1
f 981/932/1 917/937/1 916/936/1
f 980/938/1 917/937/1 981/932/1
f 980/938/1 918/939/1 917/937/1
f 980/938/1 919/940/1 918/939/1
f 979/941/1 919/940/1 980/938/1
f 979/941/1 920/942/1 919/940/1
f 979/941/1 921/943/1 920/942/1
f 978/944/1 921/943/1 979/941/1
f 978/944/1 922/945/1 921/943/1
f 977/946/1 922/945/1 978/944/1
f 977/946/1 923/947/1 922/945/1
f 977/946/1 924/948/1 923/947/1
f 976/949/1 924/948/1 977/946/1
f 976/949/1 925/950/1 924/948/1
f 975/951/1 925/950/1 976/949/1
f 975/951/1 926/952/1 925/950/1
f 975/951/1 927/953/1 926/952/1
f 974/954/1 927/953/1 975/951/1
f 974/954/1 928/955/1 927/953/1
f 973/956/1 928/955/1 974/954/1
f 973/956/1 929/957/1 928/955/1
f 972/958/1 929/957/1 973/956/1
f 972/958/1 930/959/1 929/957/1
f 971/960/1 930/959/1 972/958/1
f 971/960/1 931/961/1 930/959/1
f 970/962/1 931/961/1 971/960/1
f 970/962/1 932/963/1 931/961/1
f 949/964/1 951/965/1 950/966/1
f 970/962/1 933/967/1 932/963/1
f 948/968/1 951/965/1 949/964/1
f 969/969/1 933/967/1 970/962/1
f 947/970/1 951/965/1 948/968/1
f 969/969/1 934/971/1 933/967/1
f 946/972/1 951/965/1 947/970/1
f 945/973/1 951/965/1 946/972/1
f 969/969/1 935/974/1 934/971/1
f 944/975/1 951/965/1 945/973/1
f 968/976/1 935/974/1 969/969/1
f 943/977/1 951/965/1 944/975/1
f 968/976/1 936/978/1 935/974/1
f 942/979/1 951/965/1 943/977/1
f 941/980/1 951/965/1 942/979/1
f 968/976/1 937/981/1 936/978/1
f 940/982/1 951/965/1 941/980/1
f 939/983/1 951/965/1 940/982/1
f 968/976/1 938/984/1 937/981/1
f 938/984/1 951/965/1 939/983/1
f 968/976/1 951/965/1 938/984/1
f 967/985/1 951/965/1 968/976/1
f 967/985/1 952/986/1 951/965/1
f 966/987/1 952/986/1 967/985/1
f 966/987/1 953/988/1 952/986/1
f 966/987/1 954/989/1 953/988/1
f 966/987/1 955/990/1 954/989/1
f 965/991/1 955/990/1 966/987/1
f 965/991/1 956/992/1 955/990/1
f 965/991/1 957/993/1 956/992/1
f 965/991/1 958/994/1 957/993/1
f 964/995/1 958/994/1 965/991/1
f 964/995/1 959/996/1 958/994/1
f 964/995/1 960/997/1 959/996/1
f 964/995/1 961/998/1 960/997/1
f 963/999/1 961/998/1 964/995/1
f 963/999/1 962/1000/1 961/998/1
f 1005/1001/1 1007/1002/1 1006/1003/1
f 1005/1001/1 1010/1004/1 1007/1002/1
f 1010/1004/1 1008/1005/1 1007/1002/1
f 1005/1001/1 1011/1006/1 1010/1004/1
f 1009/1007/1 1008/1005/1 1010/1004/1
f 1005/1001/1 1003/1008/1 1011/1006/1
f 1003/1008/1 1009/1007/1 1011/1006/1
f 1003/1008/1 1002/1009/1 1009/1007/1
f 1002/1009/1 1008/1005/1 1009/1007/1
f 1005/1001/1 1004/1010/1 1003/1008/1
f 1001/1011/1 1008/1005/1 1002/1009/1
f 1038/1012/1 1066/1013/1 1039/1014/1
f 1066/1013/1 1040/1015/1 1039/1014/1
f 1066/1013/1 1012/1016/1 1040/1015/1
f 1066/1013/1 1013/1017/1 1012/1016/1
f 1066/1013/1 1014/1018/1 1013/1017/1
f 1066/1013/1 1015/1019/1 1014/1018/1
f 1066/1013/1 1016/1020/1 1015/1019/1
f 1066/1013/1 1017/1021/1 1016/1020/1
f 1066/1013/1 1018/1022/1 1017/1021/1
f 1066/1013/1 1065/1023/1 1018/1022/1
f 1065/1023/1 1019/1024/1 1018/1022/1
f 1038/1012/1 1067/1025/1 1066/1013/1
f 1064/1026/1 1019/1024/1 1065/1023/1
f 1063/1027/1 1019/1024/1 1064/1026/1
f 1062/1028/1 1019/1024/1 1063/1027/1
f 1062/1028/1 1020/1029/1 1019/1024/1
f 1061/1030/1 1020/1029/1 1062/1028/1
f 1060/1031/1 1020/1029/1 1061/1030/1
f 1059/1032/1 1020/1029/1 1060/1031/1
f 1059/1032/1 1021/1033/1 1020/1029/1
f 1058/1034/1 1021/1033/1 1059/1032/1
f 1057/1035/1 1021/1033/1 1058/1034/1
f 1056/1036/1 1021/1033/1 1057/1035/1
f 1056/1036/1 1022/1037/1 1021/1033/1
f 1055/1038/1 1022/1037/1 1056/1036/1
f 1054/1039/1 1022/1037/1 1055/1038/1
f 1054/1039/1 1023/1040/1 1022/1037/1
f 1053/1041/1 1023/1040/1 1054/1039/1
f 1052/1042/1 1023/1040/1 1053/1041/1
f 1052/1042/1 1024/1043/1 1023/1040/1
f 1051/1044/1 1024/1043/1 1052/1042/1
f 1051/1044/1 1025/1045/1 1024/1043/1
f 1050/1046/1 1025/1045/1 1051/1044/1
f 1049/1047/1 1025/1045/1 1050/1046/1
f 1049/1047/1 1026/1048/1 1025/1045/1
f 1048/1049/1 1026/1048/1 1049/1047/1
f 1047/1050/1 1026/1048/1 1048/1049/1
f 1047/1050/1 1027/1051/1 1026/1048/1
f 1046/1052/1 1027/1051/1 1047/1050/1
f 1045/1053/1 1027/1051/1 1046/1052/1
f 1044/1054/1 1027/1051/1 1045/1053/1
f 1043/1055/1 1027/1051/1 1044/1054/1
f 1043/1055/1 1028/1056/1 1027/1051/1
f 1042/1057/1 1028/1056/1 1043/1055/1
f 1041/1058/1 1028/1056/1 1042/1057/1
f 1038/1012/1 1036/1059/1 1067/1025/1
f 1036/1059/1 1041/1058/1 1067/1025/1
f 1036/1059/1 1028/1056/1 1041/1058/1
f 1036/1059/1 1029/1060/1 1028/1056/1
f 1036/1059/1 1030/1061/1 1029/1060/1
f 1036/1059/1 1031/1062/1 1030/1061/1
f 1036/1059/1 1032/1063/1 1031/1062/1
f 1036/1059/1 1033/1064/1 1032/1063/1
f 1036/1059/1 1034/1065/1 1033/1064/1
f 1036/1059/1 1035/1066/1 1034/1065/1
f 1038/1012/1 1037/1067/1 1036/1059/1
f 1175/1068/1 1177/1069/1 1176/1070/1
f 1175/1068/1 1178/1071/1 1177/1069/1
f 1175/1068/1 1179/1072/1 1178/1071/1
f 1174/1073/1 1179/1072/1 1175/1068/1
f 1174/1073/1 1180/1074/1 1179/1072/1
f 1174/1073/1 1181/1075/1 1180/1074/1
f 1173/1076/1 1181/1075/1 1174/1073/1
f 1173/1076/1 1182/1077/1 1181/1075/1
f 1173/1076/1 1183/1078/1 1182/1077/1
f 1172/1079/1 1183/1078/1 1173/1076/1
f 1172/1079/1 1184/1080/1 1183/1078/1
f 1172/1079/1 1185/1081/1 1184/1080/1
f 1171/1082/1 1185/1081/1 1172/1079/1
f 1171/1082/1 1186/1083/1 1185/1081/1
f 1171/1082/1 1187/1084/1 1186/1083/1
f 1170/1085/1 1187/1084/1 1171/1082/1
f 1170/1085/1 1188/1086/1 1187/1084/1
f 1170/1085/1 1075/1087/1 1188/1086/1
f 1075/1087/1 1074/1088/1 1188/1086/1
f 1074/1088/1 1073/1089/1 1188/1086/1
f 1073/1089/1 1072/1090/1 1188/1086/1
f 1072/1090/1 1071/1091/1 1188/1086/1
f 1071/1091/1 1070/1092/1 1188/1086/1
f 1070/1092/1 1069/1093/1 1188/1086/1
f 1069/1093/1 1068/1094/1 1188/1086/1
f 1068/1094/1 1189/1095/1 1188/1086/1
f 1169/1096/1 1077/1097/1 1170/1085/1
f 1077/1097/1 1076/1098/1 1170/1085/1
f 1076/1098/1 1075/1087/1 1170/1085/1
f 1168/1099/1 1079/1100/1 1169/1096/1
f 1079/1100/1 1078/1101/1 1169/1096/1
f 1078/1101/1 1077/1097/1 1169/1096/1
f 1167/1102/1 1080/1103/1 1168/1099/1
f 1080/1103/1 1079/1100/1 1168/1099/1
f 1167/1102/1 1081/1104/1 1080/1103/1
f 1167/1102/1 1082/1105/1 1081/1104/1
f 1167/1102/1 1083/1106/1 1082/1105/1
f 1167/1102/1 1084/1107/1 1083/1106/1
f 1167/1102/1 1085/1108/1 1084/1107/1
f 1166/1109/1 1085/1108/1 1167/1102/1
f 1166/1109/1 1086/1110/1 1085/1108/1
f 1166/1109/1 1087/1111/1 1086/1110/1
f 1166/1109/1 1088/1112/1 1087/1111/1
f 1165/1113/1 1088/1112/1 1166/1109/1
f 1165/1113/1 1089/1114/1 1088/1112/1
f 1165/1113/1 1090/1115/1 1089/1114/1
f 1164/1116/1 1090/1115/1 1165/1113/1
f 1164/1116/1 1091/1117/1 1090/1115/1
f 1164/1116/1 1092/1118/1 1091/1117/1
f 1163/1119/1 1092/1118/1 1164/1116/1
f 1163/1119/1 1093/1120/1 1092/1118/1
f 1163/1119/1 1094/1121/1 1093/1120/1
f 1162/1122/1 1094/1121/1 1163/1119/1
f 1162/1122/1 1095/1123/1 1094/1121/1
f 1161/1124/1 1095/1123/1 1162/1122/1
f 1161/1124/1 1096/1125/1 1095/1123/1
f 1161/1124/1 1097/1126/1 1096/1125/1
f 1160/1127/1 1097/1126/1 1161/1124/1
f 1160/1127/1 1098/1128/1 1097/1126/1
f 1159/1129/1 1098/1128/1 1160/1127/1
f 1159/1129/1 1099/1130/1 1098/1128/1
f 1158/1131/1 1099/1130/1 1159/1129/1
f 1158/1131/1 1100/1132/1 1099/1130/1
f 1157/1133/1 1100/1132/1 1158/1131/1
f 1157/1133/1 1101/1134/1 1100/1132/1
f 1156/1135/1 1101/1134/1 1157/1133/1
f 1155/1136/1 1101/1134/1 1156/1135/1
f 1155/1136/1 1102/1137/1 1101/1134/1
f 1154/1138/1 1102/1137/1 1155/1136/1
f 1153/1139/1 1102/1137/1 1154/1138/1
f 1153/1139/1 1103/1140/1 1102/1137/1
f 1152/1141/1 1103/1140/1 1153/1139/1
f 1127/1142/1 1129/1143/1 1128/1144/1
f 1152/1141/1 1104/1145/1 1103/1140/1
f 1151/1146/1 1104/1145/1 1152/1141/1
f 1127/1142/1 1130/1147/1 1129/1143/1
f 1150/1148/1 1104/1145/1 1151/1146/1
f 1150/1148/1 1105/1149/1 1104/1145/1
f 1127/1142/1 1131/1150/1 1130/1147/1
f 1149/1151/1 1105/1149/1 1150/1148/1
f 1127/1142/1 1132/1152/1 1131/1150/1
f 1148/1153/1 1105/1149/1 1149/1151/1
f 1147/1154/1 1105/1149/1 1148/1153/1
f 1147/1154/1 1106/1155/1 1105/1149/1
f 1127/1142/1 1133/1156/1 1132/1152/1
f 1146/1157/1 1106/1155/1 1147/1154/1
f 1127/1142/1 1134/1158/1 1133/1156/1
f 1145/1159/1 1106/1155/1 1146/1157/1
f 1127/1142/1 1135/1160/1 1134/1158/1
f 1145/1159/1 1107/1161/1 1106/1155/1
f 1144/1162/1 1107/1161/1 1145/1159/1
f 1127/1142/1 1136/1163/1 1135/1160/1
f 1143/1164/1 1107/1161/1 1144/1162/1
f 1127/1142/1 1137/1165/1 1136/1163/1
f 1142/1166/1 1107/1161/1 1143/1164/1
f 1127/1142/1 1138/1167/1 1137/1165/1
f 1141/1168/1 1107/1161/1 1142/1166/1
f 1127/1142/1 1139/1169/1 1138/1167/1
f 1141/1168/1 1108/1170/1 1107/1161/1
f 1140/1171/1 1108/1170/1 1141/1168/1
f 1127/1142/1 1140/1171/1 1139/1169/1
f 1127/1142/1 1108/1170/1 1140/1171/1
f 1127/1142/1 1109/1172/1 1108/1170/1
f 1126/1173/1 1109/1172/1 1127/1142/1
f 1125/1174/1 1109/1172/1 1126/1173/1
f 1125/1174/1 1110/1175/1 1109/1172/1
f 1124/1176/1 1110/1175/1 1125/1174/1
f 1124/1176/1 1111/1177/1 1110/1175/1
f 1123/1178/1 1111/1177/1 1124/1176/1
f 1122/1179/1 1111/1177/1 1123/1178/1
f 1122/1179/1 1112/1180/1 1111/1177/1
f 1121/1181/1 1112/1180/1 1122/1179/1
f 1120/1182/1 1112/1180/1 1121/1181/1
f 1120/1182/1 1113/1183/1 1112/1180/1
f 1119/1184/1 1113/1183/1 1120/1182/1
f 1118/1185/1 1113/1183/1 1119/1184/1
f 1118/1185/1 1114/1186/1 1113/1183/1
f 1117/1187/1 1114/1186/1 1118/1185/1
f 1116/1188/1 1114/1186/1 1117/1187/1
f 1116/1188/1 1115/1189/1 1114/1186/1
f 1200/1190/4 1201/1191/4 1202/1192/4
f 1200/1190/4 1202/1192/4 1203/1193/4
f 1200/1190/4 1203/1193/4 1204/1194/4
f 1199/1195/4 1200/1190/4 1204/1194/4
f 1199/1195/4 1204/1194/4 1205/1196/4
f 1198/1197/4 1199/1195/4 1205/1196/4
f 1198/1197/4 1205/1196/4 1206/1198/4
f 1197/1199/4 1198/1197/4 1206/1198/4
f 1197/1199/4 1206/1198/4 1207/1200/4
f 1196/1201/4 1197/1199/4 1207/1200/4
f 1196/1201/4 1207/1200/4 1208/1202/4
f 1195/1203/4 1196/1201/4 1208/1202/4
f 1195/1203/4 1208/1202/4 1209/1204/4
f 1194/1205/4 1195/1203/4 1209/1204/4
f 1194/1205/4 1209/1204/4 1210/1206/4
f 1193/1207/4 1194/1205/4 1210/1206/4
f 1193/1207/4 1210/1206/4 1211/1208/4
f 1192/1209/4 1193/1207/4 1211/1208/4
f 1192/1209/4 1211/1208/4 1212/1210/4
f 1191/1211/4 1192/1209/4 1212/1210/4
f 1191/1211/4 1212/1210/4 1213/1212/4
f 1190/1213/4 1191/1211/4 1213/1212/4
f 1190/1213/4 1213/1212/4 1214/1214/4
f 1278/1215/4 1190/1213/4 1214/1214/4
f 1277/1216/4 1278/1215/4 1214/1214/4
f 1277/1216/4 1214/1214/4 1215/1217/4
f 1276/1218/4 1277/1216/4 1215/1217/4
f 1275/1219/4 1276/1218/4 1215/1217/4
f 1274/1220/4 1275/1219/4 1215/1217/4
f 1274/1220/4 1215/1217/4 1216/1221/4
f 1274/1220/4 1216/1221/4 1217/1222/4
f 1273/1223/4 1274/1220/4 1217/1222/4
f 1273/1223/4 1217/1222/4 1218/1224/4
f 1273/1223/4 1218/1224/4 1219/1225/4
f 1273/1223/4 1219/1225/4 1220/1226/4
f 1273/1223/4 1220/1226/4 1221/1227/4
f 1272/1228/4 1273/1223/4 1240/1229/4
f 1240/1229/4 1273/1223/4 1221/1227/4
f 1240/1229/4 1221/1227/4 1222/1230/4
f 1272/1228/4 1240/1229/4 1241/1231/4
f 1239/1232/4 1240/1229/4 1222/1230/4
f 1239/1232/4 1222/1230/4 1223/1233/4
f 1238/1234/4 1239/1232/4 1223/1233/4
f 1238/1234/4 1223/1233/4 1224/1235/4
f 1237/1236/4 1238/1234/4 1224/1235/4
f 1236/1237/4 1237/1236/4 1224/1235/4
f 1236/1237/4 1224/1235/4 1225/1238/4
f 1235/1239/4 1236/1237/4 1225/1238/4
f 1235/1239/4 1225/1238/4 1226/1240/4
f 1271/1241/4 1272/1228/4 1241/1231/4
f 1234/1242/4 1235/1239/4 1226/1240/4
f 1234/1242/4 1226/1240/4 1227/1243/4
f 1233/1244/4 1234/1242/4 1227/1243/4
f 1233/1244/4 1227/1243/4 1232/1245/4
f 1232/1245/4 1227/1243/4 1231/1246/4
f 1231/1246/4 1227/1243/4 1230/1247/4
f 1230/1247/4 1227/1243/4 1229/1248/4
f 1229/1248/4 1227/1243/4 1228/1249/4
f 1270/1250/4 1271/1241/4 1241/1231/4
f 1269/1251/4 1270/1250/4 1241/1231/4
f 1268/1252/4 1269/1251/4 1241/1231/4
f 1267/1253/4 1268/1252/4 1241/1231/4
f 1266/1254/4 1267/1253/4 1241/1231/4
f 1265/1255/4 1266/1254/4 1241/1231/4
f 1265/1255/4 1241/1231/4 1242/1256/4
f 1265/1255/4 1242/1256/4 1243/1257/4
f 1264/1258/4 1265/1255/4 1243/1257/4
f 1264/1258/4 1243/1257/4 1244/1259/4
f 1263/1260/4 1264/1258/4 1244/1259/4
f 1263/1260/4 1244/1259/4 1245/1261/4
f 1262/1262/4 1263/1260/4 1245/1261/4
f 1262/1262/4 1245/1261/4 1246/1263/4
f 1261/1264/4 1262/1262/4 1246/1263/4
f 1261/1264/4 1246/1263/4 1247/1265/4
f 1260/1266/4 1261/1264/4 1247/1265/4
f 1260/1266/4 1247/1265/4 1248/1267/4
f 1259/1268/4 1260/1266/4 1248/1267/4
f 1259/1268/4 1248/1267/4 1249/1269/4
f 1258/1270/4 1259/1268/4 1249/1269/4
f 1258/1270/4 1249/1269/4 1250/1271/4
f 1257/1272/4 1258/1270/4 1250/1271/4
f 1257/1272/4 1250/1271/4 1251/1273/4
f 1256/1274/4 1257/1272/4 1251/1273/4
f 1256/1274/4 1251/1273/4 1252/1275/4
f 1255/1276/4 1256/1274/4 1252/1275/4
f 1255/1276/4 1252/1275/4 1253/1277/4
f 1254/1278/4 1255/1276/4 1253/1277/4
f 1339/1279/4 1340/1280/4 1341/1281/4
f 1301/1282/4 1302/1283/4 1303/1284/4
f 1339/1279/4 1341/1281/4 1342/1285/4
f 1300/1286/4 1301/1282/4 1303/1284/4
f 1339/1279/4 1342/1285/4 1343/1287/4
f 1299/1288/4 1300/1286/4 1303/1284/4
f 1339/1279/4 1343/1287/4 1344/1289/4
f 1298/1290/4 1299/1288/4 1303/1284/4
f 1339/1279/4 1344/1289/4 1345/1291/4
f 1297/1292/4 1298/1290/4 1303/1284/4
f 1339/1279/4 1345/1291/4 1346/1293/4
f 1296/1294/4 1297/1292/4 1303/1284/4
f 1339/1279/4 1346/1293/4 1347/1295/4
f 1295/1296/4 1296/1294/4 1303/1284/4
f 1339/1279/4 1347/1295/4 1348/1297/4
f 1294/1298/4 1295/1296/4 1303/1284/4
f 1339/1279/4 1348/1297/4 1349/1299/4
f 1293/1300/4 1294/1298/4 1303/1284/4
f 1339/1279/4 1349/1299/4 1350/1301/4
f 1292/1302/4 1293/1300/4 1303/1284/4
f 1339/1279/4 1350/1301/4 1351/1303/4
f 1291/1304/4 1292/1302/4 1303/1284/4
f 1339/1279/4 1351/1303/4 1352/1305/4
f 1290/1306/4 1291/1304/4 1303/1284/4
f 1339/1279/4 1352/1305/4 1279/1307/4
f 1339/1279/4 1279/1307/4 1280/1308/4
f 1339/1279/4 1280/1308/4 1281/1309/4
f 1339/1279/4 1281/1309/4 1282/1310/4
f 1339/1279/4 1282/1310/4 1283/1311/4
f 1339/1279/4 1283/1311/4 1284/1312/4
f 1339/1279/4 1284/1312/4 1285/1313/4
f 1339/1279/4 1285/1313/4 1286/1314/4
f 1339/1279/4 1286/1314/4 1287/1315/4
f 1339/1279/4 1287/1315/4 1288/1316/4
f 1339/1279/4 1288/1316/4 1289/1317/4
f 1339/1279/4 1289/1317/4 1290/1306/4
f 1339/1279/4 1290/1306/4 1338/1318/4
f 1338/1318/4 1290/1306/4 1337/1319/4
f 1337/1319/4 1290/1306/4 1336/1320/4
f 1336/1320/4 1290/1306/4 1335/1321/4
f 1335/1321/4 1290/1306/4 1334/1322/4
f 1334/1322/4 1290/1306/4 1333/1323/4
f 1333/1323/4 1290/1306/4 1332/1324/4
f 1332/1324/4 1290/1306/4 1331/1325/4
f 1331/1325/4 1290/1306/4 1330/1326/4
f 1330/1326/4 1290/1306/4 1329/1327/4
f 1329/1327/4 1290/1306/4 1328/1328/4
f 1328/1328/4 1290/1306/4 1327/1329/4
f 1327/1329/4 1290/1306/4 1326/1330/4
f 1326/1330/4 1290/1306/4 1325/1331/4
f 1325/1331/4 1290/1306/4 1324/1332/4
f 1324/1332/4 1290/1306/4 1322/1333/4
f 1322/1333/4 1290/1306/4 1319/1334/4
f 1319/1334/4 1290/1306/4 1316/1335/4
f 1316/1335/4 1290/1306/4 1315/1336/4
f 1315/1336/4 1290/1306/4 1314/1337/4
f 1314/1337/4 1290/1306/4 1313/1338/4
f 1313/1338/4 1290/1306/4 1312/1339/4
f 1312/1339/4 1290/1306/4 1311/1340/4
f 1311/1340/4 1290/1306/4 1310/1341/4
f 1310/1341/4 1290/1306/4 1309/1342/4
f 1309/1342/4 1290/1306/4 1308/1343/4
f 1308/1343/4 1290/1306/4 1303/1284/4
f 1323/1344/4 1324/1332/4 1322/1333/4
f 1321/1345/1 1322/1333/1 1319/1334/1
f 1320/1346/1 1321/1345/1 1319/1334/1
f 1318/1347/1 1319/1334/1 1316/1335/1
f 1317/1348/1 1318/1347/1 1316/1335/1
f 1307/1349/5 1308/1343/5 1303/1284/5
f 1306/1350/4 1307/1349/4 1303/1284/4
f 1305/1351/4 1306/1350/4 1303/1284/4
f 1304/1352/4 1305/1351/4 1303/1284/4
f 1515/1353/4 1516/1354/4 1517/1355/4
f 1514/1356/4 1515/1353/4 1517/1355/4
f 1513/1357/4 1514/1356/4 1517/1355/4
f 1512/1358/4 1513/1357/4 1517/1355/4
f 1511/1359/4 1512/1358/4 1517/1355/4
f 1511/1359/4 1517/1355/4 1518/1360/4
f 1510/1361/4 1511/1359/4 1518/1360/4
f 1510/1361/4 1518/1360/4 1519/1362/4
f 1509/1363/4 1510/1361/4 1519/1362/4
f 1509/1363/4 1519/1362/4 1520/1364/4
f 1508/1365/4 1509/1363/4 1520/1364/4
f 1508/1365/4 1520/1364/4 1521/1366/4
f 1507/1367/4 1508/1365/4 1521/1366/4
f 1507/1367/4 1521/1366/4 1522/1368/4
f 1506/1369/4 1507/1367/4 1522/1368/4
f 1506/1369/4 1522/1368/4 1523/1370/4
f 1505/1371/4 1506/1369/4 1523/1370/4
f 1505/1371/4 1523/1370/4 1524/1372/4
f 1504/1373/4 1505/1371/4 1524/1372/4
f 1504/1373/4 1524/1372/4 1525/1374/4
f 1503/1375/4 1504/1373/4 1525/1374/4
f 1503/1375/4 1525/1374/4 1526/1376/4
f 1503/1375/4 1526/1376/4 1527/1377/4
f 1503/1375/4 1527/1377/4 1528/1378/4
f 1503/1375/4 1528/1378/4 1529/1379/4
f 1502/1380/4 1503/1375/4 1529/1379/4
f 1502/1380/4 1529/1379/4 1353/1381/4
f 1501/1382/4 1502/1380/4 1353/1381/4
f 1365/1383/4 1366/1384/4 1367/1385/4
f 1364/1386/4 1365/1383/4 1367/1385/4
f 1363/1387/4 1364/1386/4 1367/1385/4
f 1362/1388/4 1363/1387/4 1367/1385/4
f 1361/1389/4 1362/1388/4 1367/1385/4
f 1360/1390/4 1361/1389/4 1367/1385/4
f 1359/1391/4 1360/1390/4 1367/1385/4
f 1358/1392/4 1359/1391/4 1367/1385/4
f 1357/1393/4 1358/1392/4 1367/1385/4
f 1356/1394/4 1357/1393/4 1367/1385/4
f 1355/1395/4 1356/1394/4 1367/1385/4
f 1354/1396/4 1355/1395/4 1367/1385/4
f 1501/1382/4 1353/1381/4 1354/1396/4
f 1501/1382/4 1354/1396/4 1367/1385/4
f 1500/1397/4 1501/1382/4 1367/1385/4
f 1500/1397/4 1367/1385/4 1368/1398/4
f 1500/1397/4 1368/1398/4 1369/1399/4
f 1500/1397/4 1369/1399/4 1370/1400/4
f 1500/1397/4 1370/1400/4 1371/1401/4
f 1499/1402/4 1500/1397/4 1371/1401/4
f 1499/1402/4 1371/1401/4 1372/1403/4
f 1499/1402/4 1372/1403/4 1373/1404/4
f 1499/1402/4 1373/1404/4 1374/1405/4
f 1499/1402/4 1374/1405/4 1479/1406/4
f 1479/1406/4 1374/1405/4 1375/1407/4
f 1479/1406/4 1375/1407/4 1376/1408/4
f 1479/1406/4 1376/1408/4 1478/1409/4
f 1478/1409/4 1376/1408/4 1377/1410/4
f 1499/1402/4 1479/1406/4 1480/1411/4
f 1477/1412/4 1478/1409/4 1377/1410/4
f 1498/1413/4 1499/1402/4 1480/1411/4
f 1477/1412/4 1377/1410/4 1378/1414/4
f 1477/1412/4 1378/1414/4 1379/1415/4
f 1477/1412/4 1379/1415/4 1380/1416/4
f 1476/1417/4 1477/1412/4 1380/1416/4
f 1498/1413/4 1480/1411/4 1481/1418/4
f 1497/1419/4 1498/1413/4 1481/1418/4
f 1476/1417/4 1380/1416/4 1381/1420/4
f 1475/1421/4 1476/1417/4 1381/1420/4
f 1497/1419/4 1481/1418/4 1482/1422/4
f 1475/1421/4 1381/1420/4 1382/1423/4
f 1496/1424/4 1497/1419/4 1482/1422/4
f 1474/1425/4 1475/1421/4 1382/1423/4
f 1496/1424/4 1482/1422/4 1483/1426/4
f 1474/1425/4 1382/1423/4 1383/1427/4
f 1473/1428/4 1474/1425/4 1383/1427/4
f 1496/1424/4 1483/1426/4 1484/1429/4
f 1495/1430/4 1496/1424/4 1484/1429/4
f 1473/1428/4 1383/1427/4 1384/1431/4
f 1472/1432/4 1473/1428/4 1384/1431/4
f 1495/1430/4 1484/1429/4 1485/1433/4
f 1494/1434/4 1495/1430/4 1485/1433/4
f 1471/1435/4 1472/1432/4 1384/1431/4
f 1494/1434/4 1485/1433/4 1486/1436/4
f 1471/1435/4 1384/1431/4 1385/1437/4
f 1453/1438/4 1454/1439/4 1455/1440/4
f 1453/1438/4 1455/1440/4 1456/1441/4
f 1493/1442/4 1494/1434/4 1486/1436/4
f 1493/1442/4 1486/1436/4 1487/1443/4
f 1470/1444/4 1471/1435/4 1385/1437/4
f 1453/1438/4 1456/1441/4 1457/1445/4
f 1470/1444/4 1385/1437/4 1386/1446/4
f 1453/1438/4 1457/1445/4 1458/1447/4
f 1493/1442/4 1487/1443/4 1488/1448/4
f 1453/1438/4 1458/1447/4 1459/1449/4
f 1469/1450/4 1470/1444/4 1386/1446/4
f 1492/1451/4 1493/1442/4 1488/1448/4
f 1469/1450/4 1386/1446/4 1387/1452/4
f 1453/1438/4 1459/1449/4 1460/1453/4
f 1452/1454/4 1453/1438/4 1460/1453/4
f 1492/1451/4 1488/1448/4 1489/1455/4
f 1452/1454/4 1460/1453/4 1461/1456/4
f 1451/1457/4 1452/1454/4 1461/1456/4
f 1468/1458/4 1469/1450/4 1387/1452/4
f 1491/1459/4 1492/1451/4 1489/1455/4
f 1451/1457/4 1461/1456/4 1462/1460/4
f 1450/1461/4 1451/1457/4 1462/1460/4
f 1468/1458/4 1387/1452/4 1388/1462/4
f 1491/1459/4 1489/1455/4 1490/1463/4
f 1450/1461/4 1462/1460/4 1463/1464/4
f 1449/1465/4 1450/1461/4 1463/1464/4
f 1467/1466/4 1468/1458/4 1388/1462/4
f 1448/1467/4 1449/1465/4 1463/1464/4
f 1448/1467/4 1463/1464/4 1464/1468/4
f 1467/1466/4 1388/1462/4 1389/1469/4
f 1447/1470/4 1448/1467/4 1464/1468/4
f 1447/1470/4 1464/1468/4 1465/1471/4
f 1466/1472/4 1467/1466/4 1389/1469/4
f 1446/1473/4 1447/1470/4 1465/1471/4
f 1446/1473/4 1465/1471/4 1466/1472/4
f 1466/1472/4 1389/1469/4 1390/1474/4
f 1445/1475/4 1446/1473/4 1466/1472/4
f 1445/1475/4 1466/1472/4 1390/1474/4
f 1444/1476/4 1445/1475/4 1390/1474/4
f 1444/1476/4 1390/1474/4 1391/1477/4
f 1443/1478/4 1444/1476/4 1391/1477/4
f 1442/1479/4 1443/1478/4 1391/1477/4
f 1442/1479/4 1391/1477/4 1392/1480/4
f 1441/1481/4 1442/1479/4 1392/1480/4
f 1441/1481/4 1392/1480/4 1393/1482/4
f 1441/1481/4 1393/1482/4 1394/1483/4
f 1440/1484/4 1441/1481/4 1394/1483/4
f 1440/1484/4 1394/1483/4 1395/1485/4
f 1440/1484/4 1395/1485/4 1396/1486/4
f 1440/1484/4 1396/1486/4 1397/1487/4
f 1439/1488/4 1440/1484/4 1397/1487/4
f 1439/1488/4 1397/1487/4 1398/1489/4
f 1439/1488/4 1398/1489/4 1399/1490/4
f 1439/1488/4 1399/1490/4 1416/1491/4
f 1416/1491/4 1399/1490/4 1400/1492/4
f 1438/1493/4 1439/1488/4 1416/1491/4
f 1438/1493/4 1416/1491/4 1417/1494/4
f 1415/1495/4 1416/1491/4 1400/1492/4
f 1415/1495/4 1400/1492/4 1401/1496/4
f 1414/1497/4 1415/1495/4 1401/1496/4
f 1414/1497/4 1401/1496/4 1402/1498/4
f 1414/1497/4 1402/1498/4 1403/1499/4
f 1413/1500/4 1414/1497/4 1403/1499/4
f 1413/1500/4 1403/1499/4 1412/1501/4
f 1412/1501/4 1403/1499/4 1411/1502/4
f 1411/1502/4 1403/1499/4 1410/1503/4
f 1410/1503/4 1403/1499/4 1409/1504/4
f 1409/1504/4 1403/1499/4 1408/1505/4
f 1408/1505/4 1403/1499/4 1407/1506/4
f 1407/1506/4 1403/1499/4 1406/1507/4
f 1406/1507/4 1403/1499/4 1405/1508/4
f 1405/1508/4 1403/1499/4 1404/1509/4
f 1437/1510/4 1438/1493/4 1417/1494/4
f 1437/1510/4 1417/1494/4 1418/1511/4
f 1436/1512/4 1437/1510/4 1418/1511/4
f 1436/1512/4 1418/1511/4 1419/1513/4
f 1435/1514/4 1436/1512/4 1419/1513/4
f 1435/1514/4 1419/1513/4 1420/1515/4
f 1434/1516/4 1435/1514/4 1420/1515/4
f 1434/1516/4 1420/1515/4 1421/1517/4
f 1433/1518/4 1434/1516/4 1421/1517/4
f 1433/1518/4 1421/1517/4 1422/1519/4
f 1432/1520/4 1433/1518/4 1422/1519/4
f 1432/1520/4 1422/1519/4 1423/1521/4
f 1431/1522/4 1432/1520/4 1423/1521/4
f 1431/1522/4 1423/1521/4 1424/1523/4
f 1430/1524/4 1431/1522/4 1424/1523/4
f 1429/1525/4 1430/1524/4 1424/1523/4
f 1429/1525/4 1424/1523/4 1425/1526/4
f 1428/1527/4 1429/1525/4 1425/1526/4
f 1428/1527/4 1425/1526/4 1426/1528/4
f 1428/1527/4 1426/1528/4 1427/1529/4
f 1663/1530/4 1664/1531/4 1665/1532/4
f 1662/1533/4 1663/1530/4 1665/1532/4
f 1627/1534/4 1628/1535/4 1629/1536/4
f 1661/1537/4 1662/1533/4 1665/1532/4
f 1627/1534/4 1629/1536/4 1630/1538/4
f 1627/1534/4 1630/1538/4 1631/1539/4
f 1660/1540/4 1661/1537/4 1665/1532/4
f 1627/1534/4 1631/1539/4 1632/1541/4
f 1659/1542/4 1660/1540/4 1665/1532/4
f 1627/1534/4 1632/1541/4 1633/1543/4
f 1627/1534/4 1633/1543/4 1634/1544/4
f 1658/1545/4 1659/1542/4 1665/1532/4
f 1627/1534/4 1634/1544/4 1635/1546/4
f 1657/1547/4 1658/1545/4 1665/1532/4
f 1627/1534/4 1635/1546/4 1636/1548/4
f 1656/1549/4 1657/1547/4 1665/1532/4
f 1627/1534/4 1636/1548/4 1637/1550/4
f 1655/1551/4 1656/1549/4 1665/1532/4
f 1627/1534/4 1637/1550/4 1638/1552/4
f 1654/1553/4 1655/1551/4 1665/1532/4
f 1627/1534/4 1638/1552/4 1639/1554/4
f 1653/1555/4 1654/1553/4 1665/1532/4
f 1627/1534/4 1639/1554/4 1640/1556/4
f 1652/1557/4 1653/1555/4 1665/1532/4
f 1627/1534/4 1640/1556/4 1641/1558/4
f 1627/1534/4 1641/1558/4 1642/1559/4
f 1627/1534/4 1642/1559/4 1643/1560/4
f 1627/1534/4 1643/1560/4 1644/1561/4
f 1627/1534/4 1644/1561/4 1645/1562/4
f 1627/1534/4 1645/1562/4 1646/1563/4
f 1627/1534/4 1646/1563/4 1647/1564/4
f 1627/1534/4 1647/1564/4 1648/1565/4
f 1627/1534/4 1648/1565/4 1649/1566/4
f 1627/1534/4 1649/1566/4 1650/1567/4
f 1627/1534/4 1650/1567/4 1651/1568/4
f 1627/1534/4 1651/1568/4 1652/1557/4
f 1627/1534/4 1652/1557/4 1665/1532/4
f 1627/1534/4 1665/1532/4 1626/1569/4
f 1626/1569/4 1665/1532/4 1666/1570/4
f 1626/1569/4 1666/1570/4 1667/1571/4
f 1626/1569/4 1667/1571/4 1625/1572/4
f 1625/1572/4 1667/1571/4 1668/1573/4
f 1625/1572/4 1668/1573/4 1624/1574/4
f 1624/1574/4 1668/1573/4 1669/1575/4
f 1624/1574/4 1669/1575/4 1623/1576/4
f 1623/1576/4 1669/1575/4 1622/1577/4
f 1622/1577/4 1669/1575/4 1670/1578/4
f 1622/1577/4 1670/1578/4 1621/1579/4
f 1621/1579/4 1670/1578/4 1671/1580/4
f 1621/1579/4 1671/1580/4 1620/1581/4
f 1620/1581/4 1671/1580/4 1619/1582/4
f 1619/1582/4 1671/1580/4 1672/1583/4
f 1619/1582/4 1672/1583/4 1618/1584/4
f 1618/1584/4 1672/1583/4 1673/1585/4
f 1618/1584/4 1673/1585/4 1617/1586/4
f 1617/1586/4 1673/1585/4 1674/1587/4
f 1617/1586/4 1674/1587/4 1675/1588/4
f 1617/1586/4 1675/1588/4 1616/1589/4
f 1616/1589/4 1675/1588/4 1676/1590/4
f 1616/1589/4 1676/1590/4 1677/1591/4
f 1616/1589/4 1677/1591/4 1615/1592/4
f 1615/1592/4 1677/1591/4 1613/1593/4
f 1613/1593/4 1677/1591/4 1612/1594/4
f 1612/1594/4 1677/1591/4 1611/1595/4
f 1611/1595/4 1677/1591/4 1610/1596/4
f 1610/1596/4 1677/1591/4 1609/1597/4
f 1609/1597/4 1677/1591/4 1608/1598/4
f 1608/1598/4 1677/1591/4 1607/1599/4
f 1607/1599/4 1677/1591/4 1606/1600/4
f 1606/1600/4 1677/1591/4 1605/1601/4
f 1605/1601/4 1677/1591/4 1604/1602/4
f 1604/1602/4 1677/1591/4 1603/1603/4
f 1603/1603/4 1677/1591/4 1530/1604/4
f 1614/1605/1 1615/1592/1 1613/1593/1
f 1602/1606/4 1603/1603/4 1530/1604/4
f 1602/1606/4 1530/1604/4 1531/1607/4
f 1601/1608/4 1602/1606/4 1531/1607/4
f 1601/1608/4 1531/1607/4 1532/1609/4
f 1600/1610/4 1601/1608/4 1532/1609/4
f 1600/1610/4 1532/1609/4 1533/1611/4
f 1599/1612/4 1600/1610/4 1533/1611/4
f 1599/1612/4 1533/1611/4 1534/1613/4
f 1598/1614/4 1599/1612/4 1534/1613/4
f 1598/1614/4 1534/1613/4 1535/1615/4
f 1597/1616/4 1598/1614/4 1535/1615/4
f 1597/1616/4 1535/1615/4 1536/1617/4
f 1596/1618/4 1597/1616/4 1536/1617/4
f 1596/1618/4 1536/1617/4 1537/1619/4
f 1595/1620/4 1596/1618/4 1537/1619/4
f 1594/1621/4 1595/1620/4 1537/1619/4
f 1594/1621/4 1537/1619/4 1538/1622/4
f 1593/1623/4 1594/1621/4 1538/1622/4
f 1593/1623/4 1538/1622/4 1539/1624/4
f 1592/1625/4 1593/1623/4 1539/1624/4
f 1592/1625/4 1539/1624/4 1540/1626/4
f 1591/1627/4 1592/1625/4 1540/1626/4
f 1591/1627/4 1540/1626/4 1541/1628/4
f 1590/1629/4 1591/1627/4 1541/1628/4
f 1590/1629/4 1541/1628/4 1542/1630/4
f 1589/1631/4 1590/1629/4 1542/1630/4
f 1589/1631/4 1542/1630/4 1543/1632/4
f 1588/1633/4 1589/1631/4 1543/1632/4
f 1588/1633/4 1543/1632/4 1566/1634/4
f 1566/1634/4 1543/1632/4 1544/1635/4
f 1588/1633/4 1566/1634/4 1567/1636/4
f 1565/1637/4 1566/1634/4 1544/1635/4
f 1565/1637/4 1544/1635/4 1545/1638/4
f 1587/1639/4 1588/1633/4 1567/1636/4
f 1564/1640/4 1565/1637/4 1545/1638/4
f 1587/1639/4 1567/1636/4 1568/1641/4
f 1564/1640/4 1545/1638/4 1546/1642/4
f 1586/1643/4 1587/1639/4 1568/1641/4
f 1563/1644/4 1564/1640/4 1546/1642/4
f 1586/1643/4 1568/1641/4 1569/1645/4
f 1563/1644/4 1546/1642/4 1547/1646/4
f 1585/1647/4 1586/1643/4 1569/1645/4
f 1562/1648/4 1563/1644/4 1547/1646/4
f 1585/1647/4 1569/1645/4 1570/1649/4
f 1562/1648/4 1547/1646/4 1548/1650/4
f 1584/1651/4 1585/1647/4 1570/1649/4
f 1561/1652/4 1562/1648/4 1548/1650/4
f 1584/1651/4 1570/1649/4 1571/1653/4
f 1561/1652/4 1548/1650/4 1549/1654/4
f 1583/1655/4 1584/1651/4 1571/1653/4
f 1560/1656/4 1561/1652/4 1549/1654/4
f 1583/1655/4 1571/1653/4 1572/1657/4
f 1560/1656/4 1549/1654/4 1550/1658/4
f 1582/1659/4 1583/1655/4 1572/1657/4
f 1559/1660/4 1560/1656/4 1550/1658/4
f 1582/1659/4 1572/1657/4 1573/1661/4
f 1581/1662/4 1582/1659/4 1573/1661/4
f 1559/1660/4 1550/1658/4 1551/1663/4
f 1558/1664/4 1559/1660/4 1551/1663/4
f 1581/1662/4 1573/1661/4 1574/1665/4
f 1580/1666/4 1581/1662/4 1574/1665/4
f 1558/1664/4 1551/1663/4 1552/1667/4
f 1557/1668/4 1558/1664/4 1552/1667/4
f 1579/1669/4 1580/1666/4 1574/1665/4
f 1579/1669/4 1574/1665/4 1575/1670/4
f 1557/1668/4 1552/1667/4 1553/1671/4
f 1578/1672/4 1579/1669/4 1575/1670/4
f 1556/1673/4 1557/1668/4 1553/1671/4
f 1578/1672/4 1575/1670/4 1576/1674/4
f 1556/1673/4 1553/1671/4 1555/1675/4
f 1555/1675/4 1553/1671/4 1554/1676/4
f 1578/1672/4 1576/1674/4 1577/1677/4
f 1700/1678/4 1701/1679/4 1702/1680/4
f 1699/1681/4 1700/1678/4 1702/1680/4
f 1698/1682/4 1699/1681/4 1702/1680/4
f 1697/1683/4 1698/1682/4 1702/1680/4
f 1697/1683/4 1702/1680/4 1703/1684/4
f 1696/1685/4 1697/1683/4 1703/1684/4
f 1696/1685/4 1703/1684/4 1704/1686/4
f 1696/1685/4 1704/1686/4 1705/1687/4
f 1695/1688/4 1696/1685/4 1705/1687/4
f 1695/1688/4 1705/1687/4 1706/1689/4
f 1694/1690/4 1695/1688/4 1706/1689/4
f 1694/1690/4 1706/1689/4 1707/1691/4
f 1693/1692/4 1694/1690/4 1707/1691/4
f 1693/1692/4 1707/1691/4 1708/1693/4
f 1692/1694/4 1693/1692/4 1708/1693/4
f 1692/1694/4 1708/1693/4 1709/1695/4
f 1691/1696/4 1692/1694/4 1709/1695/4
f 1691/1696/4 1709/1695/4 1710/1697/4
f 1690/1698/4 1691/1696/4 1710/1697/4
f 1690/1698/4 1710/1697/4 1711/1699/4
f 1690/1698/4 1711/1699/4 1712/1700/4
f 1689/1701/4 1690/1698/4 1712/1700/4
f 1689/1701/4 1712/1700/4 1713/1702/4
f 1688/1703/4 1689/1701/4 1713/1702/4
f 1688/1703/4 1713/1702/4 1714/1704/4
f 1688/1703/4 1714/1704/4 1715/1705/4
f 1687/1706/4 1688/1703/4 1715/1705/4
f 1687/1706/4 1715/1705/4 1716/1707/4
f 1686/1708/4 1687/1706/4 1716/1707/4
f 1686/1708/4 1716/1707/4 1717/1709/4
f 1685/1710/4 1686/1708/4 1717/1709/4
f 1685/1710/4 1717/1709/4 1718/1711/4
f 1684/1712/4 1685/1710/4 1718/1711/4
f 1684/1712/4 1718/1711/4 1719/1713/4
f 1683/1714/4 1684/1712/4 1719/1713/4
f 1683/1714/4 1719/1713/4 1720/1715/4
f 1750/1716/4 1751/1717/4 1752/1718/4
f 1682/1719/4 1683/1714/4 1720/1715/4
f 1682/1719/4 1720/1715/4 1721/1720/4
f 1750/1716/4 1752/1718/4 1753/1721/4
f 1749/1722/4 1750/1716/4 1753/1721/4
f 1748/1723/4 1749/1722/4 1753/1721/4
f 1748/1723/4 1753/1721/4 1754/1724/4
f 1681/1725/4 1682/1719/4 1721/1720/4
f 1747/1726/4 1748/1723/4 1754/1724/4
f 1681/1725/4 1721/1720/4 1722/1727/4
f 1746/1728/4 1747/1726/4 1754/1724/4
f 1745/1729/4 1746/1728/4 1754/1724/4
f 1745/1729/4 1754/1724/4 1755/1730/4
f 1744/1731/4 1745/1729/4 1755/1730/4
f 1680/1732/4 1681/1725/4 1722/1727/4
f 1680/1732/4 1722/1727/4 1723/1733/4
f 1743/1734/4 1744/1731/4 1755/1730/4
f 1743/1734/4 1755/1730/4 1756/1735/4
f 1742/1736/4 1743/1734/4 1756/1735/4
f 1741/1737/4 1742/1736/4 1756/1735/4
f 1680/1732/4 1723/1733/4 1724/1738/4
f 1741/1737/4 1756/1735/4 1757/1739/4
f 1679/1740/4 1680/1732/4 1724/1738/4
f 1740/1741/4 1741/1737/4 1757/1739/4
f 1739/1742/4 1740/1741/4 1757/1739/4
f 1739/1742/4 1757/1739/4 1758/1743/4
f 1679/1740/4 1724/1738/4 1725/1744/4
f 1678/1745/4 1679/1740/4 1725/1744/4
f 1738/1746/4 1739/1742/4 1758/1743/4
f 1737/1747/4 1738/1746/4 1758/1743/4
f 1737/1747/4 1758/1743/4 1759/1748/4
f 1736/1749/4 1737/1747/4 1759/1748/4
f 1735/1750/4 1736/1749/4 1759/1748/4
f 1734/1751/4 1735/1750/4 1759/1748/4
f 1678/1745/4 1725/1744/4 1726/1752/4
f 1733/1753/4 1734/1751/4 1759/1748/4
f 1814/1754/4 1678/1745/4 1726/1752/4
f 1732/1755/4 1733/1753/4 1759/1748/4
f 1731/1756/4 1732/1755/4 1759/1748/4
f 1730/1757/4 1731/1756/4 1759/1748/4
f 1729/1758/4 1730/1757/4 1759/1748/4
f 1728/1759/4 1729/1758/4 1759/1748/4
f 1728/1759/4 1759/1748/4 1760/1760/4
f 1727/1761/4 1728/1759/4 1760/1760/4
f 1726/1752/4 1727/1761/4 1760/1760/4
f 1814/1754/4 1726/1752/4 1760/1760/4
f 1813/1762/4 1814/1754/4 1760/1760/4
f 1812/1763/4 1813/1762/4 1760/1760/4
f 1811/1764/4 1812/1763/4 1760/1760/4
f 1810/1765/4 1811/1764/4 1760/1760/4
f 1809/1766/4 1810/1765/4 1760/1760/4
f 1808/1767/4 1809/1766/4 1760/1760/4
f 1800/1768/4 1801/1769/4 1802/1770/4
f 1807/1771/4 1808/1767/4 1760/1760/4
f 1800/1768/4 1802/1770/4 1803/1772/4
f 1806/1773/4 1807/1771/4 1760/1760/4
f 1800/1768/4 1803/1772/4 1804/1774/4
f 1805/1775/4 1806/1773/4 1760/1760/4
f 1800/1768/4 1804/1774/4 1805/1775/4
f 1800/1768/4 1805/1775/4 1795/1776/4
f 1795/1776/4 1805/1775/4 1794/1777/4
f 1794/1777/4 1805/1775/4 1793/1778/4
f 1793/1778/4 1805/1775/4 1792/1779/4
f 1792/1779/4 1805/1775/4 1791/1780/4
f 1791/1780/4 1805/1775/4 1790/1781/4
f 1790/1781/4 1805/1775/4 1776/1782/4
f 1776/1782/4 1805/1775/4 1760/1760/4
f 1790/1781/4 1776/1782/4 1777/1783/4
f 1775/1784/4 1776/1782/4 1760/1760/4
f 1775/1784/4 1760/1760/4 1761/1785/4
f 1790/1781/4 1777/1783/4 1778/1786/4
f 1790/1781/4 1778/1786/4 1779/1787/4
f 1774/1788/4 1775/1784/4 1761/1785/4
f 1790/1781/4 1779/1787/4 1780/1789/4
f 1790/1781/4 1780/1789/4 1781/1790/4
f 1773/1791/4 1774/1788/4 1761/1785/4
f 1790/1781/4 1781/1790/4 1789/1792/4
f 1789/1792/4 1781/1790/4 1782/1793/4
f 1773/1791/4 1761/1785/4 1762/1794/4
f 1772/1795/4 1773/1791/4 1762/1794/4
f 1789/1792/4 1782/1793/4 1783/1796/4
f 1789/1792/4 1783/1796/4 1784/1797/4
f 1771/1798/4 1772/1795/4 1762/1794/4
f 1789/1792/4 1784/1797/4 1785/1799/4
f 1789/1792/4 1785/1799/4 1786/1800/4
f 1770/1801/4 1771/1798/4 1762/1794/4
f 1789/1792/4 1786/1800/4 1787/1802/4
f 1770/1801/4 1762/1794/4 1763/1803/4
f 1789/1792/4 1787/1802/4 1788/1804/4
f 1769/1805/4 1770/1801/4 1763/1803/4
f 1800/1768/6 1795/1776/6 1796/1806/6
f 1800/1768/4 1796/1806/4 1797/1807/4
f 1800/1768/6 1797/1807/6 1798/1808/6
f 1800/1768/4 1798/1808/4 1799/1809/4
f 1768/1810/4 1769/1805/4 1763/1803/4
f 1767/1811/4 1768/1810/4 1763/1803/4
f 1767/1811/4 1763/1803/4 1766/1812/4
f 1766/1812/4 1763/1803/4 1765/1813/4
f 1765/1813/4 1763/1803/4 1764/1814/4
f 1875/1815/4 1876/1816/4 1877/1817/4
f 1837/1818/4 1838/1819/4 1839/1820/4
f 1875/1815/4 1877/1817/4 1878/1821/4
f 1836/1822/4 1837/1818/4 1839/1820/4
f 1875/1815/4 1878/1821/4 1879/1823/4
f 1835/1824/4 1836/1822/4 1839/1820/4
f 1875/1815/4 1879/1823/4 1880/1825/4
f 1834/1826/4 1835/1824/4 1839/1820/4
f 1875/1815/4 1880/1825/4 1881/1827/4
f 1833/1828/4 1834/1826/4 1839/1820/4
f 1875/1815/4 1881/1827/4 1882/1829/4
f 1832/1830/4 1833/1828/4 1839/1820/4
f 1875/1815/4 1882/1829/4 1883/1831/4
f 1831/1832/4 1832/1830/4 1839/1820/4
f 1875/1815/4 1883/1831/4 1884/1833/4
f 1830/1834/4 1831/1832/4 1839/1820/4
f 1875/1815/4 1884/1833/4 1885/1835/4
f 1829/1836/4 1830/1834/4 1839/1820/4
f 1875/1815/4 1885/1835/4 1886/1837/4
f 1828/1838/4 1829/1836/4 1839/1820/4
f 1875/1815/4 1886/1837/4 1887/1839/4
f 1827/1840/4 1828/1838/4 1839/1820/4
f 1875/1815/4 1887/1839/4 1888/1841/4
f 1826/1842/4 1827/1840/4 1839/1820/4
f 1875/1815/4 1888/1841/4 1815/1843/4
f 1875/1815/4 1815/1843/4 1816/1844/4
f 1875/1815/4 1816/1844/4 1817/1845/4
f 1875/1815/4 1817/1845/4 1818/1846/4
f 1875/1815/4 1818/1846/4 1819/1847/4
f 1875/1815/4 1819/1847/4 1820/1848/4
f 1875/1815/4 1820/1848/4 1821/1849/4
f 1875/1815/4 1821/1849/4 1822/1850/4
f 1875/1815/4 1822/1850/4 1823/1851/4
f 1875/1815/4 1823/1851/4 1824/1852/4
f 1875/1815/4 1824/1852/4 1825/1853/4
f 1875/1815/4 1825/1853/4 1826/1842/4
f 1875/1815/4 1826/1842/4 1874/1854/4
f 1874/1854/4 1826/1842/4 1873/1855/4
f 1873/1855/4 1826/1842/4 1872/1856/4
f 1872/1856/4 1826/1842/4 1871/1857/4
f 1871/1857/4 1826/1842/4 1870/1858/4
f 1870/1858/4 1826/1842/4 1869/1859/4
f 1869/1859/4 1826/1842/4 1868/1860/4
f 1868/1860/4 1826/1842/4 1867/1861/4
f 1867/1861/4 1826/1842/4 1866/1862/4
f 1866/1862/4 1826/1842/4 1865/1863/4
f 1865/1863/4 1826/1842/4 1864/1864/4
f 1864/1864/4 1826/1842/4 1863/1865/4
f 1863/1865/4 1826/1842/4 1862/1866/4
f 1862/1866/4 1826/1842/4 1861/1867/4
f 1861/1867/4 1826/1842/4 1860/1868/4
f 1860/1868/4 1826/1842/4 1858/1869/4
f 1858/1869/4 1826/1842/4 1855/1870/4
f 1855/1870/4 1826/1842/4 1852/1871/4
f 1852/1871/4 1826/1842/4 1851/1872/4
f 1851/1872/4 1826/1842/4 1850/1873/4
f 1850/1873/4 1826/1842/4 1849/1874/4
f 1849/1874/4 1826/1842/4 1848/1875/4
f 1848/1875/4 1826/1842/4 1847/1876/4
f 1847/1876/4 1826/1842/4 1846/1877/4
f 1846/1877/4 1826/1842/4 1845/1878/4
f 1845/1878/4 1826/1842/4 1844/1879/4
f 1844/1879/4 1826/1842/4 1839/1820/4
f 1859/1880/1 1860/1868/1 1858/1869/1
f 1857/1881/4 1858/1869/4 1855/1870/4
f 1856/1882/1 1857/1881/1 1855/1870/1
f 1854/1883/1 1855/1870/1 1852/1871/1
f 1853/1884/1 1854/1883/1 1852/1871/1
f 1843/1885/5 1844/1879/5 1839/1820/5
f 1842/1886/4 1843/1885/4 1839/1820/4
f 1841/1887/4 1842/1886/4 1839/1820/4
f 1840/1888/4 1841/1887/4 1839/1820/4
f 1927/1889/4 1928/1890/4 1929/1891/4
f 1927/1889/4 1929/1891/4 1930/1892/4
f 1927/1889/4 1930/1892/4 1931/1893/4
f 1926/1894/4 1927/1889/4 1931/1893/4
f 1926/1894/4 1931/1893/4 1932/1895/4
f 1925/1896/4 1926/1894/4 1932/1895/4
f 1901/1897/4 1902/1898/4 1903/1899/4
f 1924/1900/4 1925/1896/4 1932/1895/4
f 1924/1900/4 1932/1895/4 1933/1901/4
f 1901/1897/4 1903/1899/4 1904/1902/4
f 1923/1903/4 1924/1900/4 1933/1901/4
f 1923/1903/4 1933/1901/4 1934/1904/4
f 2065/1905/4 2066/1906/4 2067/1907/4
f 1901/1897/4 1904/1902/4 1905/1908/4
f 1900/1909/4 1901/1897/4 1905/1908/4
f 2064/1910/4 2065/1905/4 2067/1907/4
f 1922/1911/4 1923/1903/4 1934/1904/4
f 1922/1911/4 1934/1904/4 1935/1912/4
f 1900/1909/4 1905/1908/4 1906/1913/4
f 2063/1914/4 2064/1910/4 2067/1907/4
f 1899/1915/4 1900/1909/4 1906/1913/4
f 2063/1914/4 2067/1907/4 2068/1916/4
f 1921/1917/4 1922/1911/4 1935/1912/4
f 2062/1918/4 2063/1914/4 2068/1916/4
f 1921/1917/4 1935/1912/4 1936/1919/4
f 1899/1915/4 1906/1913/4 1907/1920/4
f 2062/1918/4 2068/1916/4 2069/1921/4
f 1898/1922/4 1899/1915/4 1907/1920/4
f 2061/1923/4 2062/1918/4 2069/1921/4
f 2061/1923/4 2069/1921/4 2070/1924/4
f 1920/1925/4 1921/1917/4 1936/1919/4
f 2060/1926/4 2061/1923/4 2070/1924/4
f 1920/1925/4 1936/1919/4 1937/1927/4
f 1898/1922/4 1907/1920/4 1908/1928/4
f 2060/1926/4 2070/1924/4 2071/1929/4
f 1897/1930/4 1898/1922/4 1908/1928/4
f 2059/1931/4 2060/1926/4 2071/1929/4
f 2059/1931/4 2071/1929/4 2072/1932/4
f 1919/1933/4 1920/1925/4 1937/1927/4
f 1919/1933/4 1937/1927/4 1938/1934/4
f 2058/1935/4 2059/1931/4 2072/1932/4
f 1896/1936/4 1897/1930/4 1908/1928/4
f 1896/1936/4 1908/1928/4 1909/1937/4
f 2058/1935/4 2072/1932/4 2073/1938/4
f 2057/1939/4 2058/1935/4 2073/1938/4
f 2057/1939/4 2073/1938/4 2074/1940/4
f 1918/1941/4 1919/1933/4 1938/1934/4
f 1918/1941/4 1938/1934/4 1939/1942/4
f 2056/1943/4 2057/1939/4 2074/1940/4
f 1895/1944/4 1896/1936/4 1909/1937/4
f 2056/1943/4 2074/1940/4 2075/1945/4
f 1895/1944/4 1909/1937/4 1910/1946/4
f 2055/1947/4 2056/1943/4 2075/1945/4
f 2055/1947/4 2075/1945/4 2076/1948/4
f 1917/1949/4 1918/1941/4 1939/1942/4
f 1917/1949/4 1939/1942/4 1940/1950/4
f 2055/1947/4 2076/1948/4 2077/1951/4
f 1894/1952/4 1895/1944/4 1910/1946/4
f 2054/1953/4 2055/1947/4 2077/1951/4
f 1894/1952/4 1910/1946/4 1911/1954/4
f 1917/1949/4 1940/1950/4 1916/1955/4
f 1916/1955/4 1940/1950/4 1915/1956/4
f 2054/1953/4 2077/1951/4 2078/1957/4
f 2053/1958/4 2054/1953/4 2078/1957/4
f 2053/1958/4 2078/1957/4 2079/1959/4
f 1893/1960/4 1894/1952/4 1911/1954/4
f 1893/1960/4 1911/1954/4 1912/1961/4
f 2053/1958/4 2079/1959/4 1941/1962/4
f 2052/1963/4 2053/1958/4 1941/1962/4
f 2052/1963/4 1941/1962/4 1942/1964/4
f 1893/1960/4 1912/1961/4 1913/1965/4
f 1892/1966/4 1893/1960/4 1913/1965/4
f 2051/1967/4 2052/1963/4 1942/1964/4
f 2051/1967/4 1942/1964/4 1943/1968/4
f 1892/1966/4 1913/1965/4 1914/1969/4
f 1891/1970/4 1892/1966/4 1914/1969/4
f 2050/1971/4 2051/1967/4 1943/1968/4
f 2050/1971/4 1943/1968/4 1944/1972/4
f 1891/1970/4 1914/1969/4 1890/1973/4
f 1890/1973/4 1914/1969/4 1889/1974/4
f 2050/1971/4 1944/1972/4 1945/1975/4
f 2049/1976/4 2050/1971/4 1945/1975/4
f 2049/1976/4 1945/1975/4 1946/1977/4
f 2048/1978/4 2049/1976/4 1946/1977/4
f 2048/1978/4 1946/1977/4 1947/1979/4
f 2048/1978/4 1947/1979/4 1948/1980/4
f 2047/1981/4 2048/1978/4 1948/1980/4
f 2047/1981/4 1948/1980/4 1949/1982/4
f 2046/1983/4 2047/1981/4 1949/1982/4
f 2046/1983/4 1949/1982/4 1950/1984/4
f 2045/1985/4 2046/1983/4 1950/1984/4
f 2045/1985/4 1950/1984/4 1951/1986/4
f 2045/1985/4 1951/1986/4 1952/1987/4
f 2044/1988/4 2045/1985/4 1952/1987/4
f 1964/1989/4 1965/1990/4 1966/1991/4
f 1963/1992/4 1964/1989/4 1966/1991/4
f 1962/1993/4 1963/1992/4 1966/1991/4
f 1961/1994/4 1962/1993/4 1966/1991/4
f 1960/1995/4 1961/1994/4 1966/1991/4
f 1959/1996/4 1960/1995/4 1966/1991/4
f 1958/1997/4 1959/1996/4 1966/1991/4
f 1957/1998/4 1958/1997/4 1966/1991/4
f 1956/1999/4 1957/1998/4 1966/1991/4
f 1955/2000/4 1956/1999/4 1966/1991/4
f 1954/2001/4 1955/2000/4 1966/1991/4
f 1953/2002/4 1954/2001/4 1966/1991/4
f 2044/1988/4 1952/1987/4 1953/2002/4
f 2044/1988/4 1953/2002/4 1966/1991/4
f 2043/2003/4 2044/1988/4 1966/1991/4
f 2042/2004/4 2043/2003/4 1966/1991/4
f 2041/2005/4 2042/2004/4 1968/2006/4
f 1968/2006/4 2042/2004/4 1967/2007/4
f 1967/2007/4 2042/2004/4 1966/1991/4
f 2040/2008/4 2041/2005/4 1973/2009/4
f 1973/2009/4 2041/2005/4 1972/2010/4
f 1972/2010/4 2041/2005/4 1971/2011/4
f 1971/2011/4 2041/2005/4 1970/2012/4
f 1970/2012/4 2041/2005/4 1969/2013/4
f 1969/2013/4 2041/2005/4 1968/2006/4
f 2039/2014/4 2040/2008/4 2017/2015/4
f 2017/2015/4 2040/2008/4 2016/2016/4
f 2016/2016/4 2040/2008/4 1979/2017/4
f 1979/2017/4 2040/2008/4 1978/2018/4
f 1978/2018/4 2040/2008/4 1977/2019/4
f 1977/2019/4 2040/2008/4 1976/2020/4
f 1976/2020/4 2040/2008/4 1975/2021/4
f 1975/2021/4 2040/2008/4 1974/2022/4
f 1974/2022/4 2040/2008/4 1973/2009/4
f 2039/2014/4 2017/2015/4 2018/2023/4
f 2015/2024/4 2016/2016/4 1979/2017/4
f 2015/2024/4 1979/2017/4 1980/2025/4
f 2038/2026/4 2039/2014/4 2018/2023/4
f 2038/2026/4 2018/2023/4 2019/2027/4
f 2037/2028/4 2038/2026/4 2019/2027/4
f 2037/2028/4 2019/2027/4 2020/2029/4
f 2036/2030/4 2037/2028/4 2020/2029/4
f 2036/2030/4 2020/2029/4 2021/2031/4
f 2014/2032/4 2015/2024/4 1980/2025/4
f 2035/2033/4 2036/2030/4 2021/2031/4
f 2014/2032/4 1980/2025/4 1981/2034/4
f 2035/2033/4 2021/2031/4 2022/2035/4
f 2034/2036/4 2035/2033/4 2022/2035/4
f 2034/2036/4 2022/2035/4 2023/2037/4
f 2033/2038/4 2034/2036/4 2023/2037/4
f 2013/2039/4 2014/2032/4 1981/2034/4
f 2033/2038/4 2023/2037/4 2024/2040/4
f 2032/2041/4 2033/2038/4 2024/2040/4
f 2013/2039/4 1981/2034/4 1982/2042/4
f 2032/2041/4 2024/2040/4 2025/2043/4
f 2031/2044/4 2032/2041/4 2025/2043/4
f 2030/2045/4 2031/2044/4 2025/2043/4
f 2030/2045/4 2025/2043/4 2026/2046/4
f 2029/2047/4 2030/2045/4 2026/2046/4
f 2012/2048/4 2013/2039/4 1982/2042/4
f 2029/2047/4 2026/2046/4 2027/2049/4
f 2029/2047/4 2027/2049/4 2028/2050/4
f 2012/2048/4 1982/2042/4 1983/2051/4
f 2011/2052/4 2012/2048/4 1983/2051/4
f 2011/2052/4 1983/2051/4 1984/2053/4
f 2010/2054/4 2011/2052/4 1984/2053/4
f 2009/2055/4 2010/2054/4 1984/2053/4
f 2009/2055/4 1984/2053/4 1985/2056/4
f 2008/2057/4 2009/2055/4 1985/2056/4
f 2008/2057/4 1985/2056/4 1986/2058/4
f 2007/2059/4 2008/2057/4 1986/2058/4
f 2007/2059/4 1986/2058/4 1987/2060/4
f 2006/2061/4 2007/2059/4 1987/2060/4
f 2005/2062/4 2006/2061/4 1987/2060/4
f 2005/2062/4 1987/2060/4 1988/2063/4
f 2004/2064/4 2005/2062/4 1988/2063/4
f 2003/2065/4 2004/2064/4 1988/2063/4
f 2002/2066/4 2003/2065/4 1988/2063/4
f 2001/2067/4 2002/2066/4 1988/2063/4
f 2001/2067/4 1988/2063/4 1989/2068/4
f 2000/2069/4 2001/2067/4 1989/2068/4
f 1999/2070/4 2000/2069/4 1989/2068/4
f 1998/2071/4 1999/2070/4 1989/2068/4
f 1997/2072/4 1998/2071/4 1989/2068/4
f 1996/2073/4 1997/2072/4 1989/2068/4
f 1995/2074/4 1996/2073/4 1989/2068/4
f 1994/2075/4 1995/2074/4 1989/2068/4
f 1993/2076/4 1994/2075/4 1989/2068/4
f 1992/2077/4 1993/2076/4 1989/2068/4
f 1992/2077/4 1989/2068/4 1990/2078/4
f 1991/2079/4 1992/2077/4 1990/2078/4
f 2088/2080/4 2089/2081/4 2080/2082/4
f 2080/2082/4 2089/2081/4 2090/2083/4
f 2080/2082/4 2090/2083/4 2091/2084/4
f 2088/2080/4 2080/2082/4 2081/2085/4
f 2088/2080/4 2081/2085/4 2084/2086/4
f 2084/2086/4 2081/2085/4 2082/2087/4
f 2084/2086/4 2082/2087/4 2083/2088/4
f 2088/2080/4 2084/2086/4 2085/2089/4
f 2088/2080/4 2085/2089/4 2086/2090/4
f 2088/2080/4 2086/2090/4 2087/2091/4
f 2175/2092/4 2176/2093/4 2177/2094/4
f 2175/2092/4 2177/2094/4 2178/2095/4
f 2175/2092/4 2178/2095/4 2179/2096/4
f 2174/2097/4 2175/2092/4 2179/2096/4
f 2174/2097/4 2179/2096/4 2180/2098/4
f 2174/2097/4 2180/2098/4 2181/2099/4
f 2174/2097/4 2181/2099/4 2182/2100/4
f 2173/2101/4 2174/2097/4 2182/2100/4
f 2173/2101/4 2182/2100/4 2183/2102/4
f 2173/2101/4 2183/2102/4 2184/2103/4
f 2173/2101/4 2184/2103/4 2185/2104/4
f 2172/2105/4 2173/2101/4 2185/2104/4
f 2172/2105/4 2185/2104/4 2186/2106/4
f 2172/2105/4 2186/2106/4 2187/2107/4
f 2172/2105/4 2187/2107/4 2188/2108/4
f 2171/2109/4 2172/2105/4 2188/2108/4
f 2171/2109/4 2188/2108/4 2101/2110/4
f 2101/2110/4 2188/2108/4 2100/2111/4
f 2100/2111/4 2188/2108/4 2099/2112/4
f 2099/2112/4 2188/2108/4 2098/2113/4
f 2098/2113/4 2188/2108/4 2097/2114/4
f 2097/2114/4 2188/2108/4 2096/2115/4
f 2096/2115/4 2188/2108/4 2095/2116/4
f 2095/2116/4 2188/2108/4 2094/2117/4
f 2094/2117/4 2188/2108/4 2093/2118/4
f 2093/2118/4 2188/2108/4 2092/2119/4
f 2092/2119/4 2188/2108/4 2189/2120/4
f 2170/2121/4 2171/2109/4 2103/2122/4
f 2103/2122/4 2171/2109/4 2102/2123/4
f 2102/2123/4 2171/2109/4 2101/2110/4
f 2170/2121/4 2103/2122/4 2104/2124/4
f 2170/2121/4 2104/2124/4 2105/2125/4
f 2170/2121/4 2105/2125/4 2106/2126/4
f 2169/2127/4 2170/2121/4 2106/2126/4
f 2169/2127/4 2106/2126/4 2107/2128/4
f 2169/2127/4 2107/2128/4 2108/2129/4
f 2168/2130/4 2169/2127/4 2108/2129/4
f 2168/2130/4 2108/2129/4 2109/2131/4
f 2168/2130/4 2109/2131/4 2110/2132/4
f 2167/2133/4 2168/2130/4 2110/2132/4
f 2167/2133/4 2110/2132/4 2111/2134/4
f 2166/2135/4 2167/2133/4 2111/2134/4
f 2166/2135/4 2111/2134/4 2112/2136/4
f 2166/2135/4 2112/2136/4 2113/2137/4
f 2165/2138/4 2166/2135/4 2113/2137/4
f 2165/2138/4 2113/2137/4 2114/2139/4
f 2164/2140/4 2165/2138/4 2114/2139/4
f 2164/2140/4 2114/2139/4 2115/2141/4
f 2164/2140/4 2115/2141/4 2116/2142/4
f 2163/2143/4 2164/2140/4 2116/2142/4
f 2163/2143/4 2116/2142/4 2117/2144/4
f 2162/2145/4 2163/2143/4 2117/2144/4
f 2162/2145/4 2117/2144/4 2118/2146/4
f 2161/2147/4 2162/2145/4 2118/2146/4
f 2161/2147/4 2118/2146/4 2119/2148/4
f 2160/2149/4 2161/2147/4 2119/2148/4
f 2160/2149/4 2119/2148/4 2120/2150/4
f 2159/2151/4 2160/2149/4 2120/2150/4
f 2159/2151/4 2120/2150/4 2121/2152/4
f 2138/2153/4 2139/2154/4 2140/2155/4
f 2159/2151/4 2121/2152/4 2122/2156/4
f 2137/2157/4 2138/2153/4 2140/2155/4
f 2158/2158/4 2159/2151/4 2122/2156/4
f 2136/2159/4 2137/2157/4 2140/2155/4
f 2158/2158/4 2122/2156/4 2123/2160/4
f 2135/2161/4 2136/2159/4 2140/2155/4
f 2134/2162/4 2135/2161/4 2140/2155/4
f 2158/2158/4 2123/2160/4 2124/2163/4
f 2133/2164/4 2134/2162/4 2140/2155/4
f 2157/2165/4 2158/2158/4 2124/2163/4
f 2132/2166/4 2133/2164/4 2140/2155/4
f 2157/2165/4 2124/2163/4 2125/2167/4
f 2131/2168/4 2132/2166/4 2140/2155/4
f 2130/2169/4 2131/2168/4 2140/2155/4
f 2157/2165/4 2125/2167/4 2126/2170/4
f 2129/2171/4 2130/2169/4 2140/2155/4
f 2128/2172/4 2129/2171/4 2140/2155/4
f 2157/2165/4 2126/2170/4 2127/2173/4
f 2127/2173/4 2128/2172/4 2140/2155/4
f 2157/2165/4 2127/2173/4 2140/2155/4
f 2156/2174/4 2157/2165/4 2140/2155/4
f 2156/2174/4 2140/2155/4 2141/2175/4
f 2155/2176/4 2156/2174/4 2141/2175/4
f 2155/2176/4 2141/2175/4 2142/2177/4
f 2155/2176/4 2142/2177/4 2143/2178/4
f 2155/2176/4 2143/2178/4 2144/2179/4
f 2154/2180/4 2155/2176/4 2144/2179/4
f 2154/2180/4 2144/2179/4 2145/2181/4
f 2154/2180/4 2145/2181/4 2146/2182/4
f 2154/2180/4 2146/2182/4 2147/2183/4
f 2153/2184/4 2154/2180/4 2147/2183/4
f 2153/2184/4 2147/2183/4 2148/2185/4
f 2153/2184/4 2148/2185/4 2149/2186/4
f 2153/2184/4 2149/2186/4 2150/2187/4
f 2152/2188/4 2153/2184/4 2150/2187/4
f 2152/2188/4 2150/2187/4 2151/2189/4
f 2194/2190/4 2195/2191/4 2196/2192/4
f 2194/2190/4 2196/2192/4 2199/2193/4
f 2199/2193/4 2196/2192/4 2197/2194/4
f 2194/2190/4 2199/2193/4 2200/2195/4
f 2198/2196/4 2199/2193/4 2197/2194/4
f 2194/2190/4 2200/2195/4 2192/2197/4
f 2192/2197/4 2200/2195/4 2198/2196/4
f 2192/2197/4 2198/2196/4 2191/2198/4
f 2191/2198/4 2198/2196/4 2197/2194/4
f 2194/2190/4 2192/2197/4 2193/2199/4
f 2190/2200/4 2191/2198/4 2197/2194/4
f 2227/2201/4 2228/2202/4 2255/2203/4
f 2255/2203/4 2228/2202/4 2229/2204/4
f 2255/2203/4 2229/2204/4 2201/2205/4
f 2255/2203/4 2201/2205/4 2202/2206/4
f 2255/2203/4 2202/2206/4 2203/2207/4
f 2255/2203/4 2203/2207/4 2204/2208/4
f 2255/2203/4 2204/2208/4 2205/2209/4
f 2255/2203/4 2205/2209/4 2206/2210/4
f 2255/2203/4 2206/2210/4 2207/2211/4
f 2255/2203/4 2207/2211/4 2254/2212/4
f 2254/2212/4 2207/2211/4 2208/2213/4
f 2227/2201/4 2255/2203/4 2256/2214/4
f 2253/2215/4 2254/2212/4 2208/2213/4
f 2252/2216/4 2253/2215/4 2208/2213/4
f 2251/2217/4 2252/2216/4 2208/2213/4
f 2251/2217/4 2208/2213/4 2209/2218/4
f 2250/2219/4 2251/2217/4 2209/2218/4
f 2249/2220/4 2250/2219/4 2209/2218/4
f 2248/2221/4 2249/2220/4 2209/2218/4
f 2248/2221/4 2209/2218/4 2210/2222/4
f 2247/2223/4 2248/2221/4 2210/2222/4
f 2246/2224/4 2247/2223/4 2210/2222/4
f 2245/2225/4 2246/2224/4 2210/2222/4
f 2245/2225/4 2210/2222/4 2211/2226/4
f 2244/2227/4 2245/2225/4 2211/2226/4
f 2243/2228/4 2244/2227/4 2211/2226/4
f 2243/2228/4 2211/2226/4 2212/2229/4
f 2242/2230/4 2243/2228/4 2212/2229/4
f 2241/2231/4 2242/2230/4 2212/2229/4
f 2241/2231/4 2212/2229/4 2213/2232/4
f 2240/2233/4 2241/2231/4 2213/2232/4
f 2240/2233/4 2213/2232/4 2214/2234/4
f 2239/2235/4 2240/2233/4 2214/2234/4
f 2238/2236/4 2239/2235/4 2214/2234/4
f 2238/2236/4 2214/2234/4 2215/2237/4
f 2237/2238/4 2238/2236/4 2215/2237/4
f 2236/2239/4 2237/2238/4 2215/2237/4
f 2236/2239/4 2215/2237/4 2216/2240/4
f 2235/2241/4 2236/2239/4 2216/2240/4
f 2234/2242/4 2235/2241/4 2216/2240/4
f 2233/2243/4 2234/2242/4 2216/2240/4
f 2232/2244/4 2233/2243/4 2216/2240/4
f 2232/2244/4 2216/2240/4 2217/2245/4
f 2231/2246/4 2232/2244/4 2217/2245/4
f 2230/2247/4 2231/2246/4 2217/2245/4
f 2227/2201/4 2256/2214/4 2225/2248/4
f 2225/2248/4 2256/2214/4 2230/2247/4
f 2225/2248/4 2230/2247/4 2217/2245/4
f 2225/2248/4 2217/2245/4 2218/2249/4
f 2225/2248/4 2218/2249/4 2219/2250/4
f 2225/2248/4 2219/2250/4 2220/2251/4
f 2225/2248/4 2220/2251/4 2221/2252/4
f 2225/2248/4 2221/2252/4 2222/2253/4
f 2225/2248/4 2222/2253/4 2223/2254/4
f 2225/2248/4 2223/2254/4 2224/2255/4
f 2227/2201/4 2225/2248/4 2226/2256/4
f 2364/2257/4 2365/2258/4 2366/2259/4
f 2364/2257/4 2366/2259/4 2367/2260/4
f 2364/2257/4 2367/2260/4 2368/2261/4
f 2363/2262/4 2364/2257/4 2368/2261/4
f 2363/2262/4 2368/2261/4 2369/2263/4
f 2363/2262/4 2369/2263/4 2370/2264/4
f 2362/2265/4 2363/2262/4 2370/2264/4
f 2362/2265/4 2370/2264/4 2371/2266/4
f 2362/2265/4 2371/2266/4 2372/2267/4
f 2361/2268/4 2362/2265/4 2372/2267/4
f 2361/2268/4 2372/2267/4 2373/2269/4
f 2361/2268/4 2373/2269/4 2374/2270/4
f 2360/2271/4 2361/2268/4 2374/2270/4
f 2360/2271/4 2374/2270/4 2375/2272/4
f 2360/2271/4 2375/2272/4 2376/2273/4
f 2359/2274/4 2360/2271/4 2376/2273/4
f 2359/2274/4 2376/2273/4 2377/2275/4
f 2359/2274/4 2377/2275/4 2264/2276/4
f 2264/2276/4 2377/2275/4 2263/2277/4
f 2263/2277/4 2377/2275/4 2262/2278/4
f 2262/2278/4 2377/2275/4 2261/2279/4
f 2261/2279/4 2377/2275/4 2260/2280/4
f 2260/2280/4 2377/2275/4 2259/2281/4
f 2259/2281/4 2377/2275/4 2258/2282/4
f 2258/2282/4 2377/2275/4 2257/2283/4
f 2257/2283/4 2377/2275/4 2378/2284/4
f 2358/2285/4 2359/2274/4 2266/2286/4
f 2266/2286/4 2359/2274/4 2265/2287/4
f 2265/2287/4 2359/2274/4 2264/2276/4
f 2357/2288/4 2358/2285/4 2268/2289/4
f 2268/2289/4 2358/2285/4 2267/2290/4
f 2267/2290/4 2358/2285/4 2266/2286/4
f 2356/2291/4 2357/2288/4 2269/2292/4
f 2269/2292/4 2357/2288/4 2268/2289/4
f 2356/2291/4 2269/2292/4 2270/2293/4
f 2356/2291/4 2270/2293/4 2271/2294/4
f 2356/2291/4 2271/2294/4 2272/2295/4
f 2356/2291/4 2272/2295/4 2273/2296/4
f 2356/2291/4 2273/2296/4 2274/2297/4
f 2355/2298/4 2356/2291/4 2274/2297/4
f 2355/2298/4 2274/2297/4 2275/2299/4
f 2355/2298/4 2275/2299/4 2276/2300/4
f 2355/2298/4 2276/2300/4 2277/2301/4
f 2354/2302/4 2355/2298/4 2277/2301/4
f 2354/2302/4 2277/2301/4 2278/2303/4
f 2354/2302/4 2278/2303/4 2279/2304/4
f 2353/2305/4 2354/2302/4 2279/2304/4
f 2353/2305/4 2279/2304/4 2280/2306/4
f 2353/2305/4 2280/2306/4 2281/2307/4
f 2352/2308/4 2353/2305/4 2281/2307/4
f 2352/2308/4 2281/2307/4 2282/2309/4
f 2352/2308/4 2282/2309/4 2283/2310/4
f 2351/2311/4 2352/2308/4 2283/2310/4
f 2351/2311/4 2283/2310/4 2284/2312/4
f 2350/2313/4 2351/2311/4 2284/2312/4
f 2350/2313/4 2284/2312/4 2285/2314/4
f 2350/2313/4 2285/2314/4 2286/2315/4
f 2349/2316/4 2350/2313/4 2286/2315/4
f 2349/2316/4 2286/2315/4 2287/2317/4
f 2348/2318/4 2349/2316/4 2287/2317/4
f 2348/2318/4 2287/2317/4 2288/2319/4
f 2347/2320/4 2348/2318/4 2288/2319/4
f 2347/2320/4 2288/2319/4 2289/2321/4
f 2346/2322/4 2347/2320/4 2289/2321/4
f 2346/2322/4 2289/2321/4 2290/2323/4
f 2345/2324/4 2346/2322/4 2290/2323/4
f 2344/2325/4 2345/2324/4 2290/2323/4
f 2344/2325/4 2290/2323/4 2291/2326/4
f 2343/2327/4 2344/2325/4 2291/2326/4
f 2342/2328/4 2343/2327/4 2291/2326/4
f 2342/2328/4 2291/2326/4 2292/2329/4
f 2341/2330/4 2342/2328/4 2292/2329/4
f 2316/2331/4 2317/2332/4 2318/2333/4
f 2341/2330/4 2292/2329/4 2293/2334/4
f 2340/2335/4 2341/2330/4 2293/2334/4
f 2316/2331/4 2318/2333/4 2319/2336/4
f 2339/2337/4 2340/2335/4 2293/2334/4
f 2339/2337/4 2293/2334/4 2294/2338/4
f 2316/2331/4 2319/2336/4 2320/2339/4
f 2338/2340/4 2339/2337/4 2294/2338/4
f 2316/2331/4 2320/2339/4 2321/2341/4
f 2337/2342/4 2338/2340/4 2294/2338/4
f 2336/2343/4 2337/2342/4 2294/2338/4
f 2336/2343/4 2294/2338/4 2295/2344/4
f 2316/2331/4 2321/2341/4 2322/2345/4
f 2335/2346/4 2336/2343/4 2295/2344/4
f 2316/2331/4 2322/2345/4 2323/2347/4
f 2334/2348/4 2335/2346/4 2295/2344/4
f 2316/2331/4 2323/2347/4 2324/2349/4
f 2334/2348/4 2295/2344/4 2296/2350/4
f 2333/2351/4 2334/2348/4 2296/2350/4
f 2316/2331/4 2324/2349/4 2325/2352/4
f 2332/2353/4 2333/2351/4 2296/2350/4
f 2316/2331/4 2325/2352/4 2326/2354/4
f 2331/2355/4 2332/2353/4 2296/2350/4
f 2316/2331/4 2326/2354/4 2327/2356/4
f 2330/2357/4 2331/2355/4 2296/2350/4
f 2316/2331/4 2327/2356/4 2328/2358/4
f 2330/2357/4 2296/2350/4 2297/2359/4
f 2329/2360/4 2330/2357/4 2297/2359/4
f 2316/2331/4 2328/2358/4 2329/2360/4
f 2316/2331/4 2329/2360/4 2297/2359/4
f 2316/2331/4 2297/2359/4 2298/2361/4
f 2315/2362/4 2316/2331/4 2298/2361/4
f 2314/2363/4 2315/2362/4 2298/2361/4
f 2314/2363/4 2298/2361/4 2299/2364/4
f 2313/2365/4 2314/2363/4 2299/2364/4
f 2313/2365/4 2299/2364/4 2300/2366/4
f 2312/2367/4 2313/2365/4 2300/2366/4
f 2311/2368/4 2312/2367/4 2300/2366/4
f 2311/2368/4 2300/2366/4 2301/2369/4
f 2310/2370/4 2311/2368/4 2301/2369/4
f 2309/2371/4 2310/2370/4 2301/2369/4
f 2309/2371/4 2301/2369/4 2302/2372/4
f 2308/2373/4 2309/2371/4 2302/2372/4
f 2307/2374/4 2308/2373/4 2302/2372/4
f 2307/2374/4 2302/2372/4 2303/2375/4
f 2306/2376/4 2307/2374/4 2303/2375/4
f 2305/2377/4 2306/2376/4 2303/2375/4
f 2305/2377/4 2303/2375/4 2304/2378/4
s 1
f 2380/2379/7 2382/2380/8 2381/2381/8 2379/2382/7
f 2382/2380/8 2384/2383/9 2383/2384/9 2381/2381/8
f 2384/2383/9 2386/2385/10 2385/2386/10 2383/2384/9
f 2386/2385/10 2388/2387/11 2387/2388/11 2385/2386/10
f 2388/2387/11 2390/2389/12 2389/2390/12 2387/2388/11
f 2390/2389/12 2392/2391/13 2391/2392/13 2389/2390/12
f 2392/2391/13 2394/2393/14 2393/2394/14 2391/2392/13
f 2394/2393/14 2396/2395/15 2395/2396/15 2393/2394/14
f 2396/2395/15 2398/2397/16 2397/2398/16 2395/2396/15
f 2398/2397/16 2400/2399/17 2399/2400/17 2397/2398/16
f 2400/2399/17 2402/2401/18 2401/2402/18 2399/2400/17
f 2402/2401/18 2404/2403/19 2403/2404/19 2401/2402/18
f 2404/2403/19 2406/2405/20 2405/2406/20 2403/2404/19
f 2406/2405/20 2408/2407/21 2407/2408/21 2405/2406/20
f 2408/2407/21 2410/2409/22 2409/2410/22 2407/2408/21
f 2410/2409/22 2412/2411/23 2411/2412/23 2409/2410/22
f 2412/2411/23 2414/2413/24 2413/2414/24 2411/2412/23
f 2414/2413/24 2416/2415/25 2415/2416/25 2413/2414/24
f 2416/2415/25 2418/2417/26 2417/2418/26 2415/2416/25
f 2418/2417/26 2420/2419/27 2419/2420/27 2417/2418/26
f 2420/2419/27 2422/2421/28 2421/2422/28 2419/2420/27
f 2422/2421/28 2424/2423/29 2423/2424/29 2421/2422/28
f 2424/2423/29 2426/2425/30 2425/2426/30 2423/2424/29
f 2426/2425/30 2428/2427/31 2427/2428/31 2425/2426/30
f 2428/2427/31 2430/2429/32 2429/2430/32 2427/2428/31
f 2430/2429/32 2432/2431/33 2431/2432/33 2429/2430/32
f 2432/2431/33 2434/2433/34 2433/2434/34 2431/2432/33
f 2434/2433/34 2436/2435/35 2435/2436/35 2433/2434/34
f 2436/2435/35 2438/2437/36 2437/2438/36 2435/2436/35
f 2438/2437/36 2440/2439/37 2439/2440/37 2437/2438/36
f 2440/2439/37 2442/2441/38 2441/2442/38 2439/2440/37
f 2442/2441/38 2444/2443/39 2443/2444/39 2441/2442/38
f 2444/2443/39 2446/2445/40 2445/2446/40 2443/2444/39
f 2446/2445/40 2448/2447/41 2447/2448/41 2445/2446/40
f 2448/2447/41 2450/2449/42 2449/2450/42 2447/2448/41
f 2450/2449/42 2452/2451/43 2451/2452/43 2449/2450/42
f 2452/2451/43 2454/2453/44 2453/2454/44 2451/2452/43
f 2454/2453/44 2456/2455/45 2455/2456/45 2453/2454/44
f 2456/2455/45 2458/2457/46 2457/2458/46 2455/2456/45
f 2458/2457/46 2460/2459/47 2459/2460/47 2457/2458/46
f 2460/2459/47 2462/2461/48 2461/2462/48 2459/2460/47
f 2462/2461/48 2464/2463/49 2463/2464/49 2461/2462/48
f 2464/2463/49 2466/2465/50 2465/2466/50 2463/2464/49
f 2466/2465/50 2468/2467/51 2467/2468/51 2465/2466/50
f 2468/2467/51 2470/2469/52 2469/2470/52 2467/2468/51
f 2470/2469/52 2472/2471/53 2471/2472/53 2469/2470/52
f 2472/2471/53 2474/2473/54 2473/2474/54 2471/2472/53
f 2474/2473/54 2476/2475/55 2475/2476/55 2473/2474/54
f 2476/2475/55 2478/2477/56 2477/2478/56 2475/2476/55
f 2478/2477/56 2480/2479/57 2479/2480/57 2477/2478/56
f 2480/2479/57 2482/2481/58 2481/2482/58 2479/2480/57
f 2482/2481/58 2484/2483/59 2483/2484/59 2481/2482/58
f 2484/2483/59 2486/2485/60 2485/2486/60 2483/2484/59
f 2486/2485/60 2488/2487/61 2487/2488/61 2485/2486/60
f 2488/2487/61 2490/2489/62 2489/2490/62 2487/2488/61
f 2490/2489/62 2492/2491/63 2491/2492/63 2489/2490/62
f 2492/2491/63 2494/2493/64 2493/2494/64 2491/2492/63
f 2494/2493/64 2496/2495/65 2495/2496/65 2493/2494/64
f 2496/2495/65 2498/2497/66 2497/2498/66 2495/2496/65
f 2498/2497/66 2500/2499/67 2499/2500/67 2497/2498/66
f 2500/2499/67 2502/2501/68 2501/2502/68 2499/2500/67
f 2502/2501/68 2504/2503/69 2503/2504/69 2501/2502/68
f 2504/2503/69 2506/2505/70 2505/2506/70 2503/2504/69
f 2506/2505/70 2508/2507/71 2507/2508/71 2505/2506/70
f 2508/2507/71 2510/2509/72 2509/2510/72 2507/2508/71
f 2510/2509/72 2512/2511/73 2511/2512/73 2509/2510/72
f 2512/2511/73 2514/2513/74 2513/2514/74 2511/2512/73
f 2514/2513/74 2516/2515/75 2515/2516/75 2513/2514/74
f 2516/2515/75 2518/2517/76 2517/2518/76 2515/2516/75
f 2518/2517/76 2520/2519/77 2519/2520/77 2517/2518/76
f 2520/2519/77 2522/2521/78 2521/2522/78 2519/2520/77
f 2522/2521/78 2524/2523/79 2523/2524/79 2521/2522/78
f 2524/2523/79 2526/2525/80 2525/2526/80 2523/2524/79
f 2526/2525/80 2528/2527/81 2527/2528/81 2525/2526/80
f 2528/2527/81 2530/2529/82 2529/2530/82 2527/2528/81
f 2530/2529/82 2532/2531/83 2531/2532/83 2529/2530/82
f 2532/2531/83 2534/2533/84 2533/2534/84 2531/2532/83
f 2534/2533/84 2536/2535/85 2535/2536/85 2533/2534/84
f 2536/2535/85 2538/2537/86 2537/2538/86 2535/2536/85
f 2538/2537/86 2540/2539/87 2539/2540/87 2537/2538/86
f 2540/2539/87 2542/2541/88 2541/2542/88 2539/2540/87
f 2542/2541/88 2544/2543/89 2543/2544/89 2541/2542/88
f 2544/2543/89 2546/2545/90 2545/2546/90 2543/2544/89
f 2546/2545/90 2548/2547/91 2547/2548/91 2545/2546/90
f 2548/2547/91 2550/2549/92 2549/2550/92 2547/2548/91
f 2550/2549/92 2552/2551/93 2551/2552/93 2549/2550/92
f 2552/2551/93 2554/2553/94 2553/2554/94 2551/2552/93
f 2554/2553/94 2556/2555/95 2555/2556/95 2553/2554/94
f 2556/2555/95 2558/2557/96 2557/2558/96 2555/2556/95
f 2558/2557/96 2560/2559/97 2559/2560/97 2557/2558/96
f 2560/2559/97 2562/2561/98 2561/2562/98 2559/2560/97
f 2562/2561/98 2564/2563/99 2563/2564/99 2561/2562/98
f 2564/2563/99 2566/2565/100 2565/2566/100 2563/2564/99
f 2566/2565/100 2568/2567/101 2567/2568/101 2565/2566/100
f 2568/2567/101 2570/2569/102 2569/2570/102 2567/2568/101
f 2570/2569/102 2572/2571/103 2571/2572/103 2569/2570/102
f 2572/2571/103 2574/2573/104 2573/2574/104 2571/2572/103
f 2574/2573/104 2576/2575/105 2575/2576/105 2573/2574/104
f 2576/2575/105 2578/2577/106 2577/2578/106 2575/2576/105
f 2578/2577/106 2580/2579/107 2579/2580/107 2577/2578/106
f 2580/2579/107 2582/2581/108 2581/2582/108 2579/2580/107
f 2582/2581/108 2584/2583/109 2583/2584/109 2581/2582/108
f 2584/2583/109 2586/2585/110 2585/2586/110 2583/2584/109
f 2586/2585/110 2588/2587/111 2587/2588/111 2585/2586/110
f 2588/2587/111 2590/2589/112 2589/2590/112 2587/2588/111
f 2590/2589/112 2592/2591/113 2591/2592/113 2589/2590/112
f 2592/2591/113 2594/2593/114 2593/2594/114 2591/2592/113
f 2594/2593/114 2596/2595/115 2595/2596/115 2593/2594/114
f 2596/2595/115 2598/2597/116 2597/2598/116 2595/2596/115
f 2598/2597/116 2600/2599/117 2599/2600/117 2597/2598/116
f 2600/2599/117 2602/2601/118 2601/2602/118 2599/2600/117
f 2602/2601/118 2604/2603/119 2603/2604/119 2601/2602/118
f 2604/2603/119 2606/2605/120 2605/2606/120 2603/2604/119
f 2606/2605/120 2608/2607/121 2607/2608/121 2605/2606/120
f 2608/2607/121 2610/2609/122 2609/2610/122 2607/2608/121
f 2610/2609/122 2612/2611/123 2611/2612/123 2609/2610/122
f 2612/2611/123 2614/2613/124 2613/2614/124 2611/2612/123
f 2614/2613/124 2616/2615/125 2615/2616/125 2613/2614/124
f 2616/2615/125 2618/2617/126 2617/2618/126 2615/2616/125
f 2618/2617/126 2620/2619/127 2619/2620/127 2617/2618/126
f 2620/2619/127 2622/2621/128 2621/2622/128 2619/2620/127
f 2622/2621/128 2380/2379/7 2379/2382/7 2621/2622/128
f 2624/2623/129 2626/2624/130 2625/2625/130 2623/2626/129
f 2626/2624/130 2628/2627/131 2627/2628/131 2625/2625/130
f 2628/2627/131 2630/2629/132 2629/2630/132 2627/2628/131
f 2630/2629/132 2632/2631/133 2631/2632/133 2629/2630/132
f 2632/2631/133 2634/2633/134 2633/2634/134 2631/2632/133
f 2634/2633/134 2636/2635/135 2635/2636/135 2633/2634/134
f 2636/2635/135 2638/2637/136 2637/2638/136 2635/2636/135
f 2638/2637/136 2640/2639/137 2639/2640/137 2637/2638/136
f 2640/2639/137 2642/2641/138 2641/2642/138 2639/2640/137
f 2642/2641/138 2644/2643/139 2643/2644/139 2641/2642/138
f 2644/2643/139 2646/2645/140 2645/2646/140 2643/2644/139
f 2646/2645/140 2648/2647/141 2647/2648/141 2645/2646/140
f 2648/2647/141 2650/2649/142 2649/2650/142 2647/2648/141
f 2650/2649/142 2652/2651/143 2651/2652/143 2649/2650/142
f 2652/2651/143 2654/2653/144 2653/2654/144 2651/2652/143
f 2654/2653/144 2656/2655/145 2655/2656/145 2653/2654/144
f 2656/2655/145 2658/2657/146 2657/2658/146 2655/2656/145
f 2658/2657/146 2660/2659/147 2659/2660/147 2657/2658/146
f 2660/2659/147 2662/2661/148 2661/2662/148 2659/2660/147
f 2662/2661/148 2664/2663/149 2663/2664/149 2661/2662/148
f 2664/2663/149 2666/2665/150 2665/2666/150 2663/2664/149
f 2666/2665/150 2668/2667/151 2667/2668/151 2665/2666/150
f 2668/2667/151 2670/2669/152 2669/2670/152 2667/2668/151
f 2670/2669/152 2672/2671/153 2671/2672/153 2669/2670/152
f 2672/2671/153 2674/2673/153 2673/2674/153 2671/2672/153
f 2674/2673/153 2676/2675/154 2675/2676/154 2673/2674/153
f 2676/2675/154 2678/2677/155 2677/2678/155 2675/2676/154
f 2678/2677/155 2680/2679/156 2679/2680/156 2677/2678/155
f 2680/2679/156 2624/2623/129 2623/2626/129 2679/2680/156
f 2682/2681/157 2684/2682/158 2683/2683/158 2681/2684/157
f 2684/2682/158 2686/2685/159 2685/2686/159 2683/2683/158
f 2686/2685/159 2688/2687/160 2687/2688/160 2685/2686/159
f 2688/2687/160 2690/2689/161 2689/2690/161 2687/2688/160
f 2690/2689/161 2692/2691/162 2691/2692/162 2689/2690/161
f 2692/2691/162 2694/2693/163 2693/2694/163 2691/2692/162
f 2694/2693/163 2696/2695/164 2695/2696/164 2693/2694/163
f 2696/2695/164 2698/2697/165 2697/2698/165 2695/2696/164
f 2698/2697/165 2700/2699/166 2699/2700/166 2697/2698/165
f 2700/2699/166 2702/2701/167 2701/2702/167 2699/2700/166
f 2702/2701/167 2704/2703/168 2703/2704/168 2701/2702/167
f 2704/2703/168 2706/2705/169 2705/2706/169 2703/2704/168
f 2706/2705/169 2708/2707/170 2707/2708/170 2705/2706/169
f 2708/2707/170 2710/2709/171 2709/2710/171 2707/2708/170
f 2710/2709/171 2712/2711/172 2711/2712/172 2709/2710/171
f 2712/2711/172 2714/2713/173 2713/2714/173 2711/2712/172
f 2714/2713/173 2716/2715/174 2715/2716/174 2713/2714/173
f 2716/2715/174 2718/2717/175 2717/2718/175 2715/2716/174
f 2718/2717/175 2720/2719/176 2719/2720/176 2717/2718/175
f 2720/2719/176 2722/2721/177 2721/2722/177 2719/2720/176
f 2722/2721/177 2724/2723/178 2723/2724/178 2721/2722/177
f 2724/2723/178 2726/2725/179 2725/2726/179 2723/2724/178
f 2726/2725/179 2728/2727/180 2727/2728/180 2725/2726/179
f 2728/2727/180 2730/2729/181 2729/2730/181 2727/2728/180
f 2730/2729/181 2732/2731/153 2731/2732/153 2729/2730/181
f 2732/2731/153 2734/2733/182 2733/2734/182 2731/2732/153
f 2734/2733/182 2682/2681/157 2681/2684/157 2733/2734/182
f 2736/2735/183 2738/2736/183 2737/2737/183 2735/2738/183
f 2738/2736/183 2740/2739/184 2739/2740/184 2737/2737/183
f 2740/2739/184 2742/2741/184 2741/2742/184 2739/2740/184
f 2742/2741/184 2744/2743/185 2743/2744/185 2741/2742/184
f 2744/2743/185 2746/2745/186 2745/2746/186 2743/2744/185
f 2746/2745/186 2748/2747/187 2747/2748/187 2745/2746/186
f 2748/2747/187 2750/2749/188 2749/2750/188 2747/2748/187
f 2750/2749/188 2736/2735/183 2735/2738/183 2749/2750/188
f 2752/2751/189 2754/2752/190 2753/2753/190 2751/2754/189
f 2754/2752/190 2756/2755/191 2755/2756/191 2753/2753/190
f 2756/2755/191 2752/2751/189 2751/2754/189 2755/2756/191
f 2758/2757/192 2760/2758/193 2759/2759/193 2757/2760/192
f 2760/2758/193 2762/2761/194 2761/2762/194 2759/2759/193
f 2762/2761/194 2764/2763/195 2763/2764/195 2761/2762/194
f 2764/2763/195 2766/2765/196 2765/2766/196 2763/2764/195
f 2766/2765/196 2768/2767/197 2767/2768/197 2765/2766/196
f 2768/2767/197 2770/2769/198 2769/2770/198 2767/2768/197
f 2770/2769/198 2772/2771/199 2771/2772/199 2769/2770/198
f 2772/2771/199 2774/2773/200 2773/2774/200 2771/2772/199
f 2774/2773/200 2776/2775/201 2775/2776/201 2773/2774/200
f 2776/2775/201 2778/2777/202 2777/2778/202 2775/2776/201
f 2778/2777/202 2780/2779/203 2779/2780/203 2777/2778/202
f 2780/2779/203 2782/2781/204 2781/2782/204 2779/2780/203
f 2782/2781/204 2784/2783/205 2783/2784/205 2781/2782/204
f 2784/2783/205 2786/2785/206 2785/2786/206 2783/2784/205
f 2786/2785/206 2788/2787/207 2787/2788/207 2785/2786/206
f 2788/2787/207 2790/2789/208 2789/2790/208 2787/2788/207
f 2790/2789/208 2792/2791/209 2791/2792/209 2789/2790/208
f 2792/2791/209 2794/2793/210 2793/2794/210 2791/2792/209
f 2794/2793/210 2796/2795/211 2795/2796/211 2793/2794/210
f 2796/2795/211 2798/2797/212 2797/2798/212 2795/2796/211
f 2798/2797/212 2800/2799/213 2799/2800/213 2797/2798/212
f 2800/2799/213 2802/2801/214 2801/2802/214 2799/2800/213
f 2802/2801/214 2804/2803/215 2803/2804/215 2801/2802/214
f 2804/2803/215 2806/2805/216 2805/2806/216 2803/2804/215
f 2806/2805/216 2808/2807/217 2807/2808/217 2805/2806/216
f 2808/2807/217 2810/2809/218 2809/2810/218 2807/2808/217
f 2810/2809/218 2812/2811/219 2811/2812/219 2809/2810/218
f 2812/2811/219 2814/2813/220 2813/2814/220 2811/2812/219
f 2814/2813/220 2816/2815/221 2815/2816/221 2813/2814/220
f 2816/2815/221 2818/2817/222 2817/2818/222 2815/2816/221
f 2818/2817/222 2820/2819/223 2819/2820/223 2817/2818/222
f 2820/2819/223 2822/2821/224 2821/2822/224 2819/2820/223
f 2822/2821/224 2824/2823/225 2823/2824/225 2821/2822/224
f 2824/2823/225 2826/2825/226 2825/2826/226 2823/2824/225
f 2826/2825/226 2828/2827/227 2827/2828/227 2825/2826/226
f 2828/2827/227 2830/2829/228 2829/2830/228 2827/2828/227
f 2830/2829/228 2832/2831/229 2831/2832/229 2829/2830/228
f 2832/2831/229 2834/2833/230 2833/2834/230 2831/2832/229
f 2834/2833/230 2836/2835/231 2835/2836/231 2833/2834/230
f 2836/2835/231 2838/2837/232 2837/2838/232 2835/2836/231
f 2838/2837/232 2840/2839/233 2839/2840/233 2837/2838/232
f 2840/2839/233 2842/2841/234 2841/2842/234 2839/2840/233
f 2842/2841/234 2844/2843/235 2843/2844/235 2841/2842/234
f 2844/2843/235 2846/2845/236 2845/2846/236 2843/2844/235
f 2846/2845/236 2848/2847/237 2847/2848/237 2845/2846/236
f 2848/2847/237 2850/2849/238 2849/2850/238 2847/2848/237
f 2850/2849/238 2852/2851/239 2851/2852/239 2849/2850/238
f 2852/2851/239 2854/2853/240 2853/2854/240 2851/2852/239
f 2854/2853/240 2856/2855/241 2855/2856/241 2853/2854/240
f 2856/2855/241 2858/2857/242 2857/2858/242 2855/2856/241
f 2858/2857/242 2860/2859/243 2859/2860/243 2857/2858/242
f 2860/2859/243 2862/2861/244 2861/2862/244 2859/2860/243
f 2862/2861/244 2864/2863/245 2863/2864/245 2861/2862/244
f 2864/2863/245 2866/2865/246 2865/2866/246 2863/2864/245
f 2866/2865/246 2868/2867/247 2867/2868/247 2865/2866/246
f 2868/2867/247 2870/2869/248 2869/2870/248 2867/2868/247
f 2870/2869/248 2872/2871/249 2871/2872/249 2869/2870/248
f 2872/2871/249 2874/2873/250 2873/2874/250 2871/2872/249
f 2874/2873/250 2876/2875/251 2875/2876/251 2873/2874/250
f 2876/2875/251 2878/2877/252 2877/2878/252 2875/2876/251
f 2878/2877/252 2880/2879/253 2879/2880/253 2877/2878/252
f 2880/2879/253 2882/2881/254 2881/2882/254 2879/2880/253
f 2882/2881/254 2884/2883/255 2883/2884/255 2881/2882/254
f 2884/2883/255 2886/2885/256 2885/2886/256 2883/2884/255
f 2886/2885/256 2888/2887/257 2887/2888/257 2885/2886/256
f 2888/2887/257 2890/2889/258 2889/2890/258 2887/2888/257
f 2890/2889/258 2892/2891/259 2891/2892/259 2889/2890/258
f 2892/2891/259 2894/2893/260 2893/2894/260 2891/2892/259
f 2894/2893/260 2896/2895/261 2895/2896/261 2893/2894/260
f 2896/2895/261 2898/2897/262 2897/2898/262 2895/2896/261
f 2898/2897/262 2900/2899/263 2899/2900/263 2897/2898/262
f 2900/2899/263 2902/2901/264 2901/2902/264 2899/2900/263
f 2902/2901/264 2904/2903/265 2903/2904/265 2901/2902/264
f 2904/2903/265 2906/2905/266 2905/2906/266 2903/2904/265
f 2906/2905/266 2908/2907/267 2907/2908/267 2905/2906/266
f 2908/2907/267 2910/2909/268 2909/2910/268 2907/2908/267
f 2910/2909/268 2912/2911/269 2911/2912/269 2909/2910/268
f 2912/2911/269 2914/2913/270 2913/2914/270 2911/2912/269
f 2914/2913/270 2916/2915/271 2915/2916/271 2913/2914/270
f 2916/2915/271 2918/2917/272 2917/2918/272 2915/2916/271
f 2918/2917/272 2920/2919/273 2919/2920/273 2917/2918/272
f 2920/2919/273 2922/2921/274 2921/2922/274 2919/2920/273
f 2922/2921/274 2924/2923/275 2923/2924/275 2921/2922/274
f 2924/2923/275 2926/2925/276 2925/2926/276 2923/2924/275
f 2926/2925/276 2928/2927/277 2927/2928/277 2925/2926/276
f 2928/2927/277 2930/2929/278 2929/2930/278 2927/2928/277
f 2930/2929/278 2932/2931/279 2931/2932/279 2929/2930/278
f 2932/2931/279 2934/2933/280 2933/2934/280 2931/2932/279
f 2934/2933/280 2936/2935/281 2935/2936/281 2933/2934/280
f 2936/2935/281 2938/2937/282 2937/2938/282 2935/2936/281
f 2938/2937/282 2940/2939/283 2939/2940/283 2937/2938/282
f 2940/2939/283 2942/2941/284 2941/2942/284 2939/2940/283
f 2942/2941/284 2944/2943/285 2943/2944/285 2941/2942/284
f 2944/2943/285 2946/2945/286 2945/2946/286 2943/2944/285
f 2946/2945/286 2948/2947/287 2947/2948/287 2945/2946/286
f 2948/2947/287 2950/2949/288 2949/2950/288 2947/2948/287
f 2950/2949/288 2952/2951/289 2951/2952/289 2949/2950/288
f 2952/2951/289 2758/2757/192 2757/2760/192 2951/2952/289
f 2954/2953/153 2956/2954/182 2955/2955/182 2953/2956/153
f 2956/2954/182 2958/2957/182 2957/2958/182 2955/2955/182
f 2958/2957/182 2960/2959/153 2959/2960/153 2957/2958/182
f 2960/2959/153 2962/2961/153 2961/2962/153 2959/2960/153
f 2962/2961/153 2964/2963/182 2963/2964/182 2961/2962/153
f 2964/2963/182 2966/2965/182 2965/2966/182 2963/2964/182
f 2966/2965/182 2968/2967/153 2967/2968/153 2965/2966/182
f 2968/2967/153 2970/2969/154 2969/2970/154 2967/2968/153
f 2970/2969/154 2972/2971/155 2971/2972/155 2969/2970/154
f 2972/2971/155 2974/2973/182 2973/2974/182 2971/2972/155
f 2974/2973/182 2976/2975/153 2975/2976/153 2973/2974/182
f 2976/2975/153 2954/2953/153 2953/2956/153 2975/2976/153
f 2978/2977/290 2980/2978/291 2979/2979/291 2977/2980/290
f 2980/2978/291 2982/2981/292 2981/2982/292 2979/2979/291
f 2982/2981/292 2984/2983/293 2983/2984/293 2981/2982/292
f 2984/2983/293 2986/2985/294 2985/2986/294 2983/2984/293
f 2986/2985/294 2988/2987/295 2987/2988/295 2985/2986/294
f 2988/2987/295 2990/2989/296 2989/2990/296 2987/2988/295
f 2990/2989/296 2992/2991/297 2991/2992/297 2989/2990/296
f 2992/2991/297 2994/2993/298 2993/2994/298 2991/2992/297
f 2994/2993/298 2996/2995/299 2995/2996/299 2993/2994/298
f 2996/2995/299 2998/2997/300 2997/2998/300 2995/2996/299
f 2998/2997/300 3000/2999/301 2999/3000/301 2997/2998/300
f 3000/2999/301 3002/3001/302 3001/3002/302 2999/3000/301
f 3002/3001/302 3004/3003/303 3003/3004/303 3001/3002/302
f 3004/3003/303 3006/3005/304 3005/3006/304 3003/3004/303
f 3006/3005/304 3008/3007/305 3007/3008/305 3005/3006/304
f 3008/3007/305 3010/3009/306 3009/3010/306 3007/3008/305
f 3010/3009/306 3012/3011/307 3011/3012/307 3009/3010/306
f 3012/3011/307 3014/3013/308 3013/3014/308 3011/3012/307
f 3014/3013/308 3016/3015/309 3015/3016/309 3013/3014/308
f 3016/3015/309 3018/3017/310 3017/3018/310 3015/3016/309
f 3018/3017/310 3020/3019/311 3019/3020/311 3017/3018/310
f 3020/3019/311 3022/3021/312 3021/3022/312 3019/3020/311
f 3022/3021/312 3024/3023/313 3023/3024/313 3021/3022/312
f 3024/3023/313 3026/3025/314 3025/3026/314 3023/3024/313
f 3026/3025/314 3028/3027/315 3027/3028/315 3025/3026/314
f 3028/3027/315 2978/2977/290 2977/2980/290 3027/3028/315
f 3030/3029/316 3032/3030/317 3031/3031/317 3029/3032/316
f 3032/3030/317 3034/3033/318 3033/3034/318 3031/3031/317
f 3034/3033/318 3036/3035/319 3035/3036/319 3033/3034/318
f 3036/3035/319 3038/3037/320 3037/3038/320 3035/3036/319
f 3038/3037/320 3040/3039/321 3039/3040/321 3037/3038/320
f 3040/3039/321 3042/3041/322 3041/3042/322 3039/3040/321
f 3042/3041/322 3044/3043/323 3043/3044/323 3041/3042/322
f 3044/3043/323 3046/3045/324 3045/3046/324 3043/3044/323
f 3046/3045/324 3048/3047/325 3047/3048/325 3045/3046/324
f 3048/3047/325 3050/3049/326 3049/3050/326 3047/3048/325
f 3050/3049/326 3052/3051/327 3051/3052/327 3049/3050/326
f 3052/3051/327 3054/3053/328 3053/3054/328 3051/3052/327
f 3054/3053/328 3056/3055/329 3055/3056/329 3053/3054/328
f 3056/3055/329 3058/3057/330 3057/3058/330 3055/3056/329
f 3058/3057/330 3060/3059/331 3059/3060/331 3057/3058/330
f 3060/3059/331 3062/3061/332 3061/3062/332 3059/3060/331
f 3062/3061/332 3064/3063/333 3063/3064/333 3061/3062/332
f 3064/3063/333 3066/3065/334 3065/3066/334 3063/3064/333
f 3066/3065/334 3068/3067/335 3067/3068/335 3065/3066/334
f 3068/3067/335 3070/3069/336 3069/3070/336 3067/3068/335
f 3070/3069/336 3072/3071/337 3071/3072/337 3069/3070/336
f 3072/3071/337 3074/3073/338 3073/3074/338 3071/3072/337
f 3074/3073/338 3076/3075/339 3075/3076/339 3073/3074/338
f 3076/3075/339 3078/3077/340 3077/3078/340 3075/3076/339
f 3078/3077/340 3080/3079/341 3079/3080/341 3077/3078/340
f 3080/3079/341 3030/3029/316 3029/3032/316 3079/3080/341
f 3082/3081/342 3084/3082/343 3083/3083/343 3081/3084/342
f 3084/3082/343 3086/3085/344 3085/3086/344 3083/3083/343
f 3086/3085/344 3088/3087/345 3087/3088/345 3085/3086/344
f 3088/3087/345 3090/3089/346 3089/3090/346 3087/3088/345
f 3090/3089/346 3092/3091/347 3091/3092/347 3089/3090/346
f 3092/3091/347 3094/3093/348 3093/3094/348 3091/3092/347
f 3094/3093/348 3096/3095/349 3095/3096/349 3093/3094/348
f 3096/3095/349 3098/3097/350 3097/3098/350 3095/3096/349
f 3098/3097/350 3100/3099/351 3099/3100/351 3097/3098/350
f 3100/3099/351 3102/3101/352 3101/3102/352 3099/3100/351
f 3102/3101/352 3104/3103/353 3103/3104/353 3101/3102/352
f 3104/3103/353 3106/3105/354 3105/3106/354 3103/3104/353
f 3106/3105/354 3108/3107/355 3107/3108/355 3105/3106/354
f 3108/3107/355 3110/3109/356 3109/3110/356 3107/3108/355
f 3110/3109/356 3112/3111/357 3111/3112/357 3109/3110/356
f 3112/3111/357 3114/3113/358 3113/3114/358 3111/3112/357
f 3114/3113/358 3116/3115/359 3115/3116/359 3113/3114/358
f 3116/3115/359 3118/3117/360 3117/3118/360 3115/3116/359
f 3118/3117/360 3120/3119/361 3119/3120/361 3117/3118/360
f 3120/3119/361 3122/3121/362 3121/3122/362 3119/3120/361
f 3122/3121/362 3124/3123/363 3123/3124/363 3121/3122/362
f 3124/3123/363 3126/3125/364 3125/3126/364 3123/3124/363
f 3126/3125/364 3128/3127/365 3127/3128/365 3125/3126/364
f 3128/3127/365 3130/3129/366 3129/3130/366 3127/3128/365
f 3130/3129/366 3132/3131/367 3131/3132/367 3129/3130/366
f 3132/3131/367 3134/3133/368 3133/3134/368 3131/3132/367
f 3134/3133/368 3136/3135/369 3135/3136/369 3133/3134/368
f 3136/3135/369 3138/3137/370 3137/3138/370 3135/3136/369
f 3138/3137/370 3140/3139/371 3139/3140/371 3137/3138/370
f 3140/3139/371 3142/3141/372 3141/3142/372 3139/3140/371
f 3142/3141/372 3144/3143/373 3143/3144/373 3141/3142/372
f 3144/3143/373 3146/3145/374 3145/3146/374 3143/3144/373
f 3146/3145/374 3148/3147/375 3147/3148/375 3145/3146/374
f 3148/3147/375 3150/3149/376 3149/3150/376 3147/3148/375
f 3150/3149/376 3152/3151/377 3151/3152/377 3149/3150/376
f 3152/3151/377 3154/3153/378 3153/3154/378 3151/3152/377
f 3154/3153/378 3156/3155/379 3155/3156/379 3153/3154/378
f 3156/3155/379 3158/3157/380 3157/3158/380 3155/3156/379
f 3158/3157/380 3160/3159/381 3159/3160/381 3157/3158/380
f 3160/3159/381 3162/3161/382 3161/3162/382 3159/3160/381
f 3162/3161/382 3164/3163/383 3163/3164/383 3161/3162/382
f 3164/3163/383 3166/3165/384 3165/3166/384 3163/3164/383
f 3166/3165/384 3168/3167/385 3167/3168/385 3165/3166/384
f 3168/3167/385 3170/3169/386 3169/3170/386 3167/3168/385
f 3170/3169/386 3172/3171/387 3171/3172/387 3169/3170/386
f 3172/3171/387 3174/3173/388 3173/3174/388 3171/3172/387
f 3174/3173/388 3176/3175/389 3175/3176/389 3173/3174/388
f 3176/3175/389 3178/3177/390 3177/3178/390 3175/3176/389
f 3178/3177/390 3180/3179/391 3179/3180/391 3177/3178/390
f 3180/3179/391 3182/3181/392 3181/3182/392 3179/3180/391
f 3182/3181/392 3184/3183/393 3183/3184/393 3181/3182/392
f 3184/3183/393 3186/3185/394 3185/3186/394 3183/3184/393
f 3186/3185/394 3188/3187/395 3187/3188/395 3185/3186/394
f 3188/3187/395 3190/3189/396 3189/3190/396 3187/3188/395
f 3190/3189/396 3192/3191/397 3191/3192/397 3189/3190/396
f 3192/3191/397 3194/3193/398 3193/3194/398 3191/3192/397
f 3194/3193/398 3196/3195/399 3195/3196/399 3193/3194/398
f 3196/3195/399 3198/3197/400 3197/3198/400 3195/3196/399
f 3198/3197/400 3200/3199/401 3199/3200/401 3197/3198/400
f 3200/3199/401 3202/3201/402 3201/3202/402 3199/3200/401
f 3202/3201/402 3204/3203/403 3203/3204/403 3201/3202/402
f 3204/3203/403 3206/3205/404 3205/3206/404 3203/3204/403
f 3206/3205/404 3208/3207/405 3207/3208/405 3205/3206/404
f 3208/3207/405 3210/3209/406 3209/3210/406 3207/3208/405
f 3210/3209/406 3212/3211/407 3211/3212/407 3209/3210/406
f 3212/3211/407 3214/3213/408 3213/3214/408 3211/3212/407
f 3214/3213/408 3216/3215/409 3215/3216/409 3213/3214/408
f 3216/3215/409 3218/3217/410 3217/3218/410 3215/3216/409
f 3218/3217/410 3220/3219/411 3219/3220/411 3217/3218/410
f 3220/3219/411 3222/3221/412 3221/3222/412 3219/3220/411
f 3222/3221/412 3224/3223/413 3223/3224/413 3221/3222/412
f 3224/3223/413 3226/3225/414 3225/3226/414 3223/3224/413
f 3226/3225/414 3228/3227/415 3227/3228/415 3225/3226/414
f 3228/3227/415 3230/3229/416 3229/3230/416 3227/3228/415
f 3230/3229/416 3232/3231/417 3231/3232/417 3229/3230/416
f 3232/3231/417 3234/3233/418 3233/3234/418 3231/3232/417
f 3234/3233/418 3236/3235/419 3235/3236/419 3233/3234/418
f 3236/3235/419 3238/3237/420 3237/3238/420 3235/3236/419
f 3238/3237/420 3240/3239/421 3239/3240/421 3237/3238/420
f 3240/3239/421 3242/3241/422 3241/3242/422 3239/3240/421
f 3242/3241/422 3244/3243/423 3243/3244/423 3241/3242/422
f 3244/3243/423 3246/3245/424 3245/3246/424 3243/3244/423
f 3246/3245/424 3248/3247/425 3247/3248/425 3245/3246/424
f 3248/3247/425 3250/3249/426 3249/3250/426 3247/3248/425
f 3250/3249/426 3252/3251/427 3251/3252/427 3249/3250/426
f 3252/3251/427 3254/3253/428 3253/3254/428 3251/3252/427
f 3254/3253/428 3256/3255/429 3255/3256/429 3253/3254/428
f 3256/3255/429 3258/3257/430 3257/3258/430 3255/3256/429
f 3258/3257/430 3260/3259/431 3259/3260/431 3257/3258/430
f 3260/3259/431 3262/3261/432 3261/3262/432 3259/3260/431
f 3262/3261/432 3264/3263/433 3263/3264/433 3261/3262/432
f 3264/3263/433 3266/3265/434 3265/3266/434 3263/3264/433
f 3266/3265/434 3268/3267/435 3267/3268/435 3265/3266/434
f 3268/3267/435 3270/3269/436 3269/3270/436 3267/3268/435
f 3270/3269/436 3272/3271/437 3271/3272/437 3269/3270/436
f 3272/3271/437 3274/3273/438 3273/3274/438 3271/3272/437
f 3274/3273/438 3276/3275/439 3275/3276/439 3273/3274/438
f 3276/3275/439 3278/3277/440 3277/3278/440 3275/3276/439
f 3278/3277/440 3280/3279/441 3279/3280/441 3277/3278/440
f 3280/3279/441 3282/3281/442 3281/3282/442 3279/3280/441
f 3282/3281/442 3284/3283/443 3283/3284/443 3281/3282/442
f 3284/3283/443 3286/3285/444 3285/3286/444 3283/3284/443
f 3286/3285/444 3288/3287/445 3287/3288/445 3285/3286/444
f 3288/3287/445 3290/3289/446 3289/3290/446 3287/3288/445
f 3290/3289/446 3292/3291/447 3291/3292/447 3289/3290/446
f 3292/3291/447 3294/3293/448 3293/3294/448 3291/3292/447
f 3294/3293/448 3296/3295/449 3295/3296/449 3293/3294/448
f 3296/3295/449 3298/3297/450 3297/3298/450 3295/3296/449
f 3298/3297/450 3300/3299/451 3299/3300/451 3297/3298/450
f 3300/3299/451 3302/3301/452 3301/3302/452 3299/3300/451
f 3302/3301/452 3304/3303/453 3303/3304/453 3301/3302/452
f 3304/3303/453 3306/3305/454 3305/3306/454 3303/3304/453
f 3306/3305/454 3308/3307/455 3307/3308/455 3305/3306/454
f 3308/3307/455 3310/3309/456 3309/3310/456 3307/3308/455
f 3310/3309/456 3312/3311/457 3311/3312/457 3309/3310/456
f 3312/3311/457 3314/3313/458 3313/3314/458 3311/3312/457
f 3314/3313/458 3316/3315/459 3315/3316/459 3313/3314/458
f 3316/3315/459 3318/3317/460 3317/3318/460 3315/3316/459
f 3318/3317/460 3320/3319/461 3319/3320/461 3317/3318/460
f 3320/3319/461 3322/3321/462 3321/3322/462 3319/3320/461
f 3322/3321/462 3324/3323/463 3323/3324/463 3321/3322/462
f 3324/3323/463 3326/3325/464 3325/3326/464 3323/3324/463
f 3326/3325/464 3328/3327/465 3327/3328/465 3325/3326/464
f 3328/3327/465 3330/3329/466 3329/3330/466 3327/3328/465
f 3330/3329/466 3332/3331/467 3331/3332/467 3329/3330/466
f 3332/3331/467 3334/3333/468 3333/3334/468 3331/3332/467
f 3334/3333/468 3336/3335/469 3335/3336/469 3333/3334/468
f 3336/3335/469 3338/3337/470 3337/3338/470 3335/3336/469
f 3338/3337/470 3340/3339/471 3339/3340/471 3337/3338/470
f 3340/3339/471 3342/3341/472 3341/3342/472 3339/3340/471
f 3342/3341/472 3344/3343/473 3343/3344/473 3341/3342/472
f 3344/3343/473 3346/3345/474 3345/3346/474 3343/3344/473
f 3346/3345/474 3348/3347/475 3347/3348/475 3345/3346/474
f 3348/3347/475 3350/3349/476 3349/3350/476 3347/3348/475
f 3350/3349/476 3352/3351/477 3351/3352/477 3349/3350/476
f 3352/3351/477 3354/3353/478 3353/3354/478 3351/3352/477
f 3354/3353/478 3356/3355/479 3355/3356/479 3353/3354/478
f 3356/3355/479 3358/3357/480 3357/3358/480 3355/3356/479
f 3358/3357/480 3082/3081/342 3081/3084/342 3357/3358/480
f 3360/3359/481 3362/3360/481 3361/3361/481 3359/3362/481
f 3362/3360/481 3364/3363/481 3363/3364/481 3361/3361/481
f 3364/3363/481 3366/3365/481 3365/3366/481 3363/3364/481
f 3366/3365/481 3368/3367/481 3367/3368/481 3365/3366/481
f 3368/3367/481 3370/3369/481 3369/3370/481 3367/3368/481
f 3370/3369/481 3372/3371/481 3371/3372/481 3369/3370/481
f 3372/3371/481 3374/3373/481 3373/3374/481 3371/3372/481
f 3374/3373/481 3376/3375/481 3375/3376/481 3373/3374/481
f 3376/3375/481 3378/3377/481 3377/3378/481 3375/3376/481
f 3378/3377/481 3380/3379/481 3379/3380/481 3377/3378/481
f 3380/3379/481 3382/3381/482 3381/3382/482 3379/3380/481
f 3382/3381/482 3384/3383/483 3383/3384/483 3381/3382/482
f 3384/3383/483 3386/3385/484 3385/3386/484 3383/3384/483
f 3386/3385/484 3388/3387/485 3387/3388/485 3385/3386/484
f 3388/3387/485 3390/3389/486 3389/3390/486 3387/3388/485
f 3390/3389/486 3392/3391/487 3391/3392/487 3389/3390/486
f 3392/3391/487 3394/3393/361 3393/3394/361 3391/3392/487
f 3394/3393/361 3396/3395/488 3395/3396/488 3393/3394/361
f 3396/3395/488 3398/3397/489 3397/3398/489 3395/3396/488
f 3398/3397/489 3400/3399/490 3399/3400/490 3397/3398/489
f 3400/3399/490 3402/3401/491 3401/3402/491 3399/3400/490
f 3402/3401/491 3404/3403/492 3403/3404/492 3401/3402/491
f 3404/3403/492 3406/3405/493 3405/3406/493 3403/3404/492
f 3406/3405/493 3408/3407/494 3407/3408/494 3405/3406/493
f 3408/3407/494 3410/3409/495 3409/3410/495 3407/3408/494
f 3410/3409/495 3412/3411/496 3411/3412/496 3409/3410/495
f 3412/3411/496 3414/3413/497 3413/3414/497 3411/3412/496
f 3414/3413/497 3416/3415/498 3415/3416/498 3413/3414/497
f 3416/3415/498 3418/3417/499 3417/3418/499 3415/3416/498
f 3418/3417/499 3420/3419/500 3419/3420/500 3417/3418/499
f 3420/3419/500 3422/3421/501 3421/3422/501 3419/3420/500
f 3422/3421/501 3424/3423/502 3423/3424/502 3421/3422/501
f 3424/3423/502 3426/3425/503 3425/3426/503 3423/3424/502
f 3426/3425/503 3428/3427/374 3427/3428/374 3425/3426/503
f 3428/3427/374 3430/3429/504 3429/3430/504 3427/3428/374
f 3430/3429/504 3432/3431/505 3431/3432/505 3429/3430/504
f 3432/3431/505 3434/3433/506 3433/3434/506 3431/3432/505
f 3434/3433/506 3436/3435/506 3435/3436/506 3433/3434/506
f 3436/3435/506 3438/3437/506 3437/3438/506 3435/3436/506
f 3438/3437/506 3440/3439/506 3439/3440/506 3437/3438/506
f 3440/3439/506 3442/3441/506 3441/3442/506 3439/3440/506
f 3442/3441/506 3444/3443/506 3443/3444/506 3441/3442/506
f 3444/3443/506 3446/3445/506 3445/3446/506 3443/3444/506
f 3446/3445/506 3448/3447/506 3447/3448/506 3445/3446/506
f 3448/3447/506 3450/3449/506 3449/3450/506 3447/3448/506
f 3450/3449/506 3452/3451/506 3451/3452/506 3449/3450/506
f 3452/3451/506 3454/3453/506 3453/3454/506 3451/3452/506
f 3454/3453/506 3456/3455/507 3455/3456/507 3453/3454/506
f 3456/3455/507 3458/3457/508 3457/3458/508 3455/3456/507
f 3458/3457/508 3460/3459/509 3459/3460/509 3457/3458/508
f 3460/3459/509 3462/3461/510 3461/3462/510 3459/3460/509
f 3462/3461/510 3464/3463/511 3463/3464/511 3461/3462/510
f 3464/3463/511 3466/3465/512 3465/3466/512 3463/3464/511
f 3466/3465/512 3468/3467/513 3467/3468/513 3465/3466/512
f 3468/3467/513 3470/3469/514 3469/3470/514 3467/3468/513
f 3470/3469/514 3472/3471/515 3471/3472/515 3469/3470/514
f 3472/3471/515 3474/3473/516 3473/3474/516 3471/3472/515
f 3474/3473/516 3476/3475/517 3475/3476/517 3473/3474/516
f 3476/3475/517 3478/3477/250 3477/3478/250 3475/3476/517
f 3478/3477/250 3480/3479/518 3479/3480/518 3477/3478/250
f 3480/3479/518 3482/3481/519 3481/3482/519 3479/3480/518
f 3482/3481/519 3484/3483/520 3483/3484/520 3481/3482/519
f 3484/3483/520 3486/3485/521 3485/3486/521 3483/3484/520
f 3486/3485/521 3488/3487/522 3487/3488/522 3485/3486/521
f 3488/3487/522 3490/3489/523 3489/3490/523 3487/3488/522
f 3490/3489/523 3492/3491/524 3491/3492/524 3489/3490/523
f 3492/3491/524 3494/3493/525 3493/3494/525 3491/3492/524
f 3494/3493/525 3496/3495/526 3495/3496/526 3493/3494/525
f 3496/3495/526 3498/3497/527 3497/3498/527 3495/3496/526
f 3498/3497/527 3500/3499/528 3499/3500/528 3497/3498/527
f 3500/3499/528 3502/3501/529 3501/3502/529 3499/3500/528
f 3502/3501/529 3504/3503/530 3503/3504/530 3501/3502/529
f 3504/3503/530 3506/3505/531 3505/3506/531 3503/3504/530
f 3506/3505/531 3360/3359/481 3359/3362/481 3505/3506/531
f 3508/3507/532 3510/3508/533 3509/3509/533 3507/3510/532
f 3510/3508/533 3512/3511/534 3511/3512/534 3509/3509/533
f 3512/3511/534 3514/3513/535 3513/3514/535 3511/3512/534
f 3514/3513/535 3516/3515/536 3515/3516/536 3513/3514/535
f 3516/3515/536 3518/3517/537 3517/3518/537 3515/3516/536
f 3518/3517/537 3520/3519/538 3519/3520/538 3517/3518/537
f 3520/3519/538 3522/3521/539 3521/3522/539 3519/3520/538
f 3522/3521/539 3524/3523/540 3523/3524/540 3521/3522/539
f 3524/3523/540 3526/3525/541 3525/3526/541 3523/3524/540
f 3526/3525/541 3528/3527/542 3527/3528/542 3525/3526/541
f 3528/3527/542 3530/3529/543 3529/3530/543 3527/3528/542
f 3530/3529/543 3532/3531/544 3531/3532/544 3529/3530/543
f 3532/3531/544 3534/3533/545 3533/3534/545 3531/3532/544
f 3534/3533/545 3536/3535/546 3535/3536/546 3533/3534/545
f 3536/3535/546 3538/3537/547 3537/3538/547 3535/3536/546
f 3538/3537/547 3540/3539/548 3539/3540/548 3537/3538/547
f 3540/3539/548 3542/3541/549 3541/3542/549 3539/3540/548
f 3542/3541/549 3544/3543/550 3543/3544/550 3541/3542/549
f 3544/3543/550 3546/3545/551 3545/3546/551 3543/3544/550
f 3546/3545/551 3548/3547/463 3547/3548/463 3545/3546/551
f 3548/3547/463 3550/3549/552 3549/3550/552 3547/3548/463
f 3550/3549/552 3552/3551/553 3551/3552/553 3549/3550/552
f 3552/3551/553 3554/3553/554 3553/3554/554 3551/3552/553
f 3554/3553/554 3556/3555/555 3555/3556/555 3553/3554/554
f 3556/3555/555 3558/3557/556 3557/3558/556 3555/3556/555
f 3558/3557/556 3560/3559/557 3559/3560/557 3557/3558/556
f 3560/3559/557 3562/3561/558 3561/3562/558 3559/3560/557
f 3562/3561/558 3564/3563/559 3563/3564/559 3561/3562/558
f 3564/3563/559 3566/3565/560 3565/3566/560 3563/3564/559
f 3566/3565/560 3568/3567/561 3567/3568/561 3565/3566/560
f 3568/3567/561 3570/3569/562 3569/3570/562 3567/3568/561
f 3570/3569/562 3572/3571/563 3571/3572/563 3569/3570/562
f 3572/3571/563 3574/3573/564 3573/3574/564 3571/3572/563
f 3574/3573/564 3576/3575/565 3575/3576/565 3573/3574/564
f 3576/3575/565 3578/3577/566 3577/3578/566 3575/3576/565
f 3578/3577/566 3580/3579/567 3579/3580/567 3577/3578/566
f 3580/3579/567 3582/3581/568 3581/3582/568 3579/3580/567
f 3582/3581/568 3584/3583/569 3583/3584/569 3581/3582/568
f 3584/3583/569 3586/3585/570 3585/3586/570 3583/3584/569
f 3586/3585/570 3588/3587/571 3587/3588/571 3585/3586/570
f 3588/3587/571 3590/3589/572 3589/3590/572 3587/3588/571
f 3590/3589/572 3592/3591/573 3591/3592/573 3589/3590/572
f 3592/3591/573 3594/3593/574 3593/3594/574 3591/3592/573
f 3594/3593/574 3596/3595/575 3595/3596/575 3593/3594/574
f 3596/3595/575 3598/3597/576 3597/3598/576 3595/3596/575
f 3598/3597/576 3600/3599/479 3599/3600/479 3597/3598/576
f 3600/3599/479 3602/3601/577 3601/3602/577 3599/3600/479
f 3602/3601/577 3604/3603/578 3603/3604/578 3601/3602/577
f 3604/3603/578 3606/3605/579 3605/3606/579 3603/3604/578
f 3606/3605/579 3608/3607/580 3607/3608/580 3605/3606/579
f 3608/3607/580 3610/3609/581 3609/3610/581 3607/3608/580
f 3610/3609/581 3612/3611/582 3611/3612/582 3609/3610/581
f 3612/3611/582 3614/3613/583 3613/3614/583 3611/3612/582
f 3614/3613/583 3616/3615/584 3615/3616/584 3613/3614/583
f 3616/3615/584 3618/3617/585 3617/3618/585 3615/3616/584
f 3618/3617/585 3620/3619/586 3619/3620/586 3617/3618/585
f 3620/3619/586 3622/3621/587 3621/3622/587 3619/3620/586
f 3622/3621/587 3624/3623/588 3623/3624/588 3621/3622/587
f 3624/3623/588 3626/3625/589 3625/3626/589 3623/3624/588
f 3626/3625/589 3628/3627/590 3627/3628/590 3625/3626/589
f 3628/3627/590 3630/3629/591 3629/3630/591 3627/3628/590
f 3630/3629/591 3632/3631/592 3631/3632/592 3629/3630/591
f 3632/3631/592 3634/3633/593 3633/3634/593 3631/3632/592
f 3634/3633/593 3636/3635/594 3635/3636/594 3633/3634/593
f 3636/3635/594 3638/3637/595 3637/3638/595 3635/3636/594
f 3638/3637/595 3640/3639/596 3639/3640/596 3637/3638/595
f 3640/3639/596 3642/3641/597 3641/3642/597 3639/3640/596
f 3642/3641/597 3644/3643/598 3643/3644/598 3641/3642/597
f 3644/3643/598 3646/3645/599 3645/3646/599 3643/3644/598
f 3646/3645/599 3648/3647/600 3647/3648/600 3645/3646/599
f 3648/3647/600 3650/3649/601 3649/3650/601 3647/3648/600
f 3650/3649/601 3652/3651/602 3651/3652/602 3649/3650/601
f 3652/3651/602 3654/3653/603 3653/3654/603 3651/3652/602
f 3654/3653/603 3656/3655/604 3655/3656/604 3653/3654/603
f 3656/3655/604 3658/3657/605 3657/3658/605 3655/3656/604
f 3658/3657/605 3660/3659/606 3659/3660/606 3657/3658/605
f 3660/3659/606 3662/3661/607 3661/3662/607 3659/3660/606
f 3662/3661/607 3664/3663/608 3663/3664/608 3661/3662/607
f 3664/3663/608 3666/3665/609 3665/3666/609 3663/3664/608
f 3666/3665/609 3668/3667/610 3667/3668/610 3665/3666/609
f 3668/3667/610 3670/3669/611 3669/3670/611 3667/3668/610
f 3670/3669/611 3672/3671/612 3671/3672/612 3669/3670/611
f 3672/3671/612 3674/3673/613 3673/3674/613 3671/3672/612
f 3674/3673/613 3676/3675/614 3675/3676/614 3673/3674/613
f 3676/3675/614 3678/3677/615 3677/3678/615 3675/3676/614
f 3678/3677/615 3680/3679/616 3679/3680/616 3677/3678/615
f 3680/3679/616 3682/3681/617 3681/3682/617 3679/3680/616
f 3682/3681/617 3684/3683/618 3683/3684/618 3681/3682/617
f 3684/3683/618 3686/3685/619 3685/3686/619 3683/3684/618
f 3686/3685/619 3688/3687/620 3687/3688/620 3685/3686/619
f 3688/3687/620 3690/3689/621 3689/3690/621 3687/3688/620
f 3690/3689/621 3692/3691/622 3691/3692/622 3689/3690/621
f 3692/3691/622 3694/3693/623 3693/3694/623 3691/3692/622
f 3694/3693/623 3696/3695/624 3695/3696/624 3693/3694/623
f 3696/3695/624 3698/3697/625 3697/3698/625 3695/3696/624
f 3698/3697/625 3700/3699/626 3699/3700/626 3697/3698/625
f 3700/3699/626 3702/3701/627 3701/3702/627 3699/3700/626
f 3702/3701/627 3704/3703/628 3703/3704/628 3701/3702/627
f 3704/3703/628 3706/3705/629 3705/3706/629 3703/3704/628
f 3706/3705/629 3708/3707/630 3707/3708/630 3705/3706/629
f 3708/3707/630 3710/3709/631 3709/3710/631 3707/3708/630
f 3710/3709/631 3712/3711/632 3711/3712/632 3709/3710/631
f 3712/3711/632 3714/3713/633 3713/3714/633 3711/3712/632
f 3714/3713/633 3716/3715/634 3715/3716/634 3713/3714/633
f 3716/3715/634 3718/3717/635 3717/3718/635 3715/3716/634
f 3718/3717/635 3720/3719/636 3719/3720/636 3717/3718/635
f 3720/3719/636 3722/3721/637 3721/3722/637 3719/3720/636
f 3722/3721/637 3724/3723/638 3723/3724/638 3721/3722/637
f 3724/3723/638 3726/3725/639 3725/3726/639 3723/3724/638
f 3726/3725/639 3728/3727/640 3727/3728/640 3725/3726/639
f 3728/3727/640 3730/3729/639 3729/3730/639 3727/3728/640
f 3730/3729/639 3732/3731/641 3731/3732/641 3729/3730/639
f 3732/3731/641 3734/3733/204 3733/3734/204 3731/3732/641
f 3734/3733/204 3736/3735/642 3735/3736/642 3733/3734/204
f 3736/3735/642 3738/3737/643 3737/3738/643 3735/3736/642
f 3738/3737/643 3740/3739/644 3739/3740/644 3737/3738/643
f 3740/3739/644 3742/3741/645 3741/3742/645 3739/3740/644
f 3742/3741/645 3744/3743/646 3743/3744/646 3741/3742/645
f 3744/3743/646 3746/3745/646 3745/3746/646 3743/3744/646
f 3746/3745/646 3748/3747/645 3747/3748/645 3745/3746/646
f 3748/3747/645 3750/3749/647 3749/3750/647 3747/3748/645
f 3750/3749/647 3752/3751/648 3751/3752/648 3749/3750/647
f 3752/3751/648 3754/3753/649 3753/3754/649 3751/3752/648
f 3754/3753/649 3756/3755/650 3755/3756/650 3753/3754/649
f 3756/3755/650 3758/3757/651 3757/3758/651 3755/3756/650
f 3758/3757/651 3760/3759/652 3759/3760/652 3757/3758/651
f 3760/3759/652 3762/3761/653 3761/3762/653 3759/3760/652
f 3762/3761/653 3764/3763/654 3763/3764/654 3761/3762/653
f 3764/3763/654 3766/3765/655 3765/3766/655 3763/3764/654
f 3766/3765/655 3768/3767/656 3767/3768/656 3765/3766/655
f 3768/3767/656 3770/3769/657 3769/3770/657 3767/3768/656
f 3770/3769/657 3772/3771/358 3771/3772/358 3769/3770/657
f 3772/3771/358 3774/3773/658 3773/3774/658 3771/3772/358
f 3774/3773/658 3776/3775/659 3775/3776/659 3773/3774/658
f 3776/3775/659 3778/3777/487 3777/3778/487 3775/3776/659
f 3778/3777/487 3780/3779/660 3779/3780/660 3777/3778/487
f 3780/3779/660 3508/3507/532 3507/3510/532 3779/3780/660
f 3782/3781/661 3784/3782/662 3783/3783/662 3781/3784/661
f 3784/3782/662 3786/3785/663 3785/3786/663 3783/3783/662
f 3786/3785/663 3788/3787/664 3787/3788/664 3785/3786/663
f 3788/3787/664 3790/3789/665 3789/3790/665 3787/3788/664
f 3790/3789/665 3792/3791/666 3791/3792/666 3789/3790/665
f 3792/3791/666 3794/3793/667 3793/3794/667 3791/3792/666
f 3794/3793/667 3796/3795/668 3795/3796/668 3793/3794/667
f 3796/3795/668 3798/3797/669 3797/3798/669 3795/3796/668
f 3798/3797/669 3800/3799/670 3799/3800/670 3797/3798/669
f 3800/3799/670 3802/3801/671 3801/3802/671 3799/3800/670
f 3802/3801/671 3804/3803/672 3803/3804/672 3801/3802/671
f 3804/3803/672 3806/3805/673 3805/3806/673 3803/3804/672
f 3806/3805/673 3808/3807/674 3807/3808/674 3805/3806/673
f 3808/3807/674 3810/3809/675 3809/3810/675 3807/3808/674
f 3810/3809/675 3812/3811/676 3811/3812/676 3809/3810/675
f 3812/3811/676 3814/3813/677 3813/3814/677 3811/3812/676
f 3814/3813/677 3816/3815/678 3815/3816/678 3813/3814/677
f 3816/3815/678 3818/3817/679 3817/3818/679 3815/3816/678
f 3818/3817/679 3820/3819/680 3819/3820/680 3817/3818/679
f 3820/3819/680 3822/3821/681 3821/3822/681 3819/3820/680
f 3822/3821/681 3824/3823/682 3823/3824/682 3821/3822/681
f 3824/3823/682 3826/3825/683 3825/3826/683 3823/3824/682
f 3826/3825/683 3828/3827/684 3827/3828/684 3825/3826/683
f 3828/3827/684 3830/3829/685 3829/3830/685 3827/3828/684
f 3830/3829/685 3832/3831/686 3831/3832/686 3829/3830/685
f 3832/3831/686 3834/3833/687 3833/3834/687 3831/3832/686
f 3834/3833/687 3836/3835/688 3835/3836/688 3833/3834/687
f 3836/3835/688 3838/3837/689 3837/3838/689 3835/3836/688
f 3838/3837/689 3840/3839/690 3839/3840/690 3837/3838/689
f 3840/3839/690 3842/3841/691 3841/3842/691 3839/3840/690
f 3842/3841/691 3844/3843/692 3843/3844/692 3841/3842/691
f 3844/3843/692 3846/3845/693 3845/3846/693 3843/3844/692
f 3846/3845/693 3848/3847/694 3847/3848/694 3845/3846/693
f 3848/3847/694 3850/3849/695 3849/3850/695 3847/3848/694
f 3850/3849/695 3852/3851/696 3851/3852/696 3849/3850/695
f 3852/3851/696 3854/3853/697 3853/3854/697 3851/3852/696
f 3854/3853/697 3856/3855/698 3855/3856/698 3853/3854/697
f 3856/3855/698 3858/3857/699 3857/3858/699 3855/3856/698
f 3858/3857/699 3860/3859/700 3859/3860/700 3857/3858/699
f 3860/3859/700 3862/3861/701 3861/3862/701 3859/3860/700
f 3862/3861/701 3864/3863/702 3863/3864/702 3861/3862/701
f 3864/3863/702 3866/3865/703 3865/3866/703 3863/3864/702
f 3866/3865/703 3868/3867/704 3867/3868/704 3865/3866/703
f 3868/3867/704 3870/3869/705 3869/3870/705 3867/3868/704
f 3870/3869/705 3872/3871/706 3871/3872/706 3869/3870/705
f 3872/3871/706 3874/3873/707 3873/3874/707 3871/3872/706
f 3874/3873/707 3876/3875/708 3875/3876/708 3873/3874/707
f 3876/3875/708 3878/3877/709 3877/3878/709 3875/3876/708
f 3878/3877/709 3880/3879/710 3879/3880/710 3877/3878/709
f 3880/3879/710 3882/3881/711 3881/3882/711 3879/3880/710
f 3882/3881/711 3884/3883/712 3883/3884/712 3881/3882/711
f 3884/3883/712 3886/3885/713 3885/3886/713 3883/3884/712
f 3886/3885/713 3888/3887/714 3887/3888/714 3885/3886/713
f 3888/3887/714 3890/3889/715 3889/3890/715 3887/3888/714
f 3890/3889/715 3892/3891/716 3891/3892/716 3889/3890/715
f 3892/3891/716 3894/3893/717 3893/3894/717 3891/3892/716
f 3894/3893/717 3896/3895/718 3895/3896/718 3893/3894/717
f 3896/3895/718 3898/3897/85 3897/3898/85 3895/3896/718
f 3898/3897/85 3900/3899/719 3899/3900/719 3897/3898/85
f 3900/3899/719 3902/3901/720 3901/3902/720 3899/3900/719
f 3902/3901/720 3904/3903/721 3903/3904/721 3901/3902/720
f 3904/3903/721 3906/3905/722 3905/3906/722 3903/3904/721
f 3906/3905/722 3908/3907/723 3907/3908/723 3905/3906/722
f 3908/3907/723 3910/3909/724 3909/3910/724 3907/3908/723
f 3910/3909/724 3912/3911/725 3911/3912/725 3909/3910/724
f 3912/3911/725 3914/3913/726 3913/3914/726 3911/3912/725
f 3914/3913/726 3916/3915/727 3915/3916/727 3913/3914/726
f 3916/3915/727 3918/3917/728 3917/3918/728 3915/3916/727
f 3918/3917/728 3920/3919/729 3919/3920/729 3917/3918/728
f 3920/3919/729 3922/3921/730 3921/3922/730 3919/3920/729
f 3922/3921/730 3924/3923/731 3923/3924/731 3921/3922/730
f 3924/3923/731 3926/3925/732 3925/3926/732 3923/3924/731
f 3926/3925/732 3928/3927/733 3927/3928/733 3925/3926/732
f 3928/3927/733 3930/3929/506 3929/3930/506 3927/3928/733
f 3930/3929/506 3932/3931/506 3931/3932/506 3929/3930/506
f 3932/3931/506 3934/3933/506 3933/3934/506 3931/3932/506
f 3934/3933/506 3936/3935/506 3935/3936/506 3933/3934/506
f 3936/3935/506 3938/3937/506 3937/3938/506 3935/3936/506
f 3938/3937/506 3940/3939/506 3939/3940/506 3937/3938/506
f 3940/3939/506 3942/3941/506 3941/3942/506 3939/3940/506
f 3942/3941/506 3944/3943/506 3943/3944/506 3941/3942/506
f 3944/3943/506 3946/3945/506 3945/3946/506 3943/3944/506
f 3946/3945/506 3948/3947/506 3947/3948/506 3945/3946/506
f 3948/3947/506 3950/3949/506 3949/3950/506 3947/3948/506
f 3950/3949/506 3952/3951/734 3951/3952/734 3949/3950/506
f 3952/3951/734 3954/3953/735 3953/3954/735 3951/3952/734
f 3954/3953/735 3956/3955/736 3955/3956/736 3953/3954/735
f 3956/3955/736 3958/3957/737 3957/3958/737 3955/3956/736
f 3958/3957/737 3960/3959/738 3959/3960/738 3957/3958/737
f 3960/3959/738 3962/3961/739 3961/3962/739 3959/3960/738
f 3962/3961/739 3964/3963/740 3963/3964/740 3961/3962/739
f 3964/3963/740 3966/3965/741 3965/3966/741 3963/3964/740
f 3966/3965/741 3968/3967/742 3967/3968/742 3965/3966/741
f 3968/3967/742 3970/3969/743 3969/3970/743 3967/3968/742
f 3970/3969/743 3972/3971/744 3971/3972/744 3969/3970/743
f 3972/3971/744 3974/3973/745 3973/3974/745 3971/3972/744
f 3974/3973/745 3976/3975/746 3975/3976/746 3973/3974/745
f 3976/3975/746 3978/3977/747 3977/3978/747 3975/3976/746
f 3978/3977/747 3980/3979/748 3979/3980/748 3977/3978/747
f 3980/3979/748 3982/3981/749 3981/3982/749 3979/3980/748
f 3982/3981/749 3984/3983/750 3983/3984/750 3981/3982/749
f 3984/3983/750 3986/3985/751 3985/3986/751 3983/3984/750
f 3986/3985/751 3988/3987/752 3987/3988/752 3985/3986/751
f 3988/3987/752 3990/3989/753 3989/3990/753 3987/3988/752
f 3990/3989/753 3992/3991/754 3991/3992/754 3989/3990/753
f 3992/3991/754 3994/3993/755 3993/3994/755 3991/3992/754
f 3994/3993/755 3996/3995/756 3995/3996/756 3993/3994/755
f 3996/3995/756 3998/3997/757 3997/3998/757 3995/3996/756
f 3998/3997/757 4000/3999/758 3999/4000/758 3997/3998/757
f 4000/3999/758 4002/4001/759 4001/4002/759 3999/4000/758
f 4002/4001/759 4004/4003/481 4003/4004/481 4001/4002/759
f 4004/4003/481 4006/4005/481 4005/4006/481 4003/4004/481
f 4006/4005/481 4008/4007/481 4007/4008/481 4005/4006/481
f 4008/4007/481 4010/4009/481 4009/4010/481 4007/4008/481
f 4010/4009/481 4012/4011/481 4011/4012/481 4009/4010/481
f 4012/4011/481 4014/4013/481 4013/4014/481 4011/4012/481
f 4014/4013/481 4016/4015/481 4015/4016/481 4013/4014/481
f 4016/4015/481 4018/4017/481 4017/4018/481 4015/4016/481
f 4018/4017/481 4020/4019/481 4019/4020/481 4017/4018/481
f 4020/4019/481 4022/4021/481 4021/4022/481 4019/4020/481
f 4022/4021/481 4024/4023/481 4023/4024/481 4021/4022/481
f 4024/4023/481 4026/4025/760 4025/4026/760 4023/4024/481
f 4026/4025/760 4028/4027/655 4027/4028/655 4025/4026/760
f 4028/4027/655 4030/4029/761 4029/4030/761 4027/4028/655
f 4030/4029/761 4032/4031/762 4031/4032/762 4029/4030/761
f 4032/4031/762 4034/4033/763 4033/4034/763 4031/4032/762
f 4034/4033/763 4036/4035/764 4035/4036/764 4033/4034/763
f 4036/4035/764 4038/4037/765 4037/4038/765 4035/4036/764
f 4038/4037/765 4040/4039/766 4039/4040/766 4037/4038/765
f 4040/4039/766 4042/4041/767 4041/4042/767 4039/4040/766
f 4042/4041/767 4044/4043/768 4043/4044/768 4041/4042/767
f 4044/4043/768 4046/4045/769 4045/4046/769 4043/4044/768
f 4046/4045/769 4048/4047/770 4047/4048/770 4045/4046/769
f 4048/4047/770 4050/4049/771 4049/4050/771 4047/4048/770
f 4050/4049/771 4052/4051/772 4051/4052/772 4049/4050/771
f 4052/4051/772 4054/4053/773 4053/4054/773 4051/4052/772
f 4054/4053/773 4056/4055/774 4055/4056/774 4053/4054/773
f 4056/4055/774 4058/4057/775 4057/4058/775 4055/4056/774
f 4058/4057/775 4060/4059/776 4059/4060/776 4057/4058/775
f 4060/4059/776 4062/4061/777 4061/4062/777 4059/4060/776
f 4062/4061/777 4064/4063/778 4063/4064/778 4061/4062/777
f 4064/4063/778 4066/4065/779 4065/4066/779 4063/4064/778
f 4066/4065/779 4068/4067/780 4067/4068/780 4065/4066/779
f 4068/4067/780 4070/4069/781 4069/4070/781 4067/4068/780
f 4070/4069/781 4072/4071/782 4071/4072/782 4069/4070/781
f 4072/4071/782 4074/4073/783 4073/4074/783 4071/4072/782
f 4074/4073/783 4076/4075/784 4075/4076/784 4073/4074/783
f 4076/4075/784 3782/3781/661 3781/3784/661 4075/4076/784
f 4078/4077/785 4080/4078/786 4079/4079/786 4077/4080/785
f 4080/4078/786 4082/4081/787 4081/4082/787 4079/4079/786
f 4082/4081/787 4084/4083/788 4083/4084/788 4081/4082/787
f 4084/4083/788 4086/4085/789 4085/4086/789 4083/4084/788
f 4086/4085/789 4088/4087/790 4087/4088/790 4085/4086/789
f 4088/4087/790 4090/4089/791 4089/4090/791 4087/4088/790
f 4090/4089/791 4092/4091/792 4091/4092/792 4089/4090/791
f 4092/4091/792 4094/4093/793 4093/4094/793 4091/4092/792
f 4094/4093/793 4096/4095/794 4095/4096/794 4093/4094/793
f 4096/4095/794 4098/4097/795 4097/4098/795 4095/4096/794
f 4098/4097/795 4100/4099/796 4099/4100/796 4097/4098/795
f 4100/4099/796 4102/4101/797 4101/4102/797 4099/4100/796
f 4102/4101/797 4104/4103/798 4103/4104/798 4101/4102/797
f 4104/4103/798 4106/4105/799 4105/4106/799 4103/4104/798
f 4106/4105/799 4108/4107/800 4107/4108/800 4105/4106/799
f 4108/4107/800 4110/4109/801 4109/4110/801 4107/4108/800
f 4110/4109/801 4112/4111/802 4111/4112/802 4109/4110/801
f 4112/4111/802 4114/4113/803 4113/4114/803 4111/4112/802
f 4114/4113/803 4116/4115/804 4115/4116/804 4113/4114/803
f 4116/4115/804 4118/4117/805 4117/4118/805 4115/4116/804
f 4118/4117/805 4120/4119/806 4119/4120/806 4117/4118/805
f 4120/4119/806 4122/4121/807 4121/4122/807 4119/4120/806
f 4122/4121/807 4124/4123/808 4123/4124/808 4121/4122/807
f 4124/4123/808 4126/4125/809 4125/4126/809 4123/4124/808
f 4126/4125/809 4128/4127/810 4127/4128/810 4125/4126/809
f 4128/4127/810 4130/4129/811 4129/4130/811 4127/4128/810
f 4130/4129/811 4132/4131/812 4131/4132/812 4129/4130/811
f 4132/4131/812 4134/4133/479 4133/4134/479 4131/4132/812
f 4134/4133/479 4136/4135/813 4135/4136/813 4133/4134/479
f 4136/4135/813 4138/4137/814 4137/4138/814 4135/4136/813
f 4138/4137/814 4140/4139/815 4139/4140/815 4137/4138/814
f 4140/4139/815 4142/4141/816 4141/4142/816 4139/4140/815
f 4142/4141/816 4144/4143/817 4143/4144/817 4141/4142/816
f 4144/4143/817 4146/4145/818 4145/4146/818 4143/4144/817
f 4146/4145/818 4148/4147/819 4147/4148/819 4145/4146/818
f 4148/4147/819 4150/4149/820 4149/4150/820 4147/4148/819
f 4150/4149/820 4152/4151/821 4151/4152/821 4149/4150/820
f 4152/4151/821 4154/4153/822 4153/4154/822 4151/4152/821
f 4154/4153/822 4156/4155/823 4155/4156/823 4153/4154/822
f 4156/4155/823 4158/4157/824 4157/4158/824 4155/4156/823
f 4158/4157/824 4160/4159/825 4159/4160/825 4157/4158/824
f 4160/4159/825 4162/4161/826 4161/4162/826 4159/4160/825
f 4162/4161/826 4164/4163/827 4163/4164/827 4161/4162/826
f 4164/4163/827 4166/4165/828 4165/4166/828 4163/4164/827
f 4166/4165/828 4168/4167/829 4167/4168/829 4165/4166/828
f 4168/4167/829 4170/4169/830 4169/4170/830 4167/4168/829
f 4170/4169/830 4172/4171/831 4171/4172/831 4169/4170/830
f 4172/4171/831 4174/4173/832 4173/4174/832 4171/4172/831
f 4174/4173/832 4176/4175/833 4175/4176/833 4173/4174/832
f 4176/4175/833 4178/4177/834 4177/4178/834 4175/4176/833
f 4178/4177/834 4180/4179/835 4179/4180/835 4177/4178/834
f 4180/4179/835 4182/4181/836 4181/4182/836 4179/4180/835
f 4182/4181/836 4184/4183/837 4183/4184/837 4181/4182/836
f 4184/4183/837 4186/4185/838 4185/4186/838 4183/4184/837
f 4186/4185/838 4188/4187/839 4187/4188/839 4185/4186/838
f 4188/4187/839 4190/4189/840 4189/4190/840 4187/4188/839
f 4190/4189/840 4192/4191/841 4191/4192/841 4189/4190/840
f 4192/4191/841 4194/4193/842 4193/4194/842 4191/4192/841
f 4194/4193/842 4196/4195/843 4195/4196/843 4193/4194/842
f 4196/4195/843 4198/4197/844 4197/4198/844 4195/4196/843
f 4198/4197/844 4200/4199/845 4199/4200/845 4197/4198/844
f 4200/4199/845 4202/4201/846 4201/4202/846 4199/4200/845
f 4202/4201/846 4204/4203/847 4203/4204/847 4201/4202/846
f 4204/4203/847 4206/4205/848 4205/4206/848 4203/4204/847
f 4206/4205/848 4208/4207/849 4207/4208/849 4205/4206/848
f 4208/4207/849 4210/4209/850 4209/4210/850 4207/4208/849
f 4210/4209/850 4212/4211/851 4211/4212/851 4209/4210/850
f 4212/4211/851 4214/4213/852 4213/4214/852 4211/4212/851
f 4214/4213/852 4216/4215/853 4215/4216/853 4213/4214/852
f 4216/4215/853 4218/4217/854 4217/4218/854 4215/4216/853
f 4218/4217/854 4220/4219/855 4219/4220/855 4217/4218/854
f 4220/4219/855 4222/4221/856 4221/4222/856 4219/4220/855
f 4222/4221/856 4224/4223/857 4223/4224/857 4221/4222/856
f 4224/4223/857 4226/4225/858 4225/4226/858 4223/4224/857
f 4226/4225/858 4228/4227/859 4227/4228/859 4225/4226/858
f 4228/4227/859 4230/4229/860 4229/4230/860 4227/4228/859
f 4230/4229/860 4232/4231/861 4231/4232/861 4229/4230/860
f 4232/4231/861 4234/4233/862 4233/4234/862 4231/4232/861
f 4234/4233/862 4236/4235/863 4235/4236/863 4233/4234/862
f 4236/4235/863 4238/4237/864 4237/4238/864 4235/4236/863
f 4238/4237/864 4240/4239/865 4239/4240/865 4237/4238/864
f 4240/4239/865 4242/4241/866 4241/4242/866 4239/4240/865
f 4242/4241/866 4244/4243/867 4243/4244/867 4241/4242/866
f 4244/4243/867 4246/4245/868 4245/4246/868 4243/4244/867
f 4246/4245/868 4248/4247/869 4247/4248/869 4245/4246/868
f 4248/4247/869 4250/4249/870 4249/4250/870 4247/4248/869
f 4250/4249/870 4252/4251/871 4251/4252/871 4249/4250/870
f 4252/4251/871 4254/4253/872 4253/4254/872 4251/4252/871
f 4254/4253/872 4256/4255/873 4255/4256/873 4253/4254/872
f 4256/4255/873 4258/4257/874 4257/4258/874 4255/4256/873
f 4258/4257/874 4260/4259/875 4259/4260/875 4257/4258/874
f 4260/4259/875 4262/4261/876 4261/4262/876 4259/4260/875
f 4262/4261/876 4264/4263/877 4263/4264/877 4261/4262/876
f 4264/4263/877 4266/4265/878 4265/4266/878 4263/4264/877
f 4266/4265/878 4268/4267/879 4267/4268/879 4265/4266/878
f 4268/4267/879 4270/4269/880 4269/4270/880 4267/4268/879
f 4270/4269/880 4272/4271/881 4271/4272/881 4269/4270/880
f 4272/4271/881 4274/4273/882 4273/4274/882 4271/4272/881
f 4274/4273/882 4276/4275/883 4275/4276/883 4273/4274/882
f 4276/4275/883 4278/4277/884 4277/4278/884 4275/4276/883
f 4278/4277/884 4280/4279/885 4279/4280/885 4277/4278/884
f 4280/4279/885 4282/4281/886 4281/4282/886 4279/4280/885
f 4282/4281/886 4284/4283/887 4283/4284/887 4281/4282/886
f 4284/4283/887 4286/4285/888 4285/4286/888 4283/4284/887
f 4286/4285/888 4288/4287/889 4287/4288/889 4285/4286/888
f 4288/4287/889 4290/4289/890 4289/4290/890 4287/4288/889
f 4290/4289/890 4292/4291/891 4291/4292/891 4289/4290/890
f 4292/4291/891 4294/4293/892 4293/4294/892 4291/4292/891
f 4294/4293/892 4296/4295/893 4295/4296/893 4293/4294/892
f 4296/4295/893 4298/4297/894 4297/4298/894 4295/4296/893
f 4298/4297/894 4300/4299/895 4299/4300/895 4297/4298/894
f 4300/4299/895 4302/4301/896 4301/4302/896 4299/4300/895
f 4302/4301/896 4304/4303/897 4303/4304/897 4301/4302/896
f 4304/4303/897 4306/4305/898 4305/4306/898 4303/4304/897
f 4306/4305/898 4308/4307/899 4307/4308/899 4305/4306/898
f 4308/4307/899 4310/4309/900 4309/4310/900 4307/4308/899
f 4310/4309/900 4312/4311/901 4311/4312/901 4309/4310/900
f 4312/4311/901 4314/4313/902 4313/4314/902 4311/4312/901
f 4314/4313/902 4316/4315/903 4315/4316/903 4313/4314/902
f 4316/4315/903 4318/4317/904 4317/4318/904 4315/4316/903
f 4318/4317/904 4320/4319/905 4319/4320/905 4317/4318/904
f 4320/4319/905 4322/4321/906 4321/4322/906 4319/4320/905
f 4322/4321/906 4324/4323/907 4323/4324/907 4321/4322/906
f 4324/4323/907 4326/4325/908 4325/4326/908 4323/4324/907
f 4326/4325/908 4328/4327/909 4327/4328/909 4325/4326/908
f 4328/4327/909 4330/4329/910 4329/4330/910 4327/4328/909
f 4330/4329/910 4332/4331/26 4331/4332/26 4329/4330/910
f 4332/4331/26 4334/4333/911 4333/4334/911 4331/4332/26
f 4334/4333/911 4336/4335/912 4335/4336/912 4333/4334/911
f 4336/4335/912 4338/4337/913 4337/4338/913 4335/4336/912
f 4338/4337/913 4340/4339/914 4339/4340/914 4337/4338/913
f 4340/4339/914 4342/4341/915 4341/4342/915 4339/4340/914
f 4342/4341/915 4344/4343/916 4343/4344/916 4341/4342/915
f 4344/4343/916 4346/4345/917 4345/4346/917 4343/4344/916
f 4346/4345/917 4348/4347/918 4347/4348/918 4345/4346/917
f 4348/4347/918 4350/4349/919 4349/4350/919 4347/4348/918
f 4350/4349/919 4352/4351/920 4351/4352/920 4349/4350/919
f 4352/4351/920 4354/4353/921 4353/4354/921 4351/4352/920
f 4354/4353/921 4356/4355/922 4355/4356/922 4353/4354/921
f 4356/4355/922 4358/4357/923 4357/4358/923 4355/4356/922
f 4358/4357/923 4360/4359/924 4359/4360/924 4357/4358/923
f 4360/4359/924 4362/4361/925 4361/4362/925 4359/4360/924
f 4362/4361/925 4364/4363/926 4363/4364/926 4361/4362/925
f 4364/4363/926 4366/4365/927 4365/4366/927 4363/4364/926
f 4366/4365/927 4368/4367/928 4367/4368/928 4365/4366/927
f 4368/4367/928 4370/4369/929 4369/4370/929 4367/4368/928
f 4370/4369/929 4372/4371/930 4371/4372/930 4369/4370/929
f 4372/4371/930 4374/4373/931 4373/4374/931 4371/4372/930
f 4374/4373/931 4376/4375/932 4375/4376/932 4373/4374/931
f 4376/4375/932 4378/4377/933 4377/4378/933 4375/4376/932
f 4378/4377/933 4380/4379/934 4379/4380/934 4377/4378/933
f 4380/4379/934 4382/4381/935 4381/4382/935 4379/4380/934
f 4382/4381/935 4384/4383/936 4383/4384/936 4381/4382/935
f 4384/4383/936 4386/4385/937 4385/4386/937 4383/4384/936
f 4386/4385/937 4388/4387/938 4387/4388/938 4385/4386/937
f 4388/4387/938 4390/4389/939 4389/4390/939 4387/4388/938
f 4390/4389/939 4392/4391/940 4391/4392/940 4389/4390/939
f 4392/4391/940 4394/4393/941 4393/4394/941 4391/4392/940
f 4394/4393/941 4396/4395/942 4395/4396/942 4393/4394/941
f 4396/4395/942 4398/4397/943 4397/4398/943 4395/4396/942
f 4398/4397/943 4400/4399/944 4399/4400/944 4397/4398/943
f 4400/4399/944 4402/4401/945 4401/4402/945 4399/4400/944
f 4402/4401/945 4404/4403/946 4403/4404/946 4401/4402/945
f 4404/4403/946 4406/4405/947 4405/4406/947 4403/4404/946
f 4406/4405/947 4408/4407/948 4407/4408/948 4405/4406/947
f 4408/4407/948 4410/4409/949 4409/4410/949 4407/4408/948
f 4410/4409/949 4412/4411/950 4411/4412/950 4409/4410/949
f 4412/4411/950 4414/4413/951 4413/4414/951 4411/4412/950
f 4414/4413/951 4416/4415/952 4415/4416/952 4413/4414/951
f 4416/4415/952 4418/4417/953 4417/4418/953 4415/4416/952
f 4418/4417/953 4420/4419/954 4419/4420/954 4417/4418/953
f 4420/4419/954 4422/4421/955 4421/4422/955 4419/4420/954
f 4422/4421/955 4424/4423/956 4423/4424/956 4421/4422/955
f 4424/4423/956 4426/4425/957 4425/4426/957 4423/4424/956
f 4426/4425/957 4428/4427/958 4427/4428/958 4425/4426/957
f 4428/4427/958 4430/4429/959 4429/4430/959 4427/4428/958
f 4430/4429/959 4078/4077/785 4077/4080/785 4429/4430/959
f 4432/4431/481 4434/4432/481 4433/4433/481 4431/4434/481
f 4434/4432/481 4436/4435/481 4435/4436/481 4433/4433/481
f 4436/4435/481 4438/4437/481 4437/4438/481 4435/4436/481
f 4438/4437/481 4440/4439/481 4439/4440/481 4437/4438/481
f 4440/4439/481 4442/4441/481 4441/4442/481 4439/4440/481
f 4442/4441/481 4444/4443/481 4443/4444/481 4441/4442/481
f 4444/4443/481 4446/4445/481 4445/4446/481 4443/4444/481
f 4446/4445/481 4448/4447/481 4447/4448/481 4445/4446/481
f 4448/4447/481 4450/4449/481 4449/4450/481 4447/4448/481
f 4450/4449/481 4452/4451/481 4451/4452/481 4449/4450/481
f 4452/4451/481 4454/4453/482 4453/4454/482 4451/4452/481
f 4454/4453/482 4456/4455/483 4455/4456/483 4453/4454/482
f 4456/4455/483 4458/4457/484 4457/4458/484 4455/4456/483
f 4458/4457/484 4460/4459/485 4459/4460/485 4457/4458/484
f 4460/4459/485 4462/4461/486 4461/4462/486 4459/4460/485
f 4462/4461/486 4464/4463/487 4463/4464/487 4461/4462/486
f 4464/4463/487 4466/4465/361 4465/4466/361 4463/4464/487
f 4466/4465/361 4468/4467/488 4467/4468/488 4465/4466/361
f 4468/4467/488 4470/4469/489 4469/4470/489 4467/4468/488
f 4470/4469/489 4472/4471/490 4471/4472/490 4469/4470/489
f 4472/4471/490 4474/4473/491 4473/4474/491 4471/4472/490
f 4474/4473/491 4476/4475/492 4475/4476/492 4473/4474/491
f 4476/4475/492 4478/4477/493 4477/4478/493 4475/4476/492
f 4478/4477/493 4480/4479/494 4479/4480/494 4477/4478/493
f 4480/4479/494 4482/4481/495 4481/4482/495 4479/4480/494
f 4482/4481/495 4484/4483/496 4483/4484/496 4481/4482/495
f 4484/4483/496 4486/4485/497 4485/4486/497 4483/4484/496
f 4486/4485/497 4488/4487/498 4487/4488/498 4485/4486/497
f 4488/4487/498 4490/4489/499 4489/4490/499 4487/4488/498
f 4490/4489/499 4492/4491/500 4491/4492/500 4489/4490/499
f 4492/4491/500 4494/4493/501 4493/4494/501 4491/4492/500
f 4494/4493/501 4496/4495/502 4495/4496/502 4493/4494/501
f 4496/4495/502 4498/4497/503 4497/4498/503 4495/4496/502
f 4498/4497/503 4500/4499/374 4499/4500/374 4497/4498/503
f 4500/4499/374 4502/4501/504 4501/4502/504 4499/4500/374
f 4502/4501/504 4504/4503/505 4503/4504/505 4501/4502/504
f 4504/4503/505 4506/4505/506 4505/4506/506 4503/4504/505
f 4506/4505/506 4508/4507/506 4507/4508/506 4505/4506/506
f 4508/4507/506 4510/4509/506 4509/4510/506 4507/4508/506
f 4510/4509/506 4512/4511/506 4511/4512/506 4509/4510/506
f 4512/4511/506 4514/4513/506 4513/4514/506 4511/4512/506
f 4514/4513/506 4516/4515/506 4515/4516/506 4513/4514/506
f 4516/4515/506 4518/4517/506 4517/4518/506 4515/4516/506
f 4518/4517/506 4520/4519/506 4519/4520/506 4517/4518/506
f 4520/4519/506 4522/4521/506 4521/4522/506 4519/4520/506
f 4522/4521/506 4524/4523/506 4523/4524/506 4521/4522/506
f 4524/4523/506 4526/4525/506 4525/4526/506 4523/4524/506
f 4526/4525/506 4528/4527/507 4527/4528/507 4525/4526/506
f 4528/4527/507 4530/4529/508 4529/4530/508 4527/4528/507
f 4530/4529/508 4532/4531/509 4531/4532/509 4529/4530/508
f 4532/4531/509 4534/4533/510 4533/4534/510 4531/4532/509
f 4534/4533/510 4536/4535/511 4535/4536/511 4533/4534/510
f 4536/4535/511 4538/4537/512 4537/4538/512 4535/4536/511
f 4538/4537/512 4540/4539/513 4539/4540/513 4537/4538/512
f 4540/4539/513 4542/4541/514 4541/4542/514 4539/4540/513
f 4542/4541/514 4544/4543/515 4543/4544/515 4541/4542/514
f 4544/4543/515 4546/4545/516 4545/4546/516 4543/4544/515
f 4546/4545/516 4548/4547/517 4547/4548/517 4545/4546/516
f 4548/4547/517 4550/4549/250 4549/4550/250 4547/4548/517
f 4550/4549/250 4552/4551/518 4551/4552/518 4549/4550/250
f 4552/4551/518 4554/4553/519 4553/4554/519 4551/4552/518
f 4554/4553/519 4556/4555/520 4555/4556/520 4553/4554/519
f 4556/4555/520 4558/4557/521 4557/4558/521 4555/4556/520
f 4558/4557/521 4560/4559/522 4559/4560/522 4557/4558/521
f 4560/4559/522 4562/4561/523 4561/4562/523 4559/4560/522
f 4562/4561/523 4564/4563/524 4563/4564/524 4561/4562/523
f 4564/4563/524 4566/4565/525 4565/4566/525 4563/4564/524
f 4566/4565/525 4568/4567/526 4567/4568/526 4565/4566/525
f 4568/4567/526 4570/4569/527 4569/4570/527 4567/4568/526
f 4570/4569/527 4572/4571/528 4571/4572/528 4569/4570/527
f 4572/4571/528 4574/4573/529 4573/4574/529 4571/4572/528
f 4574/4573/529 4576/4575/530 4575/4576/530 4573/4574/529
f 4576/4575/530 4578/4577/531 4577/4578/531 4575/4576/530
f 4578/4577/531 4432/4431/481 4431/4434/481 4577/4578/531
f 4580/4579/960 4582/4580/961 4581/4581/961 4579/4582/960
f 4582/4580/961 4584/4583/962 4583/4584/962 4581/4581/961
f 4584/4583/962 4586/4585/963 4585/4586/963 4583/4584/962
f 4586/4585/963 4588/4587/964 4587/4588/964 4585/4586/963
f 4588/4587/964 4590/4589/965 4589/4590/965 4587/4588/964
f 4590/4589/965 4592/4591/966 4591/4592/966 4589/4590/965
f 4592/4591/966 4594/4593/967 4593/4594/967 4591/4592/966
f 4594/4593/967 4596/4595/968 4595/4596/968 4593/4594/967
f 4596/4595/968 4598/4597/969 4597/4598/969 4595/4596/968
f 4598/4597/969 4600/4599/970 4599/4600/970 4597/4598/969
f 4600/4599/970 4602/4601/971 4601/4602/971 4599/4600/970
f 4602/4601/971 4604/4603/972 4603/4604/972 4601/4602/971
f 4604/4603/972 4606/4605/973 4605/4606/973 4603/4604/972
f 4606/4605/973 4608/4607/974 4607/4608/974 4605/4606/973
f 4608/4607/974 4610/4609/975 4609/4610/975 4607/4608/974
f 4610/4609/975 4612/4611/976 4611/4612/976 4609/4610/975
f 4612/4611/976 4614/4613/977 4613/4614/977 4611/4612/976
f 4614/4613/977 4616/4615/978 4615/4616/978 4613/4614/977
f 4616/4615/978 4618/4617/979 4617/4618/979 4615/4616/978
f 4618/4617/979 4620/4619/980 4619/4620/980 4617/4618/979
f 4620/4619/980 4622/4621/981 4621/4622/981 4619/4620/980
f 4622/4621/981 4624/4623/982 4623/4624/982 4621/4622/981
f 4624/4623/982 4626/4625/983 4625/4626/983 4623/4624/982
f 4626/4625/983 4628/4627/984 4627/4628/984 4625/4626/983
f 4628/4627/984 4630/4629/985 4629/4630/985 4627/4628/984
f 4630/4629/985 4632/4631/986 4631/4632/986 4629/4630/985
f 4632/4631/986 4634/4633/987 4633/4634/987 4631/4632/986
f 4634/4633/987 4636/4635/988 4635/4636/988 4633/4634/987
f 4636/4635/988 4638/4637/989 4637/4638/989 4635/4636/988
f 4638/4637/989 4640/4639/990 4639/4640/990 4637/4638/989
f 4640/4639/990 4642/4641/991 4641/4642/991 4639/4640/990
f 4642/4641/991 4644/4643/992 4643/4644/992 4641/4642/991
f 4644/4643/992 4646/4645/993 4645/4646/993 4643/4644/992
f 4646/4645/993 4648/4647/994 4647/4648/994 4645/4646/993
f 4648/4647/994 4650/4649/995 4649/4650/995 4647/4648/994
f 4650/4649/995 4652/4651/996 4651/4652/996 4649/4650/995
f 4652/4651/996 4654/4653/997 4653/4654/997 4651/4652/996
f 4654/4653/997 4656/4655/998 4655/4656/998 4653/4654/997
f 4656/4655/998 4658/4657/999 4657/4658/999 4655/4656/998
f 4658/4657/999 4660/4659/1000 4659/4660/1000 4657/4658/999
f 4660/4659/1000 4662/4661/1001 4661/4662/1001 4659/4660/1000
f 4662/4661/1001 4664/4663/1002 4663/4664/1002 4661/4662/1001
f 4664/4663/1002 4666/4665/1003 4665/4666/1003 4663/4664/1002
f 4666/4665/1003 4668/4667/12 4667/4668/12 4665/4666/1003
f 4668/4667/12 4670/4669/1004 4669/4670/1004 4667/4668/12
f 4670/4669/1004 4672/4671/1005 4671/4672/1005 4669/4670/1004
f 4672/4671/1005 4674/4673/1006 4673/4674/1006 4671/4672/1005
f 4674/4673/1006 4676/4675/1007 4675/4676/1007 4673/4674/1006
f 4676/4675/1007 4678/4677/1008 4677/4678/1008 4675/4676/1007
f 4678/4677/1008 4680/4679/1009 4679/4680/1009 4677/4678/1008
f 4680/4679/1009 4682/4681/1010 4681/4682/1010 4679/4680/1009
f 4682/4681/1010 4684/4683/1011 4683/4684/1011 4681/4682/1010
f 4684/4683/1011 4686/4685/1012 4685/4686/1012 4683/4684/1011
f 4686/4685/1012 4688/4687/1013 4687/4688/1013 4685/4686/1012
f 4688/4687/1013 4690/4689/1014 4689/4690/1014 4687/4688/1013
f 4690/4689/1014 4692/4691/1015 4691/4692/1015 4689/4690/1014
f 4692/4691/1015 4694/4693/1016 4693/4694/1016 4691/4692/1015
f 4694/4693/1016 4696/4695/1017 4695/4696/1017 4693/4694/1016
f 4696/4695/1017 4698/4697/1018 4697/4698/1018 4695/4696/1017
f 4698/4697/1018 4700/4699/1019 4699/4700/1019 4697/4698/1018
f 4700/4699/1019 4702/4701/1020 4701/4702/1020 4699/4700/1019
f 4702/4701/1020 4704/4703/1021 4703/4704/1021 4701/4702/1020
f 4704/4703/1021 4706/4705/1022 4705/4706/1022 4703/4704/1021
f 4706/4705/1022 4708/4707/1023 4707/4708/1023 4705/4706/1022
f 4708/4707/1023 4710/4709/1024 4709/4710/1024 4707/4708/1023
f 4710/4709/1024 4712/4711/1025 4711/4712/1025 4709/4710/1024
f 4712/4711/1025 4714/4713/1026 4713/4714/1026 4711/4712/1025
f 4714/4713/1026 4716/4715/1027 4715/4716/1027 4713/4714/1026
f 4716/4715/1027 4718/4717/1028 4717/4718/1028 4715/4716/1027
f 4718/4717/1028 4720/4719/1029 4719/4720/1029 4717/4718/1028
f 4720/4719/1029 4722/4721/1030 4721/4722/1030 4719/4720/1029
f 4722/4721/1030 4724/4723/1031 4723/4724/1031 4721/4722/1030
f 4724/4723/1031 4726/4725/1032 4725/4726/1032 4723/4724/1031
f 4726/4725/1032 4728/4727/1033 4727/4728/1033 4725/4726/1032
f 4728/4727/1033 4730/4729/1034 4729/4730/1034 4727/4728/1033
f 4730/4729/1034 4732/4731/1035 4731/4732/1035 4729/4730/1034
f 4732/4731/1035 4734/4733/1036 4733/4734/1036 4731/4732/1035
f 4734/4733/1036 4736/4735/1036 4735/4736/1036 4733/4734/1036
f 4736/4735/1036 4738/4737/1036 4737/4738/1036 4735/4736/1036
f 4738/4737/1036 4740/4739/1036 4739/4740/1036 4737/4738/1036
f 4740/4739/1036 4742/4741/1036 4741/4742/1036 4739/4740/1036
f 4742/4741/1036 4744/4743/1036 4743/4744/1036 4741/4742/1036
f 4744/4743/1036 4746/4745/1036 4745/4746/1036 4743/4744/1036
f 4746/4745/1036 4748/4747/1036 4747/4748/1036 4745/4746/1036
f 4748/4747/1036 4750/4749/1036 4749/4750/1036 4747/4748/1036
f 4750/4749/1036 4752/4751/1036 4751/4752/1036 4749/4750/1036
f 4752/4751/1036 4754/4753/1036 4753/4754/1036 4751/4752/1036
f 4754/4753/1036 4756/4755/1037 4755/4756/1037 4753/4754/1036
f 4756/4755/1037 4580/4579/960 4579/4582/960 4755/4756/1037
s 0
f 4853/4757/1 4855/4758/1 4854/4759/1
f 4853/4757/1 4856/4760/1 4855/4758/1
f 4852/4761/1 4856/4760/1 4853/4757/1
f 4852/4761/1 4857/4762/1 4856/4760/1
f 4851/4763/1 4857/4762/1 4852/4761/1
f 4851/4763/1 4858/4764/1 4857/4762/1
f 4850/4765/1 4858/4764/1 4851/4763/1
f 4850/4765/1 4859/4766/1 4858/4764/1
f 4849/4767/1 4859/4766/1 4850/4765/1
f 4849/4767/1 4860/4768/1 4859/4766/1
f 4848/4769/1 4860/4768/1 4849/4767/1
f 4848/4769/1 4861/4770/1 4860/4768/1
f 4847/4771/1 4861/4770/1 4848/4769/1
f 4847/4771/1 4862/4772/1 4861/4770/1
f 4846/4773/1 4862/4772/1 4847/4771/1
f 4846/4773/1 4863/4774/1 4862/4772/1
f 4845/4775/1 4863/4774/1 4846/4773/1
f 4845/4775/1 4864/4776/1 4863/4774/1
f 4844/4777/1 4864/4776/1 4845/4775/1
f 4844/4777/1 4865/4778/1 4864/4776/1
f 4843/4779/1 4865/4778/1 4844/4777/1
f 4843/4779/1 4866/4780/1 4865/4778/1
f 4842/4781/1 4866/4780/1 4843/4779/1
f 4842/4781/1 4867/4782/1 4866/4780/1
f 4841/4783/1 4867/4782/1 4842/4781/1
f 4841/4783/1 4868/4784/1 4867/4782/1
f 4841/4783/1 4869/4785/1 4868/4784/1
f 4840/4786/1 4869/4785/1 4841/4783/1
f 4840/4786/1 4870/4787/1 4869/4785/1
f 4839/4788/1 4870/4787/1 4840/4786/1
f 4839/4788/1 4871/4789/1 4870/4787/1
f 4838/4790/1 4871/4789/1 4839/4788/1
f 4838/4790/1 4872/4791/1 4871/4789/1
f 4837/4792/1 4872/4791/1 4838/4790/1
f 4837/4792/1 4873/4793/1 4872/4791/1
f 4836/4794/1 4873/4793/1 4837/4792/1
f 4836/4794/1 4874/4795/1 4873/4793/1
f 4835/4796/1 4874/4795/1 4836/4794/1
f 4890/4797/1 4892/4798/1 4891/4799/1
f 4889/4800/1 4892/4798/1 4890/4797/1
f 4835/4796/1 4875/4801/1 4874/4795/1
f 4834/4802/1 4875/4801/1 4835/4796/1
f 4888/4803/1 4892/4798/1 4889/4800/1
f 4888/4803/1 4893/4804/1 4892/4798/1
f 4887/4805/1 4893/4804/1 4888/4803/1
f 4834/4802/1 4876/4806/1 4875/4801/1
f 4887/4805/1 4894/4807/1 4893/4804/1
f 4886/4808/1 4894/4807/1 4887/4805/1
f 4833/4809/1 4876/4806/1 4834/4802/1
f 4886/4808/1 4895/4810/1 4894/4807/1
f 4885/4811/1 4895/4810/1 4886/4808/1
f 4884/4812/1 4895/4810/1 4885/4811/1
f 4833/4809/1 4877/4813/1 4876/4806/1
f 4884/4812/1 4896/4814/1 4895/4810/1
f 4832/4815/1 4877/4813/1 4833/4809/1
f 4883/4816/1 4896/4814/1 4884/4812/1
f 4883/4816/1 4897/4817/1 4896/4814/1
f 4882/4818/1 4897/4817/1 4883/4816/1
f 4832/4815/1 4878/4819/1 4877/4813/1
f 4882/4818/1 4898/4820/1 4897/4817/1
f 4881/4821/1 4898/4820/1 4882/4818/1
f 4831/4822/1 4878/4819/1 4832/4815/1
f 4880/4823/1 4898/4820/1 4881/4821/1
f 4880/4823/1 4899/4824/1 4898/4820/1
f 4831/4822/1 4879/4825/1 4878/4819/1
f 4879/4825/1 4899/4824/1 4880/4823/1
f 4831/4822/1 4899/4824/1 4879/4825/1
f 4929/4826/1 4899/4824/1 4831/4822/1
f 4929/4826/1 4900/4827/1 4899/4824/1
f 4928/4828/1 4900/4827/1 4929/4826/1
f 4927/4829/1 4900/4827/1 4928/4828/1
f 4927/4829/1 4901/4830/1 4900/4827/1
f 4926/4831/1 4901/4830/1 4927/4829/1
f 4925/4832/1 4901/4830/1 4926/4831/1
f 4924/4833/1 4901/4830/1 4925/4832/1
f 4923/4834/1 4901/4830/1 4924/4833/1
f 4923/4834/1 4902/4835/1 4901/4830/1
f 4922/4836/1 4902/4835/1 4923/4834/1
f 4921/4837/1 4902/4835/1 4922/4836/1
f 4920/4838/1 4902/4835/1 4921/4837/1
f 4919/4839/1 4902/4835/1 4920/4838/1
f 4919/4839/1 4903/4840/1 4902/4835/1
f 4918/4841/1 4903/4840/1 4919/4839/1
f 4917/4842/1 4903/4840/1 4918/4841/1
f 4916/4843/1 4915/4844/1 4917/4842/1
f 4915/4844/1 4914/4845/1 4917/4842/1
f 4914/4845/1 4913/4846/1 4917/4842/1
f 4913/4846/1 4912/4847/1 4917/4842/1
f 4912/4847/1 4911/4848/1 4917/4842/1
f 4911/4848/1 4910/4849/1 4917/4842/1
f 4910/4849/1 4909/4850/1 4917/4842/1
f 4909/4850/1 4908/4851/1 4917/4842/1
f 4908/4851/1 4907/4852/1 4917/4842/1
f 4907/4852/1 4906/4853/1 4917/4842/1
f 4906/4853/1 4905/4854/1 4917/4842/1
f 4905/4854/1 4904/4855/1 4917/4842/1
f 4904/4855/1 4903/4840/1 4917/4842/1
f 4779/4856/1 4781/4857/1 4780/4858/1
f 4779/4856/1 4782/4859/1 4781/4857/1
f 4779/4856/1 4783/4860/1 4782/4859/1
f 4778/4861/1 4783/4860/1 4779/4856/1
f 4778/4861/1 4784/4862/1 4783/4860/1
f 4777/4863/1 4784/4862/1 4778/4861/1
f 4777/4863/1 4785/4864/1 4784/4862/1
f 4776/4865/1 4785/4864/1 4777/4863/1
f 4776/4865/1 4786/4866/1 4785/4864/1
f 4775/4867/1 4786/4866/1 4776/4865/1
f 4775/4867/1 4787/4868/1 4786/4866/1
f 4774/4869/1 4787/4868/1 4775/4867/1
f 4774/4869/1 4788/4870/1 4787/4868/1
f 4773/4871/1 4788/4870/1 4774/4869/1
f 4773/4871/1 4789/4872/1 4788/4870/1
f 4772/4873/1 4789/4872/1 4773/4871/1
f 4772/4873/1 4790/4874/1 4789/4872/1
f 4771/4875/1 4790/4874/1 4772/4873/1
f 4771/4875/1 4791/4876/1 4790/4874/1
f 4770/4877/1 4791/4876/1 4771/4875/1
f 4770/4877/1 4792/4878/1 4791/4876/1
f 4769/4879/1 4792/4878/1 4770/4877/1
f 4769/4879/1 4793/4880/1 4792/4878/1
f 4768/4881/1 4793/4880/1 4769/4879/1
f 4768/4881/1 4794/4882/1 4793/4880/1
f 4767/4883/1 4794/4882/1 4768/4881/1
f 4767/4883/1 4795/4884/1 4794/4882/1
f 4766/4885/1 4795/4884/1 4767/4883/1
f 4765/4886/1 4795/4884/1 4766/4885/1
f 4765/4886/1 4796/4887/1 4795/4884/1
f 4764/4888/1 4796/4887/1 4765/4886/1
f 4764/4888/1 4797/4889/1 4796/4887/1
f 4763/4890/1 4797/4889/1 4764/4888/1
f 4763/4890/1 4798/4891/1 4797/4889/1
f 4762/4892/1 4798/4891/1 4763/4890/1
f 4762/4892/1 4799/4893/1 4798/4891/1
f 4761/4894/1 4799/4893/1 4762/4892/1
f 4761/4894/1 4800/4895/1 4799/4893/1
f 4760/4896/1 4800/4895/1 4761/4894/1
f 4760/4896/1 4801/4897/1 4800/4895/1
f 4759/4898/1 4801/4897/1 4760/4896/1
f 4759/4898/1 4802/4899/1 4801/4897/1
f 4758/4900/1 4802/4899/1 4759/4898/1
f 4758/4900/1 4803/4901/1 4802/4899/1
f 4757/4902/1 4803/4901/1 4758/4900/1
f 4757/4902/1 4804/4903/1 4803/4901/1
f 4830/4904/1 4804/4903/1 4757/4902/1
f 4830/4904/1 4805/4905/1 4804/4903/1
f 4829/4906/1 4805/4905/1 4830/4904/1
f 4829/4906/1 4806/4907/1 4805/4905/1
f 4828/4908/1 4806/4907/1 4829/4906/1
f 4827/4909/1 4806/4907/1 4828/4908/1
f 4827/4909/1 4807/4910/1 4806/4907/1
f 4826/4911/1 4807/4910/1 4827/4909/1
f 4826/4911/1 4808/4912/1 4807/4910/1
f 4825/4913/1 4808/4912/1 4826/4911/1
f 4825/4913/1 4809/4914/1 4808/4912/1
f 4824/4915/1 4809/4914/1 4825/4913/1
f 4824/4915/1 4810/4916/1 4809/4914/1
f 4823/4917/1 4810/4916/1 4824/4915/1
f 4823/4917/1 4811/4918/1 4810/4916/1
f 4822/4919/1 4811/4918/1 4823/4917/1
f 4822/4919/1 4812/4920/1 4811/4918/1
f 4821/4921/1 4812/4920/1 4822/4919/1
f 4820/4922/1 4812/4920/1 4821/4921/1
f 4820/4922/1 4813/4923/1 4812/4920/1
f 4819/4924/1 4813/4923/1 4820/4922/1
f 4819/4924/1 4814/4925/1 4813/4923/1
f 4818/4926/1 4814/4925/1 4819/4924/1
f 4818/4926/1 4815/4927/1 4814/4925/1
f 4817/4928/1 4815/4927/1 4818/4926/1
f 4817/4928/1 4816/4929/1 4815/4927/1
f 4978/4930/1 4980/4931/1 4979/4932/1
f 4978/4930/1 4981/4933/1 4980/4931/1
f 4978/4930/1 4982/4934/1 4981/4933/1
f 5014/4935/1 5016/4936/1 5015/4937/1
f 4978/4930/1 4983/4938/1 4982/4934/1
f 5013/4939/1 5016/4936/1 5014/4935/1
f 5012/4940/1 5016/4936/1 5013/4939/1
f 4978/4930/1 4984/4941/1 4983/4938/1
f 5011/4942/1 5016/4936/1 5012/4940/1
f 4978/4930/1 4985/4943/1 4984/4941/1
f 5010/4944/1 5016/4936/1 5011/4942/1
f 4978/4930/1 4986/4945/1 4985/4943/1
f 5009/4946/1 5016/4936/1 5010/4944/1
f 5008/4947/1 5016/4936/1 5009/4946/1
f 4978/4930/1 4987/4948/1 4986/4945/1
f 5007/4949/1 5016/4936/1 5008/4947/1
f 4978/4930/1 4988/4950/1 4987/4948/1
f 5006/4951/1 5016/4936/1 5007/4949/1
f 4978/4930/1 4989/4952/1 4988/4950/1
f 5005/4953/1 5016/4936/1 5006/4951/1
f 4978/4930/1 4990/4954/1 4989/4952/1
f 5004/4955/1 5016/4936/1 5005/4953/1
f 4978/4930/1 4991/4956/1 4990/4954/1
f 5003/4957/1 5016/4936/1 5004/4955/1
f 4978/4930/1 4992/4958/1 4991/4956/1
f 4978/4930/1 4993/4959/1 4992/4958/1
f 4978/4930/1 4994/4960/1 4993/4959/1
f 4978/4930/1 4995/4961/1 4994/4960/1
f 4978/4930/1 4996/4962/1 4995/4961/1
f 4978/4930/1 4997/4963/1 4996/4962/1
f 4978/4930/1 4998/4964/1 4997/4963/1
f 4978/4930/1 4999/4965/1 4998/4964/1
f 4978/4930/1 5000/4966/1 4999/4965/1
f 4978/4930/1 5001/4967/1 5000/4966/1
f 4978/4930/1 5002/4968/1 5001/4967/1
f 4978/4930/1 5003/4957/1 5002/4968/1
f 4978/4930/1 4977/4969/1 5003/4957/1
f 4977/4969/1 4976/4970/1 5003/4957/1
f 4976/4970/1 4975/4971/1 5003/4957/1
f 4975/4971/1 4974/4972/1 5003/4957/1
f 4974/4972/1 4973/4973/1 5003/4957/1
f 4973/4973/1 4972/4974/1 5003/4957/1
f 4972/4974/1 5016/4936/1 5003/4957/1
f 4972/4974/1038 4971/4975/1038 5016/4936/1038
f 4971/4975/1 5017/4976/1 5016/4936/1
f 4971/4975/1 5018/4977/1 5017/4976/1
f 4971/4975/1 4970/4978/1 5018/4977/1
f 4970/4978/1 5019/4979/1 5018/4977/1
f 4970/4978/1 5020/4980/1 5019/4979/1
f 4970/4978/1 4969/4981/1 5020/4980/1
f 4969/4981/1 5021/4982/1 5020/4980/1
f 4969/4981/1 5022/4983/1 5021/4982/1
f 4969/4981/1 4968/4984/1 5022/4983/1
f 4968/4984/1 5023/4985/1 5022/4983/1
f 4968/4984/1 5024/4986/1 5023/4985/1
f 4968/4984/1 4967/4987/1 5024/4986/1
f 4967/4987/1 5025/4988/1 5024/4986/1
f 4967/4987/1 5026/4989/1 5025/4988/1
f 4967/4987/1 4966/4990/1 5026/4989/1
f 4966/4990/1 5027/4991/1 5026/4989/1
f 4966/4990/1 4965/4992/1 5027/4991/1
f 4965/4992/1 4964/4993/1 5027/4991/1
f 4964/4993/1 4963/4994/1 5027/4991/1
f 4963/4994/1 4962/4995/1 5027/4991/1
f 4962/4995/1 4961/4996/1 5027/4991/1
f 4961/4996/1 4960/4997/1 5027/4991/1
f 4960/4997/1 4959/4998/1 5027/4991/1
f 4959/4998/1 4958/4999/1 5027/4991/1
f 4958/4999/1 4957/5000/1 5027/4991/1
f 4957/5000/1 4955/5001/1 5027/4991/1
f 4955/5001/1 4954/5002/1 5027/4991/1
f 4954/5002/1 5028/5003/1 5027/4991/1
f 4956/5004/1 4955/5001/1 4957/5000/1
f 4953/5005/1 5028/5003/1 4954/5002/1
f 4953/5005/1 4930/5006/1 5028/5003/1
f 4952/5007/1 4930/5006/1 4953/5005/1
f 4952/5007/1 4931/5008/1 4930/5006/1
f 4951/5009/1 4931/5008/1 4952/5007/1
f 4951/5009/1 4932/5010/1 4931/5008/1
f 4950/5011/1 4932/5010/1 4951/5009/1
f 4950/5011/1 4933/5012/1 4932/5010/1
f 4949/5013/1 4933/5012/1 4950/5011/1
f 4949/5013/1 4934/5014/1 4933/5012/1
f 4948/5015/1 4934/5014/1 4949/5013/1
f 5064/5016/1 5066/5017/1 5065/5018/1
f 5064/5016/1 5067/5019/1 5066/5017/1
f 5063/5020/1 5067/5019/1 5064/5016/1
f 5062/5021/1 5067/5019/1 5063/5020/1
f 4948/5015/1 4935/5022/1 4934/5014/1
f 4947/5023/1 4935/5022/1 4948/5015/1
f 5061/5024/1 5067/5019/1 5062/5021/1
f 5060/5025/1 5067/5019/1 5061/5024/1
f 5059/5026/1 5067/5019/1 5060/5025/1
f 5058/5027/1 5067/5019/1 5059/5026/1
f 4947/5023/1 4936/5028/1 4935/5022/1
f 4946/5029/1 4936/5028/1 4947/5023/1
f 5057/5030/1 5067/5019/1 5058/5027/1
f 5056/5031/1 5067/5019/1 5057/5030/1
f 5055/5032/1 5067/5019/1 5056/5031/1
f 4945/5033/1 4936/5028/1 4946/5029/1
f 5054/5034/1 5067/5019/1 5055/5032/1
f 4945/5033/1 4937/5035/1 4936/5028/1
f 5054/5034/1 5068/5036/1 5067/5019/1
f 5053/5037/1 5068/5036/1 5054/5034/1
f 5052/5038/1 5068/5036/1 5053/5037/1
f 4944/5039/1 4937/5035/1 4945/5033/1
f 4944/5039/1 4938/5040/1 4937/5035/1
f 4943/5041/1 4938/5040/1 4944/5039/1
f 4942/5042/1 4938/5040/1 4943/5041/1
f 4942/5042/1 4939/5043/1 4938/5040/1
f 5051/5044/1 5068/5036/1 5052/5038/1
f 4941/5045/1 4939/5043/1 4942/5042/1
f 5051/5044/1 5069/5046/1 5068/5036/1
f 4941/5045/1 4940/5047/1 4939/5043/1
f 5050/5048/1 5069/5046/1 5051/5044/1
f 5050/5048/1 5070/5049/1 5069/5046/1
f 5049/5050/1 5070/5049/1 5050/5048/1
f 5048/5051/1 5070/5049/1 5049/5050/1
f 5048/5051/1 5071/5052/1 5070/5049/1
f 5047/5053/1 5071/5052/1 5048/5051/1
f 5047/5053/1 5072/5054/1 5071/5052/1
f 5046/5055/1 5072/5054/1 5047/5053/1
f 5045/5056/1 5072/5054/1 5046/5055/1
f 5045/5056/1 5073/5057/1 5072/5054/1
f 5044/5058/1 5073/5057/1 5045/5056/1
f 5044/5058/1 5074/5059/1 5073/5057/1
f 5043/5060/1 5074/5059/1 5044/5058/1
f 5042/5061/1 5074/5059/1 5043/5060/1
f 5042/5061/1 5075/5062/1 5074/5059/1
f 5041/5063/1 5075/5062/1 5042/5061/1
f 5041/5063/1 5076/5064/1 5075/5062/1
f 5040/5065/1 5076/5064/1 5041/5063/1
f 5039/5066/1 5076/5064/1 5040/5065/1
f 5038/5067/1 5076/5064/1 5039/5066/1
f 5037/5068/1 5076/5064/1 5038/5067/1
f 5036/5069/1 5076/5064/1 5037/5068/1
f 5035/5070/1 5076/5064/1 5036/5069/1
f 5034/5071/1 5076/5064/1 5035/5070/1
f 5033/5072/1 5076/5064/1 5034/5071/1
f 5032/5073/1 5076/5064/1 5033/5072/1
f 5032/5073/1 5077/5074/1 5076/5064/1
f 5031/5075/1 5077/5074/1 5032/5073/1
f 5030/5076/1 5077/5074/1 5031/5075/1
f 5029/5077/1 5077/5074/1 5030/5076/1
f 5078/5078/1 5077/5074/1 5029/5077/1
f 5236/5079/1 5238/5080/1 5237/5081/1
f 5236/5079/1 5239/5082/1 5238/5080/1
f 5235/5083/1 5239/5082/1 5236/5079/1
f 5235/5083/1 5240/5084/1 5239/5082/1
f 5234/5085/1 5240/5084/1 5235/5083/1
f 5234/5085/1 5241/5086/1 5240/5084/1
f 5233/5087/1 5241/5086/1 5234/5085/1
f 5233/5087/1 5242/5088/1 5241/5086/1
f 5232/5089/1 5242/5088/1 5233/5087/1
f 5232/5089/1 5243/5090/1 5242/5088/1
f 5231/5091/1 5243/5090/1 5232/5089/1
f 5231/5091/1 5244/5092/1 5243/5090/1
f 5230/5093/1 5244/5092/1 5231/5091/1
f 5230/5093/1 5245/5094/1 5244/5092/1
f 5229/5095/1 5245/5094/1 5230/5093/1
f 5229/5095/1 5246/5096/1 5245/5094/1
f 5228/5097/1 5246/5096/1 5229/5095/1
f 5228/5097/1 5247/5098/1 5246/5096/1
f 5227/5099/1 5247/5098/1 5228/5097/1
f 5227/5099/1 5248/5100/1 5247/5098/1
f 5226/5101/1 5248/5100/1 5227/5099/1
f 5226/5101/1 5249/5102/1 5248/5100/1
f 5225/5103/1 5249/5102/1 5226/5101/1
f 5225/5103/1 5250/5104/1 5249/5102/1
f 5224/5105/1 5250/5104/1 5225/5103/1
f 5224/5105/1 5153/5106/1 5250/5104/1
f 5223/5107/1 5153/5106/1 5224/5105/1
f 5223/5107/1 5154/5108/1 5153/5106/1
f 5222/5109/1 5154/5108/1 5223/5107/1
f 5222/5109/1 5155/5110/1 5154/5108/1
f 5221/5111/1 5155/5110/1 5222/5109/1
f 5221/5111/1 5156/5112/1 5155/5110/1
f 5220/5113/1 5156/5112/1 5221/5111/1
f 5220/5113/1 5157/5114/1 5156/5112/1
f 5219/5115/1 5157/5114/1 5220/5113/1
f 5219/5115/1 5158/5116/1 5157/5114/1
f 5218/5117/1 5158/5116/1 5219/5115/1
f 5218/5117/1 5159/5118/1 5158/5116/1
f 5217/5119/1 5159/5118/1 5218/5117/1
f 5217/5119/1 5160/5120/1 5159/5118/1
f 5216/5121/1 5160/5120/1 5217/5119/1
f 5216/5121/1 5161/5122/1 5160/5120/1
f 5215/5123/1 5161/5122/1 5216/5121/1
f 5215/5123/1 5162/5124/1 5161/5122/1
f 5214/5125/1 5162/5124/1 5215/5123/1
f 5214/5125/1 5163/5126/1 5162/5124/1
f 5213/5127/1 5163/5126/1 5214/5125/1
f 5213/5127/1 5164/5128/1 5163/5126/1
f 5212/5129/1 5164/5128/1 5213/5127/1
f 5212/5129/1 5165/5130/1 5164/5128/1
f 5211/5131/1 5165/5130/1 5212/5129/1
f 5211/5131/1 5166/5132/1 5165/5130/1
f 5210/5133/1 5166/5132/1 5211/5131/1
f 5210/5133/1 5167/5134/1 5166/5132/1
f 5209/5135/1 5167/5134/1 5210/5133/1
f 5209/5135/1 5168/5136/1 5167/5134/1
f 5208/5137/1 5168/5136/1 5209/5135/1
f 5207/5138/1 5168/5136/1 5208/5137/1
f 5207/5138/1 5169/5139/1 5168/5136/1
f 5206/5140/1 5169/5139/1 5207/5138/1
f 5206/5140/1 5170/5141/1 5169/5139/1
f 5205/5142/1 5170/5141/1 5206/5140/1
f 5205/5142/1 5171/5143/1 5170/5141/1
f 5204/5144/1 5171/5143/1 5205/5142/1
f 5203/5145/1 5171/5143/1 5204/5144/1
f 5203/5145/1 5172/5146/1 5171/5143/1
f 5202/5147/1 5172/5146/1 5203/5145/1
f 5202/5147/1 5173/5148/1 5172/5146/1
f 5201/5149/1 5173/5148/1 5202/5147/1
f 5201/5149/1 5174/5150/1 5173/5148/1
f 5200/5151/1 5174/5150/1 5201/5149/1
f 5200/5151/1 5175/5152/1 5174/5150/1
f 5199/5153/1 5175/5152/1 5200/5151/1
f 5198/5154/1 5175/5152/1 5199/5153/1
f 5198/5154/1 5176/5155/1 5175/5152/1
f 5197/5156/1 5176/5155/1 5198/5154/1
f 5197/5156/1 5177/5157/1 5176/5155/1
f 5196/5158/1 5177/5157/1 5197/5156/1
f 5195/5159/1 5177/5157/1 5196/5158/1
f 5195/5159/1 5178/5160/1 5177/5157/1
f 5194/5161/1 5178/5160/1 5195/5159/1
f 5194/5161/1 5179/5162/1 5178/5160/1
f 5193/5163/1 5179/5162/1 5194/5161/1
f 5192/5164/1 5179/5162/1 5193/5163/1
f 5192/5164/1 5180/5165/1 5179/5162/1
f 5191/5166/1 5180/5165/1 5192/5164/1
f 5190/5167/1 5180/5165/1 5191/5166/1
f 5190/5167/1 5181/5168/1 5180/5165/1
f 5189/5169/1 5181/5168/1 5190/5167/1
f 5188/5170/1 5181/5168/1 5189/5169/1
f 5188/5170/1 5182/5171/1 5181/5168/1
f 5188/5170/1 5183/5172/1 5182/5171/1
f 5188/5170/1 5184/5173/1 5183/5172/1
f 5188/5170/1 5185/5174/1 5184/5173/1
f 5188/5170/1 5186/5175/1 5185/5174/1
f 5188/5170/1 5187/5176/1 5186/5175/1
f 5138/5177/1 5140/5178/1 5139/5179/1
f 5138/5177/1 5141/5180/1 5140/5178/1
f 5138/5177/1 5142/5181/1 5141/5180/1
f 5137/5182/1 5142/5181/1 5138/5177/1
f 5137/5182/1 5143/5183/1 5142/5181/1
f 5136/5184/1 5143/5183/1 5137/5182/1
f 5136/5184/1 5144/5185/1 5143/5183/1
f 5135/5186/1 5144/5185/1 5136/5184/1
f 5135/5186/1 5145/5187/1 5144/5185/1
f 5134/5188/1 5145/5187/1 5135/5186/1
f 5134/5188/1 5146/5189/1 5145/5187/1
f 5133/5190/1 5146/5189/1 5134/5188/1
f 5133/5190/1 5147/5191/1 5146/5189/1
f 5132/5192/1 5147/5191/1 5133/5190/1
f 5132/5192/1 5148/5193/1 5147/5191/1
f 5131/5194/1 5148/5193/1 5132/5192/1
f 5131/5194/1 5149/5195/1 5148/5193/1
f 5130/5196/1 5149/5195/1 5131/5194/1
f 5130/5196/1 5150/5197/1 5149/5195/1
f 5129/5198/1 5150/5197/1 5130/5196/1
f 5129/5198/1 5151/5199/1 5150/5197/1
f 5128/5200/1 5151/5199/1 5129/5198/1
f 5128/5200/1 5152/5201/1 5151/5199/1
f 5127/5202/1 5152/5201/1 5128/5200/1
f 5126/5203/1 5152/5201/1 5127/5202/1
f 5126/5203/1 5079/5204/1 5152/5201/1
f 5125/5205/1 5079/5204/1 5126/5203/1
f 5125/5205/1 5080/5206/1 5079/5204/1
f 5124/5207/1 5080/5206/1 5125/5205/1
f 5124/5207/1 5081/5208/1 5080/5206/1
f 5123/5209/1 5081/5208/1 5124/5207/1
f 5123/5209/1 5082/5210/1 5081/5208/1
f 5122/5211/1 5082/5210/1 5123/5209/1
f 5122/5211/1 5083/5212/1 5082/5210/1
f 5121/5213/1 5083/5212/1 5122/5211/1
f 5121/5213/1 5084/5214/1 5083/5212/1
f 5120/5215/1 5084/5214/1 5121/5213/1
f 5120/5215/1 5085/5216/1 5084/5214/1
f 5119/5217/1 5085/5216/1 5120/5215/1
f 5119/5217/1 5086/5218/1 5085/5216/1
f 5118/5219/1 5086/5218/1 5119/5217/1
f 5118/5219/1 5087/5220/1 5086/5218/1
f 5117/5221/1 5087/5220/1 5118/5219/1
f 5117/5221/1 5088/5222/1 5087/5220/1
f 5116/5223/1 5088/5222/1 5117/5221/1
f 5116/5223/1 5089/5224/1 5088/5222/1
f 5115/5225/1 5089/5224/1 5116/5223/1
f 5115/5225/1 5090/5226/1 5089/5224/1
f 5114/5227/1 5090/5226/1 5115/5225/1
f 5114/5227/1 5091/5228/1 5090/5226/1
f 5114/5227/1 5092/5229/1 5091/5228/1
f 5113/5230/1 5092/5229/1 5114/5227/1
f 5113/5230/1 5093/5231/1 5092/5229/1
f 5112/5232/1 5093/5231/1 5113/5230/1
f 5112/5232/1 5094/5233/1 5093/5231/1
f 5111/5234/1 5094/5233/1 5112/5232/1
f 5111/5234/1 5095/5235/1 5094/5233/1
f 5110/5236/1 5095/5235/1 5111/5234/1
f 5110/5236/1 5096/5237/1 5095/5235/1
f 5109/5238/1 5096/5237/1 5110/5236/1
f 5109/5238/1 5097/5239/1 5096/5237/1
f 5108/5240/1 5097/5239/1 5109/5238/1
f 5108/5240/1 5098/5241/1 5097/5239/1
f 5107/5242/1 5098/5241/1 5108/5240/1
f 5107/5242/1 5099/5243/1 5098/5241/1
f 5106/5244/1 5099/5243/1 5107/5242/1
f 5106/5244/1 5100/5245/1 5099/5243/1
f 5105/5246/1 5100/5245/1 5106/5244/1
f 5105/5246/1 5101/5247/1 5100/5245/1
f 5104/5248/1 5101/5247/1 5105/5246/1
f 5104/5248/1 5102/5249/1 5101/5247/1
f 5103/5250/1 5102/5249/1 5104/5248/1
f 5261/5251/1 5263/5252/1 5262/5253/1
f 5261/5251/1 5264/5254/1 5263/5252/1
f 5261/5251/1 5265/5255/1 5264/5254/1
f 5260/5256/1 5265/5255/1 5261/5251/1
f 5260/5256/1 5266/5257/1 5265/5255/1
f 5259/5258/1 5266/5257/1 5260/5256/1
f 5259/5258/1 5267/5259/1 5266/5257/1
f 5258/5260/1 5267/5259/1 5259/5258/1
f 5258/5260/1 5268/5261/1 5267/5259/1
f 5257/5262/1 5268/5261/1 5258/5260/1
f 5257/5262/1 5269/5263/1 5268/5261/1
f 5256/5264/1 5269/5263/1 5257/5262/1
f 5256/5264/1 5270/5265/1 5269/5263/1
f 5255/5266/1 5270/5265/1 5256/5264/1
f 5255/5266/1 5271/5267/1 5270/5265/1
f 5254/5268/1 5271/5267/1 5255/5266/1
f 5254/5268/1 5272/5269/1 5271/5267/1
f 5253/5270/1 5272/5269/1 5254/5268/1
f 5253/5270/1 5273/5271/1 5272/5269/1
f 5252/5272/1 5273/5271/1 5253/5270/1
f 5252/5272/1 5274/5273/1 5273/5271/1
f 5251/5274/1 5274/5273/1 5252/5272/1
f 5251/5274/1 5275/5275/1 5274/5273/1
f 5339/5276/1 5275/5275/1 5251/5274/1
f 5338/5277/1 5275/5275/1 5339/5276/1
f 5338/5277/1 5276/5278/1 5275/5275/1
f 5337/5279/1 5276/5278/1 5338/5277/1
f 5336/5280/1 5276/5278/1 5337/5279/1
f 5335/5281/1 5276/5278/1 5336/5280/1
f 5335/5281/1 5277/5282/1 5276/5278/1
f 5335/5281/1 5278/5283/1 5277/5282/1
f 5334/5284/1 5278/5283/1 5335/5281/1
f 5334/5284/1 5279/5285/1 5278/5283/1
f 5334/5284/1 5280/5286/1 5279/5285/1
f 5334/5284/1 5281/5287/1 5280/5286/1
f 5334/5284/1 5282/5288/1 5281/5287/1
f 5333/5289/1 5301/5290/1 5334/5284/1
f 5301/5290/1 5282/5288/1 5334/5284/1
f 5301/5290/1 5283/5291/1 5282/5288/1
f 5333/5289/1 5302/5292/1 5301/5290/1
f 5300/5293/1 5283/5291/1 5301/5290/1
f 5300/5293/1 5284/5294/1 5283/5291/1
f 5299/5295/1 5284/5294/1 5300/5293/1
f 5299/5295/1 5285/5296/1 5284/5294/1
f 5298/5297/1 5285/5296/1 5299/5295/1
f 5297/5298/1 5285/5296/1 5298/5297/1
f 5297/5298/1 5286/5299/1 5285/5296/1
f 5296/5300/1 5286/5299/1 5297/5298/1
f 5296/5300/1 5287/5301/1 5286/5299/1
f 5332/5302/1 5302/5292/1 5333/5289/1
f 5295/5303/1 5287/5301/1 5296/5300/1
f 5295/5303/1 5288/5304/1 5287/5301/1
f 5294/5305/1 5288/5304/1 5295/5303/1
f 5294/5305/1 5293/5306/1 5288/5304/1
f 5293/5306/1 5292/5307/1 5288/5304/1
f 5292/5307/1 5291/5308/1 5288/5304/1
f 5291/5308/1 5290/5309/1 5288/5304/1
f 5290/5309/1 5289/5310/1 5288/5304/1
f 5331/5311/1 5302/5292/1 5332/5302/1
f 5330/5312/1 5302/5292/1 5331/5311/1
f 5329/5313/1 5302/5292/1 5330/5312/1
f 5328/5314/1 5302/5292/1 5329/5313/1
f 5327/5315/1 5302/5292/1 5328/5314/1
f 5326/5316/1 5302/5292/1 5327/5315/1
f 5326/5316/1 5303/5317/1 5302/5292/1
f 5326/5316/1 5304/5318/1 5303/5317/1
f 5325/5319/1 5304/5318/1 5326/5316/1
f 5325/5319/1 5305/5320/1 5304/5318/1
f 5324/5321/1 5305/5320/1 5325/5319/1
f 5324/5321/1 5306/5322/1 5305/5320/1
f 5323/5323/1 5306/5322/1 5324/5321/1
f 5323/5323/1 5307/5324/1 5306/5322/1
f 5322/5325/1 5307/5324/1 5323/5323/1
f 5322/5325/1 5308/5326/1 5307/5324/1
f 5321/5327/1 5308/5326/1 5322/5325/1
f 5321/5327/1 5309/5328/1 5308/5326/1
f 5320/5329/1 5309/5328/1 5321/5327/1
f 5320/5329/1 5310/5330/1 5309/5328/1
f 5319/5331/1 5310/5330/1 5320/5329/1
f 5319/5331/1 5311/5332/1 5310/5330/1
f 5318/5333/1 5311/5332/1 5319/5331/1
f 5318/5333/1 5312/5334/1 5311/5332/1
f 5317/5335/1 5312/5334/1 5318/5333/1
f 5317/5335/1 5313/5336/1 5312/5334/1
f 5316/5337/1 5313/5336/1 5317/5335/1
f 5316/5337/1 5314/5338/1 5313/5336/1
f 5315/5339/1 5314/5338/1 5316/5337/1
f 5400/5340/1 5402/5341/1 5401/5342/1
f 5362/5343/1 5364/5344/1 5363/5345/1
f 5400/5340/1 5403/5346/1 5402/5341/1
f 5361/5347/1 5364/5344/1 5362/5343/1
f 5400/5340/1 5404/5348/1 5403/5346/1
f 5360/5349/1 5364/5344/1 5361/5347/1
f 5400/5340/1 5405/5350/1 5404/5348/1
f 5359/5351/1 5364/5344/1 5360/5349/1
f 5400/5340/1 5406/5352/1 5405/5350/1
f 5358/5353/1 5364/5344/1 5359/5351/1
f 5400/5340/1 5407/5354/1 5406/5352/1
f 5357/5355/1 5364/5344/1 5358/5353/1
f 5400/5340/1 5408/5356/1 5407/5354/1
f 5356/5357/1 5364/5344/1 5357/5355/1
f 5400/5340/1 5409/5358/1 5408/5356/1
f 5355/5359/1 5364/5344/1 5356/5357/1
f 5400/5340/1 5410/5360/1 5409/5358/1
f 5354/5361/1 5364/5344/1 5355/5359/1
f 5400/5340/1 5411/5362/1 5410/5360/1
f 5353/5363/1 5364/5344/1 5354/5361/1
f 5400/5340/1 5412/5364/1 5411/5362/1
f 5352/5365/1 5364/5344/1 5353/5363/1
f 5400/5340/1 5413/5366/1 5412/5364/1
f 5351/5367/1 5364/5344/1 5352/5365/1
f 5400/5340/1 5340/5368/1 5413/5366/1
f 5400/5340/1 5341/5369/1 5340/5368/1
f 5400/5340/1 5342/5370/1 5341/5369/1
f 5400/5340/1 5343/5371/1 5342/5370/1
f 5400/5340/1 5344/5372/1 5343/5371/1
f 5400/5340/1 5345/5373/1 5344/5372/1
f 5400/5340/1 5346/5374/1 5345/5373/1
f 5400/5340/1 5347/5375/1 5346/5374/1
f 5400/5340/1 5348/5376/1 5347/5375/1
f 5400/5340/1 5349/5377/1 5348/5376/1
f 5400/5340/1 5350/5378/1 5349/5377/1
f 5400/5340/1 5351/5367/1 5350/5378/1
f 5400/5340/1 5399/5379/1 5351/5367/1
f 5399/5379/1 5398/5380/1 5351/5367/1
f 5398/5380/1 5397/5381/1 5351/5367/1
f 5397/5381/1 5396/5382/1 5351/5367/1
f 5396/5382/1 5395/5383/1 5351/5367/1
f 5395/5383/1 5394/5384/1 5351/5367/1
f 5394/5384/1 5393/5385/1 5351/5367/1
f 5393/5385/1 5392/5386/1 5351/5367/1
f 5392/5386/1 5391/5387/1 5351/5367/1
f 5391/5387/1 5390/5388/1 5351/5367/1
f 5390/5388/1 5389/5389/1 5351/5367/1
f 5389/5389/1 5388/5390/1 5351/5367/1
f 5388/5390/1 5387/5391/1 5351/5367/1
f 5387/5391/1 5386/5392/1 5351/5367/1
f 5386/5392/1 5385/5393/1 5351/5367/1
f 5385/5393/1 5383/5394/1 5351/5367/1
f 5383/5394/1 5380/5395/1 5351/5367/1
f 5380/5395/1 5377/5396/1 5351/5367/1
f 5377/5396/1 5376/5397/1 5351/5367/1
f 5376/5397/1 5375/5398/1 5351/5367/1
f 5375/5398/1 5374/5399/1 5351/5367/1
f 5374/5399/1 5373/5400/1 5351/5367/1
f 5373/5400/1 5372/5401/1 5351/5367/1
f 5372/5401/1 5371/5402/1 5351/5367/1
f 5371/5402/1 5370/5403/1 5351/5367/1
f 5370/5403/1 5369/5404/1 5351/5367/1
f 5369/5404/1 5364/5344/1 5351/5367/1
f 5384/5405/1 5383/5394/1 5385/5393/1
f 5382/5406/1 5380/5395/1 5383/5394/1
f 5381/5407/1 5380/5395/1 5382/5406/1
f 5379/5408/4 5377/5396/4 5380/5395/4
f 5378/5409/1 5377/5396/1 5379/5408/1
f 5368/5410/1 5364/5344/1 5369/5404/1
f 5367/5411/1 5364/5344/1 5368/5410/1
f 5366/5412/1 5364/5344/1 5367/5411/1
f 5365/5413/1 5364/5344/1 5366/5412/1
f 5486/5414/1 5488/5415/1 5487/5416/1
f 5485/5417/1 5488/5415/1 5486/5414/1
f 5450/5418/1 5452/5419/1 5451/5420/1
f 5450/5418/1 5453/5421/1 5452/5419/1
f 5484/5422/1 5488/5415/1 5485/5417/1
f 5450/5418/1 5454/5423/1 5453/5421/1
f 5483/5424/1 5488/5415/1 5484/5422/1
f 5450/5418/1 5455/5425/1 5454/5423/1
f 5482/5426/1 5488/5415/1 5483/5424/1
f 5450/5418/1 5456/5427/1 5455/5425/1
f 5481/5428/1 5488/5415/1 5482/5426/1
f 5450/5418/1 5457/5429/1 5456/5427/1
f 5480/5430/1 5488/5415/1 5481/5428/1
f 5450/5418/1 5458/5431/1 5457/5429/1
f 5479/5432/1 5488/5415/1 5480/5430/1
f 5450/5418/1 5459/5433/1 5458/5431/1
f 5478/5434/1 5488/5415/1 5479/5432/1
f 5450/5418/1 5460/5435/1 5459/5433/1
f 5477/5436/1 5488/5415/1 5478/5434/1
f 5450/5418/1 5461/5437/1 5460/5435/1
f 5476/5438/1 5488/5415/1 5477/5436/1
f 5450/5418/1 5462/5439/1 5461/5437/1
f 5475/5440/1 5488/5415/1 5476/5438/1
f 5450/5418/1 5463/5441/1 5462/5439/1
f 5450/5418/1 5464/5442/1 5463/5441/1
f 5450/5418/1 5465/5443/1 5464/5442/1
f 5450/5418/1 5466/5444/1 5465/5443/1
f 5450/5418/1 5467/5445/1 5466/5444/1
f 5450/5418/1 5468/5446/1 5467/5445/1
f 5450/5418/1 5469/5447/1 5468/5446/1
f 5450/5418/1 5470/5448/1 5469/5447/1
f 5450/5418/1 5471/5449/1 5470/5448/1
f 5450/5418/1 5472/5450/1 5471/5449/1
f 5450/5418/1 5473/5451/1 5472/5450/1
f 5450/5418/1 5474/5452/1 5473/5451/1
f 5450/5418/1 5475/5440/1 5474/5452/1
f 5450/5418/1 5488/5415/1 5475/5440/1
f 5450/5418/1 5489/5453/1 5488/5415/1
f 5450/5418/1 5490/5454/1 5489/5453/1
f 5450/5418/1 5491/5455/1 5490/5454/1
f 5450/5418/1 5492/5456/1 5491/5455/1
f 5450/5418/1 5493/5457/1 5492/5456/1
f 5450/5418/1 5494/5458/1 5493/5457/1
f 5450/5418/1 5495/5459/1 5494/5458/1
f 5450/5418/1 5496/5460/1 5495/5459/1
f 5450/5418/1 5497/5461/1 5496/5460/1
f 5450/5418/1 5498/5462/1 5497/5461/1
f 5450/5418/1 5499/5463/1 5498/5462/1
f 5450/5418/1 5500/5464/1 5499/5463/1
f 5450/5418/1 5444/5465/1 5500/5464/1
f 5444/5465/1 5443/5466/1 5500/5464/1
f 5443/5466/1 5442/5467/1 5500/5464/1
f 5442/5467/1 5441/5468/1 5500/5464/1
f 5441/5468/1 5440/5469/1 5500/5464/1
f 5440/5469/1 5439/5470/1 5500/5464/1
f 5439/5470/1 5501/5471/1 5500/5464/1
f 5439/5470/1 5438/5472/1 5501/5471/1
f 5438/5472/1 5437/5473/1 5501/5471/1
f 5437/5473/1 5436/5474/1 5501/5471/1
f 5436/5474/1 5435/5475/1 5501/5471/1
f 5435/5475/1 5434/5476/1 5501/5471/1
f 5434/5476/1 5433/5477/1 5501/5471/1
f 5433/5477/1 5432/5478/1 5501/5471/1
f 5432/5478/1 5431/5479/1 5501/5471/1
f 5431/5479/1 5430/5480/1 5501/5471/1
f 5430/5480/1 5429/5481/1 5501/5471/1
f 5429/5481/1 5428/5482/1 5501/5471/1
f 5428/5482/1 5427/5483/1 5501/5471/1
f 5427/5483/1 5426/5484/1 5501/5471/1
f 5426/5484/1 5502/5485/1 5501/5471/1
f 5425/5486/1 5502/5485/1 5426/5484/1
f 5450/5418/1039 5445/5487/1039 5444/5465/1039
f 5450/5418/1 5446/5488/1 5445/5487/1
f 5450/5418/1 5447/5489/1 5446/5488/1
f 5450/5418/1 5448/5490/1 5447/5489/1
f 5450/5418/1 5449/5491/1 5448/5490/1
f 5424/5492/1 5502/5485/1 5425/5486/1
f 5424/5492/1 5503/5493/1 5502/5485/1
f 5423/5494/1 5503/5493/1 5424/5492/1
f 5423/5494/1 5504/5495/1 5503/5493/1
f 5422/5496/1 5504/5495/1 5423/5494/1
f 5422/5496/1 5505/5497/1 5504/5495/1
f 5421/5498/1 5505/5497/1 5422/5496/1
f 5421/5498/1 5506/5499/1 5505/5497/1
f 5420/5500/1 5506/5499/1 5421/5498/1
f 5420/5500/1 5507/5501/1 5506/5499/1
f 5419/5502/1 5507/5501/1 5420/5500/1
f 5419/5502/1 5508/5503/1 5507/5501/1
f 5418/5504/1 5508/5503/1 5419/5502/1
f 5418/5504/1 5509/5505/1 5508/5503/1
f 5417/5506/1 5509/5505/1 5418/5504/1
f 5417/5506/1 5510/5507/1 5509/5505/1
f 5416/5508/1 5510/5507/1 5417/5506/1
f 5416/5508/1 5511/5509/1 5510/5507/1
f 5415/5510/1 5511/5509/1 5416/5508/1
f 5415/5510/1 5512/5511/1 5511/5509/1
f 5414/5512/1 5512/5511/1 5415/5510/1
f 5562/5513/1 5564/5514/1 5563/5515/1
f 5562/5513/1 5565/5516/1 5564/5514/1
f 5562/5513/1 5566/5517/1 5565/5516/1
f 5524/5518/1 5526/5519/1 5525/5520/1
f 5562/5513/1 5567/5521/1 5566/5517/1
f 5523/5522/1 5526/5519/1 5524/5518/1
f 5522/5523/1 5526/5519/1 5523/5522/1
f 5562/5513/1 5568/5524/1 5567/5521/1
f 5521/5525/1 5526/5519/1 5522/5523/1
f 5562/5513/1 5569/5526/1 5568/5524/1
f 5520/5527/1 5526/5519/1 5521/5525/1
f 5562/5513/1 5570/5528/1 5569/5526/1
f 5519/5529/1 5526/5519/1 5520/5527/1
f 5562/5513/1 5571/5530/1 5570/5528/1
f 5518/5531/1 5526/5519/1 5519/5529/1
f 5562/5513/1 5572/5532/1 5571/5530/1
f 5517/5533/1 5526/5519/1 5518/5531/1
f 5562/5513/1 5573/5534/1 5572/5532/1
f 5516/5535/1 5526/5519/1 5517/5533/1
f 5515/5536/1 5526/5519/1 5516/5535/1
f 5562/5513/1 5574/5537/1 5573/5534/1
f 5514/5538/1 5526/5519/1 5515/5536/1
f 5562/5513/1 5575/5539/1 5574/5537/1
f 5513/5540/1 5526/5519/1 5514/5538/1
f 5562/5513/1 5414/5512/1 5575/5539/1
f 5562/5513/1 5512/5511/1 5414/5512/1
f 5562/5513/1 5513/5540/1 5512/5511/1
f 5562/5513/1 5561/5541/1 5513/5540/1
f 5561/5541/1 5560/5542/1 5513/5540/1
f 5560/5542/1 5559/5543/1 5513/5540/1
f 5559/5543/1 5558/5544/1 5513/5540/1
f 5558/5544/1 5557/5545/1 5513/5540/1
f 5557/5545/1 5556/5546/1 5513/5540/1
f 5556/5546/1 5555/5547/1 5513/5540/1
f 5555/5547/1 5554/5548/1 5513/5540/1
f 5554/5548/1 5553/5549/1 5513/5540/1
f 5553/5549/1 5552/5550/1 5513/5540/1
f 5552/5550/1 5551/5551/1 5513/5540/1
f 5551/5551/1 5550/5552/1 5513/5540/1
f 5550/5552/1 5549/5553/1 5513/5540/1
f 5549/5553/1 5548/5554/1 5513/5540/1
f 5548/5554/1 5545/5555/1 5513/5540/1
f 5545/5555/1 5543/5556/1 5513/5540/1
f 5543/5556/1 5542/5557/1 5513/5540/1
f 5542/5557/1 5540/5558/1 5513/5540/1
f 5540/5558/1 5538/5559/1 5513/5540/1
f 5538/5559/1 5537/5560/1 5513/5540/1
f 5537/5560/1 5536/5561/1 5513/5540/1
f 5536/5561/1 5535/5562/1 5513/5540/1
f 5535/5562/1 5534/5563/1 5513/5540/1
f 5534/5563/1 5533/5564/1 5513/5540/1
f 5533/5564/1 5532/5565/1 5513/5540/1
f 5532/5565/1 5531/5566/1 5513/5540/1
f 5531/5566/1 5530/5567/1 5513/5540/1
f 5530/5567/1 5529/5568/1 5513/5540/1
f 5529/5568/1 5528/5569/1 5513/5540/1
f 5528/5569/1 5527/5570/1 5513/5540/1
f 5527/5570/1 5526/5519/1 5513/5540/1
f 5547/5571/1 5545/5555/1 5548/5554/1
f 5546/5572/1 5545/5555/1 5547/5571/1
f 5544/5573/1 5543/5556/1 5545/5555/1
f 5541/5574/1 5540/5558/1 5542/5557/1
f 5539/5575/1 5538/5559/1 5540/5558/1
f 5613/5576/1 5615/5577/1 5614/5578/1
f 5612/5579/1 5615/5577/1 5613/5576/1
f 5611/5580/1 5615/5577/1 5612/5579/1
f 5610/5581/1 5615/5577/1 5611/5580/1
f 5609/5582/1 5615/5577/1 5610/5581/1
f 5608/5583/1 5615/5577/1 5609/5582/1
f 5607/5584/1 5615/5577/1 5608/5583/1
f 5606/5585/1 5615/5577/1 5607/5584/1
f 5605/5586/1 5615/5577/1 5606/5585/1
f 5604/5587/1 5615/5577/1 5605/5586/1
f 5603/5588/1 5615/5577/1 5604/5587/1
f 5602/5589/1 5615/5577/1 5603/5588/1
f 5601/5590/1 5615/5577/1 5602/5589/1
f 5600/5591/1 5615/5577/1 5601/5590/1
f 5599/5592/1 5615/5577/1 5600/5591/1
f 5598/5593/1 5615/5577/1 5599/5592/1
f 5597/5594/1 5615/5577/1 5598/5593/1
f 5597/5594/1 5616/5595/1 5615/5577/1
f 5597/5594/1 5617/5596/1 5616/5595/1
f 5596/5597/1 5617/5596/1 5597/5594/1
f 5595/5598/1 5617/5596/1 5596/5597/1
f 5595/5598/1 5618/5599/1 5617/5596/1
f 5594/5600/1 5618/5599/1 5595/5598/1
f 5589/5601/1 5591/5602/1 5590/5603/1
f 5594/5600/1 5619/5604/1 5618/5599/1
f 5593/5605/1 5619/5604/1 5594/5600/1
f 5589/5601/1 5592/5606/1 5591/5602/1
f 5592/5606/1 5619/5604/1 5593/5605/1
f 5589/5601/1 5619/5604/1 5592/5606/1
f 5589/5601/1 5620/5607/1 5619/5604/1
f 5589/5601/1 5621/5608/1 5620/5607/1
f 5589/5601/1 5622/5609/1 5621/5608/1
f 5589/5601/1 5623/5610/1 5622/5609/1
f 5589/5601/1 5624/5611/1 5623/5610/1
f 5589/5601/1 5625/5612/1 5624/5611/1
f 5589/5601/1 5626/5613/1 5625/5612/1
f 5589/5601/1 5627/5614/1 5626/5613/1
f 5589/5601/1 5628/5615/1 5627/5614/1
f 5589/5601/1 5629/5616/1 5628/5615/1
f 5589/5601/1 5630/5617/1 5629/5616/1
f 5589/5601/1 5631/5618/1 5630/5617/1
f 5589/5601/1 5632/5619/1 5631/5618/1
f 5589/5601/1 5633/5620/1 5632/5619/1
f 5589/5601/1 5634/5621/1 5633/5620/1
f 5589/5601/1 5635/5622/1 5634/5621/1
f 5589/5601/1 5636/5623/1 5635/5622/1
f 5589/5601/1 5637/5624/1 5636/5623/1
f 5589/5601/1 5638/5625/1 5637/5624/1
f 5589/5601/1 5639/5626/1 5638/5625/1
f 5589/5601/1 5577/5627/1 5639/5626/1
f 5577/5627/1 5640/5628/1 5639/5626/1
f 5589/5601/1 5578/5629/1 5577/5627/1
f 5576/5630/1 5640/5628/1 5577/5627/1
f 5589/5601/1 5579/5631/1 5578/5629/1
f 5589/5601/1 5580/5632/1 5579/5631/1
f 5589/5601/1 5581/5633/1 5580/5632/1
f 5589/5601/1 5582/5634/1 5581/5633/1
f 5589/5601/1 5583/5635/1 5582/5634/1
f 5589/5601/1 5584/5636/1 5583/5635/1
f 5589/5601/1 5585/5637/1 5584/5636/1
f 5589/5601/1 5586/5638/1 5585/5637/1
f 5589/5601/1 5587/5639/1 5586/5638/1
f 5589/5601/1 5588/5640/1 5587/5639/1
f 5705/5641/1 5707/5642/1 5706/5643/1
f 5652/5644/1 5654/5645/1 5653/5646/1
f 5651/5647/1 5654/5645/1 5652/5644/1
f 5705/5641/1 5708/5648/1 5707/5642/1
f 5650/5649/1 5654/5645/1 5651/5647/1
f 5705/5641/1 5709/5650/1 5708/5648/1
f 5649/5651/1 5654/5645/1 5650/5649/1
f 5705/5641/1 5710/5652/1 5709/5650/1
f 5648/5653/1 5654/5645/1 5649/5651/1
f 5705/5641/1 5711/5654/1 5710/5652/1
f 5647/5655/1 5654/5645/1 5648/5653/1
f 5705/5641/1 5712/5656/1 5711/5654/1
f 5646/5657/1 5654/5645/1 5647/5655/1
f 5705/5641/1 5713/5658/1 5712/5656/1
f 5645/5659/1 5654/5645/1 5646/5657/1
f 5705/5641/1 5714/5660/1 5713/5658/1
f 5644/5661/1 5654/5645/1 5645/5659/1
f 5705/5641/1 5715/5662/1 5714/5660/1
f 5643/5663/1 5654/5645/1 5644/5661/1
f 5705/5641/1 5716/5664/1 5715/5662/1
f 5642/5665/1 5654/5645/1 5643/5663/1
f 5705/5641/1 5717/5666/1 5716/5664/1
f 5641/5667/1 5654/5645/1 5642/5665/1
f 5705/5641/1 5718/5668/1 5717/5666/1
f 5705/5641/1 5576/5630/1 5718/5668/1
f 5705/5641/1 5640/5628/1 5576/5630/1
f 5705/5641/1 5641/5667/1 5640/5628/1
f 5705/5641/1 5704/5669/1 5641/5667/1
f 5704/5669/1 5703/5670/1 5641/5667/1
f 5703/5670/1 5702/5671/1 5641/5667/1
f 5702/5671/1 5701/5672/1 5641/5667/1
f 5701/5672/1 5700/5673/1 5641/5667/1
f 5700/5673/1 5699/5674/1 5641/5667/1
f 5699/5674/1 5698/5675/1 5641/5667/1
f 5698/5675/1 5697/5676/1 5641/5667/1
f 5697/5676/1 5696/5677/1 5641/5667/1
f 5696/5677/1 5695/5678/1 5641/5667/1
f 5695/5678/1 5694/5679/1 5641/5667/1
f 5694/5679/1 5693/5680/1 5641/5667/1
f 5693/5680/1 5692/5681/1 5641/5667/1
f 5692/5681/1 5667/5682/1 5641/5667/1
f 5667/5682/1 5666/5683/1 5641/5667/1
f 5666/5683/1 5665/5684/1 5641/5667/1
f 5665/5684/1 5664/5685/1 5641/5667/1
f 5664/5685/1 5663/5686/1 5641/5667/1
f 5663/5686/1 5662/5687/1 5641/5667/1
f 5662/5687/1 5661/5688/1 5641/5667/1
f 5661/5688/1 5660/5689/1 5641/5667/1
f 5660/5689/1 5659/5690/1 5641/5667/1
f 5659/5690/1 5658/5691/1 5641/5667/1
f 5658/5691/1 5657/5692/1 5641/5667/1
f 5657/5692/1 5656/5693/1 5641/5667/1
f 5656/5693/1 5655/5694/1 5641/5667/1
f 5655/5694/1 5654/5645/1 5641/5667/1
f 5691/5695/1 5667/5682/1 5692/5681/1
f 5691/5695/1 5668/5696/1 5667/5682/1
f 5690/5697/1 5668/5696/1 5691/5695/1
f 5690/5697/1 5669/5698/1 5668/5696/1
f 5689/5699/1 5669/5698/1 5690/5697/1
f 5689/5699/1 5670/5700/1 5669/5698/1
f 5688/5701/1 5670/5700/1 5689/5699/1
f 5688/5701/1 5671/5702/1 5670/5700/1
f 5687/5703/1 5671/5702/1 5688/5701/1
f 5687/5703/1 5672/5704/1 5671/5702/1
f 5686/5705/1 5672/5704/1 5687/5703/1
f 5686/5705/1 5673/5706/1 5672/5704/1
f 5685/5707/1 5673/5706/1 5686/5705/1
f 5685/5707/1 5674/5708/1 5673/5706/1
f 5684/5709/1 5674/5708/1 5685/5707/1
f 5684/5709/1 5675/5710/1 5674/5708/1
f 5683/5711/1 5675/5710/1 5684/5709/1
f 5682/5712/1 5675/5710/1 5683/5711/1
f 5682/5712/1 5676/5713/1 5675/5710/1
f 5681/5714/1 5676/5713/1 5682/5712/1
f 5681/5714/1 5677/5715/1 5676/5713/1
f 5680/5716/1 5677/5715/1 5681/5714/1
f 5679/5717/1 5677/5715/1 5680/5716/1
f 5679/5717/1 5678/5718/1 5677/5715/1
f 5723/5719/1 5725/5720/1 5724/5721/1
f 5723/5719/1 5726/5722/1 5725/5720/1
f 5722/5723/1 5726/5722/1 5723/5719/1
f 5721/5724/1 5719/5725/1 5722/5723/1
f 5719/5725/1 5726/5722/1 5722/5723/1
f 5721/5724/1 5720/5726/1 5719/5725/1
f 5823/5727/4 5824/5728/4 5825/5729/4
f 5823/5727/4 5825/5729/4 5826/5730/4
f 5822/5731/4 5823/5727/4 5826/5730/4
f 5822/5731/4 5826/5730/4 5827/5732/4
f 5821/5733/4 5822/5731/4 5827/5732/4
f 5821/5733/4 5827/5732/4 5828/5734/4
f 5820/5735/4 5821/5733/4 5828/5734/4
f 5820/5735/4 5828/5734/4 5829/5736/4
f 5819/5737/4 5820/5735/4 5829/5736/4
f 5819/5737/4 5829/5736/4 5830/5738/4
f 5818/5739/4 5819/5737/4 5830/5738/4
f 5818/5739/4 5830/5738/4 5831/5740/4
f 5817/5741/4 5818/5739/4 5831/5740/4
f 5817/5741/4 5831/5740/4 5832/5742/4
f 5816/5743/4 5817/5741/4 5832/5742/4
f 5816/5743/4 5832/5742/4 5833/5744/4
f 5815/5745/4 5816/5743/4 5833/5744/4
f 5815/5745/4 5833/5744/4 5834/5746/4
f 5814/5747/4 5815/5745/4 5834/5746/4
f 5814/5747/4 5834/5746/4 5835/5748/4
f 5813/5749/4 5814/5747/4 5835/5748/4
f 5813/5749/4 5835/5748/4 5836/5750/4
f 5812/5751/4 5813/5749/4 5836/5750/4
f 5812/5751/4 5836/5750/4 5837/5752/4
f 5811/5753/4 5812/5751/4 5837/5752/4
f 5811/5753/4 5837/5752/4 5838/5754/4
f 5811/5753/4 5838/5754/4 5839/5755/4
f 5810/5756/4 5811/5753/4 5839/5755/4
f 5810/5756/4 5839/5755/4 5840/5757/4
f 5809/5758/4 5810/5756/4 5840/5757/4
f 5809/5758/4 5840/5757/4 5841/5759/4
f 5808/5760/4 5809/5758/4 5841/5759/4
f 5808/5760/4 5841/5759/4 5842/5761/4
f 5807/5762/4 5808/5760/4 5842/5761/4
f 5807/5762/4 5842/5761/4 5843/5763/4
f 5806/5764/4 5807/5762/4 5843/5763/4
f 5806/5764/4 5843/5763/4 5844/5765/4
f 5805/5766/4 5806/5764/4 5844/5765/4
f 5860/5767/4 5861/5768/4 5862/5769/4
f 5859/5770/4 5860/5767/4 5862/5769/4
f 5805/5766/4 5844/5765/4 5845/5771/4
f 5804/5772/4 5805/5766/4 5845/5771/4
f 5858/5773/4 5859/5770/4 5862/5769/4
f 5858/5773/4 5862/5769/4 5863/5774/4
f 5857/5775/4 5858/5773/4 5863/5774/4
f 5804/5772/4 5845/5771/4 5846/5776/4
f 5857/5775/4 5863/5774/4 5864/5777/4
f 5856/5778/4 5857/5775/4 5864/5777/4
f 5803/5779/4 5804/5772/4 5846/5776/4
f 5856/5778/4 5864/5777/4 5865/5780/4
f 5855/5781/4 5856/5778/4 5865/5780/4
f 5854/5782/4 5855/5781/4 5865/5780/4
f 5803/5779/4 5846/5776/4 5847/5783/4
f 5854/5782/4 5865/5780/4 5866/5784/4
f 5802/5785/4 5803/5779/4 5847/5783/4
f 5853/5786/4 5854/5782/4 5866/5784/4
f 5853/5786/4 5866/5784/4 5867/5787/4
f 5852/5788/4 5853/5786/4 5867/5787/4
f 5802/5785/4 5847/5783/4 5848/5789/4
f 5852/5788/4 5867/5787/4 5868/5790/4
f 5851/5791/4 5852/5788/4 5868/5790/4
f 5801/5792/4 5802/5785/4 5848/5789/4
f 5850/5793/4 5851/5791/4 5868/5790/4
f 5850/5793/4 5868/5790/4 5869/5794/4
f 5801/5792/4 5848/5789/4 5849/5795/4
f 5849/5795/4 5850/5793/4 5869/5794/4
f 5801/5792/4 5849/5795/4 5869/5794/4
f 5899/5796/4 5801/5792/4 5869/5794/4
f 5899/5796/4 5869/5794/4 5870/5797/4
f 5898/5798/4 5899/5796/4 5870/5797/4
f 5897/5799/4 5898/5798/4 5870/5797/4
f 5897/5799/4 5870/5797/4 5871/5800/4
f 5896/5801/4 5897/5799/4 5871/5800/4
f 5895/5802/4 5896/5801/4 5871/5800/4
f 5894/5803/4 5895/5802/4 5871/5800/4
f 5893/5804/4 5894/5803/4 5871/5800/4
f 5893/5804/4 5871/5800/4 5872/5805/4
f 5892/5806/4 5893/5804/4 5872/5805/4
f 5891/5807/4 5892/5806/4 5872/5805/4
f 5890/5808/4 5891/5807/4 5872/5805/4
f 5889/5809/4 5890/5808/4 5872/5805/4
f 5889/5809/4 5872/5805/4 5873/5810/4
f 5888/5811/4 5889/5809/4 5873/5810/4
f 5887/5812/4 5888/5811/4 5873/5810/4
f 5886/5813/4 5887/5812/4 5885/5814/4
f 5885/5814/4 5887/5812/4 5884/5815/4
f 5884/5815/4 5887/5812/4 5883/5816/4
f 5883/5816/4 5887/5812/4 5882/5817/4
f 5882/5817/4 5887/5812/4 5881/5818/4
f 5881/5818/4 5887/5812/4 5880/5819/4
f 5880/5819/4 5887/5812/4 5879/5820/4
f 5879/5820/4 5887/5812/4 5878/5821/4
f 5878/5821/4 5887/5812/4 5877/5822/4
f 5877/5822/4 5887/5812/4 5876/5823/4
f 5876/5823/4 5887/5812/4 5875/5824/4
f 5875/5824/4 5887/5812/4 5874/5825/4
f 5874/5825/4 5887/5812/4 5873/5810/4
f 5749/5826/4 5750/5827/4 5751/5828/4
f 5749/5826/4 5751/5828/4 5752/5829/4
f 5749/5826/4 5752/5829/4 5753/5830/4
f 5748/5831/4 5749/5826/4 5753/5830/4
f 5748/5831/4 5753/5830/4 5754/5832/4
f 5747/5833/4 5748/5831/4 5754/5832/4
f 5747/5833/4 5754/5832/4 5755/5834/4
f 5746/5835/4 5747/5833/4 5755/5834/4
f 5746/5835/4 5755/5834/4 5756/5836/4
f 5745/5837/4 5746/5835/4 5756/5836/4
f 5745/5837/4 5756/5836/4 5757/5838/4
f 5744/5839/4 5745/5837/4 5757/5838/4
f 5744/5839/4 5757/5838/4 5758/5840/4
f 5743/5841/4 5744/5839/4 5758/5840/4
f 5743/5841/4 5758/5840/4 5759/5842/4
f 5742/5843/4 5743/5841/4 5759/5842/4
f 5742/5843/4 5759/5842/4 5760/5844/4
f 5741/5845/4 5742/5843/4 5760/5844/4
f 5741/5845/4 5760/5844/4 5761/5846/4
f 5740/5847/4 5741/5845/4 5761/5846/4
f 5740/5847/4 5761/5846/4 5762/5848/4
f 5739/5849/4 5740/5847/4 5762/5848/4
f 5739/5849/4 5762/5848/4 5763/5850/4
f 5738/5851/4 5739/5849/4 5763/5850/4
f 5738/5851/4 5763/5850/4 5764/5852/4
f 5737/5853/4 5738/5851/4 5764/5852/4
f 5737/5853/4 5764/5852/4 5765/5854/4
f 5736/5855/4 5737/5853/4 5765/5854/4
f 5735/5856/4 5736/5855/4 5765/5854/4
f 5735/5856/4 5765/5854/4 5766/5857/4
f 5734/5858/4 5735/5856/4 5766/5857/4
f 5734/5858/4 5766/5857/4 5767/5859/4
f 5733/5860/4 5734/5858/4 5767/5859/4
f 5733/5860/4 5767/5859/4 5768/5861/4
f 5732/5862/4 5733/5860/4 5768/5861/4
f 5732/5862/4 5768/5861/4 5769/5863/4
f 5731/5864/4 5732/5862/4 5769/5863/4
f 5731/5864/4 5769/5863/4 5770/5865/4
f 5730/5866/4 5731/5864/4 5770/5865/4
f 5730/5866/4 5770/5865/4 5771/5867/4
f 5729/5868/4 5730/5866/4 5771/5867/4
f 5729/5868/4 5771/5867/4 5772/5869/4
f 5728/5870/4 5729/5868/4 5772/5869/4
f 5728/5870/4 5772/5869/4 5773/5871/4
f 5727/5872/4 5728/5870/4 5773/5871/4
f 5727/5872/4 5773/5871/4 5774/5873/4
f 5800/5874/4 5727/5872/4 5774/5873/4
f 5800/5874/4 5774/5873/4 5775/5875/4
f 5799/5876/4 5800/5874/4 5775/5875/4
f 5799/5876/4 5775/5875/4 5776/5877/4
f 5798/5878/4 5799/5876/4 5776/5877/4
f 5797/5879/4 5798/5878/4 5776/5877/4
f 5797/5879/4 5776/5877/4 5777/5880/4
f 5796/5881/4 5797/5879/4 5777/5880/4
f 5796/5881/4 5777/5880/4 5778/5882/4
f 5795/5883/4 5796/5881/4 5778/5882/4
f 5795/5883/4 5778/5882/4 5779/5884/4
f 5794/5885/4 5795/5883/4 5779/5884/4
f 5794/5885/4 5779/5884/4 5780/5886/4
f 5793/5887/4 5794/5885/4 5780/5886/4
f 5793/5887/4 5780/5886/4 5781/5888/4
f 5792/5889/4 5793/5887/4 5781/5888/4
f 5792/5889/4 5781/5888/4 5782/5890/4
f 5791/5891/4 5792/5889/4 5782/5890/4
f 5790/5892/4 5791/5891/4 5782/5890/4
f 5790/5892/4 5782/5890/4 5783/5893/4
f 5789/5894/4 5790/5892/4 5783/5893/4
f 5789/5894/4 5783/5893/4 5784/5895/4
f 5788/5896/4 5789/5894/4 5784/5895/4
f 5788/5896/4 5784/5895/4 5785/5897/4
f 5787/5898/4 5788/5896/4 5785/5897/4
f 5787/5898/4 5785/5897/4 5786/5899/4
f 5948/5900/4 5949/5901/4 5950/5902/4
f 5948/5900/4 5950/5902/4 5951/5903/4
f 5948/5900/4 5951/5903/4 5952/5904/4
f 5984/5905/4 5985/5906/4 5986/5907/4
f 5948/5900/4 5952/5904/4 5953/5908/4
f 5983/5909/4 5984/5905/4 5986/5907/4
f 5982/5910/4 5983/5909/4 5986/5907/4
f 5948/5900/4 5953/5908/4 5954/5911/4
f 5981/5912/4 5982/5910/4 5986/5907/4
f 5948/5900/4 5954/5911/4 5955/5913/4
f 5980/5914/4 5981/5912/4 5986/5907/4
f 5948/5900/4 5955/5913/4 5956/5915/4
f 5979/5916/4 5980/5914/4 5986/5907/4
f 5978/5917/4 5979/5916/4 5986/5907/4
f 5948/5900/4 5956/5915/4 5957/5918/4
f 5977/5919/4 5978/5917/4 5986/5907/4
f 5948/5900/4 5957/5918/4 5958/5920/4
f 5976/5921/4 5977/5919/4 5986/5907/4
f 5948/5900/4 5958/5920/4 5959/5922/4
f 5975/5923/4 5976/5921/4 5986/5907/4
f 5948/5900/4 5959/5922/4 5960/5924/4
f 5974/5925/4 5975/5923/4 5986/5907/4
f 5948/5900/4 5960/5924/4 5961/5926/4
f 5973/5927/4 5974/5925/4 5986/5907/4
f 5948/5900/4 5961/5926/4 5962/5928/4
f 5948/5900/4 5962/5928/4 5963/5929/4
f 5948/5900/4 5963/5929/4 5964/5930/4
f 5948/5900/4 5964/5930/4 5965/5931/4
f 5948/5900/4 5965/5931/4 5966/5932/4
f 5948/5900/4 5966/5932/4 5967/5933/4
f 5948/5900/4 5967/5933/4 5968/5934/4
f 5948/5900/4 5968/5934/4 5969/5935/4
f 5948/5900/4 5969/5935/4 5970/5936/4
f 5948/5900/4 5970/5936/4 5971/5937/4
f 5948/5900/4 5971/5937/4 5972/5938/4
f 5948/5900/4 5972/5938/4 5973/5927/4
f 5948/5900/4 5973/5927/4 5947/5939/4
f 5947/5939/4 5973/5927/4 5946/5940/4
f 5946/5940/4 5973/5927/4 5945/5941/4
f 5945/5941/4 5973/5927/4 5944/5942/4
f 5944/5942/4 5973/5927/4 5943/5943/4
f 5943/5943/4 5973/5927/4 5942/5944/4
f 5942/5944/4 5973/5927/4 5986/5907/4
f 5942/5944/1040 5986/5907/1040 5941/5945/1040
f 5941/5945/4 5986/5907/4 5987/5946/4
f 5941/5945/4 5987/5946/4 5988/5947/4
f 5941/5945/4 5988/5947/4 5940/5948/4
f 5940/5948/4 5988/5947/4 5989/5949/4
f 5940/5948/4 5989/5949/4 5990/5950/4
f 5940/5948/4 5990/5950/4 5939/5951/4
f 5939/5951/4 5990/5950/4 5991/5952/4
f 5939/5951/4 5991/5952/4 5992/5953/4
f 5939/5951/4 5992/5953/4 5938/5954/4
f 5938/5954/4 5992/5953/4 5993/5955/4
f 5938/5954/4 5993/5955/4 5994/5956/4
f 5938/5954/4 5994/5956/4 5937/5957/4
f 5937/5957/4 5994/5956/4 5995/5958/4
f 5937/5957/4 5995/5958/4 5996/5959/4
f 5937/5957/4 5996/5959/4 5936/5960/4
f 5936/5960/4 5996/5959/4 5997/5961/4
f 5936/5960/4 5997/5961/4 5935/5962/4
f 5935/5962/4 5997/5961/4 5934/5963/4
f 5934/5963/4 5997/5961/4 5933/5964/4
f 5933/5964/4 5997/5961/4 5932/5965/4
f 5932/5965/4 5997/5961/4 5931/5966/4
f 5931/5966/4 5997/5961/4 5930/5967/4
f 5930/5967/4 5997/5961/4 5929/5968/4
f 5929/5968/4 5997/5961/4 5928/5969/4
f 5928/5969/4 5997/5961/4 5927/5970/4
f 5927/5970/4 5997/5961/4 5925/5971/4
f 5925/5971/4 5997/5961/4 5924/5972/4
f 5924/5972/4 5997/5961/4 5998/5973/4
f 5926/5974/4 5927/5970/4 5925/5971/4
f 5923/5975/4 5924/5972/4 5998/5973/4
f 5923/5975/4 5998/5973/4 5900/5976/4
f 5922/5977/4 5923/5975/4 5900/5976/4
f 5922/5977/4 5900/5976/4 5901/5978/4
f 5921/5979/4 5922/5977/4 5901/5978/4
f 5921/5979/4 5901/5978/4 5902/5980/4
f 5920/5981/4 5921/5979/4 5902/5980/4
f 5920/5981/4 5902/5980/4 5903/5982/4
f 5919/5983/4 5920/5981/4 5903/5982/4
f 5919/5983/4 5903/5982/4 5904/5984/4
f 5918/5985/4 5919/5983/4 5904/5984/4
f 6034/5986/4 6035/5987/4 6036/5988/4
f 6034/5986/4 6036/5988/4 6037/5989/4
f 6033/5990/4 6034/5986/4 6037/5989/4
f 6032/5991/4 6033/5990/4 6037/5989/4
f 5918/5985/4 5904/5984/4 5905/5992/4
f 5917/5993/4 5918/5985/4 5905/5992/4
f 6031/5994/4 6032/5991/4 6037/5989/4
f 6030/5995/4 6031/5994/4 6037/5989/4
f 6029/5996/4 6030/5995/4 6037/5989/4
f 6028/5997/4 6029/5996/4 6037/5989/4
f 5917/5993/4 5905/5992/4 5906/5998/4
f 5916/5999/4 5917/5993/4 5906/5998/4
f 6027/6000/4 6028/5997/4 6037/5989/4
f 6026/6001/4 6027/6000/4 6037/5989/4
f 6025/6002/4 6026/6001/4 6037/5989/4
f 5915/6003/4 5916/5999/4 5906/5998/4
f 6024/6004/4 6025/6002/4 6037/5989/4
f 5915/6003/4 5906/5998/4 5907/6005/4
f 6024/6004/4 6037/5989/4 6038/6006/4
f 6023/6007/4 6024/6004/4 6038/6006/4
f 6022/6008/4 6023/6007/4 6038/6006/4
f 5914/6009/4 5915/6003/4 5907/6005/4
f 5914/6009/4 5907/6005/4 5908/6010/4
f 5913/6011/4 5914/6009/4 5908/6010/4
f 5912/6012/4 5913/6011/4 5908/6010/4
f 5912/6012/4 5908/6010/4 5909/6013/4
f 6021/6014/4 6022/6008/4 6038/6006/4
f 5911/6015/4 5912/6012/4 5909/6013/4
f 6021/6014/4 6038/6006/4 6039/6016/4
f 5911/6015/4 5909/6013/4 5910/6017/4
f 6020/6018/4 6021/6014/4 6039/6016/4
f 6020/6018/4 6039/6016/4 6040/6019/4
f 6019/6020/4 6020/6018/4 6040/6019/4
f 6018/6021/4 6019/6020/4 6040/6019/4
f 6018/6021/4 6040/6019/4 6041/6022/4
f 6017/6023/4 6018/6021/4 6041/6022/4
f 6017/6023/4 6041/6022/4 6042/6024/4
f 6016/6025/4 6017/6023/4 6042/6024/4
f 6015/6026/4 6016/6025/4 6042/6024/4
f 6015/6026/4 6042/6024/4 6043/6027/4
f 6014/6028/4 6015/6026/4 6043/6027/4
f 6014/6028/4 6043/6027/4 6044/6029/4
f 6013/6030/4 6014/6028/4 6044/6029/4
f 6012/6031/4 6013/6030/4 6044/6029/4
f 6012/6031/4 6044/6029/4 6045/6032/4
f 6011/6033/4 6012/6031/4 6045/6032/4
f 6011/6033/4 6045/6032/4 6046/6034/4
f 6010/6035/4 6011/6033/4 6046/6034/4
f 6009/6036/4 6010/6035/4 6046/6034/4
f 6008/6037/4 6009/6036/4 6046/6034/4
f 6007/6038/4 6008/6037/4 6046/6034/4
f 6006/6039/4 6007/6038/4 6046/6034/4
f 6005/6040/4 6006/6039/4 6046/6034/4
f 6004/6041/4 6005/6040/4 6046/6034/4
f 6003/6042/4 6004/6041/4 6046/6034/4
f 6002/6043/4 6003/6042/4 6046/6034/4
f 6002/6043/4 6046/6034/4 6047/6044/4
f 6001/6045/4 6002/6043/4 6047/6044/4
f 6000/6046/4 6001/6045/4 6047/6044/4
f 5999/6047/4 6000/6046/4 6047/6044/4
f 6048/6048/4 5999/6047/4 6047/6044/4
f 6206/6049/4 6207/6050/4 6208/6051/4
f 6206/6049/4 6208/6051/4 6209/6052/4
f 6205/6053/4 6206/6049/4 6209/6052/4
f 6205/6053/4 6209/6052/4 6210/6054/4
f 6204/6055/4 6205/6053/4 6210/6054/4
f 6204/6055/4 6210/6054/4 6211/6056/4
f 6203/6057/4 6204/6055/4 6211/6056/4
f 6203/6057/4 6211/6056/4 6212/6058/4
f 6202/6059/4 6203/6057/4 6212/6058/4
f 6202/6059/4 6212/6058/4 6213/6060/4
f 6201/6061/4 6202/6059/4 6213/6060/4
f 6201/6061/4 6213/6060/4 6214/6062/4
f 6200/6063/4 6201/6061/4 6214/6062/4
f 6200/6063/4 6214/6062/4 6215/6064/4
f 6199/6065/4 6200/6063/4 6215/6064/4
f 6199/6065/4 6215/6064/4 6216/6066/4
f 6198/6067/4 6199/6065/4 6216/6066/4
f 6198/6067/4 6216/6066/4 6217/6068/4
f 6197/6069/4 6198/6067/4 6217/6068/4
f 6197/6069/4 6217/6068/4 6218/6070/4
f 6196/6071/4 6197/6069/4 6218/6070/4
f 6196/6071/4 6218/6070/4 6219/6072/4
f 6195/6073/4 6196/6071/4 6219/6072/4
f 6195/6073/4 6219/6072/4 6220/6074/4
f 6194/6075/4 6195/6073/4 6220/6074/4
f 6194/6075/4 6220/6074/4 6123/6076/4
f 6193/6077/4 6194/6075/4 6123/6076/4
f 6193/6077/4 6123/6076/4 6124/6078/4
f 6192/6079/4 6193/6077/4 6124/6078/4
f 6192/6079/4 6124/6078/4 6125/6080/4
f 6191/6081/4 6192/6079/4 6125/6080/4
f 6191/6081/4 6125/6080/4 6126/6082/4
f 6190/6083/4 6191/6081/4 6126/6082/4
f 6190/6083/4 6126/6082/4 6127/6084/4
f 6189/6085/4 6190/6083/4 6127/6084/4
f 6189/6085/4 6127/6084/4 6128/6086/4
f 6188/6087/4 6189/6085/4 6128/6086/4
f 6188/6087/4 6128/6086/4 6129/6088/4
f 6187/6089/4 6188/6087/4 6129/6088/4
f 6187/6089/4 6129/6088/4 6130/6090/4
f 6186/6091/4 6187/6089/4 6130/6090/4
f 6186/6091/4 6130/6090/4 6131/6092/4
f 6185/6093/4 6186/6091/4 6131/6092/4
f 6185/6093/4 6131/6092/4 6132/6094/4
f 6184/6095/4 6185/6093/4 6132/6094/4
f 6184/6095/4 6132/6094/4 6133/6096/4
f 6183/6097/4 6184/6095/4 6133/6096/4
f 6183/6097/4 6133/6096/4 6134/6098/4
f 6182/6099/4 6183/6097/4 6134/6098/4
f 6182/6099/4 6134/6098/4 6135/6100/4
f 6181/6101/4 6182/6099/4 6135/6100/4
f 6181/6101/4 6135/6100/4 6136/6102/4
f 6180/6103/4 6181/6101/4 6136/6102/4
f 6180/6103/4 6136/6102/4 6137/6104/4
f 6179/6105/4 6180/6103/4 6137/6104/4
f 6179/6105/4 6137/6104/4 6138/6106/4
f 6178/6107/4 6179/6105/4 6138/6106/4
f 6177/6108/4 6178/6107/4 6138/6106/4
f 6177/6108/4 6138/6106/4 6139/6109/4
f 6176/6110/4 6177/6108/4 6139/6109/4
f 6176/6110/4 6139/6109/4 6140/6111/4
f 6175/6112/4 6176/6110/4 6140/6111/4
f 6175/6112/4 6140/6111/4 6141/6113/4
f 6174/6114/4 6175/6112/4 6141/6113/4
f 6173/6115/4 6174/6114/4 6141/6113/4
f 6173/6115/4 6141/6113/4 6142/6116/4
f 6172/6117/4 6173/6115/4 6142/6116/4
f 6172/6117/4 6142/6116/4 6143/6118/4
f 6171/6119/4 6172/6117/4 6143/6118/4
f 6171/6119/4 6143/6118/4 6144/6120/4
f 6170/6121/4 6171/6119/4 6144/6120/4
f 6170/6121/4 6144/6120/4 6145/6122/4
f 6169/6123/4 6170/6121/4 6145/6122/4
f 6168/6124/4 6169/6123/4 6145/6122/4
f 6168/6124/4 6145/6122/4 6146/6125/4
f 6167/6126/4 6168/6124/4 6146/6125/4
f 6167/6126/4 6146/6125/4 6147/6127/4
f 6166/6128/4 6167/6126/4 6147/6127/4
f 6165/6129/4 6166/6128/4 6147/6127/4
f 6165/6129/4 6147/6127/4 6148/6130/4
f 6164/6131/4 6165/6129/4 6148/6130/4
f 6164/6131/4 6148/6130/4 6149/6132/4
f 6163/6133/4 6164/6131/4 6149/6132/4
f 6162/6134/4 6163/6133/4 6149/6132/4
f 6162/6134/4 6149/6132/4 6150/6135/4
f 6161/6136/4 6162/6134/4 6150/6135/4
f 6160/6137/4 6161/6136/4 6150/6135/4
f 6160/6137/4 6150/6135/4 6151/6138/4
f 6159/6139/4 6160/6137/4 6151/6138/4
f 6158/6140/4 6159/6139/4 6151/6138/4
f 6158/6140/4 6151/6138/4 6152/6141/4
f 6158/6140/4 6152/6141/4 6153/6142/4
f 6158/6140/4 6153/6142/4 6154/6143/4
f 6158/6140/4 6154/6143/4 6155/6144/4
f 6158/6140/4 6155/6144/4 6156/6145/4
f 6158/6140/4 6156/6145/4 6157/6146/4
f 6108/6147/4 6109/6148/4 6110/6149/4
f 6108/6147/4 6110/6149/4 6111/6150/4
f 6108/6147/4 6111/6150/4 6112/6151/4
f 6107/6152/4 6108/6147/4 6112/6151/4
f 6107/6152/4 6112/6151/4 6113/6153/4
f 6106/6154/4 6107/6152/4 6113/6153/4
f 6106/6154/4 6113/6153/4 6114/6155/4
f 6105/6156/4 6106/6154/4 6114/6155/4
f 6105/6156/4 6114/6155/4 6115/6157/4
f 6104/6158/4 6105/6156/4 6115/6157/4
f 6104/6158/4 6115/6157/4 6116/6159/4
f 6103/6160/4 6104/6158/4 6116/6159/4
f 6103/6160/4 6116/6159/4 6117/6161/4
f 6102/6162/4 6103/6160/4 6117/6161/4
f 6102/6162/4 6117/6161/4 6118/6163/4
f 6101/6164/4 6102/6162/4 6118/6163/4
f 6101/6164/4 6118/6163/4 6119/6165/4
f 6100/6166/4 6101/6164/4 6119/6165/4
f 6100/6166/4 6119/6165/4 6120/6167/4
f 6099/6168/4 6100/6166/4 6120/6167/4
f 6099/6168/4 6120/6167/4 6121/6169/4
f 6098/6170/4 6099/6168/4 6121/6169/4
f 6098/6170/4 6121/6169/4 6122/6171/4
f 6097/6172/4 6098/6170/4 6122/6171/4
f 6096/6173/4 6097/6172/4 6122/6171/4
f 6096/6173/4 6122/6171/4 6049/6174/4
f 6095/6175/4 6096/6173/4 6049/6174/4
f 6095/6175/4 6049/6174/4 6050/6176/4
f 6094/6177/4 6095/6175/4 6050/6176/4
f 6094/6177/4 6050/6176/4 6051/6178/4
f 6093/6179/4 6094/6177/4 6051/6178/4
f 6093/6179/4 6051/6178/4 6052/6180/4
f 6092/6181/4 6093/6179/4 6052/6180/4
f 6092/6181/4 6052/6180/4 6053/6182/4
f 6091/6183/4 6092/6181/4 6053/6182/4
f 6091/6183/4 6053/6182/4 6054/6184/4
f 6090/6185/4 6091/6183/4 6054/6184/4
f 6090/6185/4 6054/6184/4 6055/6186/4
f 6089/6187/4 6090/6185/4 6055/6186/4
f 6089/6187/4 6055/6186/4 6056/6188/4
f 6088/6189/4 6089/6187/4 6056/6188/4
f 6088/6189/4 6056/6188/4 6057/6190/4
f 6087/6191/4 6088/6189/4 6057/6190/4
f 6087/6191/4 6057/6190/4 6058/6192/4
f 6086/6193/4 6087/6191/4 6058/6192/4
f 6086/6193/4 6058/6192/4 6059/6194/4
f 6085/6195/4 6086/6193/4 6059/6194/4
f 6085/6195/4 6059/6194/4 6060/6196/4
f 6084/6197/4 6085/6195/4 6060/6196/4
f 6084/6197/4 6060/6196/4 6061/6198/4
f 6084/6197/4 6061/6198/4 6062/6199/4
f 6083/6200/4 6084/6197/4 6062/6199/4
f 6083/6200/4 6062/6199/4 6063/6201/4
f 6082/6202/4 6083/6200/4 6063/6201/4
f 6082/6202/4 6063/6201/4 6064/6203/4
f 6081/6204/4 6082/6202/4 6064/6203/4
f 6081/6204/4 6064/6203/4 6065/6205/4
f 6080/6206/4 6081/6204/4 6065/6205/4
f 6080/6206/4 6065/6205/4 6066/6207/4
f 6079/6208/4 6080/6206/4 6066/6207/4
f 6079/6208/4 6066/6207/4 6067/6209/4
f 6078/6210/4 6079/6208/4 6067/6209/4
f 6078/6210/4 6067/6209/4 6068/6211/4
f 6077/6212/4 6078/6210/4 6068/6211/4
f 6077/6212/4 6068/6211/4 6069/6213/4
f 6076/6214/4 6077/6212/4 6069/6213/4
f 6076/6214/4 6069/6213/4 6070/6215/4
f 6075/6216/4 6076/6214/4 6070/6215/4
f 6075/6216/4 6070/6215/4 6071/6217/4
f 6074/6218/4 6075/6216/4 6071/6217/4
f 6074/6218/4 6071/6217/4 6072/6219/4
f 6073/6220/4 6074/6218/4 6072/6219/4
f 6231/6221/4 6232/6222/4 6233/6223/4
f 6231/6221/4 6233/6223/4 6234/6224/4
f 6231/6221/4 6234/6224/4 6235/6225/4
f 6230/6226/4 6231/6221/4 6235/6225/4
f 6230/6226/4 6235/6225/4 6236/6227/4
f 6229/6228/4 6230/6226/4 6236/6227/4
f 6229/6228/4 6236/6227/4 6237/6229/4
f 6228/6230/4 6229/6228/4 6237/6229/4
f 6228/6230/4 6237/6229/4 6238/6231/4
f 6227/6232/4 6228/6230/4 6238/6231/4
f 6227/6232/4 6238/6231/4 6239/6233/4
f 6226/6234/4 6227/6232/4 6239/6233/4
f 6226/6234/4 6239/6233/4 6240/6235/4
f 6225/6236/4 6226/6234/4 6240/6235/4
f 6225/6236/4 6240/6235/4 6241/6237/4
f 6224/6238/4 6225/6236/4 6241/6237/4
f 6224/6238/4 6241/6237/4 6242/6239/4
f 6223/6240/4 6224/6238/4 6242/6239/4
f 6223/6240/4 6242/6239/4 6243/6241/4
f 6222/6242/4 6223/6240/4 6243/6241/4
f 6222/6242/4 6243/6241/4 6244/6243/4
f 6221/6244/4 6222/6242/4 6244/6243/4
f 6221/6244/4 6244/6243/4 6245/6245/4
f 6309/6246/4 6221/6244/4 6245/6245/4
f 6308/6247/4 6309/6246/4 6245/6245/4
f 6308/6247/4 6245/6245/4 6246/6248/4
f 6307/6249/4 6308/6247/4 6246/6248/4
f 6306/6250/4 6307/6249/4 6246/6248/4
f 6305/6251/4 6306/6250/4 6246/6248/4
f 6305/6251/4 6246/6248/4 6247/6252/4
f 6305/6251/4 6247/6252/4 6248/6253/4
f 6304/6254/4 6305/6251/4 6248/6253/4
f 6304/6254/4 6248/6253/4 6249/6255/4
f 6304/6254/4 6249/6255/4 6250/6256/4
f 6304/6254/4 6250/6256/4 6251/6257/4
f 6304/6254/4 6251/6257/4 6252/6258/4
f 6303/6259/4 6304/6254/4 6271/6260/4
f 6271/6260/4 6304/6254/4 6252/6258/4
f 6271/6260/4 6252/6258/4 6253/6261/4
f 6303/6259/4 6271/6260/4 6272/6262/4
f 6270/6263/4 6271/6260/4 6253/6261/4
f 6270/6263/4 6253/6261/4 6254/6264/4
f 6269/6265/4 6270/6263/4 6254/6264/4
f 6269/6265/4 6254/6264/4 6255/6266/4
f 6268/6267/4 6269/6265/4 6255/6266/4
f 6267/6268/4 6268/6267/4 6255/6266/4
f 6267/6268/4 6255/6266/4 6256/6269/4
f 6266/6270/4 6267/6268/4 6256/6269/4
f 6266/6270/4 6256/6269/4 6257/6271/4
f 6302/6272/4 6303/6259/4 6272/6262/4
f 6265/6273/4 6266/6270/4 6257/6271/4
f 6265/6273/4 6257/6271/4 6258/6274/4
f 6264/6275/4 6265/6273/4 6258/6274/4
f 6264/6275/4 6258/6274/4 6263/6276/4
f 6263/6276/4 6258/6274/4 6262/6277/4
f 6262/6277/4 6258/6274/4 6261/6278/4
f 6261/6278/4 6258/6274/4 6260/6279/4
f 6260/6279/4 6258/6274/4 6259/6280/4
f 6301/6281/4 6302/6272/4 6272/6262/4
f 6300/6282/4 6301/6281/4 6272/6262/4
f 6299/6283/4 6300/6282/4 6272/6262/4
f 6298/6284/4 6299/6283/4 6272/6262/4
f 6297/6285/4 6298/6284/4 6272/6262/4
f 6296/6286/4 6297/6285/4 6272/6262/4
f 6296/6286/4 6272/6262/4 6273/6287/4
f 6296/6286/4 6273/6287/4 6274/6288/4
f 6295/6289/4 6296/6286/4 6274/6288/4
f 6295/6289/4 6274/6288/4 6275/6290/4
f 6294/6291/4 6295/6289/4 6275/6290/4
f 6294/6291/4 6275/6290/4 6276/6292/4
f 6293/6293/4 6294/6291/4 6276/6292/4
f 6293/6293/4 6276/6292/4 6277/6294/4
f 6292/6295/4 6293/6293/4 6277/6294/4
f 6292/6295/4 6277/6294/4 6278/6296/4
f 6291/6297/4 6292/6295/4 6278/6296/4
f 6291/6297/4 6278/6296/4 6279/6298/4
f 6290/6299/4 6291/6297/4 6279/6298/4
f 6290/6299/4 6279/6298/4 6280/6300/4
f 6289/6301/4 6290/6299/4 6280/6300/4
f 6289/6301/4 6280/6300/4 6281/6302/4
f 6288/6303/4 6289/6301/4 6281/6302/4
f 6288/6303/4 6281/6302/4 6282/6304/4
f 6287/6305/4 6288/6303/4 6282/6304/4
f 6287/6305/4 6282/6304/4 6283/6306/4
f 6286/6307/4 6287/6305/4 6283/6306/4
f 6286/6307/4 6283/6306/4 6284/6308/4
f 6285/6309/4 6286/6307/4 6284/6308/4
f 6370/6310/4 6371/6311/4 6372/6312/4
f 6332/6313/4 6333/6314/4 6334/6315/4
f 6370/6310/4 6372/6312/4 6373/6316/4
f 6331/6317/4 6332/6313/4 6334/6315/4
f 6370/6310/4 6373/6316/4 6374/6318/4
f 6330/6319/4 6331/6317/4 6334/6315/4
f 6370/6310/4 6374/6318/4 6375/6320/4
f 6329/6321/4 6330/6319/4 6334/6315/4
f 6370/6310/4 6375/6320/4 6376/6322/4
f 6328/6323/4 6329/6321/4 6334/6315/4
f 6370/6310/4 6376/6322/4 6377/6324/4
f 6327/6325/4 6328/6323/4 6334/6315/4
f 6370/6310/4 6377/6324/4 6378/6326/4
f 6326/6327/4 6327/6325/4 6334/6315/4
f 6370/6310/4 6378/6326/4 6379/6328/4
f 6325/6329/4 6326/6327/4 6334/6315/4
f 6370/6310/4 6379/6328/4 6380/6330/4
f 6324/6331/4 6325/6329/4 6334/6315/4
f 6370/6310/4 6380/6330/4 6381/6332/4
f 6323/6333/4 6324/6331/4 6334/6315/4
f 6370/6310/4 6381/6332/4 6382/6334/4
f 6322/6335/4 6323/6333/4 6334/6315/4
f 6370/6310/4 6382/6334/4 6383/6336/4
f 6321/6337/4 6322/6335/4 6334/6315/4
f 6370/6310/4 6383/6336/4 6310/6338/4
f 6370/6310/4 6310/6338/4 6311/6339/4
f 6370/6310/4 6311/6339/4 6312/6340/4
f 6370/6310/4 6312/6340/4 6313/6341/4
f 6370/6310/4 6313/6341/4 6314/6342/4
f 6370/6310/4 6314/6342/4 6315/6343/4
f 6370/6310/4 6315/6343/4 6316/6344/4
f 6370/6310/4 6316/6344/4 6317/6345/4
f 6370/6310/4 6317/6345/4 6318/6346/4
f 6370/6310/4 6318/6346/4 6319/6347/4
f 6370/6310/4 6319/6347/4 6320/6348/4
f 6370/6310/4 6320/6348/4 6321/6337/4
f 6370/6310/4 6321/6337/4 6369/6349/4
f 6369/6349/4 6321/6337/4 6368/6350/4
f 6368/6350/4 6321/6337/4 6367/6351/4
f 6367/6351/4 6321/6337/4 6366/6352/4
f 6366/6352/4 6321/6337/4 6365/6353/4
f 6365/6353/4 6321/6337/4 6364/6354/4
f 6364/6354/4 6321/6337/4 6363/6355/4
f 6363/6355/4 6321/6337/4 6362/6356/4
f 6362/6356/4 6321/6337/4 6361/6357/4
f 6361/6357/4 6321/6337/4 6360/6358/4
f 6360/6358/4 6321/6337/4 6359/6359/4
f 6359/6359/4 6321/6337/4 6358/6360/4
f 6358/6360/4 6321/6337/4 6357/6361/4
f 6357/6361/4 6321/6337/4 6356/6362/4
f 6356/6362/4 6321/6337/4 6355/6363/4
f 6355/6363/4 6321/6337/4 6353/6364/4
f 6353/6364/4 6321/6337/4 6350/6365/4
f 6350/6365/4 6321/6337/4 6347/6366/4
f 6347/6366/4 6321/6337/4 6346/6367/4
f 6346/6367/4 6321/6337/4 6345/6368/4
f 6345/6368/4 6321/6337/4 6344/6369/4
f 6344/6369/4 6321/6337/4 6343/6370/4
f 6343/6370/4 6321/6337/4 6342/6371/4
f 6342/6371/4 6321/6337/4 6341/6372/4
f 6341/6372/4 6321/6337/4 6340/6373/4
f 6340/6373/4 6321/6337/4 6339/6374/4
f 6339/6374/4 6321/6337/4 6334/6315/4
f 6354/6375/1 6355/6363/1 6353/6364/1
f 6352/6376/4 6353/6364/4 6350/6365/4
f 6351/6377/1 6352/6376/1 6350/6365/1
f 6349/6378/1 6350/6365/1 6347/6366/1
f 6348/6379/1 6349/6378/1 6347/6366/1
f 6338/6380/4 6339/6374/4 6334/6315/4
f 6337/6381/4 6338/6380/4 6334/6315/4
f 6336/6382/4 6337/6381/4 6334/6315/4
f 6335/6383/4 6336/6382/4 6334/6315/4
f 6456/6384/4 6457/6385/4 6458/6386/4
f 6455/6387/4 6456/6384/4 6458/6386/4
f 6420/6388/4 6421/6389/4 6422/6390/4
f 6420/6388/4 6422/6390/4 6423/6391/4
f 6454/6392/4 6455/6387/4 6458/6386/4
f 6420/6388/4 6423/6391/4 6424/6393/4
f 6453/6394/4 6454/6392/4 6458/6386/4
f 6420/6388/4 6424/6393/4 6425/6395/4
f 6452/6396/4 6453/6394/4 6458/6386/4
f 6420/6388/4 6425/6395/4 6426/6397/4
f 6451/6398/4 6452/6396/4 6458/6386/4
f 6420/6388/4 6426/6397/4 6427/6399/4
f 6450/6400/4 6451/6398/4 6458/6386/4
f 6420/6388/4 6427/6399/4 6428/6401/4
f 6449/6402/4 6450/6400/4 6458/6386/4
f 6420/6388/4 6428/6401/4 6429/6403/4
f 6448/6404/4 6449/6402/4 6458/6386/4
f 6420/6388/4 6429/6403/4 6430/6405/4
f 6447/6406/4 6448/6404/4 6458/6386/4
f 6420/6388/4 6430/6405/4 6431/6407/4
f 6446/6408/4 6447/6406/4 6458/6386/4
f 6420/6388/4 6431/6407/4 6432/6409/4
f 6445/6410/4 6446/6408/4 6458/6386/4
f 6420/6388/4 6432/6409/4 6433/6411/4
f 6420/6388/4 6433/6411/4 6434/6412/4
f 6420/6388/4 6434/6412/4 6435/6413/4
f 6420/6388/4 6435/6413/4 6436/6414/4
f 6420/6388/4 6436/6414/4 6437/6415/4
f 6420/6388/4 6437/6415/4 6438/6416/4
f 6420/6388/4 6438/6416/4 6439/6417/4
f 6420/6388/4 6439/6417/4 6440/6418/4
f 6420/6388/4 6440/6418/4 6441/6419/4
f 6420/6388/4 6441/6419/4 6442/6420/4
f 6420/6388/4 6442/6420/4 6443/6421/4
f 6420/6388/4 6443/6421/4 6444/6422/4
f 6420/6388/4 6444/6422/4 6445/6410/4
f 6420/6388/4 6445/6410/4 6458/6386/4
f 6420/6388/4 6458/6386/4 6459/6423/4
f 6420/6388/4 6459/6423/4 6460/6424/4
f 6420/6388/4 6460/6424/4 6461/6425/4
f 6420/6388/4 6461/6425/4 6462/6426/4
f 6420/6388/4 6462/6426/4 6463/6427/4
f 6420/6388/4 6463/6427/4 6464/6428/4
f 6420/6388/4 6464/6428/4 6465/6429/4
f 6420/6388/4 6465/6429/4 6466/6430/4
f 6420/6388/4 6466/6430/4 6467/6431/4
f 6420/6388/4 6467/6431/4 6468/6432/4
f 6420/6388/4 6468/6432/4 6469/6433/4
f 6420/6388/4 6469/6433/4 6470/6434/4
f 6420/6388/4 6470/6434/4 6414/6435/4
f 6414/6435/4 6470/6434/4 6413/6436/4
f 6413/6436/4 6470/6434/4 6412/6437/4
f 6412/6437/4 6470/6434/4 6411/6438/4
f 6411/6438/4 6470/6434/4 6410/6439/4
f 6410/6439/4 6470/6434/4 6409/6440/4
f 6409/6440/4 6470/6434/4 6471/6441/4
f 6409/6440/4 6471/6441/4 6408/6442/4
f 6408/6442/4 6471/6441/4 6407/6443/4
f 6407/6443/4 6471/6441/4 6406/6444/4
f 6406/6444/4 6471/6441/4 6405/6445/4
f 6405/6445/4 6471/6441/4 6404/6446/4
f 6404/6446/4 6471/6441/4 6403/6447/4
f 6403/6447/4 6471/6441/4 6402/6448/4
f 6402/6448/4 6471/6441/4 6401/6449/4
f 6401/6449/4 6471/6441/4 6400/6450/4
f 6400/6450/4 6471/6441/4 6399/6451/4
f 6399/6451/4 6471/6441/4 6398/6452/4
f 6398/6452/4 6471/6441/4 6397/6453/4
f 6397/6453/4 6471/6441/4 6396/6454/4
f 6396/6454/4 6471/6441/4 6472/6455/4
f 6395/6456/4 6396/6454/4 6472/6455/4
f 6420/6388/1041 6414/6435/1041 6415/6457/1041
f 6420/6388/4 6415/6457/4 6416/6458/4
f 6420/6388/4 6416/6458/4 6417/6459/4
f 6420/6388/4 6417/6459/4 6418/6460/4
f 6420/6388/4 6418/6460/4 6419/6461/4
f 6394/6462/4 6395/6456/4 6472/6455/4
f 6394/6462/4 6472/6455/4 6473/6463/4
f 6393/6464/4 6394/6462/4 6473/6463/4
f 6393/6464/4 6473/6463/4 6474/6465/4
f 6392/6466/4 6393/6464/4 6474/6465/4
f 6392/6466/4 6474/6465/4 6475/6467/4
f 6391/6468/4 6392/6466/4 6475/6467/4
f 6391/6468/4 6475/6467/4 6476/6469/4
f 6390/6470/4 6391/6468/4 6476/6469/4
f 6390/6470/4 6476/6469/4 6477/6471/4
f 6389/6472/4 6390/6470/4 6477/6471/4
f 6389/6472/4 6477/6471/4 6478/6473/4
f 6388/6474/4 6389/6472/4 6478/6473/4
f 6388/6474/4 6478/6473/4 6479/6475/4
f 6387/6476/4 6388/6474/4 6479/6475/4
f 6387/6476/4 6479/6475/4 6480/6477/4
f 6386/6478/4 6387/6476/4 6480/6477/4
f 6386/6478/4 6480/6477/4 6481/6479/4
f 6385/6480/4 6386/6478/4 6481/6479/4
f 6385/6480/4 6481/6479/4 6482/6481/4
f 6384/6482/4 6385/6480/4 6482/6481/4
f 6532/6483/4 6533/6484/4 6534/6485/4
f 6532/6483/4 6534/6485/4 6535/6486/4
f 6532/6483/4 6535/6486/4 6536/6487/4
f 6494/6488/4 6495/6489/4 6496/6490/4
f 6532/6483/4 6536/6487/4 6537/6491/4
f 6493/6492/4 6494/6488/4 6496/6490/4
f 6492/6493/4 6493/6492/4 6496/6490/4
f 6532/6483/4 6537/6491/4 6538/6494/4
f 6491/6495/4 6492/6493/4 6496/6490/4
f 6532/6483/4 6538/6494/4 6539/6496/4
f 6490/6497/4 6491/6495/4 6496/6490/4
f 6532/6483/4 6539/6496/4 6540/6498/4
f 6489/6499/4 6490/6497/4 6496/6490/4
f 6532/6483/4 6540/6498/4 6541/6500/4
f 6488/6501/4 6489/6499/4 6496/6490/4
f 6532/6483/4 6541/6500/4 6542/6502/4
f 6487/6503/4 6488/6501/4 6496/6490/4
f 6532/6483/4 6542/6502/4 6543/6504/4
f 6486/6505/4 6487/6503/4 6496/6490/4
f 6485/6506/4 6486/6505/4 6496/6490/4
f 6532/6483/4 6543/6504/4 6544/6507/4
f 6484/6508/4 6485/6506/4 6496/6490/4
f 6532/6483/4 6544/6507/4 6545/6509/4
f 6483/6510/4 6484/6508/4 6496/6490/4
f 6532/6483/4 6545/6509/4 6384/6482/4
f 6532/6483/4 6384/6482/4 6482/6481/4
f 6532/6483/4 6482/6481/4 6483/6510/4
f 6532/6483/4 6483/6510/4 6531/6511/4
f 6531/6511/4 6483/6510/4 6530/6512/4
f 6530/6512/4 6483/6510/4 6529/6513/4
f 6529/6513/4 6483/6510/4 6528/6514/4
f 6528/6514/4 6483/6510/4 6527/6515/4
f 6527/6515/4 6483/6510/4 6526/6516/4
f 6526/6516/4 6483/6510/4 6525/6517/4
f 6525/6517/4 6483/6510/4 6524/6518/4
f 6524/6518/4 6483/6510/4 6523/6519/4
f 6523/6519/4 6483/6510/4 6522/6520/4
f 6522/6520/4 6483/6510/4 6521/6521/4
f 6521/6521/4 6483/6510/4 6520/6522/4
f 6520/6522/4 6483/6510/4 6519/6523/4
f 6519/6523/4 6483/6510/4 6518/6524/4
f 6518/6524/4 6483/6510/4 6515/6525/4
f 6515/6525/4 6483/6510/4 6513/6526/4
f 6513/6526/4 6483/6510/4 6512/6527/4
f 6512/6527/4 6483/6510/4 6510/6528/4
f 6510/6528/4 6483/6510/4 6508/6529/4
f 6508/6529/4 6483/6510/4 6507/6530/4
f 6507/6530/4 6483/6510/4 6506/6531/4
f 6506/6531/4 6483/6510/4 6505/6532/4
f 6505/6532/4 6483/6510/4 6504/6533/4
f 6504/6533/4 6483/6510/4 6503/6534/4
f 6503/6534/4 6483/6510/4 6502/6535/4
f 6502/6535/4 6483/6510/4 6501/6536/4
f 6501/6536/4 6483/6510/4 6500/6537/4
f 6500/6537/4 6483/6510/4 6499/6538/4
f 6499/6538/4 6483/6510/4 6498/6539/4
f 6498/6539/4 6483/6510/4 6497/6540/4
f 6497/6540/4 6483/6510/4 6496/6490/4
f 6517/6541/4 6518/6524/4 6515/6525/4
f 6516/6542/1 6517/6541/1 6515/6525/1
f 6514/6543/1 6515/6525/1 6513/6526/1
f 6511/6544/1 6512/6527/1 6510/6528/1
f 6509/6545/1 6510/6528/1 6508/6529/1
f 6583/6546/4 6584/6547/4 6585/6548/4
f 6582/6549/4 6583/6546/4 6585/6548/4
f 6581/6550/4 6582/6549/4 6585/6548/4
f 6580/6551/4 6581/6550/4 6585/6548/4
f 6579/6552/4 6580/6551/4 6585/6548/4
f 6578/6553/4 6579/6552/4 6585/6548/4
f 6577/6554/4 6578/6553/4 6585/6548/4
f 6576/6555/4 6577/6554/4 6585/6548/4
f 6575/6556/4 6576/6555/4 6585/6548/4
f 6574/6557/4 6575/6556/4 6585/6548/4
f 6573/6558/4 6574/6557/4 6585/6548/4
f 6572/6559/4 6573/6558/4 6585/6548/4
f 6571/6560/4 6572/6559/4 6585/6548/4
f 6570/6561/4 6571/6560/4 6585/6548/4
f 6569/6562/4 6570/6561/4 6585/6548/4
f 6568/6563/4 6569/6562/4 6585/6548/4
f 6567/6564/4 6568/6563/4 6585/6548/4
f 6567/6564/4 6585/6548/4 6586/6565/4
f 6567/6564/4 6586/6565/4 6587/6566/4
f 6566/6567/4 6567/6564/4 6587/6566/4
f 6565/6568/4 6566/6567/4 6587/6566/4
f 6565/6568/4 6587/6566/4 6588/6569/4
f 6564/6570/4 6565/6568/4 6588/6569/4
f 6559/6571/4 6560/6572/4 6561/6573/4
f 6564/6570/4 6588/6569/4 6589/6574/4
f 6563/6575/4 6564/6570/4 6589/6574/4
f 6559/6571/4 6561/6573/4 6562/6576/4
f 6562/6576/4 6563/6575/4 6589/6574/4
f 6559/6571/4 6562/6576/4 6589/6574/4
f 6559/6571/4 6589/6574/4 6590/6577/4
f 6559/6571/4 6590/6577/4 6591/6578/4
f 6559/6571/4 6591/6578/4 6592/6579/4
f 6559/6571/4 6592/6579/4 6593/6580/4
f 6559/6571/4 6593/6580/4 6594/6581/4
f 6559/6571/4 6594/6581/4 6595/6582/4
f 6559/6571/4 6595/6582/4 6596/6583/4
f 6559/6571/4 6596/6583/4 6597/6584/4
f 6559/6571/4 6597/6584/4 6598/6585/4
f 6559/6571/4 6598/6585/4 6599/6586/4
f 6559/6571/4 6599/6586/4 6600/6587/4
f 6559/6571/4 6600/6587/4 6601/6588/4
f 6559/6571/4 6601/6588/4 6602/6589/4
f 6559/6571/4 6602/6589/4 6603/6590/4
f 6559/6571/4 6603/6590/4 6604/6591/4
f 6559/6571/4 6604/6591/4 6605/6592/4
f 6559/6571/4 6605/6592/4 6606/6593/4
f 6559/6571/4 6606/6593/4 6607/6594/4
f 6559/6571/4 6607/6594/4 6608/6595/4
f 6559/6571/4 6608/6595/4 6609/6596/4
f 6559/6571/4 6609/6596/4 6547/6597/4
f 6547/6597/4 6609/6596/4 6610/6598/4
f 6559/6571/4 6547/6597/4 6548/6599/4
f 6546/6600/4 6547/6597/4 6610/6598/4
f 6559/6571/4 6548/6599/4 6549/6601/4
f 6559/6571/4 6549/6601/4 6550/6602/4
f 6559/6571/4 6550/6602/4 6551/6603/4
f 6559/6571/4 6551/6603/4 6552/6604/4
f 6559/6571/4 6552/6604/4 6553/6605/4
f 6559/6571/4 6553/6605/4 6554/6606/4
f 6559/6571/4 6554/6606/4 6555/6607/4
f 6559/6571/4 6555/6607/4 6556/6608/4
f 6559/6571/4 6556/6608/4 6557/6609/4
f 6559/6571/4 6557/6609/4 6558/6610/4
f 6675/6611/4 6676/6612/4 6677/6613/4
f 6622/6614/4 6623/6615/4 6624/6616/4
f 6621/6617/4 6622/6614/4 6624/6616/4
f 6675/6611/4 6677/6613/4 6678/6618/4
f 6620/6619/4 6621/6617/4 6624/6616/4
f 6675/6611/4 6678/6618/4 6679/6620/4
f 6619/6621/4 6620/6619/4 6624/6616/4
f 6675/6611/4 6679/6620/4 6680/6622/4
f 6618/6623/4 6619/6621/4 6624/6616/4
f 6675/6611/4 6680/6622/4 6681/6624/4
f 6617/6625/4 6618/6623/4 6624/6616/4
f 6675/6611/4 6681/6624/4 6682/6626/4
f 6616/6627/4 6617/6625/4 6624/6616/4
f 6675/6611/4 6682/6626/4 6683/6628/4
f 6615/6629/4 6616/6627/4 6624/6616/4
f 6675/6611/4 6683/6628/4 6684/6630/4
f 6614/6631/4 6615/6629/4 6624/6616/4
f 6675/6611/4 6684/6630/4 6685/6632/4
f 6613/6633/4 6614/6631/4 6624/6616/4
f 6675/6611/4 6685/6632/4 6686/6634/4
f 6612/6635/4 6613/6633/4 6624/6616/4
f 6675/6611/4 6686/6634/4 6687/6636/4
f 6611/6637/4 6612/6635/4 6624/6616/4
f 6675/6611/4 6687/6636/4 6688/6638/4
f 6675/6611/4 6688/6638/4 6546/6600/4
f 6675/6611/4 6546/6600/4 6610/6598/4
f 6675/6611/4 6610/6598/4 6611/6637/4
f 6675/6611/4 6611/6637/4 6674/6639/4
f 6674/6639/4 6611/6637/4 6673/6640/4
f 6673/6640/4 6611/6637/4 6672/6641/4
f 6672/6641/4 6611/6637/4 6671/6642/4
f 6671/6642/4 6611/6637/4 6670/6643/4
f 6670/6643/4 6611/6637/4 6669/6644/4
f 6669/6644/4 6611/6637/4 6668/6645/4
f 6668/6645/4 6611/6637/4 6667/6646/4
f 6667/6646/4 6611/6637/4 6666/6647/4
f 6666/6647/4 6611/6637/4 6665/6648/4
f 6665/6648/4 6611/6637/4 6664/6649/4
f 6664/6649/4 6611/6637/4 6663/6650/4
f 6663/6650/4 6611/6637/4 6662/6651/4
f 6662/6651/4 6611/6637/4 6637/6652/4
f 6637/6652/4 6611/6637/4 6636/6653/4
f 6636/6653/4 6611/6637/4 6635/6654/4
f 6635/6654/4 6611/6637/4 6634/6655/4
f 6634/6655/4 6611/6637/4 6633/6656/4
f 6633/6656/4 6611/6637/4 6632/6657/4
f 6632/6657/4 6611/6637/4 6631/6658/4
f 6631/6658/4 6611/6637/4 6630/6659/4
f 6630/6659/4 6611/6637/4 6629/6660/4
f 6629/6660/4 6611/6637/4 6628/6661/4
f 6628/6661/4 6611/6637/4 6627/6662/4
f 6627/6662/4 6611/6637/4 6626/6663/4
f 6626/6663/4 6611/6637/4 6625/6664/4
f 6625/6664/4 6611/6637/4 6624/6616/4
f 6661/6665/4 6662/6651/4 6637/6652/4
f 6661/6665/4 6637/6652/4 6638/6666/4
f 6660/6667/4 6661/6665/4 6638/6666/4
f 6660/6667/4 6638/6666/4 6639/6668/4
f 6659/6669/4 6660/6667/4 6639/6668/4
f 6659/6669/4 6639/6668/4 6640/6670/4
f 6658/6671/4 6659/6669/4 6640/6670/4
f 6658/6671/4 6640/6670/4 6641/6672/4
f 6657/6673/4 6658/6671/4 6641/6672/4
f 6657/6673/4 6641/6672/4 6642/6674/4
f 6656/6675/4 6657/6673/4 6642/6674/4
f 6656/6675/4 6642/6674/4 6643/6676/4
f 6655/6677/4 6656/6675/4 6643/6676/4
f 6655/6677/4 6643/6676/4 6644/6678/4
f 6654/6679/4 6655/6677/4 6644/6678/4
f 6654/6679/4 6644/6678/4 6645/6680/4
f 6653/6681/4 6654/6679/4 6645/6680/4
f 6652/6682/4 6653/6681/4 6645/6680/4
f 6652/6682/4 6645/6680/4 6646/6683/4
f 6651/6684/4 6652/6682/4 6646/6683/4
f 6651/6684/4 6646/6683/4 6647/6685/4
f 6650/6686/4 6651/6684/4 6647/6685/4
f 6649/6687/4 6650/6686/4 6647/6685/4
f 6649/6687/4 6647/6685/4 6648/6688/4
f 6693/6689/4 6694/6690/4 6695/6691/4
f 6693/6689/4 6695/6691/4 6696/6692/4
f 6692/6693/4 6693/6689/4 6696/6692/4
f 6691/6694/4 6692/6693/4 6689/6695/4
f 6689/6695/1 6692/6693/1 6696/6692/1
f 6691/6694/4 6689/6695/4 6690/6696/4
s 1
f 6698/6697/153 6700/6698/153 6699/6699/153 6697/6700/153
f 6700/6698/153 6702/6701/154 6701/6702/154 6699/6699/153
f 6702/6701/154 6704/6703/154 6703/6704/154 6701/6702/154
f 6704/6703/154 6706/6705/154 6705/6706/154 6703/6704/154
f 6706/6705/154 6708/6707/155 6707/6708/155 6705/6706/154
f 6708/6707/155 6710/6709/182 6709/6710/182 6707/6708/155
f 6710/6709/182 6712/6711/153 6711/6712/153 6709/6710/182
f 6712/6711/153 6698/6697/153 6697/6700/153 6711/6712/153
f 6714/6713/155 6716/6714/1042 6715/6715/1042 6713/6716/155
f 6716/6714/1042 6718/6717/1043 6717/6718/1043 6715/6715/1042
f 6718/6717/1043 6720/6719/1044 6719/6720/1044 6717/6718/1043
f 6720/6719/1044 6722/6721/1045 6721/6722/1045 6719/6720/1044
f 6722/6721/1045 6724/6723/1046 6723/6724/1046 6721/6722/1045
f 6724/6723/1046 6726/6725/1047 6725/6726/1047 6723/6724/1046
f 6726/6725/1047 6728/6727/1048 6727/6728/1048 6725/6726/1047
f 6728/6727/1048 6730/6729/1049 6729/6730/1049 6727/6728/1048
f 6730/6729/1049 6732/6731/1050 6731/6732/1050 6729/6730/1049
f 6732/6731/1050 6734/6733/1051 6733/6734/1051 6731/6732/1050
f 6734/6733/1051 6736/6735/1052 6735/6736/1052 6733/6734/1051
f 6736/6735/1052 6738/6737/1053 6737/6738/1053 6735/6736/1052
f 6738/6737/1053 6740/6739/1054 6739/6740/1054 6737/6738/1053
f 6740/6739/1054 6742/6741/1055 6741/6742/1055 6739/6740/1054
f 6742/6741/1055 6744/6743/1056 6743/6744/1056 6741/6742/1055
f 6744/6743/1056 6746/6745/1057 6745/6746/1057 6743/6744/1056
f 6746/6745/1057 6748/6747/1058 6747/6748/1058 6745/6746/1057
f 6748/6747/1058 6750/6749/1059 6749/6750/1059 6747/6748/1058
f 6750/6749/1059 6752/6751/1060 6751/6752/1060 6749/6750/1059
f 6752/6751/1060 6754/6753/1061 6753/6754/1061 6751/6752/1060
f 6754/6753/1061 6756/6755/1062 6755/6756/1062 6753/6754/1061
f 6756/6755/1062 6758/6757/1063 6757/6758/1063 6755/6756/1062
f 6758/6757/1063 6760/6759/1064 6759/6760/1064 6757/6758/1063
f 6760/6759/1064 6762/6761/1065 6761/6762/1065 6759/6760/1064
f 6762/6761/1065 6764/6763/1066 6763/6764/1066 6761/6762/1065
f 6764/6763/1066 6766/6765/1067 6765/6766/1067 6763/6764/1066
f 6766/6765/1067 6768/6767/1068 6767/6768/1068 6765/6766/1067
f 6768/6767/1068 6770/6769/1069 6769/6770/1069 6767/6768/1068
f 6770/6769/1069 6772/6771/1070 6771/6772/1070 6769/6770/1069
f 6772/6771/1070 6774/6773/1071 6773/6774/1071 6771/6772/1070
f 6774/6773/1071 6776/6775/1072 6775/6776/1072 6773/6774/1071
f 6776/6775/1072 6778/6777/1073 6777/6778/1073 6775/6776/1072
f 6778/6777/1073 6780/6779/1074 6779/6780/1074 6777/6778/1073
f 6780/6779/1074 6782/6781/1075 6781/6782/1075 6779/6780/1074
f 6782/6781/1075 6784/6783/1076 6783/6784/1076 6781/6782/1075
f 6784/6783/1076 6786/6785/1077 6785/6786/1077 6783/6784/1076
f 6786/6785/1077 6788/6787/67 6787/6788/67 6785/6786/1077
f 6788/6787/67 6790/6789/1078 6789/6790/1078 6787/6788/67
f 6790/6789/1078 6792/6791/1079 6791/6792/1079 6789/6790/1078
f 6792/6791/1079 6794/6793/1080 6793/6794/1080 6791/6792/1079
f 6794/6793/1080 6796/6795/1081 6795/6796/1081 6793/6794/1080
f 6796/6795/1081 6798/6797/1082 6797/6798/1082 6795/6796/1081
f 6798/6797/1082 6800/6799/1083 6799/6800/1083 6797/6798/1082
f 6800/6799/1083 6802/6801/1084 6801/6802/1084 6799/6800/1083
f 6802/6801/1084 6804/6803/1085 6803/6804/1085 6801/6802/1084
f 6804/6803/1085 6806/6805/1086 6805/6806/1086 6803/6804/1085
f 6806/6805/1086 6808/6807/1087 6807/6808/1087 6805/6806/1086
f 6808/6807/1087 6810/6809/1088 6809/6810/1088 6807/6808/1087
f 6810/6809/1088 6812/6811/1089 6811/6812/1089 6809/6810/1088
f 6812/6811/1089 6814/6813/1090 6813/6814/1090 6811/6812/1089
f 6814/6813/1090 6816/6815/1091 6815/6816/1091 6813/6814/1090
f 6816/6815/1091 6818/6817/1092 6817/6818/1092 6815/6816/1091
f 6818/6817/1092 6820/6819/1093 6819/6820/1093 6817/6818/1092
f 6820/6819/1093 6822/6821/1094 6821/6822/1094 6819/6820/1093
f 6822/6821/1094 6824/6823/1095 6823/6824/1095 6821/6822/1094
f 6824/6823/1095 6826/6825/1096 6825/6826/1096 6823/6824/1095
f 6826/6825/1096 6828/6827/1097 6827/6828/1097 6825/6826/1096
f 6828/6827/1097 6830/6829/1098 6829/6830/1098 6827/6828/1097
f 6830/6829/1098 6832/6831/1099 6831/6832/1099 6829/6830/1098
f 6832/6831/1099 6834/6833/1100 6833/6834/1100 6831/6832/1099
f 6834/6833/1100 6836/6835/1101 6835/6836/1101 6833/6834/1100
f 6836/6835/1101 6838/6837/1102 6837/6838/1102 6835/6836/1101
f 6838/6837/1102 6840/6839/1103 6839/6840/1103 6837/6838/1102
f 6840/6839/1103 6842/6841/182 6841/6842/182 6839/6840/1103
f 6842/6841/182 6844/6843/1104 6843/6844/1104 6841/6842/182
f 6844/6843/1104 6846/6845/1105 6845/6846/1105 6843/6844/1104
f 6846/6845/1105 6848/6847/1106 6847/6848/1106 6845/6846/1105
f 6848/6847/1106 6850/6849/1107 6849/6850/1107 6847/6848/1106
f 6850/6849/1107 6852/6851/1108 6851/6852/1108 6849/6850/1107
f 6852/6851/1108 6854/6853/1109 6853/6854/1109 6851/6852/1108
f 6854/6853/1109 6856/6855/1110 6855/6856/1110 6853/6854/1109
f 6856/6855/1110 6858/6857/1111 6857/6858/1111 6855/6856/1110
f 6858/6857/1111 6860/6859/789 6859/6860/789 6857/6858/1111
f 6860/6859/789 6862/6861/1112 6861/6862/1112 6859/6860/789
f 6862/6861/1112 6864/6863/1113 6863/6864/1113 6861/6862/1112
f 6864/6863/1113 6866/6865/1114 6865/6866/1114 6863/6864/1113
f 6866/6865/1114 6868/6867/1115 6867/6868/1115 6865/6866/1114
f 6868/6867/1115 6870/6869/1116 6869/6870/1116 6867/6868/1115
f 6870/6869/1116 6872/6871/1117 6871/6872/1117 6869/6870/1116
f 6872/6871/1117 6874/6873/1118 6873/6874/1118 6871/6872/1117
f 6874/6873/1118 6876/6875/1119 6875/6876/1119 6873/6874/1118
f 6876/6875/1119 6878/6877/1120 6877/6878/1120 6875/6876/1119
f 6878/6877/1120 6880/6879/1121 6879/6880/1121 6877/6878/1120
f 6880/6879/1121 6882/6881/1122 6881/6882/1122 6879/6880/1121
f 6882/6881/1122 6884/6883/1123 6883/6884/1123 6881/6882/1122
f 6884/6883/1123 6886/6885/1124 6885/6886/1124 6883/6884/1123
f 6886/6885/1124 6888/6887/1125 6887/6888/1125 6885/6886/1124
f 6888/6887/1125 6890/6889/1126 6889/6890/1126 6887/6888/1125
f 6890/6889/1126 6892/6891/1127 6891/6892/1127 6889/6890/1126
f 6892/6891/1127 6894/6893/1128 6893/6894/1128 6891/6892/1127
f 6894/6893/1128 6896/6895/1129 6895/6896/1129 6893/6894/1128
f 6896/6895/1129 6898/6897/1130 6897/6898/1130 6895/6896/1129
f 6898/6897/1130 6900/6899/1131 6899/6900/1131 6897/6898/1130
f 6900/6899/1131 6902/6901/1132 6901/6902/1132 6899/6900/1131
f 6902/6901/1132 6904/6903/1133 6903/6904/1133 6901/6902/1132
f 6904/6903/1133 6906/6905/1134 6905/6906/1134 6903/6904/1133
f 6906/6905/1134 6908/6907/1135 6907/6908/1135 6905/6906/1134
f 6908/6907/1135 6910/6909/1136 6909/6910/1136 6907/6908/1135
f 6910/6909/1136 6912/6911/1137 6911/6912/1137 6909/6910/1136
f 6912/6911/1137 6914/6913/1138 6913/6914/1138 6911/6912/1137
f 6914/6913/1138 6916/6915/1139 6915/6916/1139 6913/6914/1138
f 6916/6915/1139 6918/6917/1140 6917/6918/1140 6915/6916/1139
f 6918/6917/1140 6920/6919/1141 6919/6920/1141 6917/6918/1140
f 6920/6919/1141 6922/6921/1142 6921/6922/1142 6919/6920/1141
f 6922/6921/1142 6924/6923/1143 6923/6924/1143 6921/6922/1142
f 6924/6923/1143 6926/6925/1144 6925/6926/1144 6923/6924/1143
f 6926/6925/1144 6928/6927/1145 6927/6928/1145 6925/6926/1144
f 6928/6927/1145 6930/6929/1146 6929/6930/1146 6927/6928/1145
f 6930/6929/1146 6932/6931/1147 6931/6932/1147 6929/6930/1146
f 6932/6931/1147 6934/6933/1148 6933/6934/1148 6931/6932/1147
f 6934/6933/1148 6936/6935/1149 6935/6936/1149 6933/6934/1148
f 6936/6935/1149 6938/6937/1150 6937/6938/1150 6935/6936/1149
f 6938/6937/1150 6940/6939/1151 6939/6940/1151 6937/6938/1150
f 6940/6939/1151 6942/6941/1152 6941/6942/1152 6939/6940/1151
f 6942/6941/1152 6944/6943/1153 6943/6944/1153 6941/6942/1152
f 6944/6943/1153 6946/6945/1154 6945/6946/1154 6943/6944/1153
f 6946/6945/1154 6948/6947/1155 6947/6948/1155 6945/6946/1154
f 6948/6947/1155 6950/6949/1156 6949/6950/1156 6947/6948/1155
f 6950/6949/1156 6952/6951/1157 6951/6952/1157 6949/6950/1156
f 6952/6951/1157 6954/6953/1158 6953/6954/1158 6951/6952/1157
f 6954/6953/1158 6956/6955/1159 6955/6956/1159 6953/6954/1158
f 6956/6955/1159 6958/6957/1160 6957/6958/1160 6955/6956/1159
f 6958/6957/1160 6960/6959/1161 6959/6960/1161 6957/6958/1160
f 6960/6959/1161 6962/6961/1162 6961/6962/1162 6959/6960/1161
f 6962/6961/1162 6964/6963/1163 6963/6964/1163 6961/6962/1162
f 6964/6963/1163 6966/6965/1164 6965/6966/1164 6963/6964/1163
f 6966/6965/1164 6968/6967/1165 6967/6968/1165 6965/6966/1164
f 6968/6967/1165 6970/6969/1166 6969/6970/1166 6967/6968/1165
f 6970/6969/1166 6972/6971/1167 6971/6972/1167 6969/6970/1166
f 6972/6971/1167 6974/6973/1168 6973/6974/1168 6971/6972/1167
f 6974/6973/1168 6976/6975/1169 6975/6976/1169 6973/6974/1168
f 6976/6975/1169 6978/6977/1170 6977/6978/1170 6975/6976/1169
f 6978/6977/1170 6980/6979/1171 6979/6980/1171 6977/6978/1170
f 6980/6979/1171 6982/6981/1172 6981/6982/1172 6979/6980/1171
f 6982/6981/1172 6984/6983/1173 6983/6984/1173 6981/6982/1172
f 6984/6983/1173 6986/6985/1174 6985/6986/1174 6983/6984/1173
f 6986/6985/1174 6988/6987/1175 6987/6988/1175 6985/6986/1174
f 6988/6987/1175 6990/6989/1176 6989/6990/1176 6987/6988/1175
f 6990/6989/1176 6992/6991/1177 6991/6992/1177 6989/6990/1176
f 6992/6991/1177 6994/6993/1178 6993/6994/1178 6991/6992/1177
f 6994/6993/1178 6996/6995/1179 6995/6996/1179 6993/6994/1178
f 6996/6995/1179 6998/6997/1180 6997/6998/1180 6995/6996/1179
f 6998/6997/1180 6714/6713/155 6713/6716/155 6997/6998/1180
f 7000/6999/1181 7002/7000/1182 7001/7001/1182 6999/7002/1181
f 7002/7000/1182 7004/7003/1183 7003/7004/1183 7001/7001/1182
f 7004/7003/1183 7006/7005/1184 7005/7006/1184 7003/7004/1183
f 7006/7005/1184 7008/7007/1185 7007/7008/1185 7005/7006/1184
f 7008/7007/1185 7010/7009/1186 7009/7010/1186 7007/7008/1185
f 7010/7009/1186 7012/7011/1153 7011/7012/1153 7009/7010/1186
f 7012/7011/1153 7014/7013/1187 7013/7014/1187 7011/7012/1153
f 7014/7013/1187 7016/7015/1188 7015/7016/1188 7013/7014/1187
f 7016/7015/1188 7018/7017/1189 7017/7018/1189 7015/7016/1188
f 7018/7017/1189 7020/7019/1190 7019/7020/1190 7017/7018/1189
f 7020/7019/1190 7022/7021/1191 7021/7022/1191 7019/7020/1190
f 7022/7021/1191 7024/7023/1192 7023/7024/1192 7021/7022/1191
f 7024/7023/1192 7026/7025/506 7025/7026/506 7023/7024/1192
f 7026/7025/506 7028/7027/506 7027/7028/506 7025/7026/506
f 7028/7027/506 7030/7029/506 7029/7030/506 7027/7028/506
f 7030/7029/506 7032/7031/506 7031/7032/506 7029/7030/506
f 7032/7031/506 7034/7033/506 7033/7034/506 7031/7032/506
f 7034/7033/506 7036/7035/506 7035/7036/506 7033/7034/506
f 7036/7035/506 7038/7037/506 7037/7038/506 7035/7036/506
f 7038/7037/506 7040/7039/506 7039/7040/506 7037/7038/506
f 7040/7039/506 7042/7041/506 7041/7042/506 7039/7040/506
f 7042/7041/506 7044/7043/506 7043/7044/506 7041/7042/506
f 7044/7043/506 7046/7045/506 7045/7046/506 7043/7044/506
f 7046/7045/506 7048/7047/1193 7047/7048/1193 7045/7046/506
f 7048/7047/1193 7050/7049/1194 7049/7050/1194 7047/7048/1193
f 7050/7049/1194 7052/7051/1195 7051/7052/1195 7049/7050/1194
f 7052/7051/1195 7054/7053/1196 7053/7054/1196 7051/7052/1195
f 7054/7053/1196 7056/7055/513 7055/7056/513 7053/7054/1196
f 7056/7055/513 7058/7057/1197 7057/7058/1197 7055/7056/513
f 7058/7057/1197 7060/7059/1198 7059/7060/1198 7057/7058/1197
f 7060/7059/1198 7062/7061/1199 7061/7062/1199 7059/7060/1198
f 7062/7061/1199 7064/7063/515 7063/7064/515 7061/7062/1199
f 7064/7063/515 7066/7065/1200 7065/7066/1200 7063/7064/515
f 7066/7065/1200 7068/7067/1201 7067/7068/1201 7065/7066/1200
f 7068/7067/1201 7070/7069/1202 7069/7070/1202 7067/7068/1201
f 7070/7069/1202 7072/7071/1203 7071/7072/1203 7069/7070/1202
f 7072/7071/1203 7074/7073/1204 7073/7074/1204 7071/7072/1203
f 7074/7073/1204 7076/7075/1205 7075/7076/1205 7073/7074/1204
f 7076/7075/1205 7078/7077/1206 7077/7078/1206 7075/7076/1205
f 7078/7077/1206 7080/7079/1207 7079/7080/1207 7077/7078/1206
f 7080/7079/1207 7082/7081/1208 7081/7082/1208 7079/7080/1207
f 7082/7081/1208 7084/7083/1209 7083/7084/1209 7081/7082/1208
f 7084/7083/1209 7086/7085/1210 7085/7086/1210 7083/7084/1209
f 7086/7085/1210 7088/7087/1211 7087/7088/1211 7085/7086/1210
f 7088/7087/1211 7090/7089/1212 7089/7090/1212 7087/7088/1211
f 7090/7089/1212 7092/7091/1213 7091/7092/1213 7089/7090/1212
f 7092/7091/1213 7094/7093/1214 7093/7094/1214 7091/7092/1213
f 7094/7093/1214 7096/7095/1215 7095/7096/1215 7093/7094/1214
f 7096/7095/1215 7098/7097/1216 7097/7098/1216 7095/7096/1215
f 7098/7097/1216 7100/7099/481 7099/7100/481 7097/7098/1216
f 7100/7099/481 7102/7101/481 7101/7102/481 7099/7100/481
f 7102/7101/481 7104/7103/481 7103/7104/481 7101/7102/481
f 7104/7103/481 7106/7105/481 7105/7106/481 7103/7104/481
f 7106/7105/481 7108/7107/481 7107/7108/481 7105/7106/481
f 7108/7107/481 7110/7109/481 7109/7110/481 7107/7108/481
f 7110/7109/481 7112/7111/481 7111/7112/481 7109/7110/481
f 7112/7111/481 7114/7113/481 7113/7114/481 7111/7112/481
f 7114/7113/481 7116/7115/481 7115/7116/481 7113/7114/481
f 7116/7115/481 7118/7117/481 7117/7118/481 7115/7116/481
f 7118/7117/481 7120/7119/481 7119/7120/481 7117/7118/481
f 7120/7119/481 7122/7121/1217 7121/7122/1217 7119/7120/481
f 7122/7121/1217 7124/7123/1218 7123/7124/1218 7121/7122/1217
f 7124/7123/1218 7126/7125/1219 7125/7126/1219 7123/7124/1218
f 7126/7125/1219 7128/7127/1220 7127/7128/1220 7125/7126/1219
f 7128/7127/1220 7130/7129/1221 7129/7130/1221 7127/7128/1220
f 7130/7129/1221 7132/7131/1222 7131/7132/1222 7129/7130/1221
f 7132/7131/1222 7134/7133/1067 7133/7134/1067 7131/7132/1222
f 7134/7133/1067 7136/7135/1223 7135/7136/1223 7133/7134/1067
f 7136/7135/1223 7138/7137/1224 7137/7138/1224 7135/7136/1223
f 7138/7137/1224 7140/7139/1225 7139/7140/1225 7137/7138/1224
f 7140/7139/1225 7142/7141/1226 7141/7142/1226 7139/7140/1225
f 7142/7141/1226 7144/7143/1227 7143/7144/1227 7141/7142/1226
f 7144/7143/1227 7146/7145/1228 7145/7146/1228 7143/7144/1227
f 7146/7145/1228 7148/7147/1229 7147/7148/1229 7145/7146/1228
f 7148/7147/1229 7150/7149/1230 7149/7150/1230 7147/7148/1229
f 7150/7149/1230 7152/7151/1231 7151/7152/1231 7149/7150/1230
f 7152/7151/1231 7154/7153/1232 7153/7154/1232 7151/7152/1231
f 7154/7153/1232 7156/7155/1233 7155/7156/1233 7153/7154/1232
f 7156/7155/1233 7158/7157/1234 7157/7158/1234 7155/7156/1233
f 7158/7157/1234 7160/7159/1235 7159/7160/1235 7157/7158/1234
f 7160/7159/1235 7162/7161/1236 7161/7162/1236 7159/7160/1235
f 7162/7161/1236 7164/7163/1237 7163/7164/1237 7161/7162/1236
f 7164/7163/1237 7166/7165/1238 7165/7166/1238 7163/7164/1237
f 7166/7165/1238 7168/7167/1239 7167/7168/1239 7165/7166/1238
f 7168/7167/1239 7170/7169/1240 7169/7170/1240 7167/7168/1239
f 7170/7169/1240 7172/7171/1241 7171/7172/1241 7169/7170/1240
f 7172/7171/1241 7174/7173/1242 7173/7174/1242 7171/7172/1241
f 7174/7173/1242 7176/7175/1243 7175/7176/1243 7173/7174/1242
f 7176/7175/1243 7178/7177/1244 7177/7178/1244 7175/7176/1243
f 7178/7177/1244 7180/7179/1245 7179/7180/1245 7177/7178/1244
f 7180/7179/1245 7182/7181/1246 7181/7182/1246 7179/7180/1245
f 7182/7181/1246 7184/7183/1247 7183/7184/1247 7181/7182/1246
f 7184/7183/1247 7186/7185/1248 7185/7186/1248 7183/7184/1247
f 7186/7185/1248 7188/7187/1249 7187/7188/1249 7185/7186/1248
f 7188/7187/1249 7190/7189/1250 7189/7190/1250 7187/7188/1249
f 7190/7189/1250 7192/7191/1251 7191/7192/1251 7189/7190/1250
f 7192/7191/1251 7194/7193/1252 7193/7194/1252 7191/7192/1251
f 7194/7193/1252 7196/7195/1253 7195/7196/1253 7193/7194/1252
f 7196/7195/1253 7198/7197/1254 7197/7198/1254 7195/7196/1253
f 7198/7197/1254 7200/7199/1255 7199/7200/1255 7197/7198/1254
f 7200/7199/1255 7202/7201/1256 7201/7202/1256 7199/7200/1255
f 7202/7201/1256 7204/7203/1257 7203/7204/1257 7201/7202/1256
f 7204/7203/1257 7206/7205/1258 7205/7206/1258 7203/7204/1257
f 7206/7205/1258 7208/7207/1259 7207/7208/1259 7205/7206/1258
f 7208/7207/1259 7210/7209/1260 7209/7210/1260 7207/7208/1259
f 7210/7209/1260 7212/7211/1261 7211/7212/1261 7209/7210/1260
f 7212/7211/1261 7214/7213/1262 7213/7214/1262 7211/7212/1261
f 7214/7213/1262 7216/7215/1263 7215/7216/1263 7213/7214/1262
f 7216/7215/1263 7218/7217/1264 7217/7218/1264 7215/7216/1263
f 7218/7217/1264 7220/7219/1265 7219/7220/1265 7217/7218/1264
f 7220/7219/1265 7222/7221/1266 7221/7222/1266 7219/7220/1265
f 7222/7221/1266 7224/7223/1267 7223/7224/1267 7221/7222/1266
f 7224/7223/1267 7226/7225/202 7225/7226/202 7223/7224/1267
f 7226/7225/202 7228/7227/1268 7227/7228/1268 7225/7226/202
f 7228/7227/1268 7230/7229/1269 7229/7230/1269 7227/7228/1268
f 7230/7229/1269 7232/7231/1270 7231/7232/1270 7229/7230/1269
f 7232/7231/1270 7234/7233/1271 7233/7234/1271 7231/7232/1270
f 7234/7233/1271 7236/7235/1272 7235/7236/1272 7233/7234/1271
f 7236/7235/1272 7238/7237/1273 7237/7238/1273 7235/7236/1272
f 7238/7237/1273 7240/7239/1274 7239/7240/1274 7237/7238/1273
f 7240/7239/1274 7242/7241/1275 7241/7242/1275 7239/7240/1274
f 7242/7241/1275 7244/7243/1276 7243/7244/1276 7241/7242/1275
f 7244/7243/1276 7246/7245/1277 7245/7246/1277 7243/7244/1276
f 7246/7245/1277 7248/7247/1278 7247/7248/1278 7245/7246/1277
f 7248/7247/1278 7250/7249/506 7249/7250/506 7247/7248/1278
f 7250/7249/506 7252/7251/506 7251/7252/506 7249/7250/506
f 7252/7251/506 7254/7253/506 7253/7254/506 7251/7252/506
f 7254/7253/506 7256/7255/506 7255/7256/506 7253/7254/506
f 7256/7255/506 7258/7257/506 7257/7258/506 7255/7256/506
f 7258/7257/506 7260/7259/506 7259/7260/506 7257/7258/506
f 7260/7259/506 7262/7261/506 7261/7262/506 7259/7260/506
f 7262/7261/506 7264/7263/506 7263/7264/506 7261/7262/506
f 7264/7263/506 7266/7265/506 7265/7266/506 7263/7264/506
f 7266/7265/506 7268/7267/506 7267/7268/506 7265/7266/506
f 7268/7267/506 7270/7269/506 7269/7270/506 7267/7268/506
f 7270/7269/506 7272/7271/1279 7271/7272/1279 7269/7270/506
f 7272/7271/1279 7274/7273/1280 7273/7274/1280 7271/7272/1279
f 7274/7273/1280 7276/7275/1281 7275/7276/1281 7273/7274/1280
f 7276/7275/1281 7278/7277/203 7277/7278/203 7275/7276/1281
f 7278/7277/203 7280/7279/1282 7279/7280/1282 7277/7278/203
f 7280/7279/1282 7282/7281/1283 7281/7282/1283 7279/7280/1282
f 7282/7281/1283 7284/7283/1284 7283/7284/1284 7281/7282/1283
f 7284/7283/1284 7286/7285/1285 7285/7286/1285 7283/7284/1284
f 7286/7285/1285 7288/7287/1286 7287/7288/1286 7285/7286/1285
f 7288/7287/1286 7290/7289/1287 7289/7290/1287 7287/7288/1286
f 7290/7289/1287 7292/7291/1288 7291/7292/1288 7289/7290/1287
f 7292/7291/1288 7294/7293/1289 7293/7294/1289 7291/7292/1288
f 7294/7293/1289 7296/7295/1290 7295/7296/1290 7293/7294/1289
f 7296/7295/1290 7298/7297/1291 7297/7298/1291 7295/7296/1290
f 7298/7297/1291 7300/7299/1292 7299/7300/1292 7297/7298/1291
f 7300/7299/1292 7302/7301/1293 7301/7302/1293 7299/7300/1292
f 7302/7301/1293 7304/7303/1294 7303/7304/1294 7301/7302/1293
f 7304/7303/1294 7306/7305/1295 7305/7306/1295 7303/7304/1294
f 7306/7305/1295 7308/7307/1296 7307/7308/1296 7305/7306/1295
f 7308/7307/1296 7310/7309/1297 7309/7310/1297 7307/7308/1296
f 7310/7309/1297 7312/7311/1298 7311/7312/1298 7309/7310/1297
f 7312/7311/1298 7314/7313/1299 7313/7314/1299 7311/7312/1298
f 7314/7313/1299 7316/7315/1300 7315/7316/1300 7313/7314/1299
f 7316/7315/1300 7318/7317/1301 7317/7318/1301 7315/7316/1300
f 7318/7317/1301 7320/7319/1302 7319/7320/1302 7317/7318/1301
f 7320/7319/1302 7322/7321/1180 7321/7322/1180 7319/7320/1302
f 7322/7321/1180 7000/6999/1181 6999/7002/1181 7321/7322/1180
f 7324/7323/481 7326/7324/481 7325/7325/481 7323/7326/481
f 7326/7324/481 7328/7327/481 7327/7328/481 7325/7325/481
f 7328/7327/481 7330/7329/481 7329/7330/481 7327/7328/481
f 7330/7329/481 7332/7331/481 7331/7332/481 7329/7330/481
f 7332/7331/481 7334/7333/481 7333/7334/481 7331/7332/481
f 7334/7333/481 7336/7335/481 7335/7336/481 7333/7334/481
f 7336/7335/481 7338/7337/481 7337/7338/481 7335/7336/481
f 7338/7337/481 7340/7339/481 7339/7340/481 7337/7338/481
f 7340/7339/481 7342/7341/481 7341/7342/481 7339/7340/481
f 7342/7341/481 7344/7343/481 7343/7344/481 7341/7342/481
f 7344/7343/481 7346/7345/482 7345/7346/482 7343/7344/481
f 7346/7345/482 7348/7347/483 7347/7348/483 7345/7346/482
f 7348/7347/483 7350/7349/484 7349/7350/484 7347/7348/483
f 7350/7349/484 7352/7351/485 7351/7352/485 7349/7350/484
f 7352/7351/485 7354/7353/486 7353/7354/486 7351/7352/485
f 7354/7353/486 7356/7355/487 7355/7356/487 7353/7354/486
f 7356/7355/487 7358/7357/361 7357/7358/361 7355/7356/487
f 7358/7357/361 7360/7359/488 7359/7360/488 7357/7358/361
f 7360/7359/488 7362/7361/489 7361/7362/489 7359/7360/488
f 7362/7361/489 7364/7363/490 7363/7364/490 7361/7362/489
f 7364/7363/490 7366/7365/491 7365/7366/491 7363/7364/490
f 7366/7365/491 7368/7367/492 7367/7368/492 7365/7366/491
f 7368/7367/492 7370/7369/493 7369/7370/493 7367/7368/492
f 7370/7369/493 7372/7371/494 7371/7372/494 7369/7370/493
f 7372/7371/494 7374/7373/495 7373/7374/495 7371/7372/494
f 7374/7373/495 7376/7375/496 7375/7376/496 7373/7374/495
f 7376/7375/496 7378/7377/497 7377/7378/497 7375/7376/496
f 7378/7377/497 7380/7379/498 7379/7380/498 7377/7378/497
f 7380/7379/498 7382/7381/499 7381/7382/499 7379/7380/498
f 7382/7381/499 7384/7383/500 7383/7384/500 7381/7382/499
f 7384/7383/500 7386/7385/501 7385/7386/501 7383/7384/500
f 7386/7385/501 7388/7387/502 7387/7388/502 7385/7386/501
f 7388/7387/502 7390/7389/503 7389/7390/503 7387/7388/502
f 7390/7389/503 7392/7391/374 7391/7392/374 7389/7390/503
f 7392/7391/374 7394/7393/504 7393/7394/504 7391/7392/374
f 7394/7393/504 7396/7395/505 7395/7396/505 7393/7394/504
f 7396/7395/505 7398/7397/506 7397/7398/506 7395/7396/505
f 7398/7397/506 7400/7399/506 7399/7400/506 7397/7398/506
f 7400/7399/506 7402/7401/506 7401/7402/506 7399/7400/506
f 7402/7401/506 7404/7403/506 7403/7404/506 7401/7402/506
f 7404/7403/506 7406/7405/506 7405/7406/506 7403/7404/506
f 7406/7405/506 7408/7407/506 7407/7408/506 7405/7406/506
f 7408/7407/506 7410/7409/506 7409/7410/506 7407/7408/506
f 7410/7409/506 7412/7411/506 7411/7412/506 7409/7410/506
f 7412/7411/506 7414/7413/506 7413/7414/506 7411/7412/506
f 7414/7413/506 7416/7415/506 7415/7416/506 7413/7414/506
f 7416/7415/506 7418/7417/506 7417/7418/506 7415/7416/506
f 7418/7417/506 7420/7419/507 7419/7420/507 7417/7418/506
f 7420/7419/507 7422/7421/508 7421/7422/508 7419/7420/507
f 7422/7421/508 7424/7423/509 7423/7424/509 7421/7422/508
f 7424/7423/509 7426/7425/510 7425/7426/510 7423/7424/509
f 7426/7425/510 7428/7427/511 7427/7428/511 7425/7426/510
f 7428/7427/511 7430/7429/512 7429/7430/512 7427/7428/511
f 7430/7429/512 7432/7431/513 7431/7432/513 7429/7430/512
f 7432/7431/513 7434/7433/514 7433/7434/514 7431/7432/513
f 7434/7433/514 7436/7435/515 7435/7436/515 7433/7434/514
f 7436/7435/515 7438/7437/516 7437/7438/516 7435/7436/515
f 7438/7437/516 7440/7439/517 7439/7440/517 7437/7438/516
f 7440/7439/517 7442/7441/250 7441/7442/250 7439/7440/517
f 7442/7441/250 7444/7443/518 7443/7444/518 7441/7442/250
f 7444/7443/518 7446/7445/519 7445/7446/519 7443/7444/518
f 7446/7445/519 7448/7447/520 7447/7448/520 7445/7446/519
f 7448/7447/520 7450/7449/521 7449/7450/521 7447/7448/520
f 7450/7449/521 7452/7451/522 7451/7452/522 7449/7450/521
f 7452/7451/522 7454/7453/523 7453/7454/523 7451/7452/522
f 7454/7453/523 7456/7455/524 7455/7456/524 7453/7454/523
f 7456/7455/524 7458/7457/525 7457/7458/525 7455/7456/524
f 7458/7457/525 7460/7459/526 7459/7460/526 7457/7458/525
f 7460/7459/526 7462/7461/527 7461/7462/527 7459/7460/526
f 7462/7461/527 7464/7463/528 7463/7464/528 7461/7462/527
f 7464/7463/528 7466/7465/529 7465/7466/529 7463/7464/528
f 7466/7465/529 7468/7467/530 7467/7468/530 7465/7466/529
f 7468/7467/530 7470/7469/531 7469/7470/531 7467/7468/530
f 7470/7469/531 7324/7323/481 7323/7326/481 7469/7470/531
f 7472/7471/1303 7474/7472/961 7473/7473/961 7471/7474/1303
f 7474/7472/961 7476/7475/962 7475/7476/962 7473/7473/961
f 7476/7475/962 7478/7477/963 7477/7478/963 7475/7476/962
f 7478/7477/963 7480/7479/964 7479/7480/964 7477/7478/963
f 7480/7479/964 7482/7481/965 7481/7482/965 7479/7480/964
f 7482/7481/965 7484/7483/1304 7483/7484/1304 7481/7482/965
f 7484/7483/1304 7486/7485/967 7485/7486/967 7483/7484/1304
f 7486/7485/967 7488/7487/968 7487/7488/968 7485/7486/967
f 7488/7487/968 7490/7489/969 7489/7490/969 7487/7488/968
f 7490/7489/969 7492/7491/970 7491/7492/970 7489/7490/969
f 7492/7491/970 7494/7493/1305 7493/7494/1305 7491/7492/970
f 7494/7493/1305 7496/7495/972 7495/7496/972 7493/7494/1305
f 7496/7495/972 7498/7497/1306 7497/7498/1306 7495/7496/972
f 7498/7497/1306 7500/7499/974 7499/7500/974 7497/7498/1306
f 7500/7499/974 7502/7501/975 7501/7502/975 7499/7500/974
f 7502/7501/975 7504/7503/976 7503/7504/976 7501/7502/975
f 7504/7503/976 7506/7505/1307 7505/7506/1307 7503/7504/976
f 7506/7505/1307 7508/7507/978 7507/7508/978 7505/7506/1307
f 7508/7507/978 7510/7509/1308 7509/7510/1308 7507/7508/978
f 7510/7509/1308 7512/7511/1309 7511/7512/1309 7509/7510/1308
f 7512/7511/1309 7514/7513/981 7513/7514/981 7511/7512/1309
f 7514/7513/981 7516/7515/982 7515/7516/982 7513/7514/981
f 7516/7515/982 7518/7517/983 7517/7518/983 7515/7516/982
f 7518/7517/983 7520/7519/984 7519/7520/984 7517/7518/983
f 7520/7519/984 7522/7521/985 7521/7522/985 7519/7520/984
f 7522/7521/985 7524/7523/986 7523/7524/986 7521/7522/985
f 7524/7523/986 7526/7525/987 7525/7526/987 7523/7524/986
f 7526/7525/987 7528/7527/988 7527/7528/988 7525/7526/987
f 7528/7527/988 7530/7529/989 7529/7530/989 7527/7528/988
f 7530/7529/989 7532/7531/990 7531/7532/990 7529/7530/989
f 7532/7531/990 7534/7533/991 7533/7534/991 7531/7532/990
f 7534/7533/991 7536/7535/992 7535/7536/992 7533/7534/991
f 7536/7535/992 7538/7537/993 7537/7538/993 7535/7536/992
f 7538/7537/993 7540/7539/994 7539/7540/994 7537/7538/993
f 7540/7539/994 7542/7541/995 7541/7542/995 7539/7540/994
f 7542/7541/995 7544/7543/996 7543/7544/996 7541/7542/995
f 7544/7543/996 7546/7545/997 7545/7546/997 7543/7544/996
f 7546/7545/997 7548/7547/998 7547/7548/998 7545/7546/997
f 7548/7547/998 7550/7549/999 7549/7550/999 7547/7548/998
f 7550/7549/999 7552/7551/1000 7551/7552/1000 7549/7550/999
f 7552/7551/1000 7554/7553/1001 7553/7554/1001 7551/7552/1000
f 7554/7553/1001 7556/7555/1002 7555/7556/1002 7553/7554/1001
f 7556/7555/1002 7558/7557/1003 7557/7558/1003 7555/7556/1002
f 7558/7557/1003 7560/7559/12 7559/7560/12 7557/7558/1003
f 7560/7559/12 7562/7561/1004 7561/7562/1004 7559/7560/12
f 7562/7561/1004 7564/7563/1005 7563/7564/1005 7561/7562/1004
f 7564/7563/1005 7566/7565/1006 7565/7566/1006 7563/7564/1005
f 7566/7565/1006 7568/7567/1007 7567/7568/1007 7565/7566/1006
f 7568/7567/1007 7570/7569/1008 7569/7570/1008 7567/7568/1007
f 7570/7569/1008 7572/7571/1310 7571/7572/1310 7569/7570/1008
f 7572/7571/1310 7574/7573/1311 7573/7574/1311 7571/7572/1310
f 7574/7573/1311 7576/7575/1011 7575/7576/1011 7573/7574/1311
f 7576/7575/1011 7578/7577/1012 7577/7578/1012 7575/7576/1011
f 7578/7577/1012 7580/7579/1013 7579/7580/1013 7577/7578/1012
f 7580/7579/1013 7582/7581/1014 7581/7582/1014 7579/7580/1013
f 7582/7581/1014 7584/7583/1015 7583/7584/1015 7581/7582/1014
f 7584/7583/1015 7586/7585/1016 7585/7586/1016 7583/7584/1015
f 7586/7585/1016 7588/7587/1017 7587/7588/1017 7585/7586/1016
f 7588/7587/1017 7590/7589/1018 7589/7590/1018 7587/7588/1017
f 7590/7589/1018 7592/7591/1019 7591/7592/1019 7589/7590/1018
f 7592/7591/1019 7594/7593/1312 7593/7594/1312 7591/7592/1019
f 7594/7593/1312 7596/7595/1021 7595/7596/1021 7593/7594/1312
f 7596/7595/1021 7598/7597/1022 7597/7598/1022 7595/7596/1021
f 7598/7597/1022 7600/7599/689 7599/7600/689 7597/7598/1022
f 7600/7599/689 7602/7601/1313 7601/7602/1313 7599/7600/689
f 7602/7601/1313 7604/7603/1025 7603/7604/1025 7601/7602/1313
f 7604/7603/1025 7606/7605/1026 7605/7606/1026 7603/7604/1025
f 7606/7605/1026 7608/7607/1027 7607/7608/1027 7605/7606/1026
f 7608/7607/1027 7610/7609/1028 7609/7610/1028 7607/7608/1027
f 7610/7609/1028 7612/7611/1029 7611/7612/1029 7609/7610/1028
f 7612/7611/1029 7614/7613/1030 7613/7614/1030 7611/7612/1029
f 7614/7613/1030 7616/7615/1031 7615/7616/1031 7613/7614/1030
f 7616/7615/1031 7618/7617/1314 7617/7618/1314 7615/7616/1031
f 7618/7617/1314 7620/7619/1033 7619/7620/1033 7617/7618/1314
f 7620/7619/1033 7622/7621/1315 7621/7622/1315 7619/7620/1033
f 7622/7621/1315 7624/7623/1035 7623/7624/1035 7621/7622/1315
f 7624/7623/1035 7626/7625/1036 7625/7626/1036 7623/7624/1035
f 7626/7625/1036 7628/7627/1036 7627/7628/1036 7625/7626/1036
f 7628/7627/1036 7630/7629/1036 7629/7630/1036 7627/7628/1036
f 7630/7629/1036 7632/7631/1036 7631/7632/1036 7629/7630/1036
f 7632/7631/1036 7634/7633/1036 7633/7634/1036 7631/7632/1036
f 7634/7633/1036 7636/7635/1036 7635/7636/1036 7633/7634/1036
f 7636/7635/1036 7638/7637/1036 7637/7638/1036 7635/7636/1036
f 7638/7637/1036 7640/7639/1036 7639/7640/1036 7637/7638/1036
f 7640/7639/1036 7642/7641/1036 7641/7642/1036 7639/7640/1036
f 7642/7641/1036 7644/7643/1036 7643/7644/1036 7641/7642/1036
f 7644/7643/1036 7646/7645/1036 7645/7646/1036 7643/7644/1036
f 7646/7645/1036 7648/7647/1316 7647/7648/1316 7645/7646/1036
f 7648/7647/1316 7472/7471/1303 7471/7474/1303 7647/7648/1316
f 7650/7649/1317 7652/7650/1317 7651/7651/1317 7649/7652/1317
f 7652/7650/1317 7654/7653/1317 7653/7654/1317 7651/7651/1317
f 7654/7653/1317 7656/7655/1317 7655/7656/1317 7653/7654/1317
f 7656/7655/1317 7658/7657/1317 7657/7658/1317 7655/7656/1317
f 7658/7657/1317 7660/7659/1317 7659/7660/1317 7657/7658/1317
f 7660/7659/1317 7662/7661/1317 7661/7662/1317 7659/7660/1317
f 7662/7661/1317 7664/7663/1317 7663/7664/1317 7661/7662/1317
f 7664/7663/1317 7666/7665/1317 7665/7666/1317 7663/7664/1317
f 7666/7665/1317 7668/7667/1317 7667/7668/1317 7665/7666/1317
f 7668/7667/1317 7670/7669/1317 7669/7670/1317 7667/7668/1317
f 7670/7669/1317 7672/7671/1318 7671/7672/1318 7669/7670/1317
f 7672/7671/1318 7674/7673/1319 7673/7674/1319 7671/7672/1318
f 7674/7673/1319 7676/7675/1320 7675/7676/1320 7673/7674/1319
f 7676/7675/1320 7678/7677/1321 7677/7678/1321 7675/7676/1320
f 7678/7677/1321 7680/7679/1322 7679/7680/1322 7677/7678/1321
f 7680/7679/1322 7682/7681/1323 7681/7682/1323 7679/7680/1322
f 7682/7681/1323 7684/7683/1324 7683/7684/1324 7681/7682/1323
f 7684/7683/1324 7686/7685/474 7685/7686/474 7683/7684/1324
f 7686/7685/474 7688/7687/1325 7687/7688/1325 7685/7686/474
f 7688/7687/1325 7690/7689/1326 7689/7690/1326 7687/7688/1325
f 7690/7689/1326 7692/7691/1327 7691/7692/1327 7689/7690/1326
f 7692/7691/1327 7694/7693/1328 7693/7694/1328 7691/7692/1327
f 7694/7693/1328 7696/7695/1329 7695/7696/1329 7693/7694/1328
f 7696/7695/1329 7698/7697/1330 7697/7698/1330 7695/7696/1329
f 7698/7697/1330 7700/7699/1331 7699/7700/1331 7697/7698/1330
f 7700/7699/1331 7702/7701/1332 7701/7702/1332 7699/7700/1331
f 7702/7701/1332 7704/7703/1333 7703/7704/1333 7701/7702/1332
f 7704/7703/1333 7706/7705/1334 7705/7706/1334 7703/7704/1333
f 7706/7705/1334 7708/7707/1335 7707/7708/1335 7705/7706/1334
f 7708/7707/1335 7710/7709/1336 7709/7710/1336 7707/7708/1335
f 7710/7709/1336 7712/7711/1337 7711/7712/1337 7709/7710/1336
f 7712/7711/1337 7714/7713/1338 7713/7714/1338 7711/7712/1337
f 7714/7713/1338 7716/7715/1339 7715/7716/1339 7713/7714/1338
f 7716/7715/1339 7718/7717/1340 7717/7718/1340 7715/7716/1339
f 7718/7717/1340 7720/7719/1341 7719/7720/1341 7717/7718/1340
f 7720/7719/1341 7722/7721/1342 7721/7722/1342 7719/7720/1341
f 7722/7721/1342 7724/7723/1343 7723/7724/1343 7721/7722/1342
f 7724/7723/1343 7726/7725/1344 7725/7726/1344 7723/7724/1343
f 7726/7725/1344 7728/7727/1345 7727/7728/1345 7725/7726/1344
f 7728/7727/1345 7730/7729/1346 7729/7730/1346 7727/7728/1345
f 7730/7729/1346 7732/7731/1347 7731/7732/1347 7729/7730/1346
f 7732/7731/1347 7734/7733/1348 7733/7734/1348 7731/7732/1347
f 7734/7733/1348 7736/7735/1349 7735/7736/1349 7733/7734/1348
f 7736/7735/1349 7738/7737/1350 7737/7738/1350 7735/7736/1349
f 7738/7737/1350 7740/7739/1351 7739/7740/1351 7737/7738/1350
f 7740/7739/1351 7742/7741/1352 7741/7742/1352 7739/7740/1351
f 7742/7741/1352 7744/7743/1353 7743/7744/1353 7741/7742/1352
f 7744/7743/1353 7746/7745/1354 7745/7746/1354 7743/7744/1353
f 7746/7745/1354 7748/7747/1355 7747/7748/1355 7745/7746/1354
f 7748/7747/1355 7750/7749/1356 7749/7750/1356 7747/7748/1355
f 7750/7749/1356 7752/7751/1357 7751/7752/1357 7749/7750/1356
f 7752/7751/1357 7754/7753/1358 7753/7754/1358 7751/7752/1357
f 7754/7753/1358 7756/7755/1359 7755/7756/1359 7753/7754/1358
f 7756/7755/1359 7758/7757/1360 7757/7758/1360 7755/7756/1359
f 7758/7757/1360 7760/7759/1361 7759/7760/1361 7757/7758/1360
f 7760/7759/1361 7762/7761/1362 7761/7762/1362 7759/7760/1361
f 7762/7761/1362 7764/7763/1363 7763/7764/1363 7761/7762/1362
f 7764/7763/1363 7766/7765/1364 7765/7766/1364 7763/7764/1363
f 7766/7765/1364 7768/7767/1365 7767/7768/1365 7765/7766/1364
f 7768/7767/1365 7770/7769/1366 7769/7770/1366 7767/7768/1365
f 7770/7769/1366 7772/7771/1036 7771/7772/1036 7769/7770/1366
f 7772/7771/1036 7774/7773/1036 7773/7774/1036 7771/7772/1036
f 7774/7773/1036 7776/7775/1036 7775/7776/1036 7773/7774/1036
f 7776/7775/1036 7778/7777/1036 7777/7778/1036 7775/7776/1036
f 7778/7777/1036 7780/7779/1036 7779/7780/1036 7777/7778/1036
f 7780/7779/1036 7782/7781/1036 7781/7782/1036 7779/7780/1036
f 7782/7781/1036 7784/7783/1036 7783/7784/1036 7781/7782/1036
f 7784/7783/1036 7786/7785/1036 7785/7786/1036 7783/7784/1036
f 7786/7785/1036 7788/7787/1036 7787/7788/1036 7785/7786/1036
f 7788/7787/1036 7790/7789/1036 7789/7790/1036 7787/7788/1036
f 7790/7789/1036 7792/7791/1036 7791/7792/1036 7789/7790/1036
f 7792/7791/1036 7794/7793/1367 7793/7794/1367 7791/7792/1036
f 7794/7793/1367 7796/7795/1368 7795/7796/1368 7793/7794/1367
f 7796/7795/1368 7798/7797/1369 7797/7798/1369 7795/7796/1368
f 7798/7797/1369 7800/7799/1370 7799/7800/1370 7797/7798/1369
f 7800/7799/1370 7802/7801/1371 7801/7802/1371 7799/7800/1370
f 7802/7801/1371 7804/7803/1372 7803/7804/1372 7801/7802/1371
f 7804/7803/1372 7806/7805/1373 7805/7806/1373 7803/7804/1372
f 7806/7805/1373 7808/7807/1374 7807/7808/1374 7805/7806/1373
f 7808/7807/1374 7810/7809/1375 7809/7810/1375 7807/7808/1374
f 7810/7809/1375 7812/7811/1376 7811/7812/1376 7809/7810/1375
f 7812/7811/1376 7814/7813/1377 7813/7814/1377 7811/7812/1376
f 7814/7813/1377 7816/7815/1378 7815/7816/1378 7813/7814/1377
f 7816/7815/1378 7818/7817/1379 7817/7818/1379 7815/7816/1378
f 7818/7817/1379 7820/7819/1380 7819/7820/1380 7817/7818/1379
f 7820/7819/1380 7822/7821/1381 7821/7822/1381 7819/7820/1380
f 7822/7821/1381 7824/7823/1382 7823/7824/1382 7821/7822/1381
f 7824/7823/1382 7826/7825/1383 7825/7826/1383 7823/7824/1382
f 7826/7825/1383 7828/7827/1384 7827/7828/1384 7825/7826/1383
f 7828/7827/1384 7830/7829/1385 7829/7830/1385 7827/7828/1384
f 7830/7829/1385 7832/7831/1386 7831/7832/1386 7829/7830/1385
f 7832/7831/1386 7834/7833/1387 7833/7834/1387 7831/7832/1386
f 7834/7833/1387 7836/7835/1388 7835/7836/1388 7833/7834/1387
f 7836/7835/1388 7838/7837/1389 7837/7838/1389 7835/7836/1388
f 7838/7837/1389 7840/7839/1390 7839/7840/1390 7837/7838/1389
f 7840/7839/1390 7842/7841/1391 7841/7842/1391 7839/7840/1390
f 7842/7841/1391 7844/7843/1392 7843/7844/1392 7841/7842/1391
f 7844/7843/1392 7650/7649/1317 7649/7652/1317 7843/7844/1392
f 7846/7845/1317 7848/7846/1317 7847/7847/1317 7845/7848/1317
f 7848/7846/1317 7850/7849/1317 7849/7850/1317 7847/7847/1317
f 7850/7849/1317 7852/7851/1317 7851/7852/1317 7849/7850/1317
f 7852/7851/1317 7854/7853/1317 7853/7854/1317 7851/7852/1317
f 7854/7853/1317 7856/7855/1317 7855/7856/1317 7853/7854/1317
f 7856/7855/1317 7858/7857/1317 7857/7858/1317 7855/7856/1317
f 7858/7857/1317 7860/7859/1317 7859/7860/1317 7857/7858/1317
f 7860/7859/1317 7862/7861/1317 7861/7862/1317 7859/7860/1317
f 7862/7861/1317 7864/7863/1317 7863/7864/1317 7861/7862/1317
f 7864/7863/1317 7866/7865/1317 7865/7866/1317 7863/7864/1317
f 7866/7865/1317 7868/7867/1393 7867/7868/1393 7865/7866/1317
f 7868/7867/1393 7870/7869/1394 7869/7870/1394 7867/7868/1393
f 7870/7869/1394 7872/7871/1395 7871/7872/1395 7869/7870/1394
f 7872/7871/1395 7874/7873/1396 7873/7874/1396 7871/7872/1395
f 7874/7873/1396 7876/7875/1397 7875/7876/1397 7873/7874/1396
f 7876/7875/1397 7878/7877/1398 7877/7878/1398 7875/7876/1397
f 7878/7877/1398 7880/7879/1399 7879/7880/1399 7877/7878/1398
f 7880/7879/1399 7882/7881/1400 7881/7882/1400 7879/7880/1399
f 7882/7881/1400 7884/7883/1401 7883/7884/1401 7881/7882/1400
f 7884/7883/1401 7886/7885/1402 7885/7886/1402 7883/7884/1401
f 7886/7885/1402 7888/7887/1403 7887/7888/1403 7885/7886/1402
f 7888/7887/1403 7890/7889/1404 7889/7890/1404 7887/7888/1403
f 7890/7889/1404 7892/7891/1405 7891/7892/1405 7889/7890/1404
f 7892/7891/1405 7894/7893/1406 7893/7894/1406 7891/7892/1405
f 7894/7893/1406 7896/7895/1407 7895/7896/1407 7893/7894/1406
f 7896/7895/1407 7898/7897/1408 7897/7898/1408 7895/7896/1407
f 7898/7897/1408 7900/7899/1409 7899/7900/1409 7897/7898/1408
f 7900/7899/1409 7902/7901/1410 7901/7902/1410 7899/7900/1409
f 7902/7901/1410 7904/7903/1411 7903/7904/1411 7901/7902/1410
f 7904/7903/1411 7906/7905/1412 7905/7906/1412 7903/7904/1411
f 7906/7905/1412 7908/7907/1413 7907/7908/1413 7905/7906/1412
f 7908/7907/1413 7910/7909/1414 7909/7910/1414 7907/7908/1413
f 7910/7909/1414 7912/7911/1415 7911/7912/1415 7909/7910/1414
f 7912/7911/1415 7914/7913/1416 7913/7914/1416 7911/7912/1415
f 7914/7913/1416 7916/7915/1417 7915/7916/1417 7913/7914/1416
f 7916/7915/1417 7918/7917/1418 7917/7918/1418 7915/7916/1417
f 7918/7917/1418 7920/7919/1036 7919/7920/1036 7917/7918/1418
f 7920/7919/1036 7922/7921/1036 7921/7922/1036 7919/7920/1036
f 7922/7921/1036 7924/7923/1036 7923/7924/1036 7921/7922/1036
f 7924/7923/1036 7926/7925/1036 7925/7926/1036 7923/7924/1036
f 7926/7925/1036 7928/7927/1036 7927/7928/1036 7925/7926/1036
f 7928/7927/1036 7930/7929/1036 7929/7930/1036 7927/7928/1036
f 7930/7929/1036 7932/7931/1036 7931/7932/1036 7929/7930/1036
f 7932/7931/1036 7934/7933/1036 7933/7934/1036 7931/7932/1036
f 7934/7933/1036 7936/7935/1036 7935/7936/1036 7933/7934/1036
f 7936/7935/1036 7938/7937/1036 7937/7938/1036 7935/7936/1036
f 7938/7937/1036 7940/7939/1036 7939/7940/1036 7937/7938/1036
f 7940/7939/1036 7942/7941/1419 7941/7942/1419 7939/7940/1036
f 7942/7941/1419 7944/7943/1420 7943/7944/1420 7941/7942/1419
f 7944/7943/1420 7946/7945/1421 7945/7946/1421 7943/7944/1420
f 7946/7945/1421 7948/7947/1422 7947/7948/1422 7945/7946/1421
f 7948/7947/1422 7950/7949/1423 7949/7950/1423 7947/7948/1422
f 7950/7949/1423 7952/7951/1424 7951/7952/1424 7949/7950/1423
f 7952/7951/1424 7954/7953/1425 7953/7954/1425 7951/7952/1424
f 7954/7953/1425 7956/7955/1426 7955/7956/1426 7953/7954/1425
f 7956/7955/1426 7958/7957/1427 7957/7958/1427 7955/7956/1426
f 7958/7957/1427 7960/7959/1428 7959/7960/1428 7957/7958/1427
f 7960/7959/1428 7962/7961/1429 7961/7962/1429 7959/7960/1428
f 7962/7961/1429 7964/7963/1430 7963/7964/1430 7961/7962/1429
f 7964/7963/1430 7966/7965/1431 7965/7966/1431 7963/7964/1430
f 7966/7965/1431 7968/7967/1432 7967/7968/1432 7965/7966/1431
f 7968/7967/1432 7970/7969/1433 7969/7970/1433 7967/7968/1432
f 7970/7969/1433 7972/7971/1434 7971/7972/1434 7969/7970/1433
f 7972/7971/1434 7974/7973/1435 7973/7974/1435 7971/7972/1434
f 7974/7973/1435 7976/7975/1436 7975/7976/1436 7973/7974/1435
f 7976/7975/1436 7978/7977/1437 7977/7978/1437 7975/7976/1436
f 7978/7977/1437 7980/7979/1438 7979/7980/1438 7977/7978/1437
f 7980/7979/1438 7982/7981/1439 7981/7982/1439 7979/7980/1438
f 7982/7981/1439 7984/7983/1440 7983/7984/1440 7981/7982/1439
f 7984/7983/1440 7986/7985/1441 7985/7986/1441 7983/7984/1440
f 7986/7985/1441 7988/7987/1442 7987/7988/1442 7985/7986/1441
f 7988/7987/1442 7990/7989/1443 7989/7990/1443 7987/7988/1442
f 7990/7989/1443 7992/7991/1444 7991/7992/1444 7989/7990/1443
f 7992/7991/1444 7846/7845/1317 7845/7848/1317 7991/7992/1444
f 7994/7993/1445 7996/7994/1446 7995/7995/1446 7993/7996/1445
f 7996/7994/1446 7998/7997/1447 7997/7998/1447 7995/7995/1446
f 7998/7997/1447 8000/7999/1448 7999/8000/1448 7997/7998/1447
f 8000/7999/1448 8002/8001/1449 8001/8002/1449 7999/8000/1448
f 8002/8001/1449 8004/8003/1450 8003/8004/1450 8001/8002/1449
f 8004/8003/1450 8006/8005/1451 8005/8006/1451 8003/8004/1450
f 8006/8005/1451 8008/8007/1452 8007/8008/1452 8005/8006/1451
f 8008/8007/1452 8010/8009/1453 8009/8010/1453 8007/8008/1452
f 8010/8009/1453 8012/8011/701 8011/8012/701 8009/8010/1453
f 8012/8011/701 8014/8013/1454 8013/8014/1454 8011/8012/701
f 8014/8013/1454 8016/8015/1455 8015/8016/1455 8013/8014/1454
f 8016/8015/1455 8018/8017/1456 8017/8018/1456 8015/8016/1455
f 8018/8017/1456 8020/8019/1457 8019/8020/1457 8017/8018/1456
f 8020/8019/1457 8022/8021/1458 8021/8022/1458 8019/8020/1457
f 8022/8021/1458 8024/8023/1459 8023/8024/1459 8021/8022/1458
f 8024/8023/1459 8026/8025/1460 8025/8026/1460 8023/8024/1459
f 8026/8025/1460 8028/8027/1461 8027/8028/1461 8025/8026/1460
f 8028/8027/1461 8030/8029/1462 8029/8030/1462 8027/8028/1461
f 8030/8029/1462 8032/8031/1463 8031/8032/1463 8029/8030/1462
f 8032/8031/1463 8034/8033/1464 8033/8034/1464 8031/8032/1463
f 8034/8033/1464 8036/8035/1465 8035/8036/1465 8033/8034/1464
f 8036/8035/1465 8038/8037/1466 8037/8038/1466 8035/8036/1465
f 8038/8037/1466 8040/8039/1467 8039/8040/1467 8037/8038/1466
f 8040/8039/1467 8042/8041/1468 8041/8042/1468 8039/8040/1467
f 8042/8041/1468 8044/8043/506 8043/8044/506 8041/8042/1468
f 8044/8043/506 8046/8045/506 8045/8046/506 8043/8044/506
f 8046/8045/506 8048/8047/506 8047/8048/506 8045/8046/506
f 8048/8047/506 8050/8049/506 8049/8050/506 8047/8048/506
f 8050/8049/506 8052/8051/506 8051/8052/506 8049/8050/506
f 8052/8051/506 8054/8053/506 8053/8054/506 8051/8052/506
f 8054/8053/506 8056/8055/506 8055/8056/506 8053/8054/506
f 8056/8055/506 8058/8057/506 8057/8058/506 8055/8056/506
f 8058/8057/506 8060/8059/506 8059/8060/506 8057/8058/506
f 8060/8059/506 8062/8061/506 8061/8062/506 8059/8060/506
f 8062/8061/506 8064/8063/506 8063/8064/506 8061/8062/506
f 8064/8063/506 8066/8065/1469 8065/8066/1469 8063/8064/506
f 8066/8065/1469 8068/8067/1470 8067/8068/1470 8065/8066/1469
f 8068/8067/1470 8070/8069/510 8069/8070/510 8067/8068/1470
f 8070/8069/510 8072/8071/1471 8071/8072/1471 8069/8070/510
f 8072/8071/1471 8074/8073/1472 8073/8074/1472 8071/8072/1471
f 8074/8073/1472 8076/8075/1285 8075/8076/1285 8073/8074/1472
f 8076/8075/1285 8078/8077/1473 8077/8078/1473 8075/8076/1285
f 8078/8077/1473 8080/8079/1474 8079/8080/1474 8077/8078/1473
f 8080/8079/1474 8082/8081/1475 8081/8082/1475 8079/8080/1474
f 8082/8081/1475 8084/8083/1476 8083/8084/1476 8081/8082/1475
f 8084/8083/1476 8086/8085/1477 8085/8086/1477 8083/8084/1476
f 8086/8085/1477 8088/8087/1478 8087/8088/1478 8085/8086/1477
f 8088/8087/1478 8090/8089/1479 8089/8090/1479 8087/8088/1478
f 8090/8089/1479 8092/8091/1480 8091/8092/1480 8089/8090/1479
f 8092/8091/1480 8094/8093/1481 8093/8094/1481 8091/8092/1480
f 8094/8093/1481 8096/8095/1482 8095/8096/1482 8093/8094/1481
f 8096/8095/1482 8098/8097/1483 8097/8098/1483 8095/8096/1482
f 8098/8097/1483 8100/8099/1484 8099/8100/1484 8097/8098/1483
f 8100/8099/1484 8102/8101/1485 8101/8102/1485 8099/8100/1484
f 8102/8101/1485 8104/8103/1486 8103/8104/1486 8101/8102/1485
f 8104/8103/1486 8106/8105/1487 8105/8106/1487 8103/8104/1486
f 8106/8105/1487 8108/8107/1488 8107/8108/1488 8105/8106/1487
f 8108/8107/1488 8110/8109/1489 8109/8110/1489 8107/8108/1488
f 8110/8109/1489 8112/8111/1490 8111/8112/1490 8109/8110/1489
f 8112/8111/1490 8114/8113/1491 8113/8114/1491 8111/8112/1490
f 8114/8113/1491 8116/8115/1492 8115/8116/1492 8113/8114/1491
f 8116/8115/1492 8118/8117/481 8117/8118/481 8115/8116/1492
f 8118/8117/481 8120/8119/481 8119/8120/481 8117/8118/481
f 8120/8119/481 8122/8121/481 8121/8122/481 8119/8120/481
f 8122/8121/481 8124/8123/481 8123/8124/481 8121/8122/481
f 8124/8123/481 8126/8125/481 8125/8126/481 8123/8124/481
f 8126/8125/481 8128/8127/481 8127/8128/481 8125/8126/481
f 8128/8127/481 8130/8129/481 8129/8130/481 8127/8128/481
f 8130/8129/481 8132/8131/481 8131/8132/481 8129/8130/481
f 8132/8131/481 8134/8133/481 8133/8134/481 8131/8132/481
f 8134/8133/481 8136/8135/481 8135/8136/481 8133/8134/481
f 8136/8135/481 8138/8137/481 8137/8138/481 8135/8136/481
f 8138/8137/481 8140/8139/1493 8139/8140/1493 8137/8138/481
f 8140/8139/1493 8142/8141/1494 8141/8142/1494 8139/8140/1493
f 8142/8141/1494 8144/8143/1495 8143/8144/1495 8141/8142/1494
f 8144/8143/1495 8146/8145/1496 8145/8146/1496 8143/8144/1495
f 8146/8145/1496 8148/8147/1497 8147/8148/1497 8145/8146/1496
f 8148/8147/1497 8150/8149/1498 8149/8150/1498 8147/8148/1497
f 8150/8149/1498 8152/8151/1499 8151/8152/1499 8149/8150/1498
f 8152/8151/1499 8154/8153/1500 8153/8154/1500 8151/8152/1499
f 8154/8153/1500 8156/8155/1501 8155/8156/1501 8153/8154/1500
f 8156/8155/1501 8158/8157/1502 8157/8158/1502 8155/8156/1501
f 8158/8157/1502 8160/8159/1503 8159/8160/1503 8157/8158/1502
f 8160/8159/1503 8162/8161/1504 8161/8162/1504 8159/8160/1503
f 8162/8161/1504 8164/8163/1505 8163/8164/1505 8161/8162/1504
f 8164/8163/1505 8166/8165/1506 8165/8166/1506 8163/8164/1505
f 8166/8165/1506 8168/8167/1507 8167/8168/1507 8165/8166/1506
f 8168/8167/1507 8170/8169/1508 8169/8170/1508 8167/8168/1507
f 8170/8169/1508 8172/8171/1509 8171/8172/1509 8169/8170/1508
f 8172/8171/1509 8174/8173/1510 8173/8174/1510 8171/8172/1509
f 8174/8173/1510 8176/8175/1511 8175/8176/1511 8173/8174/1510
f 8176/8175/1511 8178/8177/1512 8177/8178/1512 8175/8176/1511
f 8178/8177/1512 8180/8179/1513 8179/8180/1513 8177/8178/1512
f 8180/8179/1513 8182/8181/1514 8181/8182/1514 8179/8180/1513
f 8182/8181/1514 8184/8183/1515 8183/8184/1515 8181/8182/1514
f 8184/8183/1515 8186/8185/1516 8185/8186/1516 8183/8184/1515
f 8186/8185/1516 8188/8187/1517 8187/8188/1517 8185/8186/1516
f 8188/8187/1517 8190/8189/1518 8189/8190/1518 8187/8188/1517
f 8190/8189/1518 7994/7993/1445 7993/7996/1445 8189/8190/1518
f 8192/8191/1519 8194/8192/1520 8193/8193/1520 8191/8194/1519
f 8194/8192/1520 8196/8195/1521 8195/8196/1521 8193/8193/1520
f 8196/8195/1521 8198/8197/1522 8197/8198/1522 8195/8196/1521
f 8198/8197/1522 8200/8199/1523 8199/8200/1523 8197/8198/1522
f 8200/8199/1523 8202/8201/1524 8201/8202/1524 8199/8200/1523
f 8202/8201/1524 8204/8203/1525 8203/8204/1525 8201/8202/1524
f 8204/8203/1525 8206/8205/1526 8205/8206/1526 8203/8204/1525
f 8206/8205/1526 8208/8207/1527 8207/8208/1527 8205/8206/1526
f 8208/8207/1527 8210/8209/1528 8209/8210/1528 8207/8208/1527
f 8210/8209/1528 8212/8211/1529 8211/8212/1529 8209/8210/1528
f 8212/8211/1529 8214/8213/1530 8213/8214/1530 8211/8212/1529
f 8214/8213/1530 8216/8215/1531 8215/8216/1531 8213/8214/1530
f 8216/8215/1531 8218/8217/1532 8217/8218/1532 8215/8216/1531
f 8218/8217/1532 8220/8219/1533 8219/8220/1533 8217/8218/1532
f 8220/8219/1533 8222/8221/1534 8221/8222/1534 8219/8220/1533
f 8222/8221/1534 8224/8223/1535 8223/8224/1535 8221/8222/1534
f 8224/8223/1535 8226/8225/1536 8225/8226/1536 8223/8224/1535
f 8226/8225/1536 8228/8227/1537 8227/8228/1537 8225/8226/1536
f 8228/8227/1537 8230/8229/1538 8229/8230/1538 8227/8228/1537
f 8230/8229/1538 8232/8231/1539 8231/8232/1539 8229/8230/1538
f 8232/8231/1539 8234/8233/1540 8233/8234/1540 8231/8232/1539
f 8234/8233/1540 8236/8235/1541 8235/8236/1541 8233/8234/1540
f 8236/8235/1541 8238/8237/1542 8237/8238/1542 8235/8236/1541
f 8238/8237/1542 8240/8239/1543 8239/8240/1543 8237/8238/1542
f 8240/8239/1543 8242/8241/1544 8241/8242/1544 8239/8240/1543
f 8242/8241/1544 8244/8243/1545 8243/8244/1545 8241/8242/1544
f 8244/8243/1545 8246/8245/1546 8245/8246/1546 8243/8244/1545
f 8246/8245/1546 8248/8247/1547 8247/8248/1547 8245/8246/1546
f 8248/8247/1547 8250/8249/1423 8249/8250/1423 8247/8248/1547
f 8250/8249/1423 8252/8251/1548 8251/8252/1548 8249/8250/1423
f 8252/8251/1548 8254/8253/1549 8253/8254/1549 8251/8252/1548
f 8254/8253/1549 8256/8255/1550 8255/8256/1550 8253/8254/1549
f 8256/8255/1550 8258/8257/1551 8257/8258/1551 8255/8256/1550
f 8258/8257/1551 8260/8259/1552 8259/8260/1552 8257/8258/1551
f 8260/8259/1552 8262/8261/1553 8261/8262/1553 8259/8260/1552
f 8262/8261/1553 8264/8263/1554 8263/8264/1554 8261/8262/1553
f 8264/8263/1554 8266/8265/1555 8265/8266/1555 8263/8264/1554
f 8266/8265/1555 8268/8267/1556 8267/8268/1556 8265/8266/1555
f 8268/8267/1556 8270/8269/1557 8269/8270/1557 8267/8268/1556
f 8270/8269/1557 8272/8271/1558 8271/8272/1558 8269/8270/1557
f 8272/8271/1558 8274/8273/1559 8273/8274/1559 8271/8272/1558
f 8274/8273/1559 8276/8275/1560 8275/8276/1560 8273/8274/1559
f 8276/8275/1560 8278/8277/1561 8277/8278/1561 8275/8276/1560
f 8278/8277/1561 8280/8279/1562 8279/8280/1562 8277/8278/1561
f 8280/8279/1562 8282/8281/1563 8281/8282/1563 8279/8280/1562
f 8282/8281/1563 8284/8283/1564 8283/8284/1564 8281/8282/1563
f 8284/8283/1564 8286/8285/1565 8285/8286/1565 8283/8284/1564
f 8286/8285/1565 8288/8287/1566 8287/8288/1566 8285/8286/1565
f 8288/8287/1566 8290/8289/1567 8289/8290/1567 8287/8288/1566
f 8290/8289/1567 8192/8191/1519 8191/8194/1519 8289/8290/1567
f 8292/8291/1036 8294/8292/1036 8293/8293/1036 8291/8294/1036
f 8294/8292/1036 8296/8295/1036 8295/8296/1036 8293/8293/1036
f 8296/8295/1036 8298/8297/1036 8297/8298/1036 8295/8296/1036
f 8298/8297/1036 8300/8299/1036 8299/8300/1036 8297/8298/1036
f 8300/8299/1036 8302/8301/1036 8301/8302/1036 8299/8300/1036
f 8302/8301/1036 8304/8303/1036 8303/8304/1036 8301/8302/1036
f 8304/8303/1036 8306/8305/1036 8305/8306/1036 8303/8304/1036
f 8306/8305/1036 8308/8307/1036 8307/8308/1036 8305/8306/1036
f 8308/8307/1036 8310/8309/1036 8309/8310/1036 8307/8308/1036
f 8310/8309/1036 8312/8311/1036 8311/8312/1036 8309/8310/1036
f 8312/8311/1036 8314/8313/1568 8313/8314/1568 8311/8312/1036
f 8314/8313/1568 8316/8315/1569 8315/8316/1569 8313/8314/1568
f 8316/8315/1569 8318/8317/1570 8317/8318/1570 8315/8316/1569
f 8318/8317/1570 8320/8319/1571 8319/8320/1571 8317/8318/1570
f 8320/8319/1571 8322/8321/1572 8321/8322/1572 8319/8320/1571
f 8322/8321/1572 8324/8323/1573 8323/8324/1573 8321/8322/1572
f 8324/8323/1573 8326/8325/1574 8325/8326/1574 8323/8324/1573
f 8326/8325/1574 8328/8327/1575 8327/8328/1575 8325/8326/1574
f 8328/8327/1575 8330/8329/1576 8329/8330/1576 8327/8328/1575
f 8330/8329/1576 8332/8331/1577 8331/8332/1577 8329/8330/1576
f 8332/8331/1577 8334/8333/1578 8333/8334/1578 8331/8332/1577
f 8334/8333/1578 8336/8335/1579 8335/8336/1579 8333/8334/1578
f 8336/8335/1579 8338/8337/1580 8337/8338/1580 8335/8336/1579
f 8338/8337/1580 8340/8339/1581 8339/8340/1581 8337/8338/1580
f 8340/8339/1581 8342/8341/1582 8341/8342/1582 8339/8340/1581
f 8342/8341/1582 8344/8343/1583 8343/8344/1583 8341/8342/1582
f 8344/8343/1583 8346/8345/1584 8345/8346/1584 8343/8344/1583
f 8346/8345/1584 8348/8347/1585 8347/8348/1585 8345/8346/1584
f 8348/8347/1585 8350/8349/1586 8349/8350/1586 8347/8348/1585
f 8350/8349/1586 8352/8351/1587 8351/8352/1587 8349/8350/1586
f 8352/8351/1587 8354/8353/1588 8353/8354/1588 8351/8352/1587
f 8354/8353/1588 8356/8355/1589 8355/8356/1589 8353/8354/1588
f 8356/8355/1589 8358/8357/1590 8357/8358/1590 8355/8356/1589
f 8358/8357/1590 8360/8359/1591 8359/8360/1591 8357/8358/1590
f 8360/8359/1591 8362/8361/1443 8361/8362/1443 8359/8360/1591
f 8362/8361/1443 8364/8363/1592 8363/8364/1592 8361/8362/1443
f 8364/8363/1592 8366/8365/1317 8365/8366/1317 8363/8364/1592
f 8366/8365/1317 8368/8367/1317 8367/8368/1317 8365/8366/1317
f 8368/8367/1317 8370/8369/1317 8369/8370/1317 8367/8368/1317
f 8370/8369/1317 8372/8371/1317 8371/8372/1317 8369/8370/1317
f 8372/8371/1317 8374/8373/1317 8373/8374/1317 8371/8372/1317
f 8374/8373/1317 8376/8375/1317 8375/8376/1317 8373/8374/1317
f 8376/8375/1317 8378/8377/1317 8377/8378/1317 8375/8376/1317
f 8378/8377/1317 8380/8379/1317 8379/8380/1317 8377/8378/1317
f 8380/8379/1317 8382/8381/1317 8381/8382/1317 8379/8380/1317
f 8382/8381/1317 8384/8383/1317 8383/8384/1317 8381/8382/1317
f 8384/8383/1317 8386/8385/1317 8385/8386/1317 8383/8384/1317
f 8386/8385/1317 8388/8387/1593 8387/8388/1593 8385/8386/1317
f 8388/8387/1593 8390/8389/1594 8389/8390/1594 8387/8388/1593
f 8390/8389/1594 8392/8391/1595 8391/8392/1595 8389/8390/1594
f 8392/8391/1595 8394/8393/1596 8393/8394/1596 8391/8392/1595
f 8394/8393/1596 8396/8395/1597 8395/8396/1597 8393/8394/1596
f 8396/8395/1597 8398/8397/1598 8397/8398/1598 8395/8396/1597
f 8398/8397/1598 8400/8399/1599 8399/8400/1599 8397/8398/1598
f 8400/8399/1599 8402/8401/1600 8401/8402/1600 8399/8400/1599
f 8402/8401/1600 8404/8403/1601 8403/8404/1601 8401/8402/1600
f 8404/8403/1601 8406/8405/1602 8405/8406/1602 8403/8404/1601
f 8406/8405/1602 8408/8407/1603 8407/8408/1603 8405/8406/1602
f 8408/8407/1603 8410/8409/1604 8409/8410/1604 8407/8408/1603
f 8410/8409/1604 8412/8411/1605 8411/8412/1605 8409/8410/1604
f 8412/8411/1605 8414/8413/1606 8413/8414/1606 8411/8412/1605
f 8414/8413/1606 8416/8415/1607 8415/8416/1607 8413/8414/1606
f 8416/8415/1607 8418/8417/1608 8417/8418/1608 8415/8416/1607
f 8418/8417/1608 8420/8419/1609 8419/8420/1609 8417/8418/1608
f 8420/8419/1609 8422/8421/1610 8421/8422/1610 8419/8420/1609
f 8422/8421/1610 8424/8423/1611 8423/8424/1611 8421/8422/1610
f 8424/8423/1611 8426/8425/1612 8425/8426/1612 8423/8424/1611
f 8426/8425/1612 8428/8427/1613 8427/8428/1613 8425/8426/1612
f 8428/8427/1613 8430/8429/1614 8429/8430/1614 8427/8428/1613
f 8430/8429/1614 8432/8431/1615 8431/8432/1615 8429/8430/1614
f 8432/8431/1615 8434/8433/1616 8433/8434/1616 8431/8432/1615
f 8434/8433/1616 8436/8435/1617 8435/8436/1617 8433/8434/1616
f 8436/8435/1617 8438/8437/1618 8437/8438/1618 8435/8436/1617
f 8438/8437/1618 8440/8439/1619 8439/8440/1619 8437/8438/1618
f 8440/8439/1619 8442/8441/1620 8441/8442/1620 8439/8440/1619
f 8442/8441/1620 8444/8443/1621 8443/8444/1621 8441/8442/1620
f 8444/8443/1621 8446/8445/1622 8445/8446/1622 8443/8444/1621
f 8446/8445/1622 8448/8447/1623 8447/8448/1623 8445/8446/1622
f 8448/8447/1623 8450/8449/1624 8449/8450/1624 8447/8448/1623
f 8450/8449/1624 8452/8451/1625 8451/8452/1625 8449/8450/1624
f 8452/8451/1625 8454/8453/1626 8453/8454/1626 8451/8452/1625
f 8454/8453/1626 8456/8455/1627 8455/8456/1627 8453/8454/1626
f 8456/8455/1627 8458/8457/1628 8457/8458/1628 8455/8456/1627
f 8458/8457/1628 8460/8459/1629 8459/8460/1629 8457/8458/1628
f 8460/8459/1629 8462/8461/1630 8461/8462/1630 8459/8460/1629
f 8462/8461/1630 8464/8463/1631 8463/8464/1631 8461/8462/1630
f 8464/8463/1631 8466/8465/1632 8465/8466/1632 8463/8464/1631
f 8466/8465/1632 8468/8467/1633 8467/8468/1633 8465/8466/1632
f 8468/8467/1633 8470/8469/1634 8469/8470/1634 8467/8468/1633
f 8470/8469/1634 8472/8471/1635 8471/8472/1635 8469/8470/1634
f 8472/8471/1635 8474/8473/1636 8473/8474/1636 8471/8472/1635
f 8474/8473/1636 8476/8475/1637 8475/8476/1637 8473/8474/1636
f 8476/8475/1637 8478/8477/1638 8477/8478/1638 8475/8476/1637
f 8478/8477/1638 8480/8479/1639 8479/8480/1639 8477/8478/1638
f 8480/8479/1639 8482/8481/1640 8481/8482/1640 8479/8480/1639
f 8482/8481/1640 8484/8483/1641 8483/8484/1641 8481/8482/1640
f 8484/8483/1641 8486/8485/1642 8485/8486/1642 8483/8484/1641
f 8486/8485/1642 8488/8487/1643 8487/8488/1643 8485/8486/1642
f 8488/8487/1643 8292/8291/1036 8291/8294/1036 8487/8488/1643
f 8490/8489/1644 8492/8490/1645 8491/8491/1645 8489/8492/1644
f 8492/8490/1645 8494/8493/1646 8493/8494/1646 8491/8491/1645
f 8494/8493/1646 8496/8495/1647 8495/8496/1647 8493/8494/1646
f 8496/8495/1647 8498/8497/1648 8497/8498/1648 8495/8496/1647
f 8498/8497/1648 8500/8499/1649 8499/8500/1649 8497/8498/1648
f 8500/8499/1649 8502/8501/1650 8501/8502/1650 8499/8500/1649
f 8502/8501/1650 8504/8503/1651 8503/8504/1651 8501/8502/1650
f 8504/8503/1651 8506/8505/1652 8505/8506/1652 8503/8504/1651
f 8506/8505/1652 8508/8507/1653 8507/8508/1653 8505/8506/1652
f 8508/8507/1653 8510/8509/1654 8509/8510/1654 8507/8508/1653
f 8510/8509/1654 8512/8511/1655 8511/8512/1655 8509/8510/1654
f 8512/8511/1655 8514/8513/1656 8513/8514/1656 8511/8512/1655
f 8514/8513/1656 8516/8515/1657 8515/8516/1657 8513/8514/1656
f 8516/8515/1657 8518/8517/1658 8517/8518/1658 8515/8516/1657
f 8518/8517/1658 8520/8519/1659 8519/8520/1659 8517/8518/1658
f 8520/8519/1659 8522/8521/1660 8521/8522/1660 8519/8520/1659
f 8522/8521/1660 8524/8523/1661 8523/8524/1661 8521/8522/1660
f 8524/8523/1661 8526/8525/1662 8525/8526/1662 8523/8524/1661
f 8526/8525/1662 8528/8527/1663 8527/8528/1663 8525/8526/1662
f 8528/8527/1663 8530/8529/1664 8529/8530/1664 8527/8528/1663
f 8530/8529/1664 8532/8531/1665 8531/8532/1665 8529/8530/1664
f 8532/8531/1665 8534/8533/1666 8533/8534/1666 8531/8532/1665
f 8534/8533/1666 8536/8535/1667 8535/8536/1667 8533/8534/1666
f 8536/8535/1667 8538/8537/1668 8537/8538/1668 8535/8536/1667
f 8538/8537/1668 8540/8539/1669 8539/8540/1669 8537/8538/1668
f 8540/8539/1669 8542/8541/1670 8541/8542/1670 8539/8540/1669
f 8542/8541/1670 8544/8543/1671 8543/8544/1671 8541/8542/1670
f 8544/8543/1671 8546/8545/1672 8545/8546/1672 8543/8544/1671
f 8546/8545/1672 8548/8547/973 8547/8548/973 8545/8546/1672
f 8548/8547/973 8550/8549/1673 8549/8550/1673 8547/8548/973
f 8550/8549/1673 8552/8551/1674 8551/8552/1674 8549/8550/1673
f 8552/8551/1674 8554/8553/1675 8553/8554/1675 8551/8552/1674
f 8554/8553/1675 8556/8555/1676 8555/8556/1676 8553/8554/1675
f 8556/8555/1676 8558/8557/1677 8557/8558/1677 8555/8556/1676
f 8558/8557/1677 8560/8559/1678 8559/8560/1678 8557/8558/1677
f 8560/8559/1678 8562/8561/1679 8561/8562/1679 8559/8560/1678
f 8562/8561/1679 8564/8563/1680 8563/8564/1680 8561/8562/1679
f 8564/8563/1680 8566/8565/1681 8565/8566/1681 8563/8564/1680
f 8566/8565/1681 8568/8567/1682 8567/8568/1682 8565/8566/1681
f 8568/8567/1682 8570/8569/1683 8569/8570/1683 8567/8568/1682
f 8570/8569/1683 8572/8571/1684 8571/8572/1684 8569/8570/1683
f 8572/8571/1684 8574/8573/1685 8573/8574/1685 8571/8572/1684
f 8574/8573/1685 8576/8575/1686 8575/8576/1686 8573/8574/1685
f 8576/8575/1686 8578/8577/1687 8577/8578/1687 8575/8576/1686
f 8578/8577/1687 8580/8579/1688 8579/8580/1688 8577/8578/1687
f 8580/8579/1688 8582/8581/1689 8581/8582/1689 8579/8580/1688
f 8582/8581/1689 8584/8583/1690 8583/8584/1690 8581/8582/1689
f 8584/8583/1690 8586/8585/1691 8585/8586/1691 8583/8584/1690
f 8586/8585/1691 8588/8587/1692 8587/8588/1692 8585/8586/1691
f 8588/8587/1692 8590/8589/1693 8589/8590/1693 8587/8588/1692
f 8590/8589/1693 8592/8591/1694 8591/8592/1694 8589/8590/1693
f 8592/8591/1694 8594/8593/1695 8593/8594/1695 8591/8592/1694
f 8594/8593/1695 8596/8595/1696 8595/8596/1696 8593/8594/1695
f 8596/8595/1696 8598/8597/1697 8597/8598/1697 8595/8596/1696
f 8598/8597/1697 8600/8599/1698 8599/8600/1698 8597/8598/1697
f 8600/8599/1698 8602/8601/1699 8601/8602/1699 8599/8600/1698
f 8602/8601/1699 8604/8603/1700 8603/8604/1700 8601/8602/1699
f 8604/8603/1700 8606/8605/1701 8605/8606/1701 8603/8604/1700
f 8606/8605/1701 8608/8607/1702 8607/8608/1702 8605/8606/1701
f 8608/8607/1702 8610/8609/1703 8609/8610/1703 8607/8608/1702
f 8610/8609/1703 8612/8611/1704 8611/8612/1704 8609/8610/1703
f 8612/8611/1704 8614/8613/1705 8613/8614/1705 8611/8612/1704
f 8614/8613/1705 8616/8615/1706 8615/8616/1706 8613/8614/1705
f 8616/8615/1706 8618/8617/1707 8617/8618/1707 8615/8616/1706
f 8618/8617/1707 8620/8619/1708 8619/8620/1708 8617/8618/1707
f 8620/8619/1708 8622/8621/1709 8621/8622/1709 8619/8620/1708
f 8622/8621/1709 8624/8623/1710 8623/8624/1710 8621/8622/1709
f 8624/8623/1710 8626/8625/1711 8625/8626/1711 8623/8624/1710
f 8626/8625/1711 8628/8627/1712 8627/8628/1712 8625/8626/1711
f 8628/8627/1712 8630/8629/1713 8629/8630/1713 8627/8628/1712
f 8630/8629/1713 8632/8631/1714 8631/8632/1714 8629/8630/1713
f 8632/8631/1714 8634/8633/1715 8633/8634/1715 8631/8632/1714
f 8634/8633/1715 8636/8635/1716 8635/8636/1716 8633/8634/1715
f 8636/8635/1716 8490/8489/1644 8489/8492/1644 8635/8636/1716
