# Blender 4.4.0
# www.blender.org
mtllib ClearFont.mtl
o テキスト.001
v -20.134327 0.961530 -0.499998
v -20.154325 0.961530 -0.499998
v -20.266417 1.149521 -0.499998
v -20.377705 1.318798 -0.499998
v -20.488232 1.469810 -0.499998
v -20.598028 1.603011 -0.499998
v -20.707132 1.718850 -0.499998
v -20.815575 1.817779 -0.499998
v -20.923393 1.900250 -0.499998
v -21.030619 1.966715 -0.499998
v -21.137293 2.017623 -0.499998
v -21.243446 2.053428 -0.499998
v -21.349113 2.074579 -0.499998
v -21.454327 2.081530 -0.499998
v -21.543940 2.077982 -0.499998
v -21.632893 2.067317 -0.499998
v -21.721361 2.049498 -0.499998
v -21.809513 2.024493 -0.499998
v -21.897528 1.992265 -0.499998
v -21.985577 1.952779 -0.499998
v -22.073833 1.906003 -0.499998
v -22.162474 1.851900 -0.499998
v -22.251671 1.790436 -0.499998
v -22.341593 1.721576 -0.499998
v -22.432421 1.645285 -0.499998
v -22.524326 1.561530 -0.499998
v -22.054327 0.791530 -0.499998
v -21.985291 0.854805 -0.499998
v -21.913683 0.914400 -0.499998
v -21.840269 0.969967 -0.499998
v -21.765812 1.021159 -0.499998
v -21.691076 1.067629 -0.499998
v -21.616829 1.109030 -0.499998
v -21.543829 1.145013 -0.499998
v -21.472847 1.175233 -0.499998
v -21.404640 1.199342 -0.499998
v -21.339977 1.216993 -0.499998
v -21.279619 1.227837 -0.499998
v -21.224329 1.231530 -0.499998
v -21.074736 1.219082 -0.499998
v -20.931780 1.182780 -0.499998
v -20.796669 1.124186 -0.499998
v -20.670622 1.044863 -0.499998
v -20.554850 0.946373 -0.499998
v -20.450575 0.830280 -0.499998
v -20.359009 0.698144 -0.499998
v -20.281364 0.551529 -0.499998
v -20.218861 0.391998 -0.499998
v -20.172709 0.221113 -0.499998
v -20.144127 0.040436 -0.499998
v -20.134327 -0.148471 -0.499998
v -20.134327 -2.498471 -0.499998
v -19.244329 -2.498471 -0.499998
v -19.244329 1.991530 -0.499998
v -20.134327 1.991530 -0.499998
v -18.296629 -2.302076 -0.499998
v -18.207714 -2.358147 -0.499998
v -18.126366 -2.407064 -0.499998
v -18.051373 -2.449212 -0.499998
v -17.981516 -2.484970 -0.499998
v -17.915585 -2.514720 -0.499998
v -17.852360 -2.538847 -0.499998
v -17.790628 -2.557730 -0.499998
v -17.729174 -2.571752 -0.499998
v -17.666784 -2.581295 -0.499998
v -17.602240 -2.586740 -0.499998
v -17.534328 -2.588470 -0.499998
v -17.440544 -2.585531 -0.499998
v -17.354094 -2.576619 -0.499998
v -17.274796 -2.561595 -0.499998
v -17.202475 -2.540323 -0.499998
v -17.136961 -2.512660 -0.499998
v -17.078077 -2.478471 -0.499998
v -17.025654 -2.437614 -0.499998
v -16.979515 -2.389952 -0.499998
v -16.939484 -2.335346 -0.499998
v -16.905396 -2.273656 -0.499998
v -16.877066 -2.204744 -0.499998
v -16.854330 -2.128471 -0.499998
v -16.756426 -2.202643 -0.499998
v -16.657759 -2.270184 -0.499998
v -16.558395 -2.331127 -0.499998
v -16.458408 -2.385508 -0.499998
v -16.357862 -2.433361 -0.499998
v -16.256830 -2.474721 -0.499998
v -16.155382 -2.509622 -0.499998
v -16.053587 -2.538100 -0.499998
v -15.951515 -2.560189 -0.499998
v -15.849236 -2.575924 -0.499999
v -15.746817 -2.585340 -0.499999
v -15.644327 -2.588470 -0.499999
v -15.484036 -2.577904 -0.499999
v -15.333677 -2.547267 -0.499999
v -15.194015 -2.498158 -0.499999
v -15.065809 -2.432174 -0.499999
v -14.949826 -2.350913 -0.499999
v -14.846829 -2.255971 -0.499999
v -14.757582 -2.148945 -0.499999
v -14.682847 -2.031434 -0.499999
v -14.623390 -1.905033 -0.499999
v -14.579977 -1.771341 -0.499999
v -14.553367 -1.631954 -0.499999
v -14.544329 -1.488471 -0.499999
v -14.560681 -1.278534 -0.499999
v -14.607662 -1.092313 -0.499999
v -14.682141 -0.927689 -0.499999
v -14.780994 -0.782545 -0.499999
v -14.901098 -0.654761 -0.499999
v -15.039329 -0.542221 -0.499999
v -15.192557 -0.442805 -0.499999
v -15.357662 -0.354397 -0.499999
v -15.531517 -0.274877 -0.499999
v -15.710997 -0.202128 -0.499999
v -15.892977 -0.134032 -0.499999
v -16.074329 -0.068471 -0.499999
v -16.864330 0.211530 -0.499999
v -16.864330 0.451529 -0.499999
v -16.858704 0.584713 -0.499999
v -16.841827 0.704493 -0.499999
v -16.813704 0.811217 -0.499999
v -16.774326 0.905234 -0.499999
v -16.723701 0.986889 -0.499999
v -16.661827 1.056530 -0.499999
v -16.588703 1.114504 -0.499999
v -16.504328 1.161159 -0.499999
v -16.408703 1.196842 -0.499999
v -16.301828 1.221900 -0.499999
v -16.183702 1.236680 -0.499999
v -16.054327 1.241529 -0.499999
v -15.931663 1.236709 -0.499999
v -15.808863 1.222132 -0.499999
v -15.686201 1.197623 -0.499999
v -15.563956 1.163011 -0.499999
v -15.442406 1.118121 -0.499999
v -15.321828 1.062780 -0.499999
v -15.202499 0.996813 -0.499999
v -15.084700 0.920048 -0.499999
v -14.968704 0.832311 -0.499999
v -14.854793 0.733428 -0.499999
v -14.743241 0.623225 -0.499999
v -14.634329 0.501529 -0.499999
v -14.634329 1.471529 -0.499999
v -14.724756 1.569660 -0.499999
v -14.821087 1.659076 -0.499999
v -14.923390 1.739811 -0.499999
v -15.031734 1.811900 -0.499999
v -15.146190 1.875378 -0.499999
v -15.266828 1.930280 -0.499999
v -15.393714 1.976640 -0.499999
v -15.526920 2.014493 -0.499999
v -15.666514 2.043874 -0.499999
v -15.812568 2.064817 -0.499999
v -15.965148 2.077357 -0.499999
v -16.124327 2.081530 -0.499999
v -16.347563 2.071888 -0.499999
v -16.561043 2.042733 -0.499999
v -16.762920 1.993717 -0.499999
v -16.951363 1.924493 -0.499999
v -17.124525 1.834713 -0.499999
v -17.280575 1.724030 -0.499999
v -17.417665 1.592097 -0.499999
v -17.533957 1.438567 -0.499999
v -17.627607 1.263092 -0.499999
v -17.696783 1.065326 -0.499999
v -17.739635 0.844921 -0.499998
v -17.754328 0.601529 -0.499998
v -17.754328 -1.708471 -0.499998
v -17.755571 -1.748708 -0.499998
v -17.759281 -1.784536 -0.499998
v -17.765423 -1.816127 -0.499998
v -17.773958 -1.843656 -0.499998
v -17.784855 -1.867296 -0.499998
v -17.798077 -1.887221 -0.499998
v -17.813593 -1.903604 -0.499998
v -17.831366 -1.916619 -0.499998
v -17.851358 -1.926439 -0.499998
v -17.873541 -1.933239 -0.499998
v -17.897875 -1.937192 -0.499998
v -17.924330 -1.938471 -0.499998
v -17.948668 -1.936613 -0.499998
v -17.976509 -1.931110 -0.499998
v -18.007614 -1.922064 -0.499998
v -18.041740 -1.909582 -0.499998
v -18.078644 -1.893766 -0.499998
v -18.118082 -1.874721 -0.499998
v -18.159811 -1.852551 -0.499998
v -18.203588 -1.827359 -0.499998
v -18.249174 -1.799252 -0.499998
v -18.296320 -1.768332 -0.499998
v -18.344786 -1.734703 -0.499998
v -18.394329 -1.698471 -0.499998
v -18.394329 -2.238471 -0.499998
v -16.676743 -0.343627 -0.499999
v -16.495258 -0.409720 -0.499999
v -16.321833 -0.477689 -0.499999
v -16.158405 -0.548470 -0.499999
v -16.006922 -0.623002 -0.499999
v -15.869328 -0.702220 -0.499999
v -15.747567 -0.787064 -0.499999
v -15.643586 -0.878470 -0.499999
v -15.559326 -0.977377 -0.499999
v -15.496735 -1.084721 -0.499999
v -15.457753 -1.201439 -0.499999
v -15.444327 -1.328471 -0.499999
v -15.449859 -1.418592 -0.499999
v -15.466045 -1.503609 -0.499999
v -15.492300 -1.583002 -0.499999
v -15.528034 -1.656248 -0.499999
v -15.572659 -1.722828 -0.499999
v -15.625581 -1.782221 -0.499999
v -15.686211 -1.833905 -0.499999
v -15.753960 -1.877360 -0.499999
v -15.828237 -1.912064 -0.499999
v -15.908450 -1.937498 -0.499999
v -15.994011 -1.953141 -0.499999
v -16.084330 -1.958471 -0.499999
v -16.153913 -1.955583 -0.499999
v -16.222664 -1.947036 -0.499999
v -16.290581 -1.933002 -0.499998
v -16.357662 -1.913656 -0.499998
v -16.423914 -1.889171 -0.499998
v -16.489330 -1.859721 -0.499998
v -16.553913 -1.825479 -0.499998
v -16.617662 -1.786619 -0.499998
v -16.680580 -1.743314 -0.499998
v -16.742664 -1.695739 -0.499998
v -16.803915 -1.644067 -0.499998
v -16.864330 -1.588471 -0.499998
v -16.864330 -0.278470 -0.499999
v -13.740186 -2.144524 -0.499999
v -13.607015 -2.222730 -0.499999
v -13.473705 -2.293158 -0.499999
v -13.339144 -2.355878 -0.499999
v -13.202223 -2.410959 -0.499999
v -13.061830 -2.458471 -0.499999
v -12.916852 -2.498482 -0.499999
v -12.766181 -2.531063 -0.499999
v -12.608704 -2.556283 -0.499999
v -12.443310 -2.574211 -0.499999
v -12.268888 -2.584917 -0.499999
v -12.084328 -2.588470 -0.499999
v -11.747337 -2.565125 -0.499999
v -11.436735 -2.497545 -0.499999
v -11.153077 -2.389408 -0.499999
v -10.896920 -2.244396 -0.499999
v -10.668818 -2.066190 -0.499999
v -10.469326 -1.858471 -0.499999
v -10.299002 -1.624917 -0.499999
v -10.158400 -1.369211 -0.499999
v -10.048076 -1.095033 -0.499999
v -9.968585 -0.806063 -0.499999
v -9.920485 -0.505982 -0.499999
v -9.904326 -0.198471 -0.499999
v -9.921968 0.132085 -0.499999
v -9.973773 0.442640 -0.499999
v -10.058078 0.731529 -0.499999
v -10.173217 0.997085 -0.499999
v -10.317522 1.237641 -0.499999
v -10.489329 1.451529 -0.499999
v -10.686969 1.637085 -0.499999
v -10.908774 1.792641 -0.499999
v -11.153079 1.916529 -0.499999
v -11.418218 2.007085 -0.499999
v -11.702522 2.062641 -0.499999
v -12.004327 2.081530 -0.499999
v -12.292677 2.064631 -0.499999
v -12.561966 2.013844 -0.499999
v -12.811047 1.929030 -0.499999
v -13.038773 1.810048 -0.499999
v -13.243999 1.656761 -0.499999
v -13.425578 1.469030 -0.499999
v -13.582367 1.246715 -0.499999
v -13.713218 0.989678 -0.499999
v -13.816985 0.697780 -0.499999
v -13.892523 0.370881 -0.499999
v -13.938685 0.008844 -0.499999
v -13.954329 -0.388471 -0.499999
v -10.794329 -0.388471 -0.499999
v -10.837029 -0.601995 -0.499999
v -10.895072 -0.797498 -0.499999
v -10.968393 -0.974877 -0.499999
v -11.056923 -1.134026 -0.499999
v -11.160592 -1.274842 -0.499999
v -11.279329 -1.397221 -0.499999
v -11.413068 -1.501057 -0.499999
v -11.561736 -1.586248 -0.499999
v -11.725265 -1.652689 -0.499999
v -11.903587 -1.700276 -0.499999
v -12.096630 -1.728905 -0.499999
v -12.304326 -1.738471 -0.499999
v -12.438723 -1.734339 -0.499999
v -12.572011 -1.722082 -0.499999
v -12.704326 -1.701908 -0.499999
v -12.835807 -1.674026 -0.499999
v -12.966594 -1.638644 -0.499999
v -13.096825 -1.595971 -0.499999
v -13.226639 -1.546214 -0.499999
v -13.356176 -1.489582 -0.499999
v -13.485576 -1.426283 -0.499999
v -13.614975 -1.356526 -0.499999
v -13.744513 -1.280519 -0.499999
v -13.874327 -1.198470 -0.499999
v -13.874327 -2.058471 -0.499999
v -13.059398 0.366216 -0.499999
v -13.029884 0.519862 -0.499999
v -12.986203 0.661842 -0.499999
v -12.928773 0.791529 -0.499999
v -12.858008 0.908300 -0.499999
v -12.774328 1.011529 -0.499999
v -12.678147 1.100592 -0.499999
v -12.569884 1.174863 -0.499999
v -12.449952 1.233717 -0.499999
v -12.318772 1.276529 -0.499999
v -12.176758 1.302675 -0.499999
v -12.024327 1.311529 -0.499999
v -11.859960 1.303249 -0.499999
v -11.706916 1.278613 -0.499999
v -11.565262 1.237936 -0.499999
v -11.435066 1.181530 -0.499999
v -11.316399 1.109707 -0.499999
v -11.209327 1.022780 -0.499999
v -11.113921 0.921061 -0.499999
v -11.030253 0.804863 -0.499999
v -10.958389 0.674498 -0.499999
v -10.898400 0.530279 -0.499999
v -10.850357 0.372519 -0.499999
v -10.814327 0.201529 -0.499999
v -13.074327 0.201529 -0.499999
v -7.954328 -2.498471 -0.499999
v -7.954328 4.321530 -0.499999
v -8.844327 4.321530 -0.499999
v -8.844327 -2.498471 -0.499999
v -6.576716 2.918435 -0.500000
v -6.373448 3.024262 -0.500000
v -6.173858 3.119187 -0.500000
v -5.977289 3.203382 -0.500000
v -5.783083 3.277022 -0.500000
v -5.590577 3.340280 -0.500000
v -5.399112 3.393330 -0.500000
v -5.208029 3.436345 -0.500000
v -5.016670 3.469499 -0.500000
v -4.824373 3.492965 -0.500000
v -4.630479 3.506917 -0.500000
v -4.434327 3.511529 -0.500000
v -4.053101 3.488822 -0.500000
v -3.691179 3.422364 -0.500000
v -3.351201 3.314655 -0.500000
v -3.035807 3.168197 -0.500000
v -2.747635 2.985489 -0.500000
v -2.489325 2.769030 -0.500000
v -2.263514 2.521322 -0.500000
v -2.072844 2.244863 -0.500000
v -1.919951 1.942155 -0.500000
v -1.807474 1.615696 -0.500000
v -1.738054 1.267988 -0.500000
v -1.714327 0.901529 -0.500000
v -1.737313 0.529162 -0.500000
v -1.804883 0.178428 -0.500000
v -1.914951 -0.148627 -0.500000
v -2.065436 -0.449952 -0.500000
v -2.254256 -0.723499 -0.500000
v -2.479326 -0.967221 -0.500000
v -2.738563 -1.179067 -0.500000
v -3.029882 -1.356989 -0.500000
v -3.351201 -1.498939 -0.500000
v -3.700437 -1.602869 -0.500000
v -4.075507 -1.666729 -0.500000
v -4.474327 -1.688471 -0.500000
v -4.668201 -1.682869 -0.500000
v -4.864511 -1.666156 -0.499999
v -5.062763 -1.638470 -0.499999
v -5.262475 -1.599952 -0.499999
v -5.463159 -1.550739 -0.499999
v -5.664327 -1.490971 -0.499999
v -5.865495 -1.420785 -0.499999
v -6.066179 -1.340322 -0.499999
v -6.265890 -1.249720 -0.499999
v -6.464142 -1.149119 -0.499999
v -6.660451 -1.038656 -0.499999
v -6.854329 -0.918471 -0.499999
v -6.854329 -1.988471 -0.499999
v -6.685411 -2.073800 -0.499999
v -6.513028 -2.154443 -0.499999
v -6.336200 -2.229877 -0.499999
v -6.153955 -2.299582 -0.499999
v -5.965321 -2.363037 -0.499999
v -5.769326 -2.419721 -0.499999
v -5.564997 -2.469113 -0.499999
v -5.351362 -2.510693 -0.499999
v -5.127451 -2.543939 -0.499999
v -4.892289 -2.568332 -0.499999
v -4.644906 -2.583349 -0.499999
v -4.384328 -2.588470 -0.499999
v -3.774141 -2.548882 -0.500000
v -3.222846 -2.435925 -0.500000
v -2.729327 -2.258315 -0.500000
v -2.292475 -2.024768 -0.500000
v -1.911179 -1.743998 -0.500000
v -1.584327 -1.424721 -0.500000
v -1.310808 -1.075653 -0.500000
v -1.089513 -0.705508 -0.500000
v -0.919327 -0.323002 -0.500000
v -0.799143 0.063150 -0.500000
v -0.727846 0.444232 -0.500000
v -0.704328 0.811530 -0.500000
v -0.736474 1.319307 -0.500000
v -0.830669 1.800418 -0.500000
v -0.983545 2.251529 -0.500000
v -1.191735 2.669308 -0.500000
v -1.451868 3.050418 -0.500000
v -1.760577 3.391530 -0.500000
v -2.114496 3.689308 -0.500000
v -2.510253 3.940419 -0.500000
v -2.944483 4.141530 -0.500000
v -3.413817 4.289308 -0.500000
v -3.914887 4.380419 -0.500000
v -4.444326 4.411530 -0.500000
v -4.619657 4.407959 -0.500000
v -4.796132 4.397132 -0.500000
v -4.974483 4.378874 -0.500000
v -5.155439 4.353011 -0.500000
v -5.339727 4.319371 -0.500000
v -5.528078 4.277780 -0.500000
v -5.721220 4.228063 -0.500000
v -5.919883 4.170048 -0.500000
v -6.124796 4.103561 -0.500000
v -6.336689 4.028428 -0.500000
v -6.556289 3.944476 -0.500000
v -6.784327 3.851530 -0.500000
v -6.784327 2.801530 -0.500000
v 0.319815 -2.144524 -0.500000
v 0.452987 -2.222730 -0.500000
v 0.586296 -2.293158 -0.500000
v 0.720857 -2.355878 -0.500000
v 0.857778 -2.410959 -0.500000
v 0.998171 -2.458471 -0.500000
v 1.143149 -2.498482 -0.500000
v 1.293820 -2.531063 -0.500000
v 1.451298 -2.556283 -0.500000
v 1.616691 -2.574211 -0.500000
v 1.791113 -2.584917 -0.500000
v 1.975673 -2.588470 -0.500000
v 2.312663 -2.565125 -0.500000
v 2.623266 -2.497545 -0.500000
v 2.906922 -2.389408 -0.500000
v 3.163079 -2.244396 -0.500000
v 3.391181 -2.066190 -0.500000
v 3.590671 -1.858471 -0.500000
v 3.760994 -1.624917 -0.500000
v 3.901597 -1.369211 -0.500000
v 4.011921 -1.095033 -0.500000
v 4.091413 -0.806063 -0.500000
v 4.139515 -0.505982 -0.500000
v 4.155673 -0.198471 -0.500000
v 4.138030 0.132085 -0.500000
v 4.086224 0.442640 -0.500000
v 4.001917 0.731529 -0.500000
v 3.886779 0.997085 -0.500000
v 3.742474 1.237641 -0.500000
v 3.570670 1.451529 -0.500000
v 3.373030 1.637085 -0.500000
v 3.151225 1.792641 -0.500000
v 2.906919 1.916529 -0.500000
v 2.641781 2.007085 -0.500000
v 2.357476 2.062641 -0.500000
v 2.055672 2.081530 -0.500000
v 1.767324 2.064631 -0.500000
v 1.498035 2.013844 -0.500000
v 1.248954 1.929030 -0.500000
v 1.021229 1.810048 -0.500000
v 0.816003 1.656761 -0.500000
v 0.634423 1.469030 -0.500000
v 0.477634 1.246715 -0.500000
v 0.346783 0.989678 -0.500000
v 0.243016 0.697780 -0.500000
v 0.167478 0.370881 -0.500000
v 0.121315 0.008844 -0.500000
v 0.105673 -0.388471 -0.500000
v 3.265673 -0.388471 -0.500000
v 3.222977 -0.601995 -0.500000
v 3.164934 -0.797498 -0.500000
v 3.091613 -0.974877 -0.500000
v 3.003083 -1.134026 -0.500000
v 2.899414 -1.274842 -0.500000
v 2.780674 -1.397221 -0.500000
v 2.646936 -1.501057 -0.500000
v 2.498267 -1.586248 -0.500000
v 2.334736 -1.652689 -0.500000
v 2.156413 -1.700276 -0.500000
v 1.963368 -1.728905 -0.500000
v 1.755672 -1.738471 -0.500000
v 1.621276 -1.734339 -0.500000
v 1.487988 -1.722082 -0.500000
v 1.355673 -1.701908 -0.500000
v 1.224192 -1.674026 -0.500000
v 1.093405 -1.638644 -0.500000
v 0.963174 -1.595971 -0.500000
v 0.833359 -1.546214 -0.500000
v 0.703822 -1.489582 -0.500000
v 0.574423 -1.426283 -0.500000
v 0.445023 -1.356526 -0.500000
v 0.315486 -1.280519 -0.500000
v 0.185672 -1.198470 -0.500000
v 0.185672 -2.058471 -0.500000
v 1.000605 0.366216 -0.500000
v 1.030119 0.519862 -0.500000
v 1.073800 0.661842 -0.500000
v 1.131230 0.791529 -0.500000
v 1.201993 0.908300 -0.500000
v 1.285673 1.011529 -0.500000
v 1.381853 1.100592 -0.500000
v 1.490117 1.174863 -0.500000
v 1.610049 1.233717 -0.500000
v 1.741229 1.276529 -0.500000
v 1.883243 1.302675 -0.500000
v 2.035673 1.311529 -0.500000
v 2.200039 1.303249 -0.500000
v 2.353082 1.278613 -0.500000
v 2.494736 1.237936 -0.500000
v 2.624932 1.181530 -0.500000
v 2.743600 1.109707 -0.500000
v 2.850672 1.022780 -0.500000
v 2.946077 0.921061 -0.500000
v 3.029746 0.804863 -0.500000
v 3.101610 0.674498 -0.500000
v 3.161598 0.530279 -0.500000
v 3.209642 0.372519 -0.500000
v 3.245672 0.201529 -0.500000
v 0.985673 0.201529 -0.500000
v 10.795673 1.401529 -0.500001
v 10.681287 1.511541 -0.500001
v 10.568081 1.611622 -0.500001
v 10.455986 1.701842 -0.500001
v 10.344934 1.782270 -0.500001
v 10.234852 1.852976 -0.500001
v 10.125674 1.914030 -0.500001
v 10.017329 1.965499 -0.500001
v 9.909747 2.007455 -0.500001
v 9.802860 2.039967 -0.500001
v 9.696599 2.063104 -0.500001
v 9.590892 2.076935 -0.500001
v 9.485672 2.081530 -0.500001
v 9.345296 2.075714 -0.500001
v 9.209330 2.058335 -0.500001
v 9.078015 2.029498 -0.500001
v 8.951598 1.989307 -0.500001
v 8.830319 1.937866 -0.500001
v 8.714422 1.875279 -0.500001
v 8.604151 1.801651 -0.500001
v 8.499747 1.717085 -0.500001
v 8.401454 1.621686 -0.500001
v 8.309515 1.515557 -0.500001
v 8.224174 1.398804 -0.500001
v 8.145673 1.271529 -0.500001
v 8.046453 1.379897 -0.500001
v 7.943589 1.484307 -0.500001
v 7.836766 1.583717 -0.500001
v 7.725672 1.677085 -0.500001
v 7.609995 1.763370 -0.500001
v 7.489422 1.841530 -0.500001
v 7.363641 1.910523 -0.500001
v 7.232339 1.969308 -0.500001
v 7.095204 2.016842 -0.500001
v 6.951923 2.052085 -0.500001
v 6.802183 2.073995 -0.500001
v 6.645673 2.081530 -0.500001
v 6.425192 2.067143 -0.500001
v 6.219329 2.024770 -0.500001
v 6.028953 1.955592 -0.500001
v 5.854931 1.860789 -0.500001
v 5.698132 1.741541 -0.500001
v 5.559422 1.599029 -0.500001
v 5.439671 1.434435 -0.500001
v 5.339746 1.248937 -0.500001
v 5.260516 1.043717 -0.500000
v 5.202848 0.819955 -0.500000
v 5.167611 0.578833 -0.500000
v 5.155673 0.321529 -0.500000
v 5.155673 -2.498471 -0.500000
v 6.045672 -2.498471 -0.500000
v 6.045672 0.281530 -0.500001
v 6.054232 0.445036 -0.500001
v 6.079145 0.595418 -0.500001
v 6.119266 0.732467 -0.500001
v 6.173450 0.855974 -0.500001
v 6.240551 0.965731 -0.500001
v 6.319422 1.061530 -0.500001
v 6.408918 1.143162 -0.500001
v 6.507895 1.210419 -0.500001
v 6.615203 1.263092 -0.500001
v 6.729700 1.300974 -0.500001
v 6.850238 1.323856 -0.500001
v 6.975673 1.331529 -0.500001
v 7.050159 1.328717 -0.500001
v 7.128219 1.315696 -0.500001
v 7.209266 1.293092 -0.500001
v 7.292709 1.261529 -0.500001
v 7.377958 1.221633 -0.500001
v 7.464421 1.174029 -0.500001
v 7.551511 1.119342 -0.500001
v 7.638635 1.058196 -0.500001
v 7.725204 0.991217 -0.500001
v 7.810626 0.919029 -0.500001
v 7.894311 0.842259 -0.500001
v 7.975672 0.761529 -0.500001
v 7.975672 -2.498471 -0.500001
v 8.865672 -2.498471 -0.500001
v 8.865672 0.291529 -0.500001
v 8.873207 0.465343 -0.500001
v 8.895117 0.622039 -0.500001
v 8.930360 0.761998 -0.500001
v 8.977894 0.885604 -0.500001
v 9.036678 0.993237 -0.500001
v 9.105672 1.085279 -0.500001
v 9.183832 1.162114 -0.500001
v 9.270117 1.224122 -0.500001
v 9.363485 1.271686 -0.500001
v 9.462894 1.305187 -0.500001
v 9.567305 1.325008 -0.500001
v 9.675673 1.331529 -0.500001
v 9.785174 1.328527 -0.500001
v 9.889191 1.319169 -0.500001
v 9.988485 1.302936 -0.500001
v 10.083820 1.279308 -0.500001
v 10.175962 1.247763 -0.500001
v 10.265674 1.207780 -0.500001
v 10.353718 1.158839 -0.500001
v 10.440859 1.100418 -0.500001
v 10.527861 1.031998 -0.500001
v 10.615488 0.953057 -0.500001
v 10.704504 0.863075 -0.500001
v 10.795673 0.761529 -0.500001
v 10.795673 -2.498471 -0.500001
v 11.685673 -2.498471 -0.500001
v 11.685673 1.991530 -0.500001
v 10.795673 1.991530 -0.500001
v 12.533375 -2.302076 -0.500001
v 12.622293 -2.358147 -0.500001
v 12.703642 -2.407064 -0.500001
v 12.778636 -2.449212 -0.500001
v 12.848492 -2.484970 -0.500001
v 12.914423 -2.514720 -0.500001
v 12.977647 -2.538847 -0.500001
v 13.039377 -2.557730 -0.500001
v 13.100829 -2.571752 -0.500001
v 13.163219 -2.581295 -0.500001
v 13.227762 -2.586740 -0.500001
v 13.295673 -2.588470 -0.500001
v 13.389452 -2.585531 -0.500001
v 13.475904 -2.576619 -0.500001
v 13.555204 -2.561595 -0.500001
v 13.627525 -2.540323 -0.500001
v 13.693041 -2.512660 -0.500001
v 13.751925 -2.478471 -0.500001
v 13.804349 -2.437614 -0.500001
v 13.850489 -2.389952 -0.500001
v 13.890518 -2.335346 -0.500001
v 13.924609 -2.273656 -0.500001
v 13.952936 -2.204744 -0.500001
v 13.975674 -2.128471 -0.500001
v 14.073580 -2.202643 -0.500001
v 14.172248 -2.270184 -0.500001
v 14.271611 -2.331127 -0.500001
v 14.371600 -2.385508 -0.500001
v 14.472145 -2.433361 -0.500001
v 14.573174 -2.474721 -0.500001
v 14.674621 -2.509622 -0.500001
v 14.776415 -2.538100 -0.500001
v 14.878487 -2.560189 -0.500001
v 14.980765 -2.575924 -0.500001
v 15.083185 -2.585340 -0.500001
v 15.185673 -2.588470 -0.500001
v 15.345963 -2.577904 -0.500001
v 15.496322 -2.547267 -0.500001
v 15.635985 -2.498158 -0.500001
v 15.764193 -2.432174 -0.500001
v 15.880176 -2.350913 -0.500001
v 15.983172 -2.255971 -0.500001
v 16.072422 -2.148945 -0.500001
v 16.147154 -2.031434 -0.500001
v 16.206612 -1.905033 -0.500001
v 16.250025 -1.771341 -0.500001
v 16.276634 -1.631954 -0.500001
v 16.285673 -1.488471 -0.500001
v 16.269320 -1.278534 -0.500001
v 16.222340 -1.092313 -0.500001
v 16.147860 -0.927689 -0.500001
v 16.049007 -0.782545 -0.500001
v 15.928903 -0.654761 -0.500001
v 15.790673 -0.542221 -0.500001
v 15.637444 -0.442805 -0.500001
v 15.472340 -0.354397 -0.500001
v 15.298486 -0.274877 -0.500001
v 15.119007 -0.202128 -0.500001
v 14.937028 -0.134032 -0.500001
v 14.755673 -0.068471 -0.500001
v 13.965673 0.211530 -0.500001
v 13.965673 0.451529 -0.500001
v 13.971300 0.584713 -0.500001
v 13.988174 0.704493 -0.500001
v 14.016300 0.811217 -0.500001
v 14.055676 0.905234 -0.500001
v 14.106298 0.986889 -0.500001
v 14.168175 1.056530 -0.500001
v 14.241299 1.114504 -0.500001
v 14.325675 1.161159 -0.500001
v 14.421300 1.196842 -0.500001
v 14.528173 1.221900 -0.500001
v 14.646299 1.236680 -0.500001
v 14.775673 1.241529 -0.500001
v 14.898335 1.236709 -0.500001
v 15.021137 1.222132 -0.500001
v 15.143799 1.197623 -0.500001
v 15.266045 1.163011 -0.500001
v 15.387596 1.118121 -0.500001
v 15.508174 1.062780 -0.500001
v 15.627502 0.996813 -0.500001
v 15.745302 0.920048 -0.500001
v 15.861298 0.832311 -0.500001
v 15.975210 0.733428 -0.500001
v 16.086761 0.623225 -0.500001
v 16.195673 0.501529 -0.500001
v 16.195673 1.471529 -0.500001
v 16.105246 1.569660 -0.500001
v 16.008915 1.659076 -0.500001
v 15.906611 1.739811 -0.500001
v 15.798265 1.811900 -0.500001
v 15.683809 1.875378 -0.500001
v 15.563173 1.930280 -0.500001
v 15.436287 1.976640 -0.500001
v 15.303082 2.014493 -0.500001
v 15.163486 2.043874 -0.500001
v 15.017432 2.064817 -0.500001
v 14.864851 2.077357 -0.500001
v 14.705673 2.081530 -0.500001
v 14.482441 2.071888 -0.500001
v 14.268962 2.042733 -0.500001
v 14.067081 1.993717 -0.500001
v 13.878639 1.924493 -0.500001
v 13.705473 1.834713 -0.500001
v 13.549425 1.724030 -0.500001
v 13.412336 1.592097 -0.500001
v 13.296045 1.438567 -0.500001
v 13.202393 1.263092 -0.500001
v 13.133221 1.065326 -0.500001
v 13.090367 0.844921 -0.500001
v 13.075674 0.601529 -0.500001
v 13.075674 -1.708471 -0.500001
v 13.074428 -1.748708 -0.500001
v 13.070718 -1.784536 -0.500001
v 13.064577 -1.816127 -0.500001
v 13.056042 -1.843656 -0.500001
v 13.045145 -1.867296 -0.500001
v 13.031921 -1.887221 -0.500001
v 13.016406 -1.903604 -0.500001
v 12.998634 -1.916619 -0.500001
v 12.978641 -1.926439 -0.500001
v 12.956459 -1.933239 -0.500001
v 12.932125 -1.937192 -0.500001
v 12.905673 -1.938471 -0.500001
v 12.881340 -1.936613 -0.500001
v 12.853498 -1.931110 -0.500001
v 12.822393 -1.922064 -0.500001
v 12.788267 -1.909582 -0.500001
v 12.751364 -1.893766 -0.500001
v 12.711925 -1.874721 -0.500001
v 12.670194 -1.852551 -0.500001
v 12.626415 -1.827359 -0.500001
v 12.580832 -1.799252 -0.500001
v 12.533684 -1.768332 -0.500001
v 12.485217 -1.734703 -0.500001
v 12.435674 -1.698471 -0.500001
v 12.435674 -2.238471 -0.500001
v 14.153267 -0.343627 -0.500001
v 14.334747 -0.409720 -0.500001
v 14.508173 -0.477689 -0.500001
v 14.671598 -0.548470 -0.500001
v 14.823080 -0.623002 -0.500001
v 14.960674 -0.702220 -0.500001
v 15.082432 -0.787064 -0.500001
v 15.186414 -0.878470 -0.500001
v 15.270673 -0.977377 -0.500001
v 15.333266 -1.084721 -0.500001
v 15.372248 -1.201439 -0.500001
v 15.385674 -1.328471 -0.500001
v 15.380148 -1.418592 -0.500001
v 15.363961 -1.503609 -0.500001
v 15.337705 -1.583002 -0.500001
v 15.301970 -1.656248 -0.500001
v 15.257347 -1.722828 -0.500001
v 15.204424 -1.782221 -0.500001
v 15.143794 -1.833905 -0.500001
v 15.076045 -1.877360 -0.500001
v 15.001768 -1.912064 -0.500001
v 14.921553 -1.937498 -0.500001
v 14.835992 -1.953141 -0.500001
v 14.745673 -1.958471 -0.500001
v 14.676090 -1.955583 -0.500001
v 14.607340 -1.947036 -0.500001
v 14.539424 -1.933002 -0.500001
v 14.472341 -1.913656 -0.500001
v 14.406091 -1.889171 -0.500001
v 14.340673 -1.859721 -0.500001
v 14.276091 -1.825479 -0.500001
v 14.212340 -1.786619 -0.500001
v 14.149424 -1.743314 -0.500001
v 14.087339 -1.695739 -0.500001
v 14.026090 -1.644067 -0.500001
v 13.965673 -1.588471 -0.500001
v 13.965673 -0.278470 -0.500001
v 17.439854 -2.123517 -0.500001
v 17.658266 -2.208841 -0.500001
v 17.872236 -2.284721 -0.500001
v 18.083080 -2.351434 -0.500001
v 18.292120 -2.409258 -0.500001
v 18.500673 -2.458471 -0.500001
v 18.710060 -2.499350 -0.500002
v 18.921600 -2.532174 -0.500002
v 19.136612 -2.557220 -0.500002
v 19.356415 -2.574767 -0.500002
v 19.582329 -2.585091 -0.500002
v 19.815674 -2.588470 -0.500002
v 20.326141 -2.558585 -0.500002
v 20.810257 -2.471063 -0.500002
v 21.264580 -2.329095 -0.500002
v 21.685673 -2.135877 -0.500002
v 22.070101 -1.894604 -0.500002
v 22.414421 -1.608470 -0.500002
v 22.715204 -1.280669 -0.500002
v 22.969006 -0.914396 -0.500002
v 23.172390 -0.512845 -0.500002
v 23.321922 -0.079211 -0.500002
v 23.414162 0.383312 -0.500002
v 23.445673 0.871530 -0.500002
v 23.413382 1.363422 -0.500002
v 23.319006 1.831668 -0.500002
v 23.166298 2.272624 -0.500002
v 22.959005 2.682641 -0.500002
v 22.700882 3.058075 -0.500002
v 22.395672 3.395280 -0.500002
v 22.047131 3.690610 -0.500002
v 21.659008 3.940419 -0.500002
v 21.235046 4.141061 -0.500002
v 20.779007 4.288891 -0.500002
v 20.294630 4.380262 -0.500002
v 19.785673 4.411530 -0.500002
v 19.590240 4.408712 -0.500002
v 19.402201 4.399817 -0.500002
v 19.218954 4.384186 -0.500002
v 19.037895 4.361160 -0.500002
v 18.856419 4.330078 -0.500002
v 18.671925 4.290280 -0.500002
v 18.481802 4.241108 -0.500002
v 18.283451 4.181901 -0.500002
v 18.074266 4.111999 -0.500002
v 17.851645 4.030743 -0.500002
v 17.612984 3.937473 -0.500002
v 17.355673 3.831530 -0.500002
v 17.355673 2.841530 -0.500002
v 17.556274 2.947143 -0.500002
v 17.757988 3.043937 -0.500002
v 17.960674 3.131842 -0.500002
v 18.164192 3.210789 -0.500002
v 18.368404 3.280708 -0.500002
v 18.573174 3.341530 -0.500002
v 18.778358 3.393185 -0.500002
v 18.983822 3.435604 -0.500002
v 19.189423 3.468717 -0.500002
v 19.395025 3.492455 -0.500002
v 19.600489 3.506749 -0.500002
v 19.805674 3.511529 -0.500002
v 20.168324 3.488440 -0.500002
v 20.514376 3.420975 -0.500002
v 20.840986 3.311843 -0.500002
v 21.145302 3.163753 -0.500002
v 21.424480 2.979412 -0.500002
v 21.675673 2.761530 -0.500002
v 21.896030 2.512815 -0.500002
v 22.082710 2.235974 -0.500002
v 22.232859 1.933717 -0.500002
v 22.343636 1.608752 -0.500002
v 22.412188 1.263786 -0.500002
v 22.435673 0.901529 -0.500002
v 22.412304 0.531263 -0.500002
v 22.343729 0.181900 -0.500002
v 22.232235 -0.144408 -0.500002
v 22.080116 -0.445508 -0.500002
v 21.889666 -0.719246 -0.500002
v 21.663172 -0.963471 -0.500002
v 21.402929 -1.176028 -0.500002
v 21.111229 -1.354767 -0.500002
v 20.790359 -1.497533 -0.500002
v 20.442617 -1.602175 -0.500002
v 20.070290 -1.666538 -0.500002
v 19.675673 -1.688471 -0.500002
v 19.544193 -1.686023 -0.500002
v 19.414656 -1.678887 -0.500002
v 19.286922 -1.667377 -0.500002
v 19.160858 -1.651804 -0.500002
v 19.036322 -1.632481 -0.500002
v 18.913174 -1.609721 -0.500002
v 18.791277 -1.583835 -0.500002
v 18.670488 -1.555137 -0.500002
v 18.550674 -1.523939 -0.500002
v 18.431692 -1.490554 -0.500002
v 18.313404 -1.455294 -0.500002
v 18.195673 -1.418471 -0.500002
v 18.195673 -0.018471 -0.500002
v 19.505674 -0.018471 -0.500002
v 19.505674 0.861530 -0.500002
v 17.215673 0.861530 -0.500002
v 17.215673 -2.028471 -0.500001
v -20.134327 0.961530 0.500002
v -20.154325 0.961530 0.500002
v -20.266417 1.149521 0.500002
v -20.377705 1.318798 0.500002
v -20.488232 1.469810 0.500002
v -20.598028 1.603011 0.500002
v -20.707132 1.718850 0.500002
v -20.815575 1.817779 0.500002
v -20.923393 1.900250 0.500002
v -21.030619 1.966715 0.500002
v -21.137293 2.017623 0.500002
v -21.243446 2.053428 0.500002
v -21.349113 2.074579 0.500002
v -21.454327 2.081530 0.500002
v -21.543940 2.077982 0.500002
v -21.632893 2.067317 0.500002
v -21.721361 2.049498 0.500002
v -21.809513 2.024493 0.500002
v -21.897528 1.992265 0.500002
v -21.985577 1.952779 0.500002
v -22.073833 1.906003 0.500002
v -22.162474 1.851900 0.500002
v -22.251671 1.790436 0.500002
v -22.341593 1.721576 0.500002
v -22.432421 1.645285 0.500002
v -22.524326 1.561530 0.500002
v -22.054327 0.791530 0.500002
v -21.985291 0.854805 0.500002
v -21.913683 0.914400 0.500002
v -21.840269 0.969967 0.500002
v -21.765812 1.021159 0.500002
v -21.691076 1.067629 0.500002
v -21.616829 1.109030 0.500002
v -21.543829 1.145013 0.500002
v -21.472847 1.175233 0.500002
v -21.404640 1.199342 0.500002
v -21.339977 1.216993 0.500002
v -21.279619 1.227837 0.500002
v -21.224329 1.231530 0.500002
v -21.074736 1.219082 0.500002
v -20.931780 1.182780 0.500002
v -20.796669 1.124186 0.500002
v -20.670622 1.044863 0.500002
v -20.554850 0.946373 0.500002
v -20.450575 0.830280 0.500002
v -20.359009 0.698144 0.500002
v -20.281364 0.551529 0.500002
v -20.218861 0.391998 0.500002
v -20.172709 0.221113 0.500002
v -20.144127 0.040436 0.500002
v -20.134327 -0.148470 0.500002
v -20.134327 -2.498471 0.500002
v -19.244329 -2.498471 0.500002
v -19.244329 1.991530 0.500002
v -20.134327 1.991530 0.500002
v -18.296629 -2.302076 0.500002
v -18.207714 -2.358147 0.500002
v -18.126366 -2.407064 0.500002
v -18.051373 -2.449212 0.500002
v -17.981516 -2.484970 0.500002
v -17.915585 -2.514720 0.500002
v -17.852360 -2.538847 0.500002
v -17.790628 -2.557730 0.500002
v -17.729174 -2.571752 0.500002
v -17.666784 -2.581295 0.500002
v -17.602240 -2.586740 0.500002
v -17.534328 -2.588470 0.500002
v -17.440544 -2.585531 0.500002
v -17.354094 -2.576619 0.500002
v -17.274796 -2.561595 0.500002
v -17.202475 -2.540323 0.500002
v -17.136961 -2.512660 0.500002
v -17.078077 -2.478471 0.500002
v -17.025654 -2.437614 0.500002
v -16.979515 -2.389952 0.500002
v -16.939484 -2.335346 0.500002
v -16.905396 -2.273656 0.500002
v -16.877066 -2.204744 0.500002
v -16.854330 -2.128471 0.500002
v -16.756426 -2.202643 0.500002
v -16.657759 -2.270184 0.500002
v -16.558395 -2.331127 0.500002
v -16.458408 -2.385508 0.500002
v -16.357862 -2.433361 0.500002
v -16.256830 -2.474721 0.500002
v -16.155382 -2.509622 0.500002
v -16.053587 -2.538100 0.500001
v -15.951515 -2.560189 0.500001
v -15.849236 -2.575924 0.500001
v -15.746817 -2.585340 0.500001
v -15.644327 -2.588470 0.500001
v -15.484036 -2.577904 0.500001
v -15.333677 -2.547267 0.500001
v -15.194015 -2.498158 0.500001
v -15.065809 -2.432174 0.500001
v -14.949826 -2.350913 0.500001
v -14.846829 -2.255971 0.500001
v -14.757582 -2.148945 0.500001
v -14.682847 -2.031434 0.500001
v -14.623390 -1.905033 0.500001
v -14.579977 -1.771341 0.500001
v -14.553367 -1.631954 0.500001
v -14.544329 -1.488471 0.500001
v -14.560681 -1.278534 0.500001
v -14.607662 -1.092313 0.500001
v -14.682141 -0.927689 0.500001
v -14.780994 -0.782545 0.500001
v -14.901098 -0.654761 0.500001
v -15.039329 -0.542221 0.500001
v -15.192557 -0.442805 0.500001
v -15.357662 -0.354396 0.500001
v -15.531517 -0.274877 0.500001
v -15.710997 -0.202128 0.500001
v -15.892977 -0.134032 0.500001
v -16.074329 -0.068470 0.500001
v -16.864330 0.211530 0.500001
v -16.864330 0.451530 0.500001
v -16.858704 0.584713 0.500001
v -16.841827 0.704493 0.500001
v -16.813704 0.811217 0.500001
v -16.774326 0.905234 0.500001
v -16.723701 0.986889 0.500001
v -16.661827 1.056530 0.500001
v -16.588703 1.114504 0.500001
v -16.504328 1.161159 0.500001
v -16.408703 1.196842 0.500001
v -16.301828 1.221900 0.500001
v -16.183702 1.236680 0.500001
v -16.054327 1.241529 0.500001
v -15.931663 1.236709 0.500001
v -15.808863 1.222132 0.500001
v -15.686201 1.197623 0.500001
v -15.563956 1.163011 0.500001
v -15.442406 1.118121 0.500001
v -15.321828 1.062780 0.500001
v -15.202499 0.996813 0.500001
v -15.084700 0.920048 0.500001
v -14.968704 0.832311 0.500001
v -14.854793 0.733428 0.500001
v -14.743241 0.623225 0.500001
v -14.634329 0.501529 0.500001
v -14.634329 1.471529 0.500001
v -14.724756 1.569660 0.500001
v -14.821087 1.659076 0.500001
v -14.923390 1.739811 0.500001
v -15.031734 1.811900 0.500001
v -15.146190 1.875378 0.500001
v -15.266828 1.930280 0.500001
v -15.393714 1.976640 0.500001
v -15.526920 2.014493 0.500001
v -15.666514 2.043874 0.500001
v -15.812568 2.064817 0.500001
v -15.965148 2.077357 0.500001
v -16.124327 2.081530 0.500001
v -16.347563 2.071888 0.500001
v -16.561043 2.042733 0.500001
v -16.762920 1.993717 0.500001
v -16.951363 1.924493 0.500001
v -17.124525 1.834713 0.500001
v -17.280575 1.724030 0.500001
v -17.417665 1.592097 0.500001
v -17.533957 1.438567 0.500001
v -17.627607 1.263092 0.500001
v -17.696783 1.065326 0.500001
v -17.739635 0.844921 0.500001
v -17.754328 0.601529 0.500002
v -17.754328 -1.708471 0.500002
v -17.755571 -1.748708 0.500002
v -17.759281 -1.784536 0.500002
v -17.765423 -1.816127 0.500002
v -17.773958 -1.843656 0.500002
v -17.784855 -1.867296 0.500002
v -17.798077 -1.887221 0.500002
v -17.813593 -1.903604 0.500002
v -17.831366 -1.916619 0.500002
v -17.851358 -1.926439 0.500002
v -17.873541 -1.933239 0.500002
v -17.897875 -1.937192 0.500002
v -17.924330 -1.938471 0.500002
v -17.948668 -1.936613 0.500002
v -17.976509 -1.931110 0.500002
v -18.007614 -1.922064 0.500002
v -18.041740 -1.909582 0.500002
v -18.078644 -1.893766 0.500002
v -18.118082 -1.874721 0.500002
v -18.159811 -1.852551 0.500002
v -18.203588 -1.827359 0.500002
v -18.249174 -1.799252 0.500002
v -18.296320 -1.768332 0.500002
v -18.344786 -1.734703 0.500002
v -18.394329 -1.698471 0.500002
v -18.394329 -2.238471 0.500002
v -16.676743 -0.343627 0.500001
v -16.495258 -0.409720 0.500001
v -16.321833 -0.477689 0.500001
v -16.158405 -0.548470 0.500001
v -16.006922 -0.623002 0.500001
v -15.869328 -0.702220 0.500001
v -15.747567 -0.787064 0.500001
v -15.643586 -0.878470 0.500001
v -15.559326 -0.977377 0.500001
v -15.496735 -1.084721 0.500001
v -15.457753 -1.201439 0.500001
v -15.444327 -1.328471 0.500001
v -15.449859 -1.418592 0.500001
v -15.466045 -1.503609 0.500001
v -15.492300 -1.583002 0.500001
v -15.528034 -1.656248 0.500001
v -15.572659 -1.722828 0.500001
v -15.625581 -1.782221 0.500001
v -15.686211 -1.833905 0.500001
v -15.753960 -1.877360 0.500001
v -15.828237 -1.912064 0.500001
v -15.908450 -1.937498 0.500001
v -15.994011 -1.953141 0.500001
v -16.084330 -1.958471 0.500001
v -16.153913 -1.955583 0.500001
v -16.222664 -1.947036 0.500001
v -16.290581 -1.933002 0.500001
v -16.357662 -1.913656 0.500001
v -16.423914 -1.889171 0.500001
v -16.489330 -1.859721 0.500002
v -16.553913 -1.825479 0.500002
v -16.617662 -1.786619 0.500002
v -16.680580 -1.743314 0.500002
v -16.742664 -1.695739 0.500002
v -16.803915 -1.644067 0.500002
v -16.864330 -1.588471 0.500002
v -16.864330 -0.278470 0.500001
v -13.740186 -2.144524 0.500001
v -13.607015 -2.222730 0.500001
v -13.473705 -2.293158 0.500001
v -13.339144 -2.355878 0.500001
v -13.202223 -2.410959 0.500001
v -13.061830 -2.458471 0.500001
v -12.916852 -2.498482 0.500001
v -12.766181 -2.531063 0.500001
v -12.608704 -2.556283 0.500001
v -12.443310 -2.574211 0.500001
v -12.268888 -2.584917 0.500001
v -12.084328 -2.588470 0.500001
v -11.747337 -2.565125 0.500001
v -11.436735 -2.497545 0.500001
v -11.153077 -2.389408 0.500001
v -10.896920 -2.244396 0.500001
v -10.668818 -2.066190 0.500001
v -10.469326 -1.858471 0.500001
v -10.299002 -1.624917 0.500001
v -10.158400 -1.369211 0.500001
v -10.048076 -1.095033 0.500001
v -9.968585 -0.806063 0.500001
v -9.920485 -0.505982 0.500001
v -9.904326 -0.198471 0.500001
v -9.921968 0.132085 0.500001
v -9.973773 0.442640 0.500001
v -10.058078 0.731529 0.500001
v -10.173217 0.997085 0.500001
v -10.317522 1.237641 0.500001
v -10.489329 1.451529 0.500001
v -10.686969 1.637085 0.500001
v -10.908774 1.792641 0.500001
v -11.153079 1.916529 0.500001
v -11.418218 2.007085 0.500001
v -11.702522 2.062641 0.500001
v -12.004327 2.081530 0.500001
v -12.292677 2.064631 0.500001
v -12.561966 2.013844 0.500001
v -12.811047 1.929030 0.500001
v -13.038773 1.810048 0.500001
v -13.243999 1.656761 0.500001
v -13.425578 1.469030 0.500001
v -13.582367 1.246715 0.500001
v -13.713218 0.989678 0.500001
v -13.816985 0.697780 0.500001
v -13.892523 0.370881 0.500001
v -13.938685 0.008844 0.500001
v -13.954329 -0.388471 0.500001
v -10.794329 -0.388471 0.500001
v -10.837029 -0.601995 0.500001
v -10.895072 -0.797498 0.500001
v -10.968393 -0.974877 0.500001
v -11.056923 -1.134026 0.500001
v -11.160592 -1.274842 0.500001
v -11.279329 -1.397221 0.500001
v -11.413068 -1.501057 0.500001
v -11.561736 -1.586248 0.500001
v -11.725265 -1.652689 0.500001
v -11.903587 -1.700276 0.500001
v -12.096630 -1.728905 0.500001
v -12.304326 -1.738471 0.500001
v -12.438723 -1.734339 0.500001
v -12.572011 -1.722082 0.500001
v -12.704326 -1.701908 0.500001
v -12.835807 -1.674026 0.500001
v -12.966594 -1.638644 0.500001
v -13.096825 -1.595971 0.500001
v -13.226639 -1.546214 0.500001
v -13.356176 -1.489582 0.500001
v -13.485576 -1.426283 0.500001
v -13.614975 -1.356526 0.500001
v -13.744513 -1.280519 0.500001
v -13.874327 -1.198470 0.500001
v -13.874327 -2.058471 0.500001
v -13.059398 0.366217 0.500001
v -13.029884 0.519862 0.500001
v -12.986203 0.661842 0.500001
v -12.928773 0.791529 0.500001
v -12.858008 0.908300 0.500001
v -12.774328 1.011529 0.500001
v -12.678147 1.100592 0.500001
v -12.569884 1.174863 0.500001
v -12.449952 1.233717 0.500001
v -12.318772 1.276529 0.500001
v -12.176758 1.302675 0.500001
v -12.024327 1.311529 0.500001
v -11.859960 1.303249 0.500001
v -11.706916 1.278613 0.500001
v -11.565262 1.237936 0.500001
v -11.435066 1.181530 0.500001
v -11.316399 1.109707 0.500001
v -11.209327 1.022780 0.500001
v -11.113921 0.921061 0.500001
v -11.030253 0.804863 0.500001
v -10.958389 0.674498 0.500001
v -10.898400 0.530279 0.500001
v -10.850357 0.372519 0.500001
v -10.814327 0.201529 0.500001
v -13.074327 0.201529 0.500001
v -7.954328 -2.498471 0.500001
v -7.954328 4.321530 0.500000
v -8.844327 4.321530 0.500001
v -8.844327 -2.498471 0.500001
v -6.576716 2.918435 0.500000
v -6.373448 3.024262 0.500000
v -6.173858 3.119187 0.500000
v -5.977289 3.203382 0.500000
v -5.783083 3.277022 0.500000
v -5.590577 3.340280 0.500000
v -5.399112 3.393330 0.500000
v -5.208029 3.436345 0.500000
v -5.016670 3.469499 0.500000
v -4.824373 3.492965 0.500000
v -4.630479 3.506917 0.500000
v -4.434327 3.511529 0.500000
v -4.053101 3.488822 0.500000
v -3.691179 3.422364 0.500000
v -3.351201 3.314655 0.500000
v -3.035807 3.168197 0.500000
v -2.747635 2.985489 0.500000
v -2.489325 2.769030 0.500000
v -2.263514 2.521322 0.500000
v -2.072844 2.244863 0.500000
v -1.919951 1.942155 0.500000
v -1.807474 1.615696 0.500000
v -1.738054 1.267988 0.500000
v -1.714327 0.901529 0.500000
v -1.737313 0.529162 0.500000
v -1.804883 0.178428 0.500000
v -1.914951 -0.148627 0.500000
v -2.065436 -0.449952 0.500000
v -2.254256 -0.723499 0.500000
v -2.479326 -0.967221 0.500000
v -2.738563 -1.179067 0.500000
v -3.029882 -1.356989 0.500000
v -3.351201 -1.498939 0.500000
v -3.700437 -1.602869 0.500000
v -4.075507 -1.666729 0.500000
v -4.474327 -1.688471 0.500000
v -4.668201 -1.682869 0.500000
v -4.864511 -1.666156 0.500000
v -5.062763 -1.638470 0.500001
v -5.262475 -1.599952 0.500001
v -5.463159 -1.550739 0.500001
v -5.664327 -1.490971 0.500001
v -5.865495 -1.420785 0.500001
v -6.066179 -1.340322 0.500001
v -6.265890 -1.249720 0.500001
v -6.464142 -1.149119 0.500001
v -6.660451 -1.038656 0.500001
v -6.854329 -0.918471 0.500001
v -6.854329 -1.988471 0.500001
v -6.685411 -2.073800 0.500001
v -6.513028 -2.154443 0.500001
v -6.336200 -2.229877 0.500001
v -6.153955 -2.299582 0.500001
v -5.965321 -2.363037 0.500001
v -5.769326 -2.419721 0.500001
v -5.564997 -2.469113 0.500001
v -5.351362 -2.510693 0.500001
v -5.127451 -2.543939 0.500001
v -4.892289 -2.568332 0.500001
v -4.644906 -2.583349 0.500001
v -4.384328 -2.588470 0.500000
v -3.774141 -2.548882 0.500000
v -3.222846 -2.435925 0.500000
v -2.729327 -2.258315 0.500000
v -2.292475 -2.024768 0.500000
v -1.911179 -1.743998 0.500000
v -1.584327 -1.424721 0.500000
v -1.310808 -1.075653 0.500000
v -1.089513 -0.705508 0.500000
v -0.919327 -0.323002 0.500000
v -0.799143 0.063150 0.500000
v -0.727846 0.444232 0.500000
v -0.704328 0.811530 0.500000
v -0.736474 1.319307 0.500000
v -0.830669 1.800418 0.500000
v -0.983545 2.251529 0.500000
v -1.191735 2.669308 0.500000
v -1.451868 3.050418 0.500000
v -1.760577 3.391530 0.500000
v -2.114496 3.689308 0.500000
v -2.510253 3.940419 0.500000
v -2.944483 4.141530 0.500000
v -3.413817 4.289308 0.500000
v -3.914887 4.380419 0.500000
v -4.444326 4.411530 0.500000
v -4.619657 4.407959 0.500000
v -4.796132 4.397132 0.500000
v -4.974483 4.378874 0.500000
v -5.155439 4.353011 0.500000
v -5.339727 4.319371 0.500000
v -5.528078 4.277780 0.500000
v -5.721220 4.228063 0.500000
v -5.919883 4.170048 0.500000
v -6.124796 4.103561 0.500000
v -6.336689 4.028428 0.500000
v -6.556289 3.944476 0.500000
v -6.784327 3.851530 0.500000
v -6.784327 2.801530 0.500000
v 0.319815 -2.144524 0.500000
v 0.452987 -2.222730 0.500000
v 0.586296 -2.293158 0.500000
v 0.720857 -2.355878 0.500000
v 0.857778 -2.410959 0.500000
v 0.998171 -2.458471 0.500000
v 1.143149 -2.498482 0.500000
v 1.293820 -2.531063 0.500000
v 1.451298 -2.556283 0.500000
v 1.616691 -2.574211 0.500000
v 1.791113 -2.584917 0.500000
v 1.975673 -2.588470 0.500000
v 2.312663 -2.565125 0.500000
v 2.623266 -2.497545 0.500000
v 2.906922 -2.389408 0.500000
v 3.163079 -2.244396 0.500000
v 3.391181 -2.066190 0.500000
v 3.590671 -1.858471 0.500000
v 3.760994 -1.624917 0.500000
v 3.901597 -1.369211 0.500000
v 4.011921 -1.095033 0.500000
v 4.091413 -0.806063 0.500000
v 4.139515 -0.505982 0.500000
v 4.155673 -0.198471 0.500000
v 4.138030 0.132085 0.500000
v 4.086224 0.442640 0.500000
v 4.001917 0.731529 0.500000
v 3.886779 0.997085 0.500000
v 3.742474 1.237641 0.500000
v 3.570670 1.451529 0.500000
v 3.373030 1.637085 0.500000
v 3.151225 1.792641 0.500000
v 2.906919 1.916529 0.500000
v 2.641781 2.007085 0.500000
v 2.357476 2.062641 0.500000
v 2.055672 2.081530 0.500000
v 1.767324 2.064631 0.500000
v 1.498035 2.013844 0.500000
v 1.248954 1.929030 0.500000
v 1.021229 1.810048 0.500000
v 0.816003 1.656761 0.500000
v 0.634423 1.469030 0.500000
v 0.477634 1.246715 0.500000
v 0.346783 0.989678 0.500000
v 0.243016 0.697780 0.500000
v 0.167478 0.370881 0.500000
v 0.121315 0.008844 0.500000
v 0.105673 -0.388471 0.500000
v 3.265673 -0.388471 0.500000
v 3.222977 -0.601995 0.500000
v 3.164934 -0.797498 0.500000
v 3.091613 -0.974877 0.500000
v 3.003083 -1.134026 0.500000
v 2.899414 -1.274842 0.500000
v 2.780674 -1.397221 0.500000
v 2.646936 -1.501057 0.500000
v 2.498267 -1.586248 0.500000
v 2.334736 -1.652689 0.500000
v 2.156413 -1.700276 0.500000
v 1.963368 -1.728905 0.500000
v 1.755672 -1.738471 0.500000
v 1.621276 -1.734339 0.500000
v 1.487988 -1.722082 0.500000
v 1.355673 -1.701908 0.500000
v 1.224192 -1.674026 0.500000
v 1.093405 -1.638644 0.500000
v 0.963174 -1.595971 0.500000
v 0.833360 -1.546214 0.500000
v 0.703822 -1.489582 0.500000
v 0.574423 -1.426283 0.500000
v 0.445023 -1.356526 0.500000
v 0.315486 -1.280519 0.500000
v 0.185672 -1.198470 0.500000
v 0.185672 -2.058471 0.500000
v 1.000605 0.366217 0.500000
v 1.030119 0.519862 0.500000
v 1.073800 0.661842 0.500000
v 1.131230 0.791529 0.500000
v 1.201993 0.908300 0.500000
v 1.285673 1.011529 0.500000
v 1.381853 1.100592 0.500000
v 1.490117 1.174863 0.500000
v 1.610049 1.233717 0.500000
v 1.741229 1.276529 0.500000
v 1.883243 1.302675 0.500000
v 2.035673 1.311529 0.500000
v 2.200039 1.303249 0.500000
v 2.353082 1.278613 0.500000
v 2.494736 1.237936 0.500000
v 2.624932 1.181530 0.500000
v 2.743600 1.109707 0.500000
v 2.850672 1.022780 0.500000
v 2.946077 0.921061 0.500000
v 3.029746 0.804863 0.500000
v 3.101610 0.674498 0.500000
v 3.161598 0.530279 0.500000
v 3.209642 0.372519 0.500000
v 3.245672 0.201529 0.500000
v 0.985673 0.201529 0.500000
v 10.795673 1.401529 0.499999
v 10.681287 1.511541 0.499999
v 10.568081 1.611622 0.499999
v 10.455986 1.701842 0.499999
v 10.344934 1.782270 0.499999
v 10.234852 1.852976 0.499999
v 10.125674 1.914030 0.499999
v 10.017329 1.965499 0.499999
v 9.909747 2.007455 0.499999
v 9.802860 2.039967 0.499999
v 9.696599 2.063104 0.499999
v 9.590892 2.076935 0.499999
v 9.485672 2.081530 0.499999
v 9.345296 2.075714 0.499999
v 9.209330 2.058335 0.499999
v 9.078015 2.029498 0.499999
v 8.951598 1.989307 0.499999
v 8.830319 1.937866 0.499999
v 8.714422 1.875279 0.499999
v 8.604151 1.801651 0.499999
v 8.499747 1.717085 0.499999
v 8.401454 1.621686 0.499999
v 8.309515 1.515557 0.499999
v 8.224174 1.398804 0.499999
v 8.145673 1.271529 0.499999
v 8.046453 1.379897 0.499999
v 7.943589 1.484307 0.499999
v 7.836766 1.583717 0.499999
v 7.725672 1.677085 0.499999
v 7.609995 1.763370 0.499999
v 7.489422 1.841530 0.499999
v 7.363641 1.910523 0.499999
v 7.232339 1.969308 0.499999
v 7.095204 2.016842 0.499999
v 6.951923 2.052085 0.499999
v 6.802183 2.073995 0.499999
v 6.645673 2.081530 0.499999
v 6.425192 2.067143 0.499999
v 6.219329 2.024770 0.499999
v 6.028953 1.955592 0.499999
v 5.854931 1.860789 0.499999
v 5.698132 1.741541 0.499999
v 5.559422 1.599029 0.499999
v 5.439671 1.434435 0.499999
v 5.339746 1.248937 0.499999
v 5.260516 1.043717 0.499999
v 5.202848 0.819955 0.500000
v 5.167611 0.578833 0.500000
v 5.155673 0.321529 0.500000
v 5.155673 -2.498471 0.500000
v 6.045672 -2.498471 0.500000
v 6.045672 0.281530 0.499999
v 6.054232 0.445037 0.499999
v 6.079145 0.595418 0.499999
v 6.119266 0.732467 0.499999
v 6.173450 0.855974 0.499999
v 6.240551 0.965731 0.499999
v 6.319422 1.061530 0.499999
v 6.408918 1.143162 0.499999
v 6.507895 1.210419 0.499999
v 6.615203 1.263092 0.499999
v 6.729700 1.300974 0.499999
v 6.850238 1.323856 0.499999
v 6.975673 1.331529 0.499999
v 7.050159 1.328717 0.499999
v 7.128219 1.315696 0.499999
v 7.209266 1.293092 0.499999
v 7.292709 1.261529 0.499999
v 7.377958 1.221633 0.499999
v 7.464421 1.174029 0.499999
v 7.551511 1.119342 0.499999
v 7.638635 1.058196 0.499999
v 7.725204 0.991217 0.499999
v 7.810626 0.919029 0.499999
v 7.894311 0.842259 0.499999
v 7.975672 0.761529 0.499999
v 7.975672 -2.498471 0.499999
v 8.865672 -2.498471 0.499999
v 8.865672 0.291530 0.499999
v 8.873207 0.465343 0.499999
v 8.895117 0.622039 0.499999
v 8.930360 0.761998 0.499999
v 8.977894 0.885604 0.499999
v 9.036678 0.993237 0.499999
v 9.105672 1.085279 0.499999
v 9.183832 1.162114 0.499999
v 9.270117 1.224122 0.499999
v 9.363485 1.271686 0.499999
v 9.462894 1.305187 0.499999
v 9.567305 1.325008 0.499999
v 9.675673 1.331529 0.499999
v 9.785174 1.328527 0.499999
v 9.889191 1.319169 0.499999
v 9.988485 1.302936 0.499999
v 10.083820 1.279308 0.499999
v 10.175962 1.247763 0.499999
v 10.265674 1.207780 0.499999
v 10.353718 1.158839 0.499999
v 10.440859 1.100418 0.499999
v 10.527861 1.031998 0.499999
v 10.615488 0.953057 0.499999
v 10.704504 0.863075 0.499999
v 10.795673 0.761529 0.499999
v 10.795673 -2.498471 0.499999
v 11.685673 -2.498471 0.499999
v 11.685673 1.991530 0.499999
v 10.795673 1.991530 0.499999
v 12.533375 -2.302076 0.499999
v 12.622293 -2.358147 0.499999
v 12.703642 -2.407064 0.499999
v 12.778636 -2.449212 0.499999
v 12.848492 -2.484970 0.499999
v 12.914423 -2.514720 0.499999
v 12.977647 -2.538847 0.499999
v 13.039377 -2.557730 0.499999
v 13.100829 -2.571752 0.499999
v 13.163219 -2.581295 0.499999
v 13.227762 -2.586740 0.499999
v 13.295673 -2.588470 0.499999
v 13.389452 -2.585531 0.499999
v 13.475904 -2.576619 0.499999
v 13.555204 -2.561595 0.499999
v 13.627525 -2.540323 0.499999
v 13.693041 -2.512660 0.499999
v 13.751925 -2.478471 0.499999
v 13.804349 -2.437614 0.499999
v 13.850489 -2.389952 0.499999
v 13.890518 -2.335346 0.499999
v 13.924609 -2.273656 0.499999
v 13.952936 -2.204744 0.499999
v 13.975674 -2.128471 0.499999
v 14.073580 -2.202643 0.499999
v 14.172248 -2.270184 0.499999
v 14.271611 -2.331127 0.499999
v 14.371600 -2.385508 0.499999
v 14.472145 -2.433361 0.499999
v 14.573174 -2.474721 0.499999
v 14.674621 -2.509622 0.499999
v 14.776415 -2.538100 0.499999
v 14.878487 -2.560189 0.499999
v 14.980765 -2.575924 0.499999
v 15.083185 -2.585340 0.499999
v 15.185673 -2.588470 0.499999
v 15.345963 -2.577904 0.499999
v 15.496322 -2.547267 0.499999
v 15.635985 -2.498158 0.499999
v 15.764193 -2.432174 0.499999
v 15.880176 -2.350913 0.499999
v 15.983172 -2.255971 0.499999
v 16.072422 -2.148945 0.499999
v 16.147154 -2.031434 0.499999
v 16.206612 -1.905033 0.499999
v 16.250025 -1.771341 0.499999
v 16.276634 -1.631954 0.499999
v 16.285673 -1.488471 0.499999
v 16.269320 -1.278534 0.499999
v 16.222340 -1.092313 0.499999
v 16.147860 -0.927689 0.499999
v 16.049007 -0.782545 0.499999
v 15.928903 -0.654761 0.499999
v 15.790673 -0.542221 0.499999
v 15.637444 -0.442805 0.499999
v 15.472340 -0.354396 0.499999
v 15.298486 -0.274877 0.499999
v 15.119007 -0.202128 0.499999
v 14.937028 -0.134032 0.499999
v 14.755673 -0.068470 0.499999
v 13.965673 0.211530 0.499999
v 13.965673 0.451530 0.499999
v 13.971300 0.584713 0.499999
v 13.988174 0.704493 0.499999
v 14.016300 0.811217 0.499999
v 14.055676 0.905234 0.499999
v 14.106298 0.986889 0.499999
v 14.168175 1.056530 0.499999
v 14.241299 1.114504 0.499999
v 14.325675 1.161159 0.499999
v 14.421300 1.196842 0.499999
v 14.528173 1.221900 0.499999
v 14.646299 1.236680 0.499999
v 14.775673 1.241529 0.499999
v 14.898335 1.236709 0.499999
v 15.021137 1.222132 0.499999
v 15.143799 1.197623 0.499999
v 15.266045 1.163011 0.499999
v 15.387596 1.118121 0.499999
v 15.508174 1.062780 0.499999
v 15.627502 0.996813 0.499999
v 15.745302 0.920048 0.499999
v 15.861298 0.832311 0.499999
v 15.975210 0.733428 0.499999
v 16.086761 0.623225 0.499999
v 16.195673 0.501529 0.499999
v 16.195673 1.471529 0.499999
v 16.105246 1.569660 0.499999
v 16.008915 1.659076 0.499999
v 15.906611 1.739811 0.499999
v 15.798265 1.811900 0.499999
v 15.683809 1.875378 0.499999
v 15.563173 1.930280 0.499999
v 15.436287 1.976640 0.499999
v 15.303082 2.014493 0.499999
v 15.163486 2.043874 0.499999
v 15.017432 2.064817 0.499999
v 14.864851 2.077357 0.499999
v 14.705673 2.081530 0.499999
v 14.482441 2.071888 0.499999
v 14.268962 2.042733 0.499999
v 14.067081 1.993717 0.499999
v 13.878639 1.924493 0.499999
v 13.705473 1.834713 0.499999
v 13.549425 1.724030 0.499999
v 13.412336 1.592097 0.499999
v 13.296045 1.438567 0.499999
v 13.202393 1.263092 0.499999
v 13.133221 1.065326 0.499999
v 13.090367 0.844921 0.499999
v 13.075674 0.601529 0.499999
v 13.075674 -1.708471 0.499999
v 13.074428 -1.748708 0.499999
v 13.070718 -1.784536 0.499999
v 13.064577 -1.816127 0.499999
v 13.056042 -1.843656 0.499999
v 13.045145 -1.867296 0.499999
v 13.031921 -1.887221 0.499999
v 13.016406 -1.903604 0.499999
v 12.998634 -1.916619 0.499999
v 12.978641 -1.926439 0.499999
v 12.956459 -1.933239 0.499999
v 12.932125 -1.937192 0.499999
v 12.905673 -1.938471 0.499999
v 12.881340 -1.936613 0.499999
v 12.853498 -1.931110 0.499999
v 12.822393 -1.922064 0.499999
v 12.788267 -1.909582 0.499999
v 12.751364 -1.893766 0.499999
v 12.711925 -1.874721 0.499999
v 12.670194 -1.852551 0.499999
v 12.626415 -1.827359 0.499999
v 12.580832 -1.799252 0.499999
v 12.533684 -1.768332 0.499999
v 12.485217 -1.734703 0.499999
v 12.435674 -1.698471 0.499999
v 12.435674 -2.238471 0.499999
v 14.153267 -0.343627 0.499999
v 14.334747 -0.409720 0.499999
v 14.508173 -0.477689 0.499999
v 14.671598 -0.548470 0.499999
v 14.823080 -0.623002 0.499999
v 14.960674 -0.702220 0.499999
v 15.082432 -0.787064 0.499999
v 15.186414 -0.878470 0.499999
v 15.270673 -0.977377 0.499999
v 15.333266 -1.084721 0.499999
v 15.372248 -1.201439 0.499999
v 15.385674 -1.328471 0.499999
v 15.380148 -1.418592 0.499999
v 15.363961 -1.503609 0.499999
v 15.337705 -1.583002 0.499999
v 15.301970 -1.656248 0.499999
v 15.257347 -1.722828 0.499999
v 15.204424 -1.782221 0.499999
v 15.143794 -1.833905 0.499999
v 15.076045 -1.877360 0.499999
v 15.001768 -1.912064 0.499999
v 14.921553 -1.937498 0.499999
v 14.835992 -1.953141 0.499999
v 14.745673 -1.958471 0.499999
v 14.676090 -1.955583 0.499999
v 14.607340 -1.947036 0.499999
v 14.539424 -1.933002 0.499999
v 14.472341 -1.913656 0.499999
v 14.406091 -1.889171 0.499999
v 14.340673 -1.859721 0.499999
v 14.276091 -1.825479 0.499999
v 14.212340 -1.786619 0.499999
v 14.149424 -1.743314 0.499999
v 14.087339 -1.695739 0.499999
v 14.026090 -1.644067 0.499999
v 13.965673 -1.588471 0.499999
v 13.965673 -0.278470 0.499999
v 17.439854 -2.123517 0.499999
v 17.658266 -2.208841 0.499999
v 17.872236 -2.284721 0.499999
v 18.083080 -2.351434 0.499999
v 18.292120 -2.409258 0.499999
v 18.500673 -2.458471 0.499998
v 18.710060 -2.499350 0.499998
v 18.921600 -2.532174 0.499998
v 19.136612 -2.557220 0.499998
v 19.356415 -2.574767 0.499998
v 19.582329 -2.585091 0.499998
v 19.815674 -2.588470 0.499998
v 20.326141 -2.558585 0.499998
v 20.810257 -2.471063 0.499998
v 21.264580 -2.329095 0.499998
v 21.685673 -2.135877 0.499998
v 22.070101 -1.894604 0.499998
v 22.414421 -1.608470 0.499998
v 22.715204 -1.280669 0.499998
v 22.969006 -0.914396 0.499998
v 23.172390 -0.512845 0.499998
v 23.321922 -0.079211 0.499998
v 23.414162 0.383312 0.499998
v 23.445673 0.871530 0.499998
v 23.413382 1.363422 0.499998
v 23.319006 1.831668 0.499998
v 23.166298 2.272624 0.499998
v 22.959005 2.682641 0.499998
v 22.700882 3.058075 0.499998
v 22.395672 3.395280 0.499998
v 22.047131 3.690610 0.499998
v 21.659008 3.940419 0.499998
v 21.235046 4.141061 0.499998
v 20.779007 4.288891 0.499998
v 20.294630 4.380262 0.499998
v 19.785673 4.411530 0.499998
v 19.590240 4.408712 0.499998
v 19.402201 4.399817 0.499998
v 19.218954 4.384186 0.499998
v 19.037895 4.361160 0.499998
v 18.856419 4.330078 0.499998
v 18.671925 4.290280 0.499998
v 18.481802 4.241108 0.499998
v 18.283451 4.181901 0.499998
v 18.074266 4.111999 0.499998
v 17.851645 4.030743 0.499998
v 17.612984 3.937473 0.499998
v 17.355673 3.831530 0.499998
v 17.355673 2.841530 0.499998
v 17.556274 2.947143 0.499998
v 17.757988 3.043937 0.499998
v 17.960674 3.131842 0.499998
v 18.164192 3.210789 0.499998
v 18.368404 3.280708 0.499998
v 18.573174 3.341530 0.499998
v 18.778358 3.393185 0.499998
v 18.983822 3.435604 0.499998
v 19.189423 3.468717 0.499998
v 19.395025 3.492455 0.499998
v 19.600489 3.506749 0.499998
v 19.805674 3.511529 0.499998
v 20.168324 3.488440 0.499998
v 20.514376 3.420975 0.499998
v 20.840986 3.311843 0.499998
v 21.145302 3.163753 0.499998
v 21.424480 2.979412 0.499998
v 21.675673 2.761530 0.499998
v 21.896030 2.512815 0.499998
v 22.082710 2.235974 0.499998
v 22.232859 1.933717 0.499998
v 22.343636 1.608752 0.499998
v 22.412188 1.263786 0.499998
v 22.435673 0.901529 0.499998
v 22.412304 0.531263 0.499998
v 22.343729 0.181900 0.499998
v 22.232235 -0.144408 0.499998
v 22.080116 -0.445508 0.499998
v 21.889666 -0.719246 0.499998
v 21.663172 -0.963471 0.499998
v 21.402929 -1.176028 0.499998
v 21.111229 -1.354767 0.499998
v 20.790359 -1.497533 0.499998
v 20.442617 -1.602175 0.499998
v 20.070290 -1.666538 0.499998
v 19.675673 -1.688471 0.499998
v 19.544193 -1.686023 0.499998
v 19.414656 -1.678887 0.499998
v 19.286922 -1.667377 0.499998
v 19.160858 -1.651804 0.499998
v 19.036322 -1.632481 0.499998
v 18.913174 -1.609721 0.499998
v 18.791277 -1.583835 0.499998
v 18.670488 -1.555137 0.499998
v 18.550674 -1.523939 0.499998
v 18.431692 -1.490554 0.499998
v 18.313404 -1.455294 0.499998
v 18.195673 -1.418471 0.499998
v 18.195673 -0.018471 0.499998
v 19.505674 -0.018471 0.499998
v 19.505674 0.861530 0.499998
v 17.215673 0.861530 0.499998
v 17.215673 -2.028471 0.499999
v 17.439854 -2.123517 0.499999
v 17.439854 -2.123517 -0.500001
v 17.658266 -2.208841 0.499999
v 17.658266 -2.208841 -0.500001
v 17.872236 -2.284721 0.499999
v 17.872236 -2.284721 -0.500001
v 18.083080 -2.351434 0.499999
v 18.083080 -2.351434 -0.500001
v 18.292120 -2.409258 0.499999
v 18.292120 -2.409258 -0.500001
v 18.500673 -2.458471 0.499998
v 18.500673 -2.458471 -0.500001
v 18.710060 -2.499350 0.499998
v 18.710060 -2.499350 -0.500002
v 18.921600 -2.532174 0.499998
v 18.921600 -2.532174 -0.500002
v 19.136612 -2.557220 0.499998
v 19.136612 -2.557220 -0.500002
v 19.356415 -2.574767 0.499998
v 19.356415 -2.574767 -0.500002
v 19.582329 -2.585091 0.499998
v 19.582329 -2.585091 -0.500002
v 19.815674 -2.588470 0.499998
v 19.815674 -2.588470 -0.500002
v 20.326141 -2.558585 0.499998
v 20.326141 -2.558585 -0.500002
v 20.810257 -2.471063 0.499998
v 20.810257 -2.471063 -0.500002
v 21.264580 -2.329095 0.499998
v 21.264580 -2.329095 -0.500002
v 21.685673 -2.135877 0.499998
v 21.685673 -2.135877 -0.500002
v 22.070101 -1.894604 0.499998
v 22.070101 -1.894604 -0.500002
v 22.414421 -1.608470 0.499998
v 22.414421 -1.608470 -0.500002
v 22.715204 -1.280669 0.499998
v 22.715204 -1.280669 -0.500002
v 22.969006 -0.914396 0.499998
v 22.969006 -0.914396 -0.500002
v 23.172390 -0.512845 0.499998
v 23.172390 -0.512845 -0.500002
v 23.321922 -0.079211 0.499998
v 23.321922 -0.079211 -0.500002
v 23.414162 0.383312 0.499998
v 23.414162 0.383312 -0.500002
v 23.445673 0.871530 0.499998
v 23.445673 0.871530 -0.500002
v 23.413382 1.363422 0.499998
v 23.413382 1.363422 -0.500002
v 23.319006 1.831668 0.499998
v 23.319006 1.831668 -0.500002
v 23.166298 2.272624 0.499998
v 23.166298 2.272624 -0.500002
v 22.959005 2.682641 0.499998
v 22.959005 2.682641 -0.500002
v 22.700882 3.058075 0.499998
v 22.700882 3.058075 -0.500002
v 22.395672 3.395280 0.499998
v 22.395672 3.395280 -0.500002
v 22.047131 3.690610 0.499998
v 22.047131 3.690610 -0.500002
v 21.659008 3.940419 0.499998
v 21.659008 3.940419 -0.500002
v 21.235046 4.141061 0.499998
v 21.235046 4.141061 -0.500002
v 20.779007 4.288891 0.499998
v 20.779007 4.288891 -0.500002
v 20.294630 4.380262 0.499998
v 20.294630 4.380262 -0.500002
v 19.785673 4.411530 0.499998
v 19.785673 4.411530 -0.500002
v 19.590240 4.408712 0.499998
v 19.590240 4.408712 -0.500002
v 19.402201 4.399817 0.499998
v 19.402201 4.399817 -0.500002
v 19.218954 4.384186 0.499998
v 19.218954 4.384186 -0.500002
v 19.037895 4.361160 0.499998
v 19.037895 4.361160 -0.500002
v 18.856419 4.330078 0.499998
v 18.856419 4.330078 -0.500002
v 18.671925 4.290280 0.499998
v 18.671925 4.290280 -0.500002
v 18.481802 4.241108 0.499998
v 18.481802 4.241108 -0.500002
v 18.283451 4.181901 0.499998
v 18.283451 4.181901 -0.500002
v 18.074266 4.111999 0.499998
v 18.074266 4.111999 -0.500002
v 17.851645 4.030743 0.499998
v 17.851645 4.030743 -0.500002
v 17.612984 3.937473 0.499998
v 17.612984 3.937473 -0.500002
v 17.355673 3.831530 0.499998
v 17.355673 3.831530 -0.500002
v 17.355673 2.841530 0.499998
v 17.355673 2.841530 -0.500002
v 17.556274 2.947143 0.499998
v 17.556274 2.947143 -0.500002
v 17.757988 3.043937 0.499998
v 17.757988 3.043937 -0.500002
v 17.960674 3.131842 0.499998
v 17.960674 3.131842 -0.500002
v 18.164192 3.210789 0.499998
v 18.164192 3.210789 -0.500002
v 18.368404 3.280708 0.499998
v 18.368404 3.280708 -0.500002
v 18.573174 3.341530 0.499998
v 18.573174 3.341530 -0.500002
v 18.778358 3.393185 0.499998
v 18.778358 3.393185 -0.500002
v 18.983822 3.435604 0.499998
v 18.983822 3.435604 -0.500002
v 19.189423 3.468717 0.499998
v 19.189423 3.468717 -0.500002
v 19.395025 3.492455 0.499998
v 19.395025 3.492455 -0.500002
v 19.600489 3.506749 0.499998
v 19.600489 3.506749 -0.500002
v 19.805674 3.511529 0.499998
v 19.805674 3.511529 -0.500002
v 20.168324 3.488440 0.499998
v 20.168324 3.488440 -0.500002
v 20.514376 3.420975 0.499998
v 20.514376 3.420975 -0.500002
v 20.840986 3.311843 0.499998
v 20.840986 3.311843 -0.500002
v 21.145302 3.163753 0.499998
v 21.145302 3.163753 -0.500002
v 21.424480 2.979412 0.499998
v 21.424480 2.979412 -0.500002
v 21.675673 2.761530 0.499998
v 21.675673 2.761530 -0.500002
v 21.896030 2.512815 0.499998
v 21.896030 2.512815 -0.500002
v 22.082710 2.235974 0.499998
v 22.082710 2.235974 -0.500002
v 22.232859 1.933717 0.499998
v 22.232859 1.933717 -0.500002
v 22.343636 1.608752 0.499998
v 22.343636 1.608752 -0.500002
v 22.412188 1.263786 0.499998
v 22.412188 1.263786 -0.500002
v 22.435673 0.901529 0.499998
v 22.435673 0.901529 -0.500002
v 22.412304 0.531263 0.499998
v 22.412304 0.531263 -0.500002
v 22.343729 0.181900 0.499998
v 22.343729 0.181900 -0.500002
v 22.232235 -0.144408 0.499998
v 22.232235 -0.144408 -0.500002
v 22.080116 -0.445508 0.499998
v 22.080116 -0.445508 -0.500002
v 21.889666 -0.719246 0.499998
v 21.889666 -0.719246 -0.500002
v 21.663172 -0.963471 0.499998
v 21.663172 -0.963471 -0.500002
v 21.402929 -1.176028 0.499998
v 21.402929 -1.176028 -0.500002
v 21.111229 -1.354767 0.499998
v 21.111229 -1.354767 -0.500002
v 20.790359 -1.497533 0.499998
v 20.790359 -1.497533 -0.500002
v 20.442617 -1.602175 0.499998
v 20.442617 -1.602175 -0.500002
v 20.070290 -1.666538 0.499998
v 20.070290 -1.666538 -0.500002
v 19.675673 -1.688471 0.499998
v 19.675673 -1.688471 -0.500002
v 19.544193 -1.686023 0.499998
v 19.544193 -1.686023 -0.500002
v 19.414656 -1.678887 0.499998
v 19.414656 -1.678887 -0.500002
v 19.286922 -1.667377 0.499998
v 19.286922 -1.667377 -0.500002
v 19.160858 -1.651804 0.499998
v 19.160858 -1.651804 -0.500002
v 19.036322 -1.632481 0.499998
v 19.036322 -1.632481 -0.500002
v 18.913174 -1.609721 0.499998
v 18.913174 -1.609721 -0.500002
v 18.791277 -1.583835 0.499998
v 18.791277 -1.583835 -0.500002
v 18.670488 -1.555137 0.499998
v 18.670488 -1.555137 -0.500002
v 18.550674 -1.523939 0.499998
v 18.550674 -1.523939 -0.500002
v 18.431692 -1.490554 0.499998
v 18.431692 -1.490554 -0.500002
v 18.313404 -1.455294 0.499998
v 18.313404 -1.455294 -0.500002
v 18.195673 -1.418471 0.499998
v 18.195673 -1.418471 -0.500002
v 18.195673 -0.018471 0.499998
v 18.195673 -0.018471 -0.500002
v 19.505674 -0.018471 0.499998
v 19.505674 -0.018471 -0.500002
v 19.505674 0.861530 0.499998
v 19.505674 0.861530 -0.500002
v 17.215673 0.861530 0.499998
v 17.215673 0.861530 -0.500002
v 17.215673 -2.028471 0.499999
v 17.215673 -2.028471 -0.500001
v 12.533375 -2.302076 0.499999
v 12.533375 -2.302076 -0.500001
v 12.622293 -2.358147 0.499999
v 12.622293 -2.358147 -0.500001
v 12.703642 -2.407064 0.499999
v 12.703642 -2.407064 -0.500001
v 12.778636 -2.449212 0.499999
v 12.778636 -2.449212 -0.500001
v 12.848492 -2.484970 0.499999
v 12.848492 -2.484970 -0.500001
v 12.914423 -2.514720 0.499999
v 12.914423 -2.514720 -0.500001
v 12.977647 -2.538847 0.499999
v 12.977647 -2.538847 -0.500001
v 13.039377 -2.557730 0.499999
v 13.039377 -2.557730 -0.500001
v 13.100829 -2.571752 0.499999
v 13.100829 -2.571752 -0.500001
v 13.163219 -2.581295 0.499999
v 13.163219 -2.581295 -0.500001
v 13.227762 -2.586740 0.499999
v 13.227762 -2.586740 -0.500001
v 13.295673 -2.588470 0.499999
v 13.295673 -2.588470 -0.500001
v 13.389452 -2.585531 0.499999
v 13.389452 -2.585531 -0.500001
v 13.475904 -2.576619 0.499999
v 13.475904 -2.576619 -0.500001
v 13.555204 -2.561595 0.499999
v 13.555204 -2.561595 -0.500001
v 13.627525 -2.540323 0.499999
v 13.627525 -2.540323 -0.500001
v 13.693041 -2.512660 0.499999
v 13.693041 -2.512660 -0.500001
v 13.751925 -2.478471 0.499999
v 13.751925 -2.478471 -0.500001
v 13.804349 -2.437614 0.499999
v 13.804349 -2.437614 -0.500001
v 13.850489 -2.389952 0.499999
v 13.850489 -2.389952 -0.500001
v 13.890518 -2.335346 0.499999
v 13.890518 -2.335346 -0.500001
v 13.924609 -2.273656 0.499999
v 13.924609 -2.273656 -0.500001
v 13.952936 -2.204744 0.499999
v 13.952936 -2.204744 -0.500001
v 13.975674 -2.128471 0.499999
v 13.975674 -2.128471 -0.500001
v 14.073580 -2.202643 0.499999
v 14.073580 -2.202643 -0.500001
v 14.172248 -2.270184 0.499999
v 14.172248 -2.270184 -0.500001
v 14.271611 -2.331127 0.499999
v 14.271611 -2.331127 -0.500001
v 14.371600 -2.385508 0.499999
v 14.371600 -2.385508 -0.500001
v 14.472145 -2.433361 0.499999
v 14.472145 -2.433361 -0.500001
v 14.573174 -2.474721 0.499999
v 14.573174 -2.474721 -0.500001
v 14.674621 -2.509622 0.499999
v 14.674621 -2.509622 -0.500001
v 14.776415 -2.538100 0.499999
v 14.776415 -2.538100 -0.500001
v 14.878487 -2.560189 0.499999
v 14.878487 -2.560189 -0.500001
v 14.980765 -2.575924 0.499999
v 14.980765 -2.575924 -0.500001
v 15.083185 -2.585340 0.499999
v 15.083185 -2.585340 -0.500001
v 15.185673 -2.588470 0.499999
v 15.185673 -2.588470 -0.500001
v 15.345963 -2.577904 0.499999
v 15.345963 -2.577904 -0.500001
v 15.496322 -2.547267 0.499999
v 15.496322 -2.547267 -0.500001
v 15.635985 -2.498158 0.499999
v 15.635985 -2.498158 -0.500001
v 15.764193 -2.432174 0.499999
v 15.764193 -2.432174 -0.500001
v 15.880176 -2.350913 0.499999
v 15.880176 -2.350913 -0.500001
v 15.983172 -2.255971 0.499999
v 15.983172 -2.255971 -0.500001
v 16.072422 -2.148945 0.499999
v 16.072422 -2.148945 -0.500001
v 16.147154 -2.031434 0.499999
v 16.147154 -2.031434 -0.500001
v 16.206612 -1.905033 0.499999
v 16.206612 -1.905033 -0.500001
v 16.250025 -1.771341 0.499999
v 16.250025 -1.771341 -0.500001
v 16.276634 -1.631954 0.499999
v 16.276634 -1.631954 -0.500001
v 16.285673 -1.488471 0.499999
v 16.285673 -1.488471 -0.500001
v 16.269320 -1.278534 0.499999
v 16.269320 -1.278534 -0.500001
v 16.222340 -1.092313 0.499999
v 16.222340 -1.092313 -0.500001
v 16.147860 -0.927689 0.499999
v 16.147860 -0.927689 -0.500001
v 16.049007 -0.782545 0.499999
v 16.049007 -0.782545 -0.500001
v 15.928903 -0.654761 0.499999
v 15.928903 -0.654761 -0.500001
v 15.790673 -0.542221 0.499999
v 15.790673 -0.542221 -0.500001
v 15.637444 -0.442805 0.499999
v 15.637444 -0.442805 -0.500001
v 15.472340 -0.354396 0.499999
v 15.472340 -0.354397 -0.500001
v 15.298486 -0.274877 0.499999
v 15.298486 -0.274877 -0.500001
v 15.119007 -0.202128 0.499999
v 15.119007 -0.202128 -0.500001
v 14.937028 -0.134032 0.499999
v 14.937028 -0.134032 -0.500001
v 14.755673 -0.068470 0.499999
v 14.755673 -0.068471 -0.500001
v 13.965673 0.211530 0.499999
v 13.965673 0.211530 -0.500001
v 13.965673 0.451530 0.499999
v 13.965673 0.451529 -0.500001
v 13.971300 0.584713 0.499999
v 13.971300 0.584713 -0.500001
v 13.988174 0.704493 0.499999
v 13.988174 0.704493 -0.500001
v 14.016300 0.811217 0.499999
v 14.016300 0.811217 -0.500001
v 14.055676 0.905234 0.499999
v 14.055676 0.905234 -0.500001
v 14.106298 0.986889 0.499999
v 14.106298 0.986889 -0.500001
v 14.168175 1.056530 0.499999
v 14.168175 1.056530 -0.500001
v 14.241299 1.114504 0.499999
v 14.241299 1.114504 -0.500001
v 14.325675 1.161159 0.499999
v 14.325675 1.161159 -0.500001
v 14.421300 1.196842 0.499999
v 14.421300 1.196842 -0.500001
v 14.528173 1.221900 0.499999
v 14.528173 1.221900 -0.500001
v 14.646299 1.236680 0.499999
v 14.646299 1.236680 -0.500001
v 14.775673 1.241529 0.499999
v 14.775673 1.241529 -0.500001
v 14.898335 1.236709 0.499999
v 14.898335 1.236709 -0.500001
v 15.021137 1.222132 0.499999
v 15.021137 1.222132 -0.500001
v 15.143799 1.197623 0.499999
v 15.143799 1.197623 -0.500001
v 15.266045 1.163011 0.499999
v 15.266045 1.163011 -0.500001
v 15.387596 1.118121 0.499999
v 15.387596 1.118121 -0.500001
v 15.508174 1.062780 0.499999
v 15.508174 1.062780 -0.500001
v 15.627502 0.996813 0.499999
v 15.627502 0.996813 -0.500001
v 15.745302 0.920048 0.499999
v 15.745302 0.920048 -0.500001
v 15.861298 0.832311 0.499999
v 15.861298 0.832311 -0.500001
v 15.975210 0.733428 0.499999
v 15.975210 0.733428 -0.500001
v 16.086761 0.623225 0.499999
v 16.086761 0.623225 -0.500001
v 16.195673 0.501529 0.499999
v 16.195673 0.501529 -0.500001
v 16.195673 1.471529 0.499999
v 16.195673 1.471529 -0.500001
v 16.105246 1.569660 0.499999
v 16.105246 1.569660 -0.500001
v 16.008915 1.659076 0.499999
v 16.008915 1.659076 -0.500001
v 15.906611 1.739811 0.499999
v 15.906611 1.739811 -0.500001
v 15.798265 1.811900 0.499999
v 15.798265 1.811900 -0.500001
v 15.683809 1.875378 0.499999
v 15.683809 1.875378 -0.500001
v 15.563173 1.930280 0.499999
v 15.563173 1.930280 -0.500001
v 15.436287 1.976640 0.499999
v 15.436287 1.976640 -0.500001
v 15.303082 2.014493 0.499999
v 15.303082 2.014493 -0.500001
v 15.163486 2.043874 0.499999
v 15.163486 2.043874 -0.500001
v 15.017432 2.064817 0.499999
v 15.017432 2.064817 -0.500001
v 14.864851 2.077357 0.499999
v 14.864851 2.077357 -0.500001
v 14.705673 2.081530 0.499999
v 14.705673 2.081530 -0.500001
v 14.482441 2.071888 0.499999
v 14.482441 2.071888 -0.500001
v 14.268962 2.042733 0.499999
v 14.268962 2.042733 -0.500001
v 14.067081 1.993717 0.499999
v 14.067081 1.993717 -0.500001
v 13.878639 1.924493 0.499999
v 13.878639 1.924493 -0.500001
v 13.705473 1.834713 0.499999
v 13.705473 1.834713 -0.500001
v 13.549425 1.724030 0.499999
v 13.549425 1.724030 -0.500001
v 13.412336 1.592097 0.499999
v 13.412336 1.592097 -0.500001
v 13.296045 1.438567 0.499999
v 13.296045 1.438567 -0.500001
v 13.202393 1.263092 0.499999
v 13.202393 1.263092 -0.500001
v 13.133221 1.065326 0.499999
v 13.133221 1.065326 -0.500001
v 13.090367 0.844921 0.499999
v 13.090367 0.844921 -0.500001
v 13.075674 0.601529 0.499999
v 13.075674 0.601529 -0.500001
v 13.075674 -1.708471 0.499999
v 13.075674 -1.708471 -0.500001
v 13.074428 -1.748708 0.499999
v 13.074428 -1.748708 -0.500001
v 13.070718 -1.784536 0.499999
v 13.070718 -1.784536 -0.500001
v 13.064577 -1.816127 0.499999
v 13.064577 -1.816127 -0.500001
v 13.056042 -1.843656 0.499999
v 13.056042 -1.843656 -0.500001
v 13.045145 -1.867296 0.499999
v 13.045145 -1.867296 -0.500001
v 13.031921 -1.887221 0.499999
v 13.031921 -1.887221 -0.500001
v 13.016406 -1.903604 0.499999
v 13.016406 -1.903604 -0.500001
v 12.998634 -1.916619 0.499999
v 12.998634 -1.916619 -0.500001
v 12.978641 -1.926439 0.499999
v 12.978641 -1.926439 -0.500001
v 12.956459 -1.933239 0.499999
v 12.956459 -1.933239 -0.500001
v 12.932125 -1.937192 0.499999
v 12.932125 -1.937192 -0.500001
v 12.905673 -1.938471 0.499999
v 12.905673 -1.938471 -0.500001
v 12.881340 -1.936613 0.499999
v 12.881340 -1.936613 -0.500001
v 12.853498 -1.931110 0.499999
v 12.853498 -1.931110 -0.500001
v 12.822393 -1.922064 0.499999
v 12.822393 -1.922064 -0.500001
v 12.788267 -1.909582 0.499999
v 12.788267 -1.909582 -0.500001
v 12.751364 -1.893766 0.499999
v 12.751364 -1.893766 -0.500001
v 12.711925 -1.874721 0.499999
v 12.711925 -1.874721 -0.500001
v 12.670194 -1.852551 0.499999
v 12.670194 -1.852551 -0.500001
v 12.626415 -1.827359 0.499999
v 12.626415 -1.827359 -0.500001
v 12.580832 -1.799252 0.499999
v 12.580832 -1.799252 -0.500001
v 12.533684 -1.768332 0.499999
v 12.533684 -1.768332 -0.500001
v 12.485217 -1.734703 0.499999
v 12.485217 -1.734703 -0.500001
v 12.435674 -1.698471 0.499999
v 12.435674 -1.698471 -0.500001
v 12.435674 -2.238471 0.499999
v 12.435674 -2.238471 -0.500001
v 14.153267 -0.343627 0.499999
v 14.153267 -0.343627 -0.500001
v 14.334747 -0.409720 0.499999
v 14.334747 -0.409720 -0.500001
v 14.508173 -0.477689 0.499999
v 14.508173 -0.477689 -0.500001
v 14.671598 -0.548470 0.499999
v 14.671598 -0.548470 -0.500001
v 14.823080 -0.623002 0.499999
v 14.823080 -0.623002 -0.500001
v 14.960674 -0.702220 0.499999
v 14.960674 -0.702220 -0.500001
v 15.082432 -0.787064 0.499999
v 15.082432 -0.787064 -0.500001
v 15.186414 -0.878470 0.499999
v 15.186414 -0.878470 -0.500001
v 15.270673 -0.977377 0.499999
v 15.270673 -0.977377 -0.500001
v 15.333266 -1.084721 0.499999
v 15.333266 -1.084721 -0.500001
v 15.372248 -1.201439 0.499999
v 15.372248 -1.201439 -0.500001
v 15.385674 -1.328471 0.499999
v 15.385674 -1.328471 -0.500001
v 15.380148 -1.418592 0.499999
v 15.380148 -1.418592 -0.500001
v 15.363961 -1.503609 0.499999
v 15.363961 -1.503609 -0.500001
v 15.337705 -1.583002 0.499999
v 15.337705 -1.583002 -0.500001
v 15.301970 -1.656248 0.499999
v 15.301970 -1.656248 -0.500001
v 15.257347 -1.722828 0.499999
v 15.257347 -1.722828 -0.500001
v 15.204424 -1.782221 0.499999
v 15.204424 -1.782221 -0.500001
v 15.143794 -1.833905 0.499999
v 15.143794 -1.833905 -0.500001
v 15.076045 -1.877360 0.499999
v 15.076045 -1.877360 -0.500001
v 15.001768 -1.912064 0.499999
v 15.001768 -1.912064 -0.500001
v 14.921553 -1.937498 0.499999
v 14.921553 -1.937498 -0.500001
v 14.835992 -1.953141 0.499999
v 14.835992 -1.953141 -0.500001
v 14.745673 -1.958471 0.499999
v 14.745673 -1.958471 -0.500001
v 14.676090 -1.955583 0.499999
v 14.676090 -1.955583 -0.500001
v 14.607340 -1.947036 0.499999
v 14.607340 -1.947036 -0.500001
v 14.539424 -1.933002 0.499999
v 14.539424 -1.933002 -0.500001
v 14.472341 -1.913656 0.499999
v 14.472341 -1.913656 -0.500001
v 14.406091 -1.889171 0.499999
v 14.406091 -1.889171 -0.500001
v 14.340673 -1.859721 0.499999
v 14.340673 -1.859721 -0.500001
v 14.276091 -1.825479 0.499999
v 14.276091 -1.825479 -0.500001
v 14.212340 -1.786619 0.499999
v 14.212340 -1.786619 -0.500001
v 14.149424 -1.743314 0.499999
v 14.149424 -1.743314 -0.500001
v 14.087339 -1.695739 0.499999
v 14.087339 -1.695739 -0.500001
v 14.026090 -1.644067 0.499999
v 14.026090 -1.644067 -0.500001
v 13.965673 -1.588471 0.499999
v 13.965673 -1.588471 -0.500001
v 13.965673 -0.278470 0.499999
v 13.965673 -0.278470 -0.500001
v 10.795673 1.401529 0.499999
v 10.795673 1.401529 -0.500001
v 10.681287 1.511541 0.499999
v 10.681287 1.511541 -0.500001
v 10.568081 1.611622 0.499999
v 10.568081 1.611622 -0.500001
v 10.455986 1.701842 0.499999
v 10.455986 1.701842 -0.500001
v 10.344934 1.782270 0.499999
v 10.344934 1.782270 -0.500001
v 10.234852 1.852976 0.499999
v 10.234852 1.852976 -0.500001
v 10.125674 1.914030 0.499999
v 10.125674 1.914030 -0.500001
v 10.017329 1.965499 0.499999
v 10.017329 1.965499 -0.500001
v 9.909747 2.007455 0.499999
v 9.909747 2.007455 -0.500001
v 9.802860 2.039967 0.499999
v 9.802860 2.039967 -0.500001
v 9.696599 2.063104 0.499999
v 9.696599 2.063104 -0.500001
v 9.590892 2.076935 0.499999
v 9.590892 2.076935 -0.500001
v 9.485672 2.081530 0.499999
v 9.485672 2.081530 -0.500001
v 9.345296 2.075714 0.499999
v 9.345296 2.075714 -0.500001
v 9.209330 2.058335 0.499999
v 9.209330 2.058335 -0.500001
v 9.078015 2.029498 0.499999
v 9.078015 2.029498 -0.500001
v 8.951598 1.989307 0.499999
v 8.951598 1.989307 -0.500001
v 8.830319 1.937866 0.499999
v 8.830319 1.937866 -0.500001
v 8.714422 1.875279 0.499999
v 8.714422 1.875279 -0.500001
v 8.604151 1.801651 0.499999
v 8.604151 1.801651 -0.500001
v 8.499747 1.717085 0.499999
v 8.499747 1.717085 -0.500001
v 8.401454 1.621686 0.499999
v 8.401454 1.621686 -0.500001
v 8.309515 1.515557 0.499999
v 8.309515 1.515557 -0.500001
v 8.224174 1.398804 0.499999
v 8.224174 1.398804 -0.500001
v 8.145673 1.271529 0.499999
v 8.145673 1.271529 -0.500001
v 8.046453 1.379897 0.499999
v 8.046453 1.379897 -0.500001
v 7.943589 1.484307 0.499999
v 7.943589 1.484307 -0.500001
v 7.836766 1.583717 0.499999
v 7.836766 1.583717 -0.500001
v 7.725672 1.677085 0.499999
v 7.725672 1.677085 -0.500001
v 7.609995 1.763370 0.499999
v 7.609995 1.763370 -0.500001
v 7.489422 1.841530 0.499999
v 7.489422 1.841530 -0.500001
v 7.363641 1.910523 0.499999
v 7.363641 1.910523 -0.500001
v 7.232339 1.969308 0.499999
v 7.232339 1.969308 -0.500001
v 7.095204 2.016842 0.499999
v 7.095204 2.016842 -0.500001
v 6.951923 2.052085 0.499999
v 6.951923 2.052085 -0.500001
v 6.802183 2.073995 0.499999
v 6.802183 2.073995 -0.500001
v 6.645673 2.081530 0.499999
v 6.645673 2.081530 -0.500001
v 6.425192 2.067143 0.499999
v 6.425192 2.067143 -0.500001
v 6.219329 2.024770 0.499999
v 6.219329 2.024770 -0.500001
v 6.028953 1.955592 0.499999
v 6.028953 1.955592 -0.500001
v 5.854931 1.860789 0.499999
v 5.854931 1.860789 -0.500001
v 5.698132 1.741541 0.499999
v 5.698132 1.741541 -0.500001
v 5.559422 1.599029 0.499999
v 5.559422 1.599029 -0.500001
v 5.439671 1.434435 0.499999
v 5.439671 1.434435 -0.500001
v 5.339746 1.248937 0.499999
v 5.339746 1.248937 -0.500001
v 5.260516 1.043717 0.499999
v 5.260516 1.043717 -0.500000
v 5.202848 0.819955 0.500000
v 5.202848 0.819955 -0.500000
v 5.167611 0.578833 0.500000
v 5.167611 0.578833 -0.500000
v 5.155673 0.321529 0.500000
v 5.155673 0.321529 -0.500000
v 5.155673 -2.498471 0.500000
v 5.155673 -2.498471 -0.500000
v 6.045672 -2.498471 0.500000
v 6.045672 -2.498471 -0.500000
v 6.045672 0.281530 0.499999
v 6.045672 0.281530 -0.500001
v 6.054232 0.445037 0.499999
v 6.054232 0.445036 -0.500001
v 6.079145 0.595418 0.499999
v 6.079145 0.595418 -0.500001
v 6.119266 0.732467 0.499999
v 6.119266 0.732467 -0.500001
v 6.173450 0.855974 0.499999
v 6.173450 0.855974 -0.500001
v 6.240551 0.965731 0.499999
v 6.240551 0.965731 -0.500001
v 6.319422 1.061530 0.499999
v 6.319422 1.061530 -0.500001
v 6.408918 1.143162 0.499999
v 6.408918 1.143162 -0.500001
v 6.507895 1.210419 0.499999
v 6.507895 1.210419 -0.500001
v 6.615203 1.263092 0.499999
v 6.615203 1.263092 -0.500001
v 6.729700 1.300974 0.499999
v 6.729700 1.300974 -0.500001
v 6.850238 1.323856 0.499999
v 6.850238 1.323856 -0.500001
v 6.975673 1.331529 0.499999
v 6.975673 1.331529 -0.500001
v 7.050159 1.328717 0.499999
v 7.050159 1.328717 -0.500001
v 7.128219 1.315696 0.499999
v 7.128219 1.315696 -0.500001
v 7.209266 1.293092 0.499999
v 7.209266 1.293092 -0.500001
v 7.292709 1.261529 0.499999
v 7.292709 1.261529 -0.500001
v 7.377958 1.221633 0.499999
v 7.377958 1.221633 -0.500001
v 7.464421 1.174029 0.499999
v 7.464421 1.174029 -0.500001
v 7.551511 1.119342 0.499999
v 7.551511 1.119342 -0.500001
v 7.638635 1.058196 0.499999
v 7.638635 1.058196 -0.500001
v 7.725204 0.991217 0.499999
v 7.725204 0.991217 -0.500001
v 7.810626 0.919029 0.499999
v 7.810626 0.919029 -0.500001
v 7.894311 0.842259 0.499999
v 7.894311 0.842259 -0.500001
v 7.975672 0.761529 0.499999
v 7.975672 0.761529 -0.500001
v 7.975672 -2.498471 0.499999
v 7.975672 -2.498471 -0.500001
v 8.865672 -2.498471 0.499999
v 8.865672 -2.498471 -0.500001
v 8.865672 0.291530 0.499999
v 8.865672 0.291529 -0.500001
v 8.873207 0.465343 0.499999
v 8.873207 0.465343 -0.500001
v 8.895117 0.622039 0.499999
v 8.895117 0.622039 -0.500001
v 8.930360 0.761998 0.499999
v 8.930360 0.761998 -0.500001
v 8.977894 0.885604 0.499999
v 8.977894 0.885604 -0.500001
v 9.036678 0.993237 0.499999
v 9.036678 0.993237 -0.500001
v 9.105672 1.085279 0.499999
v 9.105672 1.085279 -0.500001
v 9.183832 1.162114 0.499999
v 9.183832 1.162114 -0.500001
v 9.270117 1.224122 0.499999
v 9.270117 1.224122 -0.500001
v 9.363485 1.271686 0.499999
v 9.363485 1.271686 -0.500001
v 9.462894 1.305187 0.499999
v 9.462894 1.305187 -0.500001
v 9.567305 1.325008 0.499999
v 9.567305 1.325008 -0.500001
v 9.675673 1.331529 0.499999
v 9.675673 1.331529 -0.500001
v 9.785174 1.328527 0.499999
v 9.785174 1.328527 -0.500001
v 9.889191 1.319169 0.499999
v 9.889191 1.319169 -0.500001
v 9.988485 1.302936 0.499999
v 9.988485 1.302936 -0.500001
v 10.083820 1.279308 0.499999
v 10.083820 1.279308 -0.500001
v 10.175962 1.247763 0.499999
v 10.175962 1.247763 -0.500001
v 10.265674 1.207780 0.499999
v 10.265674 1.207780 -0.500001
v 10.353718 1.158839 0.499999
v 10.353718 1.158839 -0.500001
v 10.440859 1.100418 0.499999
v 10.440859 1.100418 -0.500001
v 10.527861 1.031998 0.499999
v 10.527861 1.031998 -0.500001
v 10.615488 0.953057 0.499999
v 10.615488 0.953057 -0.500001
v 10.704504 0.863075 0.499999
v 10.704504 0.863075 -0.500001
v 10.795673 0.761529 0.499999
v 10.795673 0.761529 -0.500001
v 10.795673 -2.498471 0.499999
v 10.795673 -2.498471 -0.500001
v 11.685673 -2.498471 0.499999
v 11.685673 -2.498471 -0.500001
v 11.685673 1.991530 0.499999
v 11.685673 1.991530 -0.500001
v 10.795673 1.991530 0.499999
v 10.795673 1.991530 -0.500001
v 0.319815 -2.144524 0.500000
v 0.319815 -2.144524 -0.500000
v 0.452987 -2.222730 0.500000
v 0.452987 -2.222730 -0.500000
v 0.586296 -2.293158 0.500000
v 0.586296 -2.293158 -0.500000
v 0.720857 -2.355878 0.500000
v 0.720857 -2.355878 -0.500000
v 0.857778 -2.410959 0.500000
v 0.857778 -2.410959 -0.500000
v 0.998171 -2.458471 0.500000
v 0.998171 -2.458471 -0.500000
v 1.143149 -2.498482 0.500000
v 1.143149 -2.498482 -0.500000
v 1.293820 -2.531063 0.500000
v 1.293820 -2.531063 -0.500000
v 1.451298 -2.556283 0.500000
v 1.451298 -2.556283 -0.500000
v 1.616691 -2.574211 0.500000
v 1.616691 -2.574211 -0.500000
v 1.791113 -2.584917 0.500000
v 1.791113 -2.584917 -0.500000
v 1.975673 -2.588470 0.500000
v 1.975673 -2.588470 -0.500000
v 2.312663 -2.565125 0.500000
v 2.312663 -2.565125 -0.500000
v 2.623266 -2.497545 0.500000
v 2.623266 -2.497545 -0.500000
v 2.906922 -2.389408 0.500000
v 2.906922 -2.389408 -0.500000
v 3.163079 -2.244396 0.500000
v 3.163079 -2.244396 -0.500000
v 3.391181 -2.066190 0.500000
v 3.391181 -2.066190 -0.500000
v 3.590671 -1.858471 0.500000
v 3.590671 -1.858471 -0.500000
v 3.760994 -1.624917 0.500000
v 3.760994 -1.624917 -0.500000
v 3.901597 -1.369211 0.500000
v 3.901597 -1.369211 -0.500000
v 4.011921 -1.095033 0.500000
v 4.011921 -1.095033 -0.500000
v 4.091413 -0.806063 0.500000
v 4.091413 -0.806063 -0.500000
v 4.139515 -0.505982 0.500000
v 4.139515 -0.505982 -0.500000
v 4.155673 -0.198471 0.500000
v 4.155673 -0.198471 -0.500000
v 4.138030 0.132085 0.500000
v 4.138030 0.132085 -0.500000
v 4.086224 0.442640 0.500000
v 4.086224 0.442640 -0.500000
v 4.001917 0.731529 0.500000
v 4.001917 0.731529 -0.500000
v 3.886779 0.997085 0.500000
v 3.886779 0.997085 -0.500000
v 3.742474 1.237641 0.500000
v 3.742474 1.237641 -0.500000
v 3.570670 1.451529 0.500000
v 3.570670 1.451529 -0.500000
v 3.373030 1.637085 0.500000
v 3.373030 1.637085 -0.500000
v 3.151225 1.792641 0.500000
v 3.151225 1.792641 -0.500000
v 2.906919 1.916529 0.500000
v 2.906919 1.916529 -0.500000
v 2.641781 2.007085 0.500000
v 2.641781 2.007085 -0.500000
v 2.357476 2.062641 0.500000
v 2.357476 2.062641 -0.500000
v 2.055672 2.081530 0.500000
v 2.055672 2.081530 -0.500000
v 1.767324 2.064631 0.500000
v 1.767324 2.064631 -0.500000
v 1.498035 2.013844 0.500000
v 1.498035 2.013844 -0.500000
v 1.248954 1.929030 0.500000
v 1.248954 1.929030 -0.500000
v 1.021229 1.810048 0.500000
v 1.021229 1.810048 -0.500000
v 0.816003 1.656761 0.500000
v 0.816003 1.656761 -0.500000
v 0.634423 1.469030 0.500000
v 0.634423 1.469030 -0.500000
v 0.477634 1.246715 0.500000
v 0.477634 1.246715 -0.500000
v 0.346783 0.989678 0.500000
v 0.346783 0.989678 -0.500000
v 0.243016 0.697780 0.500000
v 0.243016 0.697780 -0.500000
v 0.167478 0.370881 0.500000
v 0.167478 0.370881 -0.500000
v 0.121315 0.008844 0.500000
v 0.121315 0.008844 -0.500000
v 0.105673 -0.388471 0.500000
v 0.105673 -0.388471 -0.500000
v 3.265673 -0.388471 0.500000
v 3.265673 -0.388471 -0.500000
v 3.222977 -0.601995 0.500000
v 3.222977 -0.601995 -0.500000
v 3.164934 -0.797498 0.500000
v 3.164934 -0.797498 -0.500000
v 3.091613 -0.974877 0.500000
v 3.091613 -0.974877 -0.500000
v 3.003083 -1.134026 0.500000
v 3.003083 -1.134026 -0.500000
v 2.899414 -1.274842 0.500000
v 2.899414 -1.274842 -0.500000
v 2.780674 -1.397221 0.500000
v 2.780674 -1.397221 -0.500000
v 2.646936 -1.501057 0.500000
v 2.646936 -1.501057 -0.500000
v 2.498267 -1.586248 0.500000
v 2.498267 -1.586248 -0.500000
v 2.334736 -1.652689 0.500000
v 2.334736 -1.652689 -0.500000
v 2.156413 -1.700276 0.500000
v 2.156413 -1.700276 -0.500000
v 1.963368 -1.728905 0.500000
v 1.963368 -1.728905 -0.500000
v 1.755672 -1.738471 0.500000
v 1.755672 -1.738471 -0.500000
v 1.621276 -1.734339 0.500000
v 1.621276 -1.734339 -0.500000
v 1.487988 -1.722082 0.500000
v 1.487988 -1.722082 -0.500000
v 1.355673 -1.701908 0.500000
v 1.355673 -1.701908 -0.500000
v 1.224192 -1.674026 0.500000
v 1.224192 -1.674026 -0.500000
v 1.093405 -1.638644 0.500000
v 1.093405 -1.638644 -0.500000
v 0.963174 -1.595971 0.500000
v 0.963174 -1.595971 -0.500000
v 0.833360 -1.546214 0.500000
v 0.833359 -1.546214 -0.500000
v 0.703822 -1.489582 0.500000
v 0.703822 -1.489582 -0.500000
v 0.574423 -1.426283 0.500000
v 0.574423 -1.426283 -0.500000
v 0.445023 -1.356526 0.500000
v 0.445023 -1.356526 -0.500000
v 0.315486 -1.280519 0.500000
v 0.315486 -1.280519 -0.500000
v 0.185672 -1.198470 0.500000
v 0.185672 -1.198470 -0.500000
v 0.185672 -2.058471 0.500000
v 0.185672 -2.058471 -0.500000
v 1.000605 0.366217 0.500000
v 1.000605 0.366216 -0.500000
v 1.030119 0.519862 0.500000
v 1.030119 0.519862 -0.500000
v 1.073800 0.661842 0.500000
v 1.073800 0.661842 -0.500000
v 1.131230 0.791529 0.500000
v 1.131230 0.791529 -0.500000
v 1.201993 0.908300 0.500000
v 1.201993 0.908300 -0.500000
v 1.285673 1.011529 0.500000
v 1.285673 1.011529 -0.500000
v 1.381853 1.100592 0.500000
v 1.381853 1.100592 -0.500000
v 1.490117 1.174863 0.500000
v 1.490117 1.174863 -0.500000
v 1.610049 1.233717 0.500000
v 1.610049 1.233717 -0.500000
v 1.741229 1.276529 0.500000
v 1.741229 1.276529 -0.500000
v 1.883243 1.302675 0.500000
v 1.883243 1.302675 -0.500000
v 2.035673 1.311529 0.500000
v 2.035673 1.311529 -0.500000
v 2.200039 1.303249 0.500000
v 2.200039 1.303249 -0.500000
v 2.353082 1.278613 0.500000
v 2.353082 1.278613 -0.500000
v 2.494736 1.237936 0.500000
v 2.494736 1.237936 -0.500000
v 2.624932 1.181530 0.500000
v 2.624932 1.181530 -0.500000
v 2.743600 1.109707 0.500000
v 2.743600 1.109707 -0.500000
v 2.850672 1.022780 0.500000
v 2.850672 1.022780 -0.500000
v 2.946077 0.921061 0.500000
v 2.946077 0.921061 -0.500000
v 3.029746 0.804863 0.500000
v 3.029746 0.804863 -0.500000
v 3.101610 0.674498 0.500000
v 3.101610 0.674498 -0.500000
v 3.161598 0.530279 0.500000
v 3.161598 0.530279 -0.500000
v 3.209642 0.372519 0.500000
v 3.209642 0.372519 -0.500000
v 3.245672 0.201529 0.500000
v 3.245672 0.201529 -0.500000
v 0.985673 0.201529 0.500000
v 0.985673 0.201529 -0.500000
v -6.576716 2.918435 0.500000
v -6.576716 2.918435 -0.500000
v -6.373448 3.024262 0.500000
v -6.373448 3.024262 -0.500000
v -6.173858 3.119187 0.500000
v -6.173858 3.119187 -0.500000
v -5.977289 3.203382 0.500000
v -5.977289 3.203382 -0.500000
v -5.783083 3.277022 0.500000
v -5.783083 3.277022 -0.500000
v -5.590577 3.340280 0.500000
v -5.590577 3.340280 -0.500000
v -5.399112 3.393330 0.500000
v -5.399112 3.393330 -0.500000
v -5.208029 3.436345 0.500000
v -5.208029 3.436345 -0.500000
v -5.016670 3.469499 0.500000
v -5.016670 3.469499 -0.500000
v -4.824373 3.492965 0.500000
v -4.824373 3.492965 -0.500000
v -4.630479 3.506917 0.500000
v -4.630479 3.506917 -0.500000
v -4.434327 3.511529 0.500000
v -4.434327 3.511529 -0.500000
v -4.053101 3.488822 0.500000
v -4.053101 3.488822 -0.500000
v -3.691179 3.422364 0.500000
v -3.691179 3.422364 -0.500000
v -3.351201 3.314655 0.500000
v -3.351201 3.314655 -0.500000
v -3.035807 3.168197 0.500000
v -3.035807 3.168197 -0.500000
v -2.747635 2.985489 0.500000
v -2.747635 2.985489 -0.500000
v -2.489325 2.769030 0.500000
v -2.489325 2.769030 -0.500000
v -2.263514 2.521322 0.500000
v -2.263514 2.521322 -0.500000
v -2.072844 2.244863 0.500000
v -2.072844 2.244863 -0.500000
v -1.919951 1.942155 0.500000
v -1.919951 1.942155 -0.500000
v -1.807474 1.615696 0.500000
v -1.807474 1.615696 -0.500000
v -1.738054 1.267988 0.500000
v -1.738054 1.267988 -0.500000
v -1.714327 0.901529 0.500000
v -1.714327 0.901529 -0.500000
v -1.737313 0.529162 0.500000
v -1.737313 0.529162 -0.500000
v -1.804883 0.178428 0.500000
v -1.804883 0.178428 -0.500000
v -1.914951 -0.148627 0.500000
v -1.914951 -0.148627 -0.500000
v -2.065436 -0.449952 0.500000
v -2.065436 -0.449952 -0.500000
v -2.254256 -0.723499 0.500000
v -2.254256 -0.723499 -0.500000
v -2.479326 -0.967221 0.500000
v -2.479326 -0.967221 -0.500000
v -2.738563 -1.179067 0.500000
v -2.738563 -1.179067 -0.500000
v -3.029882 -1.356989 0.500000
v -3.029882 -1.356989 -0.500000
v -3.351201 -1.498939 0.500000
v -3.351201 -1.498939 -0.500000
v -3.700437 -1.602869 0.500000
v -3.700437 -1.602869 -0.500000
v -4.075507 -1.666729 0.500000
v -4.075507 -1.666729 -0.500000
v -4.474327 -1.688471 0.500000
v -4.474327 -1.688471 -0.500000
v -4.668201 -1.682869 0.500000
v -4.668201 -1.682869 -0.500000
v -4.864511 -1.666156 0.500000
v -4.864511 -1.666156 -0.499999
v -5.062763 -1.638470 0.500001
v -5.062763 -1.638470 -0.499999
v -5.262475 -1.599952 0.500001
v -5.262475 -1.599952 -0.499999
v -5.463159 -1.550739 0.500001
v -5.463159 -1.550739 -0.499999
v -5.664327 -1.490971 0.500001
v -5.664327 -1.490971 -0.499999
v -5.865495 -1.420785 0.500001
v -5.865495 -1.420785 -0.499999
v -6.066179 -1.340322 0.500001
v -6.066179 -1.340322 -0.499999
v -6.265890 -1.249720 0.500001
v -6.265890 -1.249720 -0.499999
v -6.464142 -1.149119 0.500001
v -6.464142 -1.149119 -0.499999
v -6.660451 -1.038656 0.500001
v -6.660451 -1.038656 -0.499999
v -6.854329 -0.918471 0.500001
v -6.854329 -0.918471 -0.499999
v -6.854329 -1.988471 0.500001
v -6.854329 -1.988471 -0.499999
v -6.685411 -2.073800 0.500001
v -6.685411 -2.073800 -0.499999
v -6.513028 -2.154443 0.500001
v -6.513028 -2.154443 -0.499999
v -6.336200 -2.229877 0.500001
v -6.336200 -2.229877 -0.499999
v -6.153955 -2.299582 0.500001
v -6.153955 -2.299582 -0.499999
v -5.965321 -2.363037 0.500001
v -5.965321 -2.363037 -0.499999
v -5.769326 -2.419721 0.500001
v -5.769326 -2.419721 -0.499999
v -5.564997 -2.469113 0.500001
v -5.564997 -2.469113 -0.499999
v -5.351362 -2.510693 0.500001
v -5.351362 -2.510693 -0.499999
v -5.127451 -2.543939 0.500001
v -5.127451 -2.543939 -0.499999
v -4.892289 -2.568332 0.500001
v -4.892289 -2.568332 -0.499999
v -4.644906 -2.583349 0.500001
v -4.644906 -2.583349 -0.499999
v -4.384328 -2.588470 0.500000
v -4.384328 -2.588470 -0.499999
v -3.774141 -2.548882 0.500000
v -3.774141 -2.548882 -0.500000
v -3.222846 -2.435925 0.500000
v -3.222846 -2.435925 -0.500000
v -2.729327 -2.258315 0.500000
v -2.729327 -2.258315 -0.500000
v -2.292475 -2.024768 0.500000
v -2.292475 -2.024768 -0.500000
v -1.911179 -1.743998 0.500000
v -1.911179 -1.743998 -0.500000
v -1.584327 -1.424721 0.500000
v -1.584327 -1.424721 -0.500000
v -1.310808 -1.075653 0.500000
v -1.310808 -1.075653 -0.500000
v -1.089513 -0.705508 0.500000
v -1.089513 -0.705508 -0.500000
v -0.919327 -0.323002 0.500000
v -0.919327 -0.323002 -0.500000
v -0.799143 0.063150 0.500000
v -0.799143 0.063150 -0.500000
v -0.727846 0.444232 0.500000
v -0.727846 0.444232 -0.500000
v -0.704328 0.811530 0.500000
v -0.704328 0.811530 -0.500000
v -0.736474 1.319307 0.500000
v -0.736474 1.319307 -0.500000
v -0.830669 1.800418 0.500000
v -0.830669 1.800418 -0.500000
v -0.983545 2.251529 0.500000
v -0.983545 2.251529 -0.500000
v -1.191735 2.669308 0.500000
v -1.191735 2.669308 -0.500000
v -1.451868 3.050418 0.500000
v -1.451868 3.050418 -0.500000
v -1.760577 3.391530 0.500000
v -1.760577 3.391530 -0.500000
v -2.114496 3.689308 0.500000
v -2.114496 3.689308 -0.500000
v -2.510253 3.940419 0.500000
v -2.510253 3.940419 -0.500000
v -2.944483 4.141530 0.500000
v -2.944483 4.141530 -0.500000
v -3.413817 4.289308 0.500000
v -3.413817 4.289308 -0.500000
v -3.914887 4.380419 0.500000
v -3.914887 4.380419 -0.500000
v -4.444326 4.411530 0.500000
v -4.444326 4.411530 -0.500000
v -4.619657 4.407959 0.500000
v -4.619657 4.407959 -0.500000
v -4.796132 4.397132 0.500000
v -4.796132 4.397132 -0.500000
v -4.974483 4.378874 0.500000
v -4.974483 4.378874 -0.500000
v -5.155439 4.353011 0.500000
v -5.155439 4.353011 -0.500000
v -5.339727 4.319371 0.500000
v -5.339727 4.319371 -0.500000
v -5.528078 4.277780 0.500000
v -5.528078 4.277780 -0.500000
v -5.721220 4.228063 0.500000
v -5.721220 4.228063 -0.500000
v -5.919883 4.170048 0.500000
v -5.919883 4.170048 -0.500000
v -6.124796 4.103561 0.500000
v -6.124796 4.103561 -0.500000
v -6.336689 4.028428 0.500000
v -6.336689 4.028428 -0.500000
v -6.556289 3.944476 0.500000
v -6.556289 3.944476 -0.500000
v -6.784327 3.851530 0.500000
v -6.784327 3.851530 -0.500000
v -6.784327 2.801530 0.500000
v -6.784327 2.801530 -0.500000
v -7.954328 -2.498471 0.500001
v -7.954328 -2.498471 -0.499999
v -7.954328 4.321530 0.500000
v -7.954328 4.321530 -0.499999
v -8.844327 4.321530 0.500001
v -8.844327 4.321530 -0.499999
v -8.844327 -2.498471 0.500001
v -8.844327 -2.498471 -0.499999
v -13.740186 -2.144524 0.500001
v -13.740186 -2.144524 -0.499999
v -13.607015 -2.222730 0.500001
v -13.607015 -2.222730 -0.499999
v -13.473705 -2.293158 0.500001
v -13.473705 -2.293158 -0.499999
v -13.339144 -2.355878 0.500001
v -13.339144 -2.355878 -0.499999
v -13.202223 -2.410959 0.500001
v -13.202223 -2.410959 -0.499999
v -13.061830 -2.458471 0.500001
v -13.061830 -2.458471 -0.499999
v -12.916852 -2.498482 0.500001
v -12.916852 -2.498482 -0.499999
v -12.766181 -2.531063 0.500001
v -12.766181 -2.531063 -0.499999
v -12.608704 -2.556283 0.500001
v -12.608704 -2.556283 -0.499999
v -12.443310 -2.574211 0.500001
v -12.443310 -2.574211 -0.499999
v -12.268888 -2.584917 0.500001
v -12.268888 -2.584917 -0.499999
v -12.084328 -2.588470 0.500001
v -12.084328 -2.588470 -0.499999
v -11.747337 -2.565125 0.500001
v -11.747337 -2.565125 -0.499999
v -11.436735 -2.497545 0.500001
v -11.436735 -2.497545 -0.499999
v -11.153077 -2.389408 0.500001
v -11.153077 -2.389408 -0.499999
v -10.896920 -2.244396 0.500001
v -10.896920 -2.244396 -0.499999
v -10.668818 -2.066190 0.500001
v -10.668818 -2.066190 -0.499999
v -10.469326 -1.858471 0.500001
v -10.469326 -1.858471 -0.499999
v -10.299002 -1.624917 0.500001
v -10.299002 -1.624917 -0.499999
v -10.158400 -1.369211 0.500001
v -10.158400 -1.369211 -0.499999
v -10.048076 -1.095033 0.500001
v -10.048076 -1.095033 -0.499999
v -9.968585 -0.806063 0.500001
v -9.968585 -0.806063 -0.499999
v -9.920485 -0.505982 0.500001
v -9.920485 -0.505982 -0.499999
v -9.904326 -0.198471 0.500001
v -9.904326 -0.198471 -0.499999
v -9.921968 0.132085 0.500001
v -9.921968 0.132085 -0.499999
v -9.973773 0.442640 0.500001
v -9.973773 0.442640 -0.499999
v -10.058078 0.731529 0.500001
v -10.058078 0.731529 -0.499999
v -10.173217 0.997085 0.500001
v -10.173217 0.997085 -0.499999
v -10.317522 1.237641 0.500001
v -10.317522 1.237641 -0.499999
v -10.489329 1.451529 0.500001
v -10.489329 1.451529 -0.499999
v -10.686969 1.637085 0.500001
v -10.686969 1.637085 -0.499999
v -10.908774 1.792641 0.500001
v -10.908774 1.792641 -0.499999
v -11.153079 1.916529 0.500001
v -11.153079 1.916529 -0.499999
v -11.418218 2.007085 0.500001
v -11.418218 2.007085 -0.499999
v -11.702522 2.062641 0.500001
v -11.702522 2.062641 -0.499999
v -12.004327 2.081530 0.500001
v -12.004327 2.081530 -0.499999
v -12.292677 2.064631 0.500001
v -12.292677 2.064631 -0.499999
v -12.561966 2.013844 0.500001
v -12.561966 2.013844 -0.499999
v -12.811047 1.929030 0.500001
v -12.811047 1.929030 -0.499999
v -13.038773 1.810048 0.500001
v -13.038773 1.810048 -0.499999
v -13.243999 1.656761 0.500001
v -13.243999 1.656761 -0.499999
v -13.425578 1.469030 0.500001
v -13.425578 1.469030 -0.499999
v -13.582367 1.246715 0.500001
v -13.582367 1.246715 -0.499999
v -13.713218 0.989678 0.500001
v -13.713218 0.989678 -0.499999
v -13.816985 0.697780 0.500001
v -13.816985 0.697780 -0.499999
v -13.892523 0.370881 0.500001
v -13.892523 0.370881 -0.499999
v -13.938685 0.008844 0.500001
v -13.938685 0.008844 -0.499999
v -13.954329 -0.388471 0.500001
v -13.954329 -0.388471 -0.499999
v -10.794329 -0.388471 0.500001
v -10.794329 -0.388471 -0.499999
v -10.837029 -0.601995 0.500001
v -10.837029 -0.601995 -0.499999
v -10.895072 -0.797498 0.500001
v -10.895072 -0.797498 -0.499999
v -10.968393 -0.974877 0.500001
v -10.968393 -0.974877 -0.499999
v -11.056923 -1.134026 0.500001
v -11.056923 -1.134026 -0.499999
v -11.160592 -1.274842 0.500001
v -11.160592 -1.274842 -0.499999
v -11.279329 -1.397221 0.500001
v -11.279329 -1.397221 -0.499999
v -11.413068 -1.501057 0.500001
v -11.413068 -1.501057 -0.499999
v -11.561736 -1.586248 0.500001
v -11.561736 -1.586248 -0.499999
v -11.725265 -1.652689 0.500001
v -11.725265 -1.652689 -0.499999
v -11.903587 -1.700276 0.500001
v -11.903587 -1.700276 -0.499999
v -12.096630 -1.728905 0.500001
v -12.096630 -1.728905 -0.499999
v -12.304326 -1.738471 0.500001
v -12.304326 -1.738471 -0.499999
v -12.438723 -1.734339 0.500001
v -12.438723 -1.734339 -0.499999
v -12.572011 -1.722082 0.500001
v -12.572011 -1.722082 -0.499999
v -12.704326 -1.701908 0.500001
v -12.704326 -1.701908 -0.499999
v -12.835807 -1.674026 0.500001
v -12.835807 -1.674026 -0.499999
v -12.966594 -1.638644 0.500001
v -12.966594 -1.638644 -0.499999
v -13.096825 -1.595971 0.500001
v -13.096825 -1.595971 -0.499999
v -13.226639 -1.546214 0.500001
v -13.226639 -1.546214 -0.499999
v -13.356176 -1.489582 0.500001
v -13.356176 -1.489582 -0.499999
v -13.485576 -1.426283 0.500001
v -13.485576 -1.426283 -0.499999
v -13.614975 -1.356526 0.500001
v -13.614975 -1.356526 -0.499999
v -13.744513 -1.280519 0.500001
v -13.744513 -1.280519 -0.499999
v -13.874327 -1.198470 0.500001
v -13.874327 -1.198470 -0.499999
v -13.874327 -2.058471 0.500001
v -13.874327 -2.058471 -0.499999
v -13.059398 0.366217 0.500001
v -13.059398 0.366216 -0.499999
v -13.029884 0.519862 0.500001
v -13.029884 0.519862 -0.499999
v -12.986203 0.661842 0.500001
v -12.986203 0.661842 -0.499999
v -12.928773 0.791529 0.500001
v -12.928773 0.791529 -0.499999
v -12.858008 0.908300 0.500001
v -12.858008 0.908300 -0.499999
v -12.774328 1.011529 0.500001
v -12.774328 1.011529 -0.499999
v -12.678147 1.100592 0.500001
v -12.678147 1.100592 -0.499999
v -12.569884 1.174863 0.500001
v -12.569884 1.174863 -0.499999
v -12.449952 1.233717 0.500001
v -12.449952 1.233717 -0.499999
v -12.318772 1.276529 0.500001
v -12.318772 1.276529 -0.499999
v -12.176758 1.302675 0.500001
v -12.176758 1.302675 -0.499999
v -12.024327 1.311529 0.500001
v -12.024327 1.311529 -0.499999
v -11.859960 1.303249 0.500001
v -11.859960 1.303249 -0.499999
v -11.706916 1.278613 0.500001
v -11.706916 1.278613 -0.499999
v -11.565262 1.237936 0.500001
v -11.565262 1.237936 -0.499999
v -11.435066 1.181530 0.500001
v -11.435066 1.181530 -0.499999
v -11.316399 1.109707 0.500001
v -11.316399 1.109707 -0.499999
v -11.209327 1.022780 0.500001
v -11.209327 1.022780 -0.499999
v -11.113921 0.921061 0.500001
v -11.113921 0.921061 -0.499999
v -11.030253 0.804863 0.500001
v -11.030253 0.804863 -0.499999
v -10.958389 0.674498 0.500001
v -10.958389 0.674498 -0.499999
v -10.898400 0.530279 0.500001
v -10.898400 0.530279 -0.499999
v -10.850357 0.372519 0.500001
v -10.850357 0.372519 -0.499999
v -10.814327 0.201529 0.500001
v -10.814327 0.201529 -0.499999
v -13.074327 0.201529 0.500001
v -13.074327 0.201529 -0.499999
v -18.296629 -2.302076 0.500002
v -18.296629 -2.302076 -0.499998
v -18.207714 -2.358147 0.500002
v -18.207714 -2.358147 -0.499998
v -18.126366 -2.407064 0.500002
v -18.126366 -2.407064 -0.499998
v -18.051373 -2.449212 0.500002
v -18.051373 -2.449212 -0.499998
v -17.981516 -2.484970 0.500002
v -17.981516 -2.484970 -0.499998
v -17.915585 -2.514720 0.500002
v -17.915585 -2.514720 -0.499998
v -17.852360 -2.538847 0.500002
v -17.852360 -2.538847 -0.499998
v -17.790628 -2.557730 0.500002
v -17.790628 -2.557730 -0.499998
v -17.729174 -2.571752 0.500002
v -17.729174 -2.571752 -0.499998
v -17.666784 -2.581295 0.500002
v -17.666784 -2.581295 -0.499998
v -17.602240 -2.586740 0.500002
v -17.602240 -2.586740 -0.499998
v -17.534328 -2.588470 0.500002
v -17.534328 -2.588470 -0.499998
v -17.440544 -2.585531 0.500002
v -17.440544 -2.585531 -0.499998
v -17.354094 -2.576619 0.500002
v -17.354094 -2.576619 -0.499998
v -17.274796 -2.561595 0.500002
v -17.274796 -2.561595 -0.499998
v -17.202475 -2.540323 0.500002
v -17.202475 -2.540323 -0.499998
v -17.136961 -2.512660 0.500002
v -17.136961 -2.512660 -0.499998
v -17.078077 -2.478471 0.500002
v -17.078077 -2.478471 -0.499998
v -17.025654 -2.437614 0.500002
v -17.025654 -2.437614 -0.499998
v -16.979515 -2.389952 0.500002
v -16.979515 -2.389952 -0.499998
v -16.939484 -2.335346 0.500002
v -16.939484 -2.335346 -0.499998
v -16.905396 -2.273656 0.500002
v -16.905396 -2.273656 -0.499998
v -16.877066 -2.204744 0.500002
v -16.877066 -2.204744 -0.499998
v -16.854330 -2.128471 0.500002
v -16.854330 -2.128471 -0.499998
v -16.756426 -2.202643 0.500002
v -16.756426 -2.202643 -0.499998
v -16.657759 -2.270184 0.500002
v -16.657759 -2.270184 -0.499998
v -16.558395 -2.331127 0.500002
v -16.558395 -2.331127 -0.499998
v -16.458408 -2.385508 0.500002
v -16.458408 -2.385508 -0.499998
v -16.357862 -2.433361 0.500002
v -16.357862 -2.433361 -0.499998
v -16.256830 -2.474721 0.500002
v -16.256830 -2.474721 -0.499998
v -16.155382 -2.509622 0.500002
v -16.155382 -2.509622 -0.499998
v -16.053587 -2.538100 0.500001
v -16.053587 -2.538100 -0.499998
v -15.951515 -2.560189 0.500001
v -15.951515 -2.560189 -0.499998
v -15.849236 -2.575924 0.500001
v -15.849236 -2.575924 -0.499999
v -15.746817 -2.585340 0.500001
v -15.746817 -2.585340 -0.499999
v -15.644327 -2.588470 0.500001
v -15.644327 -2.588470 -0.499999
v -15.484036 -2.577904 0.500001
v -15.484036 -2.577904 -0.499999
v -15.333677 -2.547267 0.500001
v -15.333677 -2.547267 -0.499999
v -15.194015 -2.498158 0.500001
v -15.194015 -2.498158 -0.499999
v -15.065809 -2.432174 0.500001
v -15.065809 -2.432174 -0.499999
v -14.949826 -2.350913 0.500001
v -14.949826 -2.350913 -0.499999
v -14.846829 -2.255971 0.500001
v -14.846829 -2.255971 -0.499999
v -14.757582 -2.148945 0.500001
v -14.757582 -2.148945 -0.499999
v -14.682847 -2.031434 0.500001
v -14.682847 -2.031434 -0.499999
v -14.623390 -1.905033 0.500001
v -14.623390 -1.905033 -0.499999
v -14.579977 -1.771341 0.500001
v -14.579977 -1.771341 -0.499999
v -14.553367 -1.631954 0.500001
v -14.553367 -1.631954 -0.499999
v -14.544329 -1.488471 0.500001
v -14.544329 -1.488471 -0.499999
v -14.560681 -1.278534 0.500001
v -14.560681 -1.278534 -0.499999
v -14.607662 -1.092313 0.500001
v -14.607662 -1.092313 -0.499999
v -14.682141 -0.927689 0.500001
v -14.682141 -0.927689 -0.499999
v -14.780994 -0.782545 0.500001
v -14.780994 -0.782545 -0.499999
v -14.901098 -0.654761 0.500001
v -14.901098 -0.654761 -0.499999
v -15.039329 -0.542221 0.500001
v -15.039329 -0.542221 -0.499999
v -15.192557 -0.442805 0.500001
v -15.192557 -0.442805 -0.499999
v -15.357662 -0.354396 0.500001
v -15.357662 -0.354397 -0.499999
v -15.531517 -0.274877 0.500001
v -15.531517 -0.274877 -0.499999
v -15.710997 -0.202128 0.500001
v -15.710997 -0.202128 -0.499999
v -15.892977 -0.134032 0.500001
v -15.892977 -0.134032 -0.499999
v -16.074329 -0.068470 0.500001
v -16.074329 -0.068471 -0.499999
v -16.864330 0.211530 0.500001
v -16.864330 0.211530 -0.499999
v -16.864330 0.451530 0.500001
v -16.864330 0.451529 -0.499999
v -16.858704 0.584713 0.500001
v -16.858704 0.584713 -0.499999
v -16.841827 0.704493 0.500001
v -16.841827 0.704493 -0.499999
v -16.813704 0.811217 0.500001
v -16.813704 0.811217 -0.499999
v -16.774326 0.905234 0.500001
v -16.774326 0.905234 -0.499999
v -16.723701 0.986889 0.500001
v -16.723701 0.986889 -0.499999
v -16.661827 1.056530 0.500001
v -16.661827 1.056530 -0.499999
v -16.588703 1.114504 0.500001
v -16.588703 1.114504 -0.499999
v -16.504328 1.161159 0.500001
v -16.504328 1.161159 -0.499999
v -16.408703 1.196842 0.500001
v -16.408703 1.196842 -0.499999
v -16.301828 1.221900 0.500001
v -16.301828 1.221900 -0.499999
v -16.183702 1.236680 0.500001
v -16.183702 1.236680 -0.499999
v -16.054327 1.241529 0.500001
v -16.054327 1.241529 -0.499999
v -15.931663 1.236709 0.500001
v -15.931663 1.236709 -0.499999
v -15.808863 1.222132 0.500001
v -15.808863 1.222132 -0.499999
v -15.686201 1.197623 0.500001
v -15.686201 1.197623 -0.499999
v -15.563956 1.163011 0.500001
v -15.563956 1.163011 -0.499999
v -15.442406 1.118121 0.500001
v -15.442406 1.118121 -0.499999
v -15.321828 1.062780 0.500001
v -15.321828 1.062780 -0.499999
v -15.202499 0.996813 0.500001
v -15.202499 0.996813 -0.499999
v -15.084700 0.920048 0.500001
v -15.084700 0.920048 -0.499999
v -14.968704 0.832311 0.500001
v -14.968704 0.832311 -0.499999
v -14.854793 0.733428 0.500001
v -14.854793 0.733428 -0.499999
v -14.743241 0.623225 0.500001
v -14.743241 0.623225 -0.499999
v -14.634329 0.501529 0.500001
v -14.634329 0.501529 -0.499999
v -14.634329 1.471529 0.500001
v -14.634329 1.471529 -0.499999
v -14.724756 1.569660 0.500001
v -14.724756 1.569660 -0.499999
v -14.821087 1.659076 0.500001
v -14.821087 1.659076 -0.499999
v -14.923390 1.739811 0.500001
v -14.923390 1.739811 -0.499999
v -15.031734 1.811900 0.500001
v -15.031734 1.811900 -0.499999
v -15.146190 1.875378 0.500001
v -15.146190 1.875378 -0.499999
v -15.266828 1.930280 0.500001
v -15.266828 1.930280 -0.499999
v -15.393714 1.976640 0.500001
v -15.393714 1.976640 -0.499999
v -15.526920 2.014493 0.500001
v -15.526920 2.014493 -0.499999
v -15.666514 2.043874 0.500001
v -15.666514 2.043874 -0.499999
v -15.812568 2.064817 0.500001
v -15.812568 2.064817 -0.499999
v -15.965148 2.077357 0.500001
v -15.965148 2.077357 -0.499999
v -16.124327 2.081530 0.500001
v -16.124327 2.081530 -0.499999
v -16.347563 2.071888 0.500001
v -16.347563 2.071888 -0.499999
v -16.561043 2.042733 0.500001
v -16.561043 2.042733 -0.499999
v -16.762920 1.993717 0.500001
v -16.762920 1.993717 -0.499999
v -16.951363 1.924493 0.500001
v -16.951363 1.924493 -0.499999
v -17.124525 1.834713 0.500001
v -17.124525 1.834713 -0.499999
v -17.280575 1.724030 0.500001
v -17.280575 1.724030 -0.499999
v -17.417665 1.592097 0.500001
v -17.417665 1.592097 -0.499999
v -17.533957 1.438567 0.500001
v -17.533957 1.438567 -0.499999
v -17.627607 1.263092 0.500001
v -17.627607 1.263092 -0.499999
v -17.696783 1.065326 0.500001
v -17.696783 1.065326 -0.499999
v -17.739635 0.844921 0.500001
v -17.739635 0.844921 -0.499998
v -17.754328 0.601529 0.500002
v -17.754328 0.601529 -0.499998
v -17.754328 -1.708471 0.500002
v -17.754328 -1.708471 -0.499998
v -17.755571 -1.748708 0.500002
v -17.755571 -1.748708 -0.499998
v -17.759281 -1.784536 0.500002
v -17.759281 -1.784536 -0.499998
v -17.765423 -1.816127 0.500002
v -17.765423 -1.816127 -0.499998
v -17.773958 -1.843656 0.500002
v -17.773958 -1.843656 -0.499998
v -17.784855 -1.867296 0.500002
v -17.784855 -1.867296 -0.499998
v -17.798077 -1.887221 0.500002
v -17.798077 -1.887221 -0.499998
v -17.813593 -1.903604 0.500002
v -17.813593 -1.903604 -0.499998
v -17.831366 -1.916619 0.500002
v -17.831366 -1.916619 -0.499998
v -17.851358 -1.926439 0.500002
v -17.851358 -1.926439 -0.499998
v -17.873541 -1.933239 0.500002
v -17.873541 -1.933239 -0.499998
v -17.897875 -1.937192 0.500002
v -17.897875 -1.937192 -0.499998
v -17.924330 -1.938471 0.500002
v -17.924330 -1.938471 -0.499998
v -17.948668 -1.936613 0.500002
v -17.948668 -1.936613 -0.499998
v -17.976509 -1.931110 0.500002
v -17.976509 -1.931110 -0.499998
v -18.007614 -1.922064 0.500002
v -18.007614 -1.922064 -0.499998
v -18.041740 -1.909582 0.500002
v -18.041740 -1.909582 -0.499998
v -18.078644 -1.893766 0.500002
v -18.078644 -1.893766 -0.499998
v -18.118082 -1.874721 0.500002
v -18.118082 -1.874721 -0.499998
v -18.159811 -1.852551 0.500002
v -18.159811 -1.852551 -0.499998
v -18.203588 -1.827359 0.500002
v -18.203588 -1.827359 -0.499998
v -18.249174 -1.799252 0.500002
v -18.249174 -1.799252 -0.499998
v -18.296320 -1.768332 0.500002
v -18.296320 -1.768332 -0.499998
v -18.344786 -1.734703 0.500002
v -18.344786 -1.734703 -0.499998
v -18.394329 -1.698471 0.500002
v -18.394329 -1.698471 -0.499998
v -18.394329 -2.238471 0.500002
v -18.394329 -2.238471 -0.499998
v -16.676743 -0.343627 0.500001
v -16.676743 -0.343627 -0.499999
v -16.495258 -0.409720 0.500001
v -16.495258 -0.409720 -0.499999
v -16.321833 -0.477689 0.500001
v -16.321833 -0.477689 -0.499999
v -16.158405 -0.548470 0.500001
v -16.158405 -0.548470 -0.499999
v -16.006922 -0.623002 0.500001
v -16.006922 -0.623002 -0.499999
v -15.869328 -0.702220 0.500001
v -15.869328 -0.702220 -0.499999
v -15.747567 -0.787064 0.500001
v -15.747567 -0.787064 -0.499999
v -15.643586 -0.878470 0.500001
v -15.643586 -0.878470 -0.499999
v -15.559326 -0.977377 0.500001
v -15.559326 -0.977377 -0.499999
v -15.496735 -1.084721 0.500001
v -15.496735 -1.084721 -0.499999
v -15.457753 -1.201439 0.500001
v -15.457753 -1.201439 -0.499999
v -15.444327 -1.328471 0.500001
v -15.444327 -1.328471 -0.499999
v -15.449859 -1.418592 0.500001
v -15.449859 -1.418592 -0.499999
v -15.466045 -1.503609 0.500001
v -15.466045 -1.503609 -0.499999
v -15.492300 -1.583002 0.500001
v -15.492300 -1.583002 -0.499999
v -15.528034 -1.656248 0.500001
v -15.528034 -1.656248 -0.499999
v -15.572659 -1.722828 0.500001
v -15.572659 -1.722828 -0.499999
v -15.625581 -1.782221 0.500001
v -15.625581 -1.782221 -0.499999
v -15.686211 -1.833905 0.500001
v -15.686211 -1.833905 -0.499999
v -15.753960 -1.877360 0.500001
v -15.753960 -1.877360 -0.499999
v -15.828237 -1.912064 0.500001
v -15.828237 -1.912064 -0.499999
v -15.908450 -1.937498 0.500001
v -15.908450 -1.937498 -0.499999
v -15.994011 -1.953141 0.500001
v -15.994011 -1.953141 -0.499999
v -16.084330 -1.958471 0.500001
v -16.084330 -1.958471 -0.499999
v -16.153913 -1.955583 0.500001
v -16.153913 -1.955583 -0.499999
v -16.222664 -1.947036 0.500001
v -16.222664 -1.947036 -0.499999
v -16.290581 -1.933002 0.500001
v -16.290581 -1.933002 -0.499998
v -16.357662 -1.913656 0.500001
v -16.357662 -1.913656 -0.499998
v -16.423914 -1.889171 0.500001
v -16.423914 -1.889171 -0.499998
v -16.489330 -1.859721 0.500002
v -16.489330 -1.859721 -0.499998
v -16.553913 -1.825479 0.500002
v -16.553913 -1.825479 -0.499998
v -16.617662 -1.786619 0.500002
v -16.617662 -1.786619 -0.499998
v -16.680580 -1.743314 0.500002
v -16.680580 -1.743314 -0.499998
v -16.742664 -1.695739 0.500002
v -16.742664 -1.695739 -0.499998
v -16.803915 -1.644067 0.500002
v -16.803915 -1.644067 -0.499998
v -16.864330 -1.588471 0.500002
v -16.864330 -1.588471 -0.499998
v -16.864330 -0.278470 0.500001
v -16.864330 -0.278470 -0.499999
v -20.134327 0.961530 0.500002
v -20.134327 0.961530 -0.499998
v -20.154325 0.961530 0.500002
v -20.154325 0.961530 -0.499998
v -20.266417 1.149521 0.500002
v -20.266417 1.149521 -0.499998
v -20.377705 1.318798 0.500002
v -20.377705 1.318798 -0.499998
v -20.488232 1.469810 0.500002
v -20.488232 1.469810 -0.499998
v -20.598028 1.603011 0.500002
v -20.598028 1.603011 -0.499998
v -20.707132 1.718850 0.500002
v -20.707132 1.718850 -0.499998
v -20.815575 1.817779 0.500002
v -20.815575 1.817779 -0.499998
v -20.923393 1.900250 0.500002
v -20.923393 1.900250 -0.499998
v -21.030619 1.966715 0.500002
v -21.030619 1.966715 -0.499998
v -21.137293 2.017623 0.500002
v -21.137293 2.017623 -0.499998
v -21.243446 2.053428 0.500002
v -21.243446 2.053428 -0.499998
v -21.349113 2.074579 0.500002
v -21.349113 2.074579 -0.499998
v -21.454327 2.081530 0.500002
v -21.454327 2.081530 -0.499998
v -21.543940 2.077982 0.500002
v -21.543940 2.077982 -0.499998
v -21.632893 2.067317 0.500002
v -21.632893 2.067317 -0.499998
v -21.721361 2.049498 0.500002
v -21.721361 2.049498 -0.499998
v -21.809513 2.024493 0.500002
v -21.809513 2.024493 -0.499998
v -21.897528 1.992265 0.500002
v -21.897528 1.992265 -0.499998
v -21.985577 1.952779 0.500002
v -21.985577 1.952779 -0.499998
v -22.073833 1.906003 0.500002
v -22.073833 1.906003 -0.499998
v -22.162474 1.851900 0.500002
v -22.162474 1.851900 -0.499998
v -22.251671 1.790436 0.500002
v -22.251671 1.790436 -0.499998
v -22.341593 1.721576 0.500002
v -22.341593 1.721576 -0.499998
v -22.432421 1.645285 0.500002
v -22.432421 1.645285 -0.499998
v -22.524326 1.561530 0.500002
v -22.524326 1.561530 -0.499998
v -22.054327 0.791530 0.500002
v -22.054327 0.791530 -0.499998
v -21.985291 0.854805 0.500002
v -21.985291 0.854805 -0.499998
v -21.913683 0.914400 0.500002
v -21.913683 0.914400 -0.499998
v -21.840269 0.969967 0.500002
v -21.840269 0.969967 -0.499998
v -21.765812 1.021159 0.500002
v -21.765812 1.021159 -0.499998
v -21.691076 1.067629 0.500002
v -21.691076 1.067629 -0.499998
v -21.616829 1.109030 0.500002
v -21.616829 1.109030 -0.499998
v -21.543829 1.145013 0.500002
v -21.543829 1.145013 -0.499998
v -21.472847 1.175233 0.500002
v -21.472847 1.175233 -0.499998
v -21.404640 1.199342 0.500002
v -21.404640 1.199342 -0.499998
v -21.339977 1.216993 0.500002
v -21.339977 1.216993 -0.499998
v -21.279619 1.227837 0.500002
v -21.279619 1.227837 -0.499998
v -21.224329 1.231530 0.500002
v -21.224329 1.231530 -0.499998
v -21.074736 1.219082 0.500002
v -21.074736 1.219082 -0.499998
v -20.931780 1.182780 0.500002
v -20.931780 1.182780 -0.499998
v -20.796669 1.124186 0.500002
v -20.796669 1.124186 -0.499998
v -20.670622 1.044863 0.500002
v -20.670622 1.044863 -0.499998
v -20.554850 0.946373 0.500002
v -20.554850 0.946373 -0.499998
v -20.450575 0.830280 0.500002
v -20.450575 0.830280 -0.499998
v -20.359009 0.698144 0.500002
v -20.359009 0.698144 -0.499998
v -20.281364 0.551529 0.500002
v -20.281364 0.551529 -0.499998
v -20.218861 0.391998 0.500002
v -20.218861 0.391998 -0.499998
v -20.172709 0.221113 0.500002
v -20.172709 0.221113 -0.499998
v -20.144127 0.040436 0.500002
v -20.144127 0.040436 -0.499998
v -20.134327 -0.148470 0.500002
v -20.134327 -0.148471 -0.499998
v -20.134327 -2.498471 0.500002
v -20.134327 -2.498471 -0.499998
v -19.244329 -2.498471 0.500002
v -19.244329 -2.498471 -0.499998
v -19.244329 1.991530 0.500002
v -19.244329 1.991530 -0.499998
v -20.134327 1.991530 0.500002
v -20.134327 1.991530 -0.499998
vn -0.0000 -0.0000 -1.0000
vn -0.0000 -0.0000 1.0000
vn -0.3771 -0.9262 -0.0000
vn -0.3491 -0.9371 -0.0000
vn -0.3180 -0.9481 -0.0000
vn -0.2842 -0.9588 -0.0000
vn -0.2482 -0.9687 -0.0000
vn -0.2107 -0.9776 -0.0000
vn -0.1725 -0.9850 -0.0000
vn -0.1345 -0.9909 -0.0000
vn -0.0977 -0.9952 -0.0000
vn -0.0626 -0.9980 -0.0000
vn -0.0301 -0.9995 -0.0000
vn 0.0220 -0.9998 -0.0000
vn 0.1184 -0.9930 -0.0000
vn 0.2385 -0.9711 -0.0000
vn 0.3584 -0.9336 -0.0000
vn 0.4753 -0.8798 -0.0000
vn 0.5867 -0.8098 -0.0000
vn 0.6895 -0.7242 -0.0000
vn 0.7812 -0.6243 -0.0000
vn 0.8590 -0.5119 -0.0000
vn 0.9209 -0.3898 -0.0000
vn 0.9652 -0.2614 -0.0000
vn 0.9915 -0.1303 -0.0000
vn 1.0000 0.0005 -0.0000
vn 0.9913 0.1318 -0.0000
vn 0.9648 0.2630 -0.0000
vn 0.9208 0.3901 -0.0000
vn 0.8602 0.5100 -0.0000
vn 0.7845 0.6202 -0.0000
vn 0.6955 0.7186 -0.0000
vn 0.5951 0.8036 -0.0000
vn 0.4855 0.8742 -0.0000
vn 0.3688 0.9295 -0.0000
vn 0.2474 0.9689 -0.0000
vn 0.1236 0.9923 -0.0000
vn 0.0235 0.9997 -0.0000
vn -0.0308 0.9995 -0.0000
vn -0.0661 0.9978 -0.0000
vn -0.1056 0.9944 -0.0000
vn -0.1475 0.9891 -0.0000
vn -0.1899 0.9818 -0.0000
vn -0.2307 0.9730 -0.0000
vn -0.2683 0.9633 -0.0000
vn -0.3015 0.9535 -0.0000
vn -0.3299 0.9440 -0.0000
vn -0.3535 0.9355 -0.0000
vn -0.3724 0.9281 -0.0000
vn -0.8309 0.5565 -0.0000
vn -0.5168 -0.8561 -0.0000
vn 0.4493 -0.8934 -0.0000
vn 0.4153 -0.9097 -0.0000
vn 0.3798 -0.9251 -0.0000
vn 0.3429 -0.9394 -0.0000
vn 0.3044 -0.9525 -0.0000
vn 0.2645 -0.9644 -0.0000
vn 0.2232 -0.9748 -0.0000
vn 0.1806 -0.9835 -0.0000
vn 0.1369 -0.9906 -0.0000
vn 0.0921 -0.9958 -0.0000
vn 0.0464 -0.9989 -0.0000
vn -0.0201 -0.9998 -0.0000
vn -0.1277 -0.9918 -0.0000
vn -0.2547 -0.9670 -0.0000
vn -0.3780 -0.9258 -0.0000
vn -0.4954 -0.8687 -0.0000
vn -0.6044 -0.7967 -0.0000
vn -0.7034 -0.7108 -0.0000
vn -0.7905 -0.6124 -0.0000
vn -0.8642 -0.5031 -0.0000
vn -0.9231 -0.3846 -0.0000
vn -0.9658 -0.2594 -0.0000
vn -0.9915 -0.1301 -0.0000
vn -1.0000 -0.0009 -0.0000
vn -0.9918 0.1281 -0.0000
vn -0.9660 0.2586 -0.0000
vn -0.9216 0.3881 -0.0000
vn -0.8588 0.5123 -0.0000
vn -0.7790 0.6271 -0.0000
vn -0.6845 0.7290 -0.0000
vn -0.5788 0.8154 -0.0000
vn -0.4655 0.8851 -0.0000
vn -0.3480 0.9375 -0.0000
vn -0.2297 0.9733 -0.0000
vn -0.1131 0.9936 -0.0000
vn -0.0185 0.9998 -0.0000
vn 0.0368 0.9993 -0.0000
vn 0.0724 0.9974 -0.0000
vn 0.1062 0.9943 -0.0000
vn 0.1380 0.9904 -0.0000
vn 0.1676 0.9859 -0.0000
vn 0.1948 0.9809 -0.0000
vn 0.2195 0.9756 -0.0000
vn 0.2416 0.9704 -0.0000
vn 0.2611 0.9653 -0.0000
vn 0.2779 0.9606 -0.0000
vn 0.2921 0.9564 -0.0000
vn 0.8058 0.5922 -0.0000
vn 0.7071 -0.7071 -0.0000
vn 0.7071 0.7071 -0.0000
vn -0.7071 0.7071 -0.0000
vn -0.8338 -0.5521 -0.0000
vn -0.5395 -0.8420 -0.0000
vn -0.5244 -0.8515 -0.0000
vn -0.5027 -0.8645 -0.0000
vn -0.4729 -0.8811 -0.0000
vn -0.4336 -0.9011 -0.0000
vn -0.3841 -0.9233 -0.0000
vn -0.3247 -0.9458 -0.0000
vn -0.2577 -0.9662 -0.0000
vn -0.1870 -0.9824 -0.0000
vn -0.1177 -0.9930 -0.0000
vn -0.0548 -0.9985 -0.0000
vn 0.0029 -1.0000 -0.0000
vn 0.0670 -0.9978 -0.0000
vn 0.1445 -0.9895 -0.0000
vn 0.2345 -0.9721 -0.0000
vn 0.3361 -0.9418 -0.0000
vn 0.4464 -0.8948 -0.0000
vn 0.5597 -0.8287 -0.0000
vn 0.6682 -0.7440 -0.0000
vn 0.7643 -0.6449 -0.0000
vn 0.8426 -0.5385 -0.0000
vn 0.9016 -0.4326 -0.0000
vn 0.9428 -0.3334 -0.0000
vn 0.3111 -0.9504 -0.0000
vn -0.5845 -0.8114 -0.0000
vn -0.5440 -0.8391 -0.0000
vn -0.5005 -0.8658 -0.0000
vn -0.4539 -0.8910 -0.0000
vn -0.4045 -0.9146 -0.0000
vn -0.3522 -0.9359 -0.0000
vn -0.2975 -0.9547 -0.0000
vn -0.2406 -0.9706 -0.0000
vn -0.1819 -0.9833 -0.0000
vn -0.1219 -0.9925 -0.0000
vn -0.0611 -0.9981 -0.0000
vn 0.0176 -0.9998 -0.0000
vn 0.1330 -0.9911 -0.0000
vn 0.2663 -0.9639 -0.0000
vn 0.3956 -0.9184 -0.0000
vn 0.5169 -0.8560 -0.0000
vn 0.6272 -0.7789 -0.0000
vn 0.7244 -0.6893 -0.0000
vn 0.8076 -0.5898 -0.0000
vn 0.8761 -0.4821 -0.0000
vn 0.9298 -0.3680 -0.0000
vn 0.9686 -0.2487 -0.0000
vn 0.9921 -0.1254 -0.0000
vn 1.0000 0.0074 -0.0000
vn 0.9868 0.1617 -0.0000
vn 0.9441 0.3297 -0.0000
vn 0.8721 0.4894 -0.0000
vn 0.7800 0.6258 -0.0000
vn 0.6815 0.7318 -0.0000
vn 0.5887 0.8084 -0.0000
vn 0.5086 0.8610 -0.0000
vn 0.4442 0.8959 -0.0000
vn 0.3959 0.9183 -0.0000
vn 0.3631 0.9318 -0.0000
vn 0.3452 0.9385 -0.0000
vn 0.3370 0.9415 -0.0000
vn 0.8167 0.5770 -0.0000
vn 0.9998 -0.0211 -0.0000
vn 0.9959 -0.0910 -0.0000
vn 0.9803 -0.1975 -0.0000
vn 0.9470 -0.3213 -0.0000
vn 0.8889 -0.4580 -0.0000
vn 0.8017 -0.5978 -0.0000
vn 0.6870 -0.7267 -0.0000
vn 0.5545 -0.8322 -0.0000
vn 0.4179 -0.9085 -0.0000
vn 0.2895 -0.9572 -0.0000
vn 0.1765 -0.9843 -0.0000
vn 0.0809 -0.9967 -0.0000
vn -0.0009 -1.0000 -0.0000
vn -0.0786 -0.9969 -0.0000
vn -0.1570 -0.9876 -0.0000
vn -0.2344 -0.9721 -0.0000
vn -0.3097 -0.9508 -0.0000
vn -0.3821 -0.9241 -0.0000
vn -0.4508 -0.8926 -0.0000
vn -0.5152 -0.8571 -0.0000
vn -0.5750 -0.8182 -0.0000
vn -0.6297 -0.7768 -0.0000
vn -0.6795 -0.7337 -0.0000
vn -0.7243 -0.6895 -0.0000
vn 0.3570 -0.9341 -0.0000
vn 0.9315 0.3637 -0.0000
vn 0.7084 0.7058 -0.0000
vn 0.6504 0.7596 -0.0000
vn 0.5872 0.8094 -0.0000
vn 0.5199 0.8542 -0.0000
vn 0.4500 0.8930 -0.0000
vn 0.3790 0.9254 -0.0000
vn 0.3085 0.9512 -0.0000
vn 0.2398 0.9708 -0.0000
vn 0.1740 0.9847 -0.0000
vn 0.1120 0.9937 -0.0000
vn 0.0541 0.9985 -0.0000
vn -0.0085 1.0000 -0.0000
vn -0.0893 0.9960 -0.0000
vn -0.1859 0.9826 -0.0000
vn -0.2909 0.9568 -0.0000
vn -0.4034 0.9150 -0.0000
vn -0.5207 0.8538 -0.0000
vn -0.6378 0.7702 -0.0000
vn -0.7476 0.6642 -0.0000
vn -0.8423 0.5390 -0.0000
vn -0.9158 0.4017 -0.0000
vn -0.9653 0.2612 -0.0000
vn -0.9921 0.1258 -0.0000
vn -0.9995 0.0301 -0.0000
vn -0.9999 0.0155 -0.0000
vn -0.9978 0.0670 -0.0000
vn -0.9891 0.1470 -0.0000
vn -0.9698 0.2438 -0.0000
vn -0.9337 0.3582 -0.0000
vn -0.8733 0.4872 -0.0000
vn -0.7825 0.6226 -0.0000
vn -0.6611 0.7503 -0.0000
vn -0.5178 0.8555 -0.0000
vn -0.3682 0.9298 -0.0000
vn -0.2272 0.9738 -0.0000
vn -0.1045 0.9945 -0.0000
vn 0.0139 0.9999 -0.0000
vn 0.1353 0.9908 -0.0000
vn 0.2368 0.9716 -0.0000
vn 0.3116 0.9502 -0.0000
vn 0.3689 0.9295 -0.0000
vn 0.4145 0.9101 -0.0000
vn 0.4521 0.8920 -0.0000
vn 0.4840 0.8751 -0.0000
vn 0.5119 0.8591 -0.0000
vn 0.5367 0.8438 -0.0000
vn 0.5593 0.8290 -0.0000
vn 0.5802 0.8145 -0.0000
vn -0.4526 0.8917 -0.0000
vn -0.8791 -0.4767 -0.0000
vn -0.3352 -0.9422 -0.0000
vn -0.3536 -0.9354 -0.0000
vn -0.3812 -0.9245 -0.0000
vn -0.4196 -0.9077 -0.0000
vn -0.4705 -0.8824 -0.0000
vn -0.5358 -0.8443 -0.0000
vn -0.6169 -0.7870 -0.0000
vn -0.7126 -0.7016 -0.0000
vn -0.8158 -0.5784 -0.0000
vn -0.9110 -0.4124 -0.0000
vn -0.9772 -0.2122 -0.0000
vn -0.9998 -0.0220 -0.0000
vn -0.9922 0.1244 -0.0000
vn -0.9680 0.2511 -0.0000
vn -0.9262 0.3771 -0.0000
vn -0.8667 0.4988 -0.0000
vn -0.7905 0.6125 -0.0000
vn -0.6993 0.7148 -0.0000
vn -0.5957 0.8032 -0.0000
vn -0.4827 0.8758 -0.0000
vn -0.3635 0.9316 -0.0000
vn -0.2415 0.9704 -0.0000
vn -0.1196 0.9928 -0.0000
vn -0.0087 1.0000 -0.0000
vn 0.0825 0.9966 -0.0000
vn 0.1630 0.9866 -0.0000
vn 0.2399 0.9708 -0.0000
vn 0.3121 0.9501 -0.0000
vn 0.3788 0.9255 -0.0000
vn 0.4397 0.8981 -0.0000
vn 0.4947 0.8691 -0.0000
vn 0.5439 0.8391 -0.0000
vn 0.5878 0.8090 -0.0000
vn 0.6267 0.7793 -0.0000
vn 0.6611 0.7503 -0.0000
vn 0.9157 0.4018 -0.0000
vn 0.5796 -0.8149 -0.0000
vn -0.3917 0.9201 -0.0000
vn 0.6779 0.7351 -0.0000
vn 0.6448 0.7643 -0.0000
vn 0.6070 0.7947 -0.0000
vn 0.5637 0.8260 -0.0000
vn 0.5145 0.8575 -0.0000
vn 0.4588 0.8885 -0.0000
vn 0.3965 0.9180 -0.0000
vn 0.3274 0.9449 -0.0000
vn 0.2521 0.9677 -0.0000
vn 0.1714 0.9852 -0.0000
vn 0.0868 0.9962 -0.0000
vn 0.0011 1.0000 -0.0000
vn -0.0842 0.9965 -0.0000
vn -0.1708 0.9853 -0.0000
vn -0.2590 0.9659 -0.0000
vn -0.3471 0.9378 -0.0000
vn -0.4333 0.9012 -0.0000
vn -0.5158 0.8567 -0.0000
vn -0.5930 0.8052 -0.0000
vn -0.6636 0.7481 -0.0000
vn -0.7268 0.6868 -0.0000
vn -0.7822 0.6230 -0.0000
vn -0.8299 0.5580 -0.0000
vn -0.0942 0.9956 -0.0000
vn 0.7251 0.6887 -0.0000
vn 0.6970 0.7171 -0.0000
vn 0.6625 0.7490 -0.0000
vn 0.6209 0.7839 -0.0000
vn 0.5712 0.8208 -0.0000
vn 0.5128 0.8585 -0.0000
vn 0.4451 0.8955 -0.0000
vn 0.3684 0.9297 -0.0000
vn 0.2835 0.9590 -0.0000
vn 0.1920 0.9814 -0.0000
vn 0.0965 0.9953 -0.0000
vn -0.1337 0.9910 -0.0000
vn -0.2723 0.9622 -0.0000
vn -0.4111 0.9116 -0.0000
vn -0.5434 0.8395 -0.0000
vn -0.6628 0.7488 -0.0000
vn -0.7646 0.6445 -0.0000
vn -0.8464 0.5325 -0.0000
vn -0.9084 0.4180 -0.0000
vn -0.9522 0.3054 -0.0000
vn -0.9803 0.1974 -0.0000
vn -0.9954 0.0956 -0.0000
vn -0.9997 0.0232 -0.0000
vn -0.7071 -0.7071 -0.0000
vn 0.9997 -0.0261 -0.0000
vn 0.9941 -0.1080 -0.0000
vn 0.9749 -0.2226 -0.0000
vn 0.9397 -0.3421 -0.0000
vn 0.8865 -0.4627 -0.0000
vn 0.8146 -0.5800 -0.0000
vn 0.7248 -0.6890 -0.0000
vn 0.6195 -0.7850 -0.0000
vn 0.5026 -0.8645 -0.0000
vn 0.3783 -0.9257 -0.0000
vn 0.2509 -0.9680 -0.0000
vn 0.1240 -0.9923 -0.0000
vn 0.0117 -0.9999 -0.0000
vn -0.1013 -0.9949 -0.0000
vn -0.2169 -0.9762 -0.0000
vn -0.3115 -0.9502 -0.0000
vn -0.3891 -0.9212 -0.0000
vn -0.4533 -0.8913 -0.0000
vn -0.5073 -0.8618 -0.0000
vn -0.5533 -0.8330 -0.0000
vn -0.5934 -0.8049 -0.0000
vn -0.6288 -0.7775 -0.0000
vn -0.6609 -0.7505 -0.0000
vn -0.6903 -0.7235 -0.0000
vn -0.9231 -0.3845 -0.0000
vn 0.9998 -0.0217 -0.0000
vn 0.9815 -0.1916 -0.0000
vn 0.9533 -0.3021 -0.0000
vn 0.9075 -0.4201 -0.0000
vn 0.8411 -0.5409 -0.0000
vn 0.7527 -0.6583 -0.0000
vn 0.6442 -0.7648 -0.0000
vn 0.5202 -0.8540 -0.0000
vn 0.3877 -0.9218 -0.0000
vn 0.2535 -0.9673 -0.0000
vn 0.1235 -0.9923 -0.0000
vn 0.0163 -0.9999 -0.0000
vn -0.0585 -0.9983 -0.0000
vn -0.1256 -0.9921 -0.0000
vn -0.2011 -0.9796 -0.0000
vn -0.2825 -0.9593 -0.0000
vn -0.3659 -0.9307 -0.0000
vn -0.4469 -0.8946 -0.0000
vn -0.5218 -0.8531 -0.0000
vn -0.5879 -0.8089 -0.0000
vn -0.6441 -0.7649 -0.0000
vn -0.6904 -0.7234 -0.0000
vn -0.7277 -0.6859 -0.0000
vn -0.9338 -0.3577 -0.0000
vn -0.5233 -0.8522 -0.0000
vn -0.4869 -0.8735 -0.0000
vn -0.4449 -0.8956 -0.0000
vn -0.3980 -0.9174 -0.0000
vn -0.3470 -0.9379 -0.0000
vn -0.2934 -0.9560 -0.0000
vn -0.2388 -0.9711 -0.0000
vn -0.1848 -0.9828 -0.0000
vn -0.1330 -0.9911 -0.0000
vn -0.0845 -0.9964 -0.0000
vn -0.0403 -0.9992 -0.0000
vn 0.0250 -0.9997 -0.0000
vn 0.1412 -0.9900 -0.0000
vn 0.2852 -0.9585 -0.0000
vn 0.4256 -0.9049 -0.0000
vn 0.5557 -0.8314 -0.0000
vn 0.6701 -0.7422 -0.0000
vn 0.7664 -0.6424 -0.0000
vn 0.8438 -0.5366 -0.0000
vn 0.9036 -0.4283 -0.0000
vn 0.9475 -0.3198 -0.0000
vn 0.9773 -0.2121 -0.0000
vn 0.9944 -0.1055 -0.0000
vn 1.0000 0.0004 -0.0000
vn 0.9940 0.1091 -0.0000
vn 0.9749 0.2227 -0.0000
vn 0.9406 0.3396 -0.0000
vn 0.8894 0.4571 -0.0000
vn 0.8205 0.5717 -0.0000
vn 0.7339 0.6793 -0.0000
vn 0.6309 0.7758 -0.0000
vn 0.3887 0.9214 -0.0000
vn 0.2581 0.9661 -0.0000
vn 0.1274 0.9919 -0.0000
vn 0.0020 1.0000 -0.0000
vn -0.1222 0.9925 -0.0000
vn -0.2545 0.9671 -0.0000
vn -0.3939 0.9192 -0.0000
vn -0.5325 0.8465 -0.0000
vn -0.6607 0.7506 -0.0000
vn -0.7703 0.6377 -0.0000
vn -0.8564 0.5163 -0.0000
vn -0.9186 0.3951 -0.0000
vn -0.9599 0.2805 -0.0000
vn -0.9844 0.1760 -0.0000
vn -0.9966 0.0830 -0.0000
vn -0.7209 -0.6931 -0.0000
vn -0.7733 -0.6340 -0.0000
vn -0.9706 0.2406 -0.0000
vn -0.9427 0.3338 -0.0000
vn -0.9005 0.4348 -0.0000
vn -0.8413 0.5406 -0.0000
vn -0.7633 0.6461 -0.0000
vn -0.6671 0.7449 -0.0000
vn -0.5566 0.8308 -0.0000
vn -0.4378 0.8991 -0.0000
vn -0.3177 0.9482 -0.0000
vn -0.2026 0.9793 -0.0000
vn -0.0965 0.9953 -0.0000
vn -0.0076 1.0000 -0.0000
vn 0.0612 0.9981 -0.0000
vn 0.1212 0.9926 -0.0000
vn 0.1792 0.9838 -0.0000
vn 0.2344 0.9721 -0.0000
vn 0.2864 0.9581 -0.0000
vn 0.3347 0.9423 -0.0000
vn 0.3793 0.9253 -0.0000
vn 0.4201 0.9075 -0.0000
vn 0.4571 0.8894 -0.0000
vn 0.4904 0.8715 -0.0000
vn 0.5202 0.8540 -0.0000
vn -0.4826 0.8759 -0.0000
vn -0.8775 -0.4796 -0.0000
vn 0.9902 -0.1396 -0.0000
vn 0.9703 -0.2417 -0.0000
vn 0.9367 -0.3501 -0.0000
vn 0.8866 -0.4625 -0.0000
vn 0.8179 -0.5753 -0.0000
vn 0.7300 -0.6835 -0.0000
vn 0.6242 -0.7812 -0.0000
vn 0.5044 -0.8634 -0.0000
vn 0.3763 -0.9265 -0.0000
vn 0.2462 -0.9692 -0.0000
vn 0.1198 -0.9928 -0.0000
vn 0.0038 -1.0000 -0.0000
vn -0.1048 -0.9945 -0.0000
vn -0.2179 -0.9760 -0.0000
vn -0.3375 -0.9413 -0.0000
vn -0.4587 -0.8886 -0.0000
vn -0.5754 -0.8179 -0.0000
vn -0.6814 -0.7319 -0.0000
vn -0.7721 -0.6355 -0.0000
vn -0.8452 -0.5345 -0.0000
vn -0.9009 -0.4341 -0.0000
vn -0.9411 -0.3381 -0.0000
vn -0.9685 -0.2490 -0.0000
vn -0.7766 0.6300 -0.0000
vn 0.7383 0.6744 -0.0000
vn 0.4763 -0.8793 -0.0000
vn 0.4457 -0.8952 -0.0000
vn 0.4117 -0.9113 -0.0000
vn 0.3742 -0.9273 -0.0000
vn 0.3334 -0.9428 -0.0000
vn 0.2897 -0.9571 -0.0000
vn 0.2434 -0.9699 -0.0000
vn 0.1952 -0.9808 -0.0000
vn 0.1460 -0.9893 -0.0000
vn 0.0965 -0.9953 -0.0000
vn 0.0477 -0.9989 -0.0000
vn -0.0180 -0.9998 -0.0000
vn -0.1203 -0.9927 -0.0000
vn -0.2418 -0.9703 -0.0000
vn -0.3623 -0.9320 -0.0000
vn -0.4793 -0.8776 -0.0000
vn -0.5902 -0.8073 -0.0000
vn -0.6922 -0.7217 -0.0000
vn -0.7829 -0.6221 -0.0000
vn -0.8599 -0.5105 -0.0000
vn -0.9212 -0.3892 -0.0000
vn -0.9652 -0.2614 -0.0000
vn -0.9915 -0.1305 -0.0000
vn -1.0000 -0.0015 -0.0000
vn -0.9921 0.1257 -0.0000
vn -0.9670 0.2546 -0.0000
vn -0.9234 0.3838 -0.0000
vn -0.8609 0.5087 -0.0000
vn -0.7808 0.6248 -0.0000
vn -0.6854 0.7282 -0.0000
vn -0.5784 0.8158 -0.0000
vn -0.4637 0.8860 -0.0000
vn -0.3454 0.9385 -0.0000
vn -0.2269 0.9739 -0.0000
vn -0.1113 0.9938 -0.0000
vn -0.0128 0.9999 -0.0000
vn 0.0569 0.9984 -0.0000
vn 0.1116 0.9938 -0.0000
vn 0.1639 0.9865 -0.0000
vn 0.2138 0.9769 -0.0000
vn 0.2616 0.9652 -0.0000
vn 0.3072 0.9516 -0.0000
vn 0.3509 0.9364 -0.0000
vn 0.3927 0.9196 -0.0000
vn 0.4329 0.9014 -0.0000
vn 0.4716 0.8818 -0.0000
vn 0.5088 0.8609 -0.0000
vn -0.4864 0.8738 -0.0000
vn -0.8517 -0.5240 -0.0000
vn -0.4374 -0.8993 -0.0000
vn -0.4081 -0.9129 -0.0000
vn -0.3749 -0.9271 -0.0000
vn -0.3381 -0.9411 -0.0000
vn -0.2984 -0.9544 -0.0000
vn -0.2565 -0.9666 -0.0000
vn -0.2131 -0.9770 -0.0000
vn -0.1690 -0.9856 -0.0000
vn -0.1251 -0.9922 -0.0000
vn -0.0819 -0.9966 -0.0000
vn -0.0401 -0.9992 -0.0000
vn 0.0226 -0.9997 -0.0000
vn 0.2704 -0.9628 -0.0000
vn 0.4061 -0.9138 -0.0000
vn 0.5336 -0.8457 -0.0000
vn 0.6474 -0.7621 -0.0000
vn 0.7446 -0.6675 -0.0000
vn 0.8244 -0.5661 -0.0000
vn 0.8876 -0.4607 -0.0000
vn 0.9358 -0.3524 -0.0000
vn 0.9705 -0.2409 -0.0000
vn 0.9923 -0.1241 -0.0000
vn 1.0000 -0.0004 -0.0000
vn 0.9918 0.1279 -0.0000
vn 0.9664 0.2571 -0.0000
vn 0.9232 0.3844 -0.0000
vn 0.8625 0.5061 -0.0000
vn 0.7855 0.6188 -0.0000
vn 0.6942 0.7198 -0.0000
vn 0.5911 0.8066 -0.0000
vn 0.4790 0.8778 -0.0000
vn 0.3610 0.9325 -0.0000
vn 0.2401 0.9708 -0.0000
vn 0.1190 0.9929 -0.0000
vn 0.0192 0.9998 -0.0000
vn -0.0408 0.9992 -0.0000
vn -0.0816 0.9967 -0.0000
vn -0.1217 0.9926 -0.0000
vn -0.1606 0.9870 -0.0000
vn -0.1976 0.9803 -0.0000
vn -0.2325 0.9726 -0.0000
vn -0.2648 0.9643 -0.0000
vn -0.2945 0.9556 -0.0000
vn -0.3214 0.9469 -0.0000
vn -0.3457 0.9384 -0.0000
vn -0.3673 0.9301 -0.0000
vn -0.8299 0.5579 -0.0000
vn -0.5046 -0.8633 -0.0000
vn -0.1869 -0.9824 -0.0000
vn 0.8889 -0.4581 -0.0000
vn 0.6870 -0.7266 -0.0000
vn -0.6298 -0.7768 -0.0000
vn -0.9891 0.1471 -0.0000
vn -0.9698 0.2439 -0.0000
vn -0.9337 0.3581 -0.0000
vn -0.3681 0.9298 -0.0000
vn 0.4840 0.8750 -0.0000
vn 0.5802 0.8144 -0.0000
vn -0.9680 0.2510 -0.0000
vn 0.4939 0.8695 -0.0000
vn 0.8475 0.5309 -0.0000
vn 0.8215 0.5702 -0.0000
vn 0.7896 0.6136 -0.0000
vn 0.7502 0.6612 -0.0000
vn 0.7015 0.7127 -0.0000
vn 0.6414 0.7672 -0.0000
vn 0.5679 0.8231 -0.0000
vn 0.4795 0.8775 -0.0000
vn 0.3758 0.9267 -0.0000
vn 0.2585 0.9660 -0.0000
vn 0.1314 0.9913 -0.0000
vn 0.0132 0.9999 -0.0000
vn -0.0794 0.9968 -0.0000
vn -0.1584 0.9874 -0.0000
vn -0.2353 0.9719 -0.0000
vn -0.3086 0.9512 -0.0000
vn -0.3767 0.9263 -0.0000
vn -0.4390 0.8985 -0.0000
vn -0.4949 0.8690 -0.0000
vn -0.5444 0.8388 -0.0000
vn -0.5879 0.8089 -0.0000
vn -0.6257 0.7800 -0.0000
vn -0.6585 0.7526 -0.0000
vn -0.9900 0.1414 -0.0000
vn -0.1400 -0.9902 -0.0000
vn 0.6579 -0.7531 -0.0000
vn 0.6218 -0.7832 -0.0000
vn 0.5852 -0.8109 -0.0000
vn 0.5474 -0.8368 -0.0000
vn 0.5077 -0.8616 -0.0000
vn 0.4647 -0.8855 -0.0000
vn 0.4171 -0.9089 -0.0000
vn 0.3627 -0.9319 -0.0000
vn 0.2985 -0.9544 -0.0000
vn 0.2203 -0.9754 -0.0000
vn 0.1219 -0.9925 -0.0000
vn -0.0082 -1.0000 -0.0000
vn -0.1651 -0.9863 -0.0000
vn -0.3230 -0.9464 -0.0000
vn -0.4666 -0.8845 -0.0000
vn -0.5918 -0.8061 -0.0000
vn -0.6975 -0.7166 -0.0000
vn -0.7845 -0.6201 -0.0000
vn -0.8543 -0.5197 -0.0000
vn -0.9089 -0.4171 -0.0000
vn -0.9497 -0.3132 -0.0000
vn -0.9780 -0.2088 -0.0000
vn -0.9946 -0.1042 -0.0000
vn -0.9997 -0.0259 -0.0000
vt 0.887919 0.172062
vt 0.892218 0.172137
vt 0.890240 0.172215
vt 0.894181 0.171902
vt 0.885587 0.171595
vt 0.896133 0.171509
vt 0.883245 0.170805
vt 0.898078 0.170957
vt 0.900020 0.170246
vt 0.880891 0.169682
vt 0.901963 0.169374
vt 0.841474 0.071153
vt 0.861113 0.170229
vt 0.841474 0.170229
vt 0.861113 0.147501
vt 0.878525 0.168215
vt 0.903910 0.168342
vt 0.905866 0.167148
vt 0.876146 0.166395
vt 0.907835 0.165792
vt 0.873753 0.164212
vt 0.909819 0.164273
vt 0.911823 0.162589
vt 0.871345 0.161656
vt 0.913851 0.160741
vt 0.868922 0.158717
vt 0.889144 0.152749
vt 0.890649 0.152217
vt 0.892215 0.151550
vt 0.893826 0.150756
vt 0.895464 0.149843
vt 0.897114 0.148817
vt 0.898757 0.147688
vt 0.900376 0.146461
vt 0.901957 0.145146
vt 0.903480 0.143750
vt 0.866484 0.155385
vt 0.886385 0.153378
vt 0.887717 0.153138
vt 0.864028 0.151650
vt 0.881864 0.153185
vt 0.885165 0.153459
vt 0.878710 0.152384
vt 0.875728 0.151091
vt 0.861555 0.147501
vt 0.872947 0.149340
vt 0.870392 0.147167
vt 0.862979 0.134934
vt 0.864358 0.138454
vt 0.866071 0.141690
vt 0.868092 0.144605
vt 0.861960 0.131163
vt 0.861329 0.127177
vt 0.861113 0.123008
vt 0.861113 0.071153
vt 0.261012 0.648828
vt 0.269450 0.648699
vt 0.264524 0.648917
vt 0.257645 0.648555
vt 0.274159 0.648051
vt 0.254422 0.648096
vt 0.251342 0.647451
vt 0.278612 0.646965
vt 0.248402 0.646619
vt 0.282768 0.645434
vt 0.245601 0.645599
vt 0.242938 0.644390
vt 0.286587 0.643449
vt 0.240412 0.642992
vt 0.290028 0.641003
vt 0.238019 0.641404
vt 0.235760 0.639625
vt 0.293050 0.638089
vt 0.233633 0.637654
vt 0.295612 0.634699
vt 0.231636 0.635491
vt 0.231614 0.614089
vt 0.234020 0.616771
vt 0.236484 0.619201
vt 0.238999 0.621380
vt 0.241560 0.623313
vt 0.244161 0.625004
vt 0.246796 0.626457
vt 0.249457 0.627675
vt 0.252140 0.628663
vt 0.254838 0.629424
vt 0.257545 0.629962
vt 0.260258 0.630255
vt 0.262964 0.630361
vt 0.297677 0.630827
vt 0.265819 0.630253
vt 0.299202 0.626463
vt 0.268423 0.629915
vt 0.270781 0.629362
vt 0.272891 0.628575
vt 0.274753 0.627546
vt 0.276367 0.626267
vt 0.300148 0.621600
vt 0.277732 0.624730
vt 0.278849 0.622929
vt 0.279718 0.620854
vt 0.300473 0.616230
vt 0.280339 0.618500
vt 0.280712 0.615857
vt 0.300478 0.565261
vt 0.280836 0.612918
vt 0.280837 0.607623
vt 0.263407 0.601443
vt 0.280838 0.596811
vt 0.259405 0.599996
vt 0.255390 0.598494
vt 0.251430 0.596888
vt 0.247595 0.595133
vt 0.276699 0.595373
vt 0.280841 0.567907
vt 0.272695 0.593915
vt 0.243952 0.593182
vt 0.268868 0.592415
vt 0.240571 0.590989
vt 0.265263 0.590853
vt 0.237521 0.588505
vt 0.261920 0.589208
vt 0.258885 0.587460
vt 0.234872 0.585686
vt 0.256198 0.585587
vt 0.232691 0.582483
vt 0.253904 0.583570
vt 0.252045 0.581388
vt 0.231048 0.578851
vt 0.250664 0.579019
vt 0.249804 0.576444
vt 0.230011 0.574742
vt 0.249508 0.573641
vt 0.229651 0.570110
vt 0.249630 0.571653
vt 0.249988 0.569777
vt 0.229850 0.566944
vt 0.250567 0.568025
vt 0.251356 0.566409
vt 0.279508 0.566680
vt 0.230437 0.563869
vt 0.278156 0.565540
vt 0.252340 0.564940
vt 0.276787 0.564490
vt 0.313507 0.564678
vt 0.314600 0.553563
vt 0.314600 0.565478
vt 0.300506 0.564374
vt 0.253508 0.563629
vt 0.312438 0.563936
vt 0.275398 0.563534
vt 0.300588 0.563583
vt 0.311398 0.563254
vt 0.231396 0.560919
vt 0.254846 0.562489
vt 0.300723 0.562886
vt 0.273992 0.562676
vt 0.310392 0.562634
vt 0.300912 0.562279
vt 0.272567 0.561921
vt 0.309426 0.562078
vt 0.256341 0.561530
vt 0.301152 0.561757
vt 0.308505 0.561589
vt 0.271124 0.561271
vt 0.301444 0.561318
vt 0.307635 0.561168
vt 0.257980 0.560765
vt 0.301787 0.560957
vt 0.269662 0.560730
vt 0.306821 0.560820
vt 0.302179 0.560670
vt 0.232707 0.558130
vt 0.306068 0.560544
vt 0.259750 0.560203
vt 0.268182 0.560303
vt 0.302620 0.560453
vt 0.305381 0.560345
vt 0.303109 0.560303
vt 0.304767 0.560223
vt 0.266683 0.559993
vt 0.303646 0.560216
vt 0.304230 0.560182
vt 0.261638 0.559858
vt 0.265166 0.559805
vt 0.263631 0.559741
vt 0.280621 0.555990
vt 0.234356 0.555537
vt 0.278460 0.554353
vt 0.281122 0.554307
vt 0.236326 0.553176
vt 0.276283 0.552863
vt 0.281747 0.552786
vt 0.312445 0.552159
vt 0.238598 0.551081
vt 0.274091 0.551518
vt 0.282500 0.551425
vt 0.310483 0.550922
vt 0.271885 0.550318
vt 0.283383 0.550220
vt 0.241158 0.549288
vt 0.308688 0.549843
vt 0.269666 0.549262
vt 0.284401 0.549169
vt 0.307033 0.548913
vt 0.243986 0.547832
vt 0.267437 0.548350
vt 0.285558 0.548267
vt 0.305492 0.548124
vt 0.265199 0.547580
vt 0.286857 0.547513
vt 0.304037 0.547467
vt 0.247068 0.546749
vt 0.262953 0.546951
vt 0.288302 0.546903
vt 0.302642 0.546935
vt 0.260701 0.546464
vt 0.301280 0.546518
vt 0.289898 0.546433
vt 0.250386 0.546073
vt 0.299924 0.546209
vt 0.258444 0.546117
vt 0.291648 0.546102
vt 0.298547 0.545998
vt 0.256184 0.545909
vt 0.293555 0.545905
vt 0.253923 0.545840
vt 0.297123 0.545878
vt 0.295625 0.545840
vt 0.251081 0.898972
vt 0.264094 0.898504
vt 0.257752 0.899127
vt 0.269987 0.897150
vt 0.244765 0.897995
vt 0.275405 0.895064
vt 0.238840 0.896228
vt 0.280323 0.892242
vt 0.233346 0.893709
vt 0.284714 0.888685
vt 0.228321 0.890472
vt 0.288555 0.884388
vt 0.223802 0.886553
vt 0.291818 0.879350
vt 0.219829 0.881987
vt 0.257523 0.882133
vt 0.253892 0.882077
vt 0.260876 0.881805
vt 0.250497 0.881669
vt 0.263984 0.881105
vt 0.247339 0.880897
vt 0.266839 0.880047
vt 0.294480 0.873569
vt 0.244419 0.879768
vt 0.216437 0.876808
vt 0.269433 0.878645
vt 0.241740 0.878289
vt 0.271755 0.876913
vt 0.239304 0.876467
vt 0.273798 0.874866
vt 0.237112 0.874308
vt 0.275554 0.872517
vt 0.213666 0.871052
vt 0.296515 0.867043
vt 0.235166 0.871820
vt 0.277013 0.869881
vt 0.233468 0.869009
vt 0.278167 0.866972
vt 0.211555 0.864755
vt 0.297897 0.859770
vt 0.232020 0.865881
vt 0.279006 0.863803
vt 0.230823 0.862445
vt 0.279524 0.860390
vt 0.210143 0.857952
vt 0.229880 0.858707
vt 0.298601 0.851747
vt 0.279710 0.856746
vt 0.209467 0.850678
vt 0.298601 0.842973
vt 0.209556 0.843884
vt 0.228926 0.845716
vt 0.229682 0.840971
vt 0.210357 0.837226
vt 0.230792 0.836610
vt 0.232255 0.832636
vt 0.211858 0.830785
vt 0.234069 0.829050
vt 0.214053 0.824644
vt 0.236232 0.825855
vt 0.293201 0.823486
vt 0.295387 0.806220
vt 0.296134 0.825182
vt 0.238744 0.823053
vt 0.290278 0.821922
vt 0.287365 0.820497
vt 0.216931 0.818884
vt 0.241603 0.820648
vt 0.284457 0.819213
vt 0.281551 0.818077
vt 0.244807 0.818640
vt 0.278646 0.817093
vt 0.248355 0.817033
vt 0.275737 0.816265
vt 0.220484 0.813586
vt 0.272823 0.815598
vt 0.252245 0.815829
vt 0.269899 0.815098
vt 0.256477 0.815030
vt 0.266965 0.814768
vt 0.264015 0.814613
vt 0.261048 0.814639
vt 0.224702 0.808833
vt 0.292355 0.804439
vt 0.229577 0.804706
vt 0.289351 0.802830
vt 0.286350 0.801393
vt 0.235099 0.801286
vt 0.283329 0.800127
vt 0.280262 0.799031
vt 0.241259 0.798655
vt 0.277125 0.798106
vt 0.273894 0.797349
vt 0.248049 0.796895
vt 0.270543 0.796762
vt 0.267049 0.796342
vt 0.263387 0.796091
vt 0.255459 0.796088
vt 0.259532 0.796006
vt 0.530799 0.580420
vt 0.511160 0.429930
vt 0.530799 0.429930
vt 0.511160 0.580420
vt 0.528693 0.850571
vt 0.544249 0.850969
vt 0.540382 0.851100
vt 0.548138 0.850678
vt 0.552068 0.850222
vt 0.517612 0.848709
vt 0.556052 0.849598
vt 0.560107 0.848801
vt 0.564250 0.847828
vt 0.507214 0.845589
vt 0.568496 0.846674
vt 0.572862 0.845335
vt 0.577362 0.843808
vt 0.497575 0.841281
vt 0.582014 0.842087
vt 0.586834 0.840170
vt 0.591837 0.838052
vt 0.488770 0.835858
vt 0.548493 0.830723
vt 0.552728 0.830149
vt 0.556940 0.829360
vt 0.561143 0.828355
vt 0.565351 0.827128
vt 0.569579 0.825675
vt 0.573841 0.823993
vt 0.578153 0.822077
vt 0.582528 0.819924
vt 0.586980 0.817529
vt 0.591526 0.814889
vt 0.480866 0.829404
vt 0.539889 0.831187
vt 0.544214 0.831022
vt 0.531472 0.830806
vt 0.523466 0.829458
vt 0.515931 0.827192
vt 0.473945 0.821979
vt 0.508926 0.824063
vt 0.502509 0.820126
vt 0.468083 0.813656
vt 0.496741 0.815435
vt 0.491679 0.810044
vt 0.463355 0.804507
vt 0.487383 0.804007
vt 0.459836 0.794605
vt 0.483912 0.797378
vt 0.481325 0.790213
vt 0.457602 0.784022
vt 0.479680 0.782565
vt 0.456728 0.772831
vt 0.479038 0.774489
vt 0.479424 0.766267
vt 0.457128 0.764721
vt 0.480801 0.758507
vt 0.458577 0.756291
vt 0.483123 0.751257
vt 0.461103 0.747733
vt 0.486345 0.744561
vt 0.464733 0.739240
vt 0.490422 0.738465
vt 0.469495 0.731002
vt 0.495308 0.733015
vt 0.587521 0.730083
vt 0.591490 0.709067
vt 0.591837 0.732671
vt 0.500958 0.728258
vt 0.583155 0.727710
vt 0.475415 0.723213
vt 0.578749 0.725555
vt 0.507327 0.724238
vt 0.574314 0.723621
vt 0.569860 0.721911
vt 0.514369 0.721003
vt 0.565400 0.720428
vt 0.482522 0.716064
vt 0.560942 0.719175
vt 0.522040 0.718597
vt 0.556499 0.718154
vt 0.552081 0.717369
vt 0.530293 0.717066
vt 0.547699 0.716823
vt 0.543363 0.716518
vt 0.539084 0.716457
vt 0.490843 0.709746
vt 0.587736 0.707239
vt 0.500404 0.704452
vt 0.583907 0.705516
vt 0.579982 0.703909
vt 0.575939 0.702431
vt 0.511233 0.700374
vt 0.571757 0.701092
vt 0.567415 0.699905
vt 0.562891 0.698882
vt 0.523358 0.697703
vt 0.558165 0.698034
vt 0.553214 0.697373
vt 0.548019 0.696912
vt 0.536806 0.696632
vt 0.542557 0.696661
vt 0.801265 0.856229
vt 0.814278 0.855760
vt 0.807936 0.856383
vt 0.820171 0.854407
vt 0.794949 0.855251
vt 0.825589 0.852320
vt 0.789024 0.853485
vt 0.830507 0.849499
vt 0.783530 0.850966
vt 0.834898 0.845941
vt 0.778505 0.847729
vt 0.838738 0.841645
vt 0.773986 0.843810
vt 0.842002 0.836607
vt 0.770013 0.839243
vt 0.807707 0.839389
vt 0.804076 0.839334
vt 0.811060 0.839062
vt 0.800681 0.838926
vt 0.814168 0.838362
vt 0.797523 0.838154
vt 0.817023 0.837304
vt 0.844664 0.830826
vt 0.794603 0.837025
vt 0.766621 0.834065
vt 0.819617 0.835902
vt 0.791924 0.835546
vt 0.821939 0.834170
vt 0.789488 0.833723
vt 0.823982 0.832123
vt 0.787296 0.831565
vt 0.825738 0.829774
vt 0.763850 0.828309
vt 0.846699 0.824300
vt 0.785350 0.829076
vt 0.827197 0.827138
vt 0.783652 0.826265
vt 0.828350 0.824229
vt 0.761739 0.822012
vt 0.848081 0.817027
vt 0.782203 0.823138
vt 0.829190 0.821060
vt 0.781007 0.819702
vt 0.829708 0.817647
vt 0.760327 0.815208
vt 0.780064 0.815964
vt 0.848785 0.809004
vt 0.829894 0.814003
vt 0.759651 0.807935
vt 0.848785 0.800230
vt 0.759740 0.801141
vt 0.779110 0.802973
vt 0.779866 0.798228
vt 0.760540 0.794482
vt 0.780976 0.793867
vt 0.782439 0.789892
vt 0.762042 0.788042
vt 0.784253 0.786306
vt 0.764237 0.781901
vt 0.786416 0.783111
vt 0.843385 0.780743
vt 0.845572 0.763477
vt 0.846318 0.782439
vt 0.788928 0.780310
vt 0.840463 0.779179
vt 0.837549 0.777753
vt 0.767115 0.776140
vt 0.791787 0.777904
vt 0.834641 0.776470
vt 0.831735 0.775334
vt 0.794991 0.775897
vt 0.828830 0.774350
vt 0.798539 0.774290
vt 0.825921 0.773522
vt 0.770668 0.770843
vt 0.823007 0.772855
vt 0.802429 0.773086
vt 0.820084 0.772354
vt 0.806661 0.772287
vt 0.817149 0.772025
vt 0.814199 0.771870
vt 0.811232 0.771896
vt 0.774886 0.766090
vt 0.842539 0.761696
vt 0.779761 0.761962
vt 0.839535 0.760087
vt 0.836534 0.758650
vt 0.785283 0.758543
vt 0.833513 0.757384
vt 0.830446 0.756288
vt 0.791443 0.755912
vt 0.827309 0.755363
vt 0.824078 0.754606
vt 0.798233 0.754152
vt 0.820727 0.754019
vt 0.817233 0.753599
vt 0.813571 0.753348
vt 0.805643 0.753345
vt 0.809716 0.753263
vt 0.873540 0.495892
vt 0.873513 0.490473
vt 0.873642 0.493571
vt 0.873476 0.434358
vt 0.873325 0.426039
vt 0.873642 0.430905
vt 0.873235 0.498225
vt 0.873130 0.487473
vt 0.872992 0.437662
vt 0.872390 0.421497
vt 0.872725 0.500570
vt 0.872494 0.484576
vt 0.872215 0.440824
vt 0.872007 0.502928
vt 0.871607 0.481786
vt 0.870863 0.417296
vt 0.871166 0.443850
vt 0.871082 0.505302
vt 0.772583 0.542115
vt 0.871656 0.522476
vt 0.871656 0.542115
vt 0.858637 0.522476
vt 0.870472 0.479110
vt 0.869869 0.446747
vt 0.869946 0.507693
vt 0.868771 0.413456
vt 0.869091 0.476553
vt 0.868599 0.510102
vt 0.868346 0.449522
vt 0.867466 0.474120
vt 0.866140 0.409996
vt 0.867039 0.512531
vt 0.866622 0.452183
vt 0.865600 0.471816
vt 0.865264 0.514981
vt 0.864718 0.454735
vt 0.862995 0.406936
vt 0.863495 0.469647
vt 0.863273 0.517455
vt 0.862657 0.457187
vt 0.861153 0.467618
vt 0.861065 0.519952
vt 0.859363 0.404293
vt 0.860464 0.459544
vt 0.858577 0.465735
vt 0.858160 0.461814
vt 0.857093 0.438186
vt 0.855270 0.402088
vt 0.844516 0.522476
vt 0.846756 0.520465
vt 0.848742 0.518501
vt 0.850484 0.516567
vt 0.851993 0.514647
vt 0.853282 0.512724
vt 0.854362 0.510782
vt 0.855244 0.508802
vt 0.855940 0.506769
vt 0.856462 0.504665
vt 0.856820 0.502475
vt 0.857026 0.500179
vt 0.857093 0.497763
vt 0.855769 0.464003
vt 0.857031 0.439830
vt 0.856949 0.495372
vt 0.856908 0.435419
vt 0.856743 0.441552
vt 0.856512 0.493069
vt 0.856405 0.432759
vt 0.856245 0.443341
vt 0.855772 0.490875
vt 0.855570 0.430232
vt 0.855548 0.445182
vt 0.854723 0.488815
vt 0.854409 0.427864
vt 0.854668 0.447063
vt 0.850743 0.400338
vt 0.853354 0.486911
vt 0.853617 0.448971
vt 0.852926 0.425680
vt 0.852411 0.450893
vt 0.851659 0.485186
vt 0.851125 0.423704
vt 0.851061 0.452815
vt 0.849628 0.483664
vt 0.849012 0.421963
vt 0.849584 0.454725
vt 0.845806 0.399063
vt 0.847253 0.482367
vt 0.847991 0.456610
vt 0.846591 0.420481
vt 0.846297 0.458457
vt 0.844526 0.481318
vt 0.843866 0.419284
vt 0.844515 0.460252
vt 0.840486 0.398283
vt 0.841437 0.480540
vt 0.772583 0.522476
vt 0.772581 0.460252
vt 0.840843 0.418397
vt 0.837980 0.480057
vt 0.837525 0.417846
vt 0.834808 0.398017
vt 0.834144 0.479890
vt 0.833917 0.417656
vt 0.772583 0.397989
vt 0.772581 0.479890
vt 0.772574 0.417628
vt 0.623999 0.901122
vt 0.632436 0.900992
vt 0.627511 0.901210
vt 0.620632 0.900848
vt 0.637145 0.900344
vt 0.617409 0.900389
vt 0.614328 0.899744
vt 0.641599 0.899258
vt 0.611388 0.898912
vt 0.645755 0.897727
vt 0.608588 0.897892
vt 0.605925 0.896683
vt 0.649574 0.895742
vt 0.603398 0.895285
vt 0.653014 0.893297
vt 0.601006 0.893697
vt 0.598747 0.891918
vt 0.656036 0.890383
vt 0.596619 0.889947
vt 0.658598 0.886993
vt 0.594622 0.887784
vt 0.594601 0.866382
vt 0.597006 0.869065
vt 0.599470 0.871494
vt 0.601986 0.873673
vt 0.604547 0.875606
vt 0.607148 0.877297
vt 0.609782 0.878750
vt 0.612444 0.879969
vt 0.615126 0.880956
vt 0.617824 0.881717
vt 0.620531 0.882255
vt 0.623244 0.882548
vt 0.625951 0.882654
vt 0.660664 0.883120
vt 0.628805 0.882546
vt 0.662189 0.878757
vt 0.631410 0.882208
vt 0.633768 0.881655
vt 0.635878 0.880868
vt 0.637740 0.879839
vt 0.639353 0.878560
vt 0.663135 0.873893
vt 0.640719 0.877024
vt 0.641836 0.875222
vt 0.642705 0.873148
vt 0.663459 0.868523
vt 0.643325 0.870793
vt 0.643698 0.868150
vt 0.663465 0.817555
vt 0.643822 0.865212
vt 0.643823 0.859916
vt 0.626393 0.853737
vt 0.643824 0.849105
vt 0.622392 0.852290
vt 0.618376 0.850787
vt 0.614417 0.849181
vt 0.610581 0.847427
vt 0.639685 0.847667
vt 0.643827 0.820200
vt 0.635681 0.846208
vt 0.606938 0.845476
vt 0.631855 0.844708
vt 0.603557 0.843282
vt 0.628249 0.843146
vt 0.600508 0.840798
vt 0.624907 0.841501
vt 0.621871 0.839753
vt 0.597858 0.837979
vt 0.619184 0.837881
vt 0.595677 0.834776
vt 0.616890 0.835864
vt 0.615031 0.833681
vt 0.594034 0.831144
vt 0.613651 0.831313
vt 0.612791 0.828737
vt 0.592998 0.827035
vt 0.612495 0.825934
vt 0.592637 0.822403
vt 0.612617 0.823946
vt 0.612974 0.822070
vt 0.592836 0.819237
vt 0.613553 0.820318
vt 0.614342 0.818702
vt 0.642494 0.818973
vt 0.593424 0.816162
vt 0.641143 0.817833
vt 0.615327 0.817233
vt 0.639773 0.816783
vt 0.676493 0.816971
vt 0.677586 0.805856
vt 0.677586 0.817771
vt 0.663492 0.816667
vt 0.616494 0.815923
vt 0.675424 0.816229
vt 0.638385 0.815827
vt 0.663574 0.815876
vt 0.674384 0.815547
vt 0.594382 0.813212
vt 0.617832 0.814782
vt 0.663710 0.815179
vt 0.636978 0.814970
vt 0.673378 0.814927
vt 0.663898 0.814572
vt 0.635553 0.814214
vt 0.672412 0.814371
vt 0.619327 0.813824
vt 0.664139 0.814051
vt 0.671491 0.813882
vt 0.634110 0.813564
vt 0.664430 0.813611
vt 0.670621 0.813462
vt 0.620966 0.813058
vt 0.664773 0.813250
vt 0.632648 0.813024
vt 0.669807 0.813113
vt 0.665165 0.812963
vt 0.595694 0.810423
vt 0.669054 0.812837
vt 0.622736 0.812497
vt 0.631168 0.812597
vt 0.665606 0.812746
vt 0.668367 0.812638
vt 0.666096 0.812596
vt 0.667753 0.812516
vt 0.629669 0.812287
vt 0.666633 0.812509
vt 0.667216 0.812475
vt 0.624624 0.812152
vt 0.628152 0.812098
vt 0.626617 0.812034
vt 0.643607 0.808283
vt 0.597343 0.807830
vt 0.641447 0.806647
vt 0.644109 0.806600
vt 0.599312 0.805469
vt 0.639269 0.805156
vt 0.644734 0.805080
vt 0.675431 0.804453
vt 0.601585 0.803374
vt 0.637077 0.803812
vt 0.645486 0.803719
vt 0.673469 0.803215
vt 0.634871 0.802612
vt 0.646369 0.802514
vt 0.604144 0.801581
vt 0.671674 0.802136
vt 0.632652 0.801556
vt 0.647387 0.801462
vt 0.670019 0.801206
vt 0.606973 0.800125
vt 0.630423 0.800643
vt 0.648544 0.800561
vt 0.668478 0.800417
vt 0.628185 0.799873
vt 0.649843 0.799806
vt 0.667023 0.799761
vt 0.610054 0.799042
vt 0.625939 0.799245
vt 0.651289 0.799196
vt 0.665628 0.799228
vt 0.623687 0.798757
vt 0.664266 0.798812
vt 0.652884 0.798726
vt 0.613372 0.798366
vt 0.662910 0.798502
vt 0.621430 0.798410
vt 0.654634 0.798395
vt 0.661533 0.798292
vt 0.619170 0.798202
vt 0.656542 0.798198
vt 0.616909 0.798133
vt 0.660109 0.798172
vt 0.658611 0.798133
vt 0.391507 0.821751
vt 0.407061 0.821661
vt 0.402757 0.821922
vt 0.411197 0.821274
vt 0.415220 0.820742
vt 0.419187 0.820051
vt 0.380738 0.820230
vt 0.423155 0.819181
vt 0.427181 0.818116
vt 0.431321 0.816839
vt 0.370536 0.817437
vt 0.435633 0.815332
vt 0.440172 0.813578
vt 0.360988 0.813446
vt 0.444996 0.811560
vt 0.450161 0.809262
vt 0.352179 0.808335
vt 0.455725 0.806665
vt 0.410431 0.801268
vt 0.414938 0.800535
vt 0.419436 0.799596
vt 0.423922 0.798452
vt 0.428391 0.797104
vt 0.432843 0.795555
vt 0.437273 0.793806
vt 0.441678 0.791859
vt 0.446056 0.789715
vt 0.450403 0.787377
vt 0.454717 0.784845
vt 0.344191 0.802188
vt 0.401394 0.802061
vt 0.405911 0.801742
vt 0.393377 0.801928
vt 0.385680 0.800801
vt 0.378369 0.798735
vt 0.337114 0.795073
vt 0.371508 0.795787
vt 0.365163 0.792014
vt 0.331035 0.787067
vt 0.359401 0.787473
vt 0.354286 0.782220
vt 0.326040 0.778245
vt 0.349884 0.776312
vt 0.322217 0.768685
vt 0.346261 0.769807
vt 0.343482 0.762759
vt 0.319651 0.758463
vt 0.341613 0.755228
vt 0.318428 0.747656
vt 0.340719 0.747268
vt 0.340850 0.739083
vt 0.318616 0.736863
vt 0.404340 0.723949
vt 0.455725 0.740966
vt 0.405254 0.743344
vt 0.433212 0.722589
vt 0.452724 0.677271
vt 0.341998 0.731312
vt 0.320168 0.726573
vt 0.344117 0.724005
vt 0.431758 0.691733
vt 0.323014 0.716861
vt 0.347157 0.717211
vt 0.351070 0.710980
vt 0.327079 0.707799
vt 0.355808 0.705362
vt 0.332292 0.699463
vt 0.361323 0.700407
vt 0.367567 0.696165
vt 0.338581 0.691926
vt 0.374490 0.692685
vt 0.429125 0.691044
vt 0.426482 0.690390
vt 0.423825 0.689777
vt 0.382046 0.690018
vt 0.421152 0.689214
vt 0.418460 0.688707
vt 0.415746 0.688263
vt 0.390185 0.688212
vt 0.345873 0.685263
vt 0.413008 0.687889
vt 0.410244 0.687593
vt 0.407449 0.687380
vt 0.398859 0.687319
vt 0.404622 0.687259
vt 0.401760 0.687237
vt 0.354095 0.679546
vt 0.447684 0.675409
vt 0.442782 0.673756
vt 0.363175 0.674850
vt 0.437987 0.672305
vt 0.433271 0.671054
vt 0.373041 0.671249
vt 0.428604 0.669997
vt 0.423956 0.669129
vt 0.419299 0.668445
vt 0.383620 0.668818
vt 0.414603 0.667941
vt 0.409838 0.667612
vt 0.404975 0.667454
vt 0.394839 0.667629
vt 0.399985 0.667461
vt 0.724831 0.798286
vt 0.727152 0.798133
vt 0.729129 0.798211
vt 0.731092 0.798447
vt 0.722499 0.798753
vt 0.733044 0.798840
vt 0.720156 0.799543
vt 0.734989 0.799392
vt 0.736932 0.800103
vt 0.717803 0.800666
vt 0.738874 0.800974
vt 0.678386 0.899195
vt 0.678386 0.800119
vt 0.698025 0.800119
vt 0.698025 0.822847
vt 0.715437 0.802133
vt 0.740822 0.802006
vt 0.742778 0.803200
vt 0.713058 0.803953
vt 0.744746 0.804556
vt 0.710665 0.806136
vt 0.746730 0.806076
vt 0.748734 0.807759
vt 0.708257 0.808692
vt 0.750762 0.809607
vt 0.705834 0.811631
vt 0.726056 0.817599
vt 0.727561 0.818131
vt 0.729127 0.818798
vt 0.730738 0.819592
vt 0.732376 0.820505
vt 0.734025 0.821531
vt 0.735668 0.822660
vt 0.737288 0.823887
vt 0.738868 0.825202
vt 0.740391 0.826598
vt 0.703395 0.814963
vt 0.723297 0.816970
vt 0.724629 0.817210
vt 0.700940 0.818699
vt 0.718776 0.817164
vt 0.722077 0.816889
vt 0.715622 0.817965
vt 0.712640 0.819258
vt 0.698466 0.822847
vt 0.709859 0.821008
vt 0.707304 0.823181
vt 0.699891 0.835414
vt 0.701270 0.831894
vt 0.702983 0.828659
vt 0.705004 0.825743
vt 0.698872 0.839185
vt 0.698241 0.843172
vt 0.698025 0.847340
vt 0.698025 0.899195
vt 0.349822 0.822810
vt 0.353333 0.822722
vt 0.358256 0.822941
vt 0.346457 0.823082
vt 0.362963 0.823590
vt 0.343235 0.823540
vt 0.340156 0.824184
vt 0.367414 0.824676
vt 0.337217 0.825015
vt 0.371568 0.826208
vt 0.334417 0.826034
vt 0.331755 0.827241
vt 0.375384 0.828193
vt 0.329229 0.828638
vt 0.378823 0.830639
vt 0.326838 0.830225
vt 0.324579 0.832003
vt 0.381843 0.833552
vt 0.322452 0.833972
vt 0.384403 0.836941
vt 0.320455 0.836134
vt 0.320428 0.857526
vt 0.322833 0.854845
vt 0.325297 0.852418
vt 0.327812 0.850240
vt 0.330372 0.848309
vt 0.332973 0.846619
vt 0.335606 0.845167
vt 0.338267 0.843950
vt 0.340949 0.842964
vt 0.343646 0.842204
vt 0.346352 0.841667
vt 0.349063 0.841374
vt 0.351769 0.841269
vt 0.386466 0.840812
vt 0.354622 0.841378
vt 0.387990 0.845175
vt 0.357225 0.841717
vt 0.359582 0.842270
vt 0.361691 0.843057
vt 0.363552 0.844086
vt 0.365164 0.845365
vt 0.388934 0.850036
vt 0.366529 0.846901
vt 0.367645 0.848702
vt 0.368513 0.850776
vt 0.389257 0.855404
vt 0.369133 0.853130
vt 0.369505 0.855771
vt 0.389249 0.906349
vt 0.369628 0.858709
vt 0.369628 0.864002
vt 0.352200 0.870173
vt 0.369625 0.874810
vt 0.348199 0.871618
vt 0.344184 0.873119
vt 0.340224 0.874722
vt 0.336388 0.876475
vt 0.365488 0.876246
vt 0.369623 0.903701
vt 0.361484 0.877703
vt 0.332745 0.878425
vt 0.357659 0.879201
vt 0.329363 0.880617
vt 0.354053 0.880762
vt 0.326312 0.883099
vt 0.350711 0.882405
vt 0.347676 0.884152
vt 0.323660 0.885918
vt 0.344989 0.886024
vt 0.321477 0.889120
vt 0.342695 0.888040
vt 0.340836 0.890223
vt 0.319831 0.892752
vt 0.339454 0.892591
vt 0.338594 0.895167
vt 0.318792 0.896862
vt 0.338298 0.897971
vt 0.318428 0.901497
vt 0.338420 0.899960
vt 0.338777 0.901836
vt 0.318626 0.904664
vt 0.339357 0.903588
vt 0.340146 0.905205
vt 0.368292 0.904928
vt 0.319212 0.907742
vt 0.366942 0.906068
vt 0.341131 0.906674
vt 0.365574 0.907117
vt 0.402379 0.906919
vt 0.403474 0.906118
vt 0.403474 0.918050
vt 0.389275 0.907236
vt 0.342300 0.907984
vt 0.401308 0.907662
vt 0.364187 0.908073
vt 0.389355 0.908026
vt 0.400266 0.908345
vt 0.320169 0.910695
vt 0.343639 0.909125
vt 0.389489 0.908722
vt 0.362782 0.908931
vt 0.399259 0.908967
vt 0.389676 0.909329
vt 0.361359 0.909686
vt 0.398292 0.909523
vt 0.345135 0.910084
vt 0.389915 0.909850
vt 0.397370 0.910013
vt 0.359918 0.910337
vt 0.390205 0.910289
vt 0.396499 0.910434
vt 0.346775 0.910849
vt 0.390545 0.910649
vt 0.358458 0.910878
vt 0.395683 0.910784
vt 0.390935 0.910936
vt 0.321480 0.913486
vt 0.394929 0.911059
vt 0.348547 0.911409
vt 0.356980 0.911305
vt 0.391374 0.911152
vt 0.394242 0.911259
vt 0.391862 0.911302
vt 0.393627 0.911381
vt 0.355484 0.911616
vt 0.392397 0.911389
vt 0.393089 0.911422
vt 0.350436 0.911754
vt 0.353966 0.911806
vt 0.352431 0.911870
vt 0.369443 0.915624
vt 0.323131 0.916082
vt 0.367280 0.917262
vt 0.369945 0.917309
vt 0.325103 0.918445
vt 0.365101 0.918754
vt 0.370571 0.918832
vt 0.401316 0.919456
vt 0.327378 0.920542
vt 0.362907 0.920101
vt 0.371325 0.920195
vt 0.399351 0.920696
vt 0.360698 0.921302
vt 0.372210 0.921402
vt 0.329940 0.922337
vt 0.397553 0.921777
vt 0.358478 0.922359
vt 0.373229 0.922455
vt 0.395896 0.922708
vt 0.332772 0.923794
vt 0.356246 0.923273
vt 0.374388 0.923358
vt 0.394353 0.923499
vt 0.354006 0.924044
vt 0.375689 0.924113
vt 0.392896 0.924156
vt 0.335857 0.924878
vt 0.351757 0.924673
vt 0.377137 0.924724
vt 0.391499 0.924690
vt 0.349503 0.925162
vt 0.390135 0.925107
vt 0.378735 0.925194
vt 0.339178 0.925554
vt 0.388776 0.925417
vt 0.347244 0.925510
vt 0.380488 0.925526
vt 0.387398 0.925628
vt 0.344982 0.925718
vt 0.382398 0.925722
vt 0.342718 0.925787
vt 0.385971 0.925749
vt 0.384471 0.925787
vt 0.731733 0.366638
vt 0.725063 0.366793
vt 0.718720 0.366169
vt 0.712827 0.364816
vt 0.738050 0.365660
vt 0.707409 0.362729
vt 0.743974 0.363894
vt 0.702492 0.359908
vt 0.749468 0.361375
vt 0.698100 0.356350
vt 0.754493 0.358138
vt 0.694260 0.352054
vt 0.759012 0.354219
vt 0.690996 0.347016
vt 0.762985 0.349653
vt 0.725291 0.349799
vt 0.728922 0.349743
vt 0.721938 0.349471
vt 0.732317 0.349335
vt 0.718830 0.348771
vt 0.735475 0.348563
vt 0.715975 0.347713
vt 0.688334 0.341235
vt 0.738395 0.347434
vt 0.766378 0.344474
vt 0.713382 0.346311
vt 0.741074 0.345955
vt 0.711059 0.344579
vt 0.743510 0.344132
vt 0.709016 0.342532
vt 0.745702 0.341974
vt 0.707260 0.340183
vt 0.769148 0.338718
vt 0.686299 0.334709
vt 0.747648 0.339485
vt 0.705801 0.337547
vt 0.749346 0.336674
vt 0.704648 0.334638
vt 0.771259 0.332421
vt 0.684917 0.327436
vt 0.750795 0.333547
vt 0.703808 0.331469
vt 0.751991 0.330111
vt 0.703290 0.328056
vt 0.772671 0.325617
vt 0.752935 0.326373
vt 0.684213 0.319413
vt 0.703104 0.324412
vt 0.773347 0.318344
vt 0.684213 0.310639
vt 0.773258 0.311550
vt 0.753888 0.313382
vt 0.753132 0.308637
vt 0.772458 0.304891
vt 0.752022 0.304276
vt 0.750559 0.300301
vt 0.770956 0.298451
vt 0.748745 0.296715
vt 0.768761 0.292310
vt 0.746582 0.293520
vt 0.689613 0.291152
vt 0.686680 0.292848
vt 0.687426 0.273886
vt 0.744070 0.290719
vt 0.692535 0.289588
vt 0.695449 0.288163
vt 0.765883 0.286550
vt 0.741211 0.288313
vt 0.698357 0.286879
vt 0.701263 0.285743
vt 0.738007 0.286306
vt 0.704168 0.284759
vt 0.734459 0.284699
vt 0.707077 0.283931
vt 0.762330 0.281252
vt 0.709991 0.283264
vt 0.730569 0.283495
vt 0.712914 0.282764
vt 0.726337 0.282696
vt 0.715849 0.282434
vt 0.718799 0.282279
vt 0.721766 0.282305
vt 0.758112 0.276499
vt 0.690459 0.272105
vt 0.753237 0.272371
vt 0.693463 0.270496
vt 0.696463 0.269059
vt 0.747715 0.268952
vt 0.699485 0.267793
vt 0.702552 0.266697
vt 0.741555 0.266321
vt 0.705688 0.265772
vt 0.708920 0.265015
vt 0.734765 0.264561
vt 0.712270 0.264428
vt 0.715765 0.264008
vt 0.719427 0.263757
vt 0.727355 0.263754
vt 0.723282 0.263672
vt 0.490722 0.580420
vt 0.490721 0.429930
vt 0.510360 0.429930
vt 0.510360 0.580420
vt 0.831616 0.598524
vt 0.843305 0.597995
vt 0.847172 0.598126
vt 0.851062 0.598417
vt 0.854991 0.598873
vt 0.820536 0.600385
vt 0.858975 0.599497
vt 0.863031 0.600294
vt 0.867174 0.601267
vt 0.810138 0.603506
vt 0.871420 0.602421
vt 0.875785 0.603760
vt 0.880286 0.605288
vt 0.800499 0.607814
vt 0.884938 0.607008
vt 0.889757 0.608925
vt 0.894760 0.611044
vt 0.791694 0.613236
vt 0.851417 0.618372
vt 0.855652 0.618947
vt 0.859863 0.619735
vt 0.864066 0.620740
vt 0.868274 0.621968
vt 0.872502 0.623420
vt 0.876764 0.625102
vt 0.881076 0.627018
vt 0.885451 0.629171
vt 0.889903 0.631566
vt 0.894449 0.634207
vt 0.783790 0.619691
vt 0.842813 0.617908
vt 0.847138 0.618074
vt 0.834395 0.618289
vt 0.826390 0.619637
vt 0.818855 0.621903
vt 0.776869 0.627115
vt 0.811849 0.625031
vt 0.805433 0.628969
vt 0.771007 0.635438
vt 0.799664 0.633660
vt 0.794602 0.639051
vt 0.766278 0.644587
vt 0.790306 0.645088
vt 0.762759 0.654489
vt 0.786835 0.651716
vt 0.784248 0.658881
vt 0.760525 0.665072
vt 0.782604 0.666529
vt 0.759651 0.676263
vt 0.781961 0.674606
vt 0.782347 0.682828
vt 0.760051 0.684373
vt 0.783724 0.690587
vt 0.761500 0.692803
vt 0.786046 0.697838
vt 0.764026 0.701361
vt 0.789268 0.704534
vt 0.767656 0.709855
vt 0.793345 0.710630
vt 0.772418 0.718092
vt 0.798231 0.716079
vt 0.890444 0.719013
vt 0.894760 0.716424
vt 0.894413 0.740029
vt 0.803881 0.720837
vt 0.886078 0.721386
vt 0.778338 0.725881
vt 0.881672 0.723541
vt 0.810249 0.724856
vt 0.877237 0.725475
vt 0.872783 0.727185
vt 0.817292 0.728092
vt 0.868323 0.728668
vt 0.785445 0.733031
vt 0.863865 0.729921
vt 0.824962 0.730498
vt 0.859422 0.730941
vt 0.855004 0.731726
vt 0.833216 0.732029
vt 0.850621 0.732273
vt 0.846285 0.732577
vt 0.842007 0.732638
vt 0.793765 0.739348
vt 0.890659 0.741857
vt 0.803326 0.744642
vt 0.886830 0.743580
vt 0.882904 0.745186
vt 0.878861 0.746665
vt 0.814156 0.748721
vt 0.874680 0.748003
vt 0.870337 0.749190
vt 0.865814 0.750213
vt 0.826281 0.751392
vt 0.861088 0.751061
vt 0.856137 0.751722
vt 0.850942 0.752184
vt 0.839729 0.752463
vt 0.845479 0.752435
vt 0.821667 0.366638
vt 0.814996 0.366793
vt 0.808654 0.366169
vt 0.802761 0.364816
vt 0.827983 0.365660
vt 0.797343 0.362729
vt 0.833908 0.363894
vt 0.792425 0.359908
vt 0.839401 0.361375
vt 0.788034 0.356350
vt 0.844427 0.358138
vt 0.784193 0.352054
vt 0.848945 0.354219
vt 0.780930 0.347016
vt 0.852919 0.349652
vt 0.815225 0.349799
vt 0.818856 0.349743
vt 0.811872 0.349471
vt 0.822251 0.349335
vt 0.808764 0.348771
vt 0.825409 0.348563
vt 0.805908 0.347713
vt 0.778268 0.341235
vt 0.828329 0.347434
vt 0.856311 0.344474
vt 0.803315 0.346311
vt 0.831007 0.345955
vt 0.800993 0.344579
vt 0.833444 0.344132
vt 0.798949 0.342532
vt 0.835636 0.341974
vt 0.797194 0.340183
vt 0.859082 0.338718
vt 0.776233 0.334709
vt 0.837582 0.339485
vt 0.795735 0.337547
vt 0.839280 0.336674
vt 0.794581 0.334638
vt 0.861192 0.332421
vt 0.774851 0.327436
vt 0.840728 0.333547
vt 0.793741 0.331469
vt 0.841925 0.330111
vt 0.793224 0.328056
vt 0.862605 0.325617
vt 0.842868 0.326373
vt 0.774147 0.319413
vt 0.793038 0.324412
vt 0.863281 0.318344
vt 0.774147 0.310639
vt 0.863191 0.311550
vt 0.843822 0.313382
vt 0.843066 0.308637
vt 0.862391 0.304891
vt 0.841956 0.304276
vt 0.840493 0.300301
vt 0.860889 0.298451
vt 0.838679 0.296715
vt 0.858695 0.292310
vt 0.836516 0.293520
vt 0.779547 0.291152
vt 0.776613 0.292848
vt 0.777360 0.273886
vt 0.834004 0.290719
vt 0.782469 0.289588
vt 0.785383 0.288163
vt 0.855817 0.286550
vt 0.831145 0.288313
vt 0.788291 0.286879
vt 0.791196 0.285743
vt 0.827941 0.286306
vt 0.794102 0.284759
vt 0.824393 0.284699
vt 0.797010 0.283931
vt 0.852264 0.281252
vt 0.799925 0.283264
vt 0.820502 0.283495
vt 0.802848 0.282764
vt 0.816271 0.282696
vt 0.805783 0.282434
vt 0.808733 0.282279
vt 0.811700 0.282305
vt 0.848046 0.276499
vt 0.780393 0.272105
vt 0.843171 0.272371
vt 0.783397 0.270496
vt 0.786397 0.269059
vt 0.837649 0.268952
vt 0.789419 0.267793
vt 0.792485 0.266697
vt 0.831488 0.266321
vt 0.795622 0.265772
vt 0.798854 0.265015
vt 0.824698 0.264561
vt 0.802204 0.264428
vt 0.805698 0.264008
vt 0.809361 0.263757
vt 0.817288 0.263754
vt 0.813216 0.263672
vt 0.209569 0.748984
vt 0.209467 0.746662
vt 0.209595 0.743565
vt 0.209633 0.687450
vt 0.209467 0.683996
vt 0.209785 0.679131
vt 0.209874 0.751316
vt 0.209979 0.740564
vt 0.210117 0.690754
vt 0.210720 0.674589
vt 0.210384 0.753661
vt 0.210615 0.737667
vt 0.210894 0.693915
vt 0.211102 0.756020
vt 0.211502 0.734877
vt 0.212246 0.670388
vt 0.211943 0.696941
vt 0.212027 0.758393
vt 0.310528 0.795206
vt 0.211453 0.795206
vt 0.211453 0.775568
vt 0.224472 0.775568
vt 0.212637 0.732201
vt 0.213240 0.699838
vt 0.213163 0.760784
vt 0.214338 0.666548
vt 0.214018 0.729644
vt 0.214510 0.763193
vt 0.214763 0.702614
vt 0.215643 0.727211
vt 0.216969 0.663088
vt 0.216070 0.765622
vt 0.216487 0.705274
vt 0.217509 0.724907
vt 0.217845 0.768073
vt 0.218391 0.707827
vt 0.220114 0.660027
vt 0.219614 0.722738
vt 0.219836 0.770546
vt 0.220452 0.710278
vt 0.221956 0.720710
vt 0.222044 0.773044
vt 0.223746 0.657385
vt 0.222645 0.712635
vt 0.224532 0.718826
vt 0.224949 0.714905
vt 0.226016 0.691278
vt 0.227839 0.655180
vt 0.238594 0.775568
vt 0.236353 0.773556
vt 0.234367 0.771592
vt 0.232626 0.769659
vt 0.231116 0.767739
vt 0.229827 0.765816
vt 0.228747 0.763873
vt 0.227865 0.761894
vt 0.227169 0.759861
vt 0.226647 0.757757
vt 0.226289 0.755566
vt 0.226083 0.753271
vt 0.226016 0.750855
vt 0.227340 0.717094
vt 0.226078 0.692921
vt 0.226160 0.748463
vt 0.226201 0.688511
vt 0.226366 0.694644
vt 0.226598 0.746159
vt 0.226704 0.685851
vt 0.226864 0.696432
vt 0.227337 0.743966
vt 0.227539 0.683324
vt 0.227561 0.698273
vt 0.228386 0.741906
vt 0.228700 0.680956
vt 0.228441 0.700154
vt 0.232366 0.653430
vt 0.229755 0.740002
vt 0.229492 0.702062
vt 0.230183 0.678771
vt 0.230698 0.703984
vt 0.231450 0.738277
vt 0.231984 0.676795
vt 0.232047 0.705906
vt 0.233481 0.736755
vt 0.234097 0.675054
vt 0.233525 0.707816
vt 0.237303 0.652155
vt 0.235856 0.735458
vt 0.235118 0.709701
vt 0.236518 0.673572
vt 0.236812 0.711548
vt 0.238583 0.734409
vt 0.239243 0.672376
vt 0.238594 0.713343
vt 0.242623 0.651375
vt 0.241672 0.733631
vt 0.310528 0.775568
vt 0.310527 0.713343
vt 0.242266 0.671489
vt 0.245129 0.733148
vt 0.245584 0.670938
vt 0.248301 0.651109
vt 0.248964 0.732981
vt 0.249192 0.670747
vt 0.310525 0.651081
vt 0.310527 0.732981
vt 0.310534 0.670719
vt 0.102764 0.806437
vt 0.106275 0.806349
vt 0.111198 0.806568
vt 0.099399 0.806709
vt 0.115905 0.807217
vt 0.096177 0.807167
vt 0.093098 0.807811
vt 0.120356 0.808303
vt 0.090159 0.808642
vt 0.124510 0.809835
vt 0.087359 0.809661
vt 0.084697 0.810868
vt 0.128327 0.811820
vt 0.082171 0.812265
vt 0.131765 0.814266
vt 0.079780 0.813852
vt 0.077521 0.815630
vt 0.134785 0.817179
vt 0.075394 0.817599
vt 0.137345 0.820568
vt 0.073397 0.819761
vt 0.073370 0.841153
vt 0.075776 0.838472
vt 0.078239 0.836045
vt 0.080754 0.833867
vt 0.083315 0.831936
vt 0.085915 0.830246
vt 0.088548 0.828794
vt 0.091209 0.827577
vt 0.093891 0.826591
vt 0.096588 0.825831
vt 0.099294 0.825294
vt 0.102006 0.825001
vt 0.104711 0.824897
vt 0.139409 0.824440
vt 0.107564 0.825005
vt 0.140932 0.828802
vt 0.110168 0.825344
vt 0.112525 0.825897
vt 0.114633 0.826684
vt 0.116494 0.827713
vt 0.118107 0.828992
vt 0.141876 0.833663
vt 0.119471 0.830528
vt 0.120587 0.832329
vt 0.121455 0.834403
vt 0.142199 0.839031
vt 0.122075 0.836757
vt 0.122447 0.839399
vt 0.142191 0.889976
vt 0.122571 0.842336
vt 0.122570 0.847629
vt 0.105143 0.853800
vt 0.122568 0.858437
vt 0.101141 0.855245
vt 0.097126 0.856746
vt 0.093166 0.858349
vt 0.089330 0.860102
vt 0.118430 0.859873
vt 0.122565 0.887328
vt 0.114426 0.861330
vt 0.085687 0.862052
vt 0.110601 0.862828
vt 0.082305 0.864244
vt 0.106996 0.864389
vt 0.079254 0.866726
vt 0.103654 0.866032
vt 0.100618 0.867779
vt 0.076602 0.869545
vt 0.097932 0.869651
vt 0.074419 0.872747
vt 0.095637 0.871667
vt 0.093778 0.873850
vt 0.072773 0.876379
vt 0.092396 0.876218
vt 0.091536 0.878794
vt 0.071734 0.880489
vt 0.091240 0.881598
vt 0.071370 0.885124
vt 0.091362 0.883587
vt 0.091719 0.885463
vt 0.071568 0.888292
vt 0.092299 0.887215
vt 0.093088 0.888832
vt 0.121234 0.888555
vt 0.072154 0.891369
vt 0.119884 0.889695
vt 0.094073 0.890301
vt 0.118516 0.890745
vt 0.155321 0.890546
vt 0.156416 0.889746
vt 0.156417 0.901677
vt 0.142217 0.890863
vt 0.095242 0.891612
vt 0.154250 0.891289
vt 0.117129 0.891700
vt 0.142298 0.891653
vt 0.153209 0.891973
vt 0.073111 0.894322
vt 0.096581 0.892752
vt 0.142431 0.892349
vt 0.115725 0.892558
vt 0.152201 0.892594
vt 0.142618 0.892956
vt 0.114301 0.893314
vt 0.151234 0.893150
vt 0.098077 0.893711
vt 0.142857 0.893477
vt 0.150312 0.893640
vt 0.112860 0.893964
vt 0.143147 0.893916
vt 0.149441 0.894061
vt 0.099717 0.894476
vt 0.143487 0.894276
vt 0.111400 0.894505
vt 0.148625 0.894411
vt 0.143878 0.894563
vt 0.074422 0.897113
vt 0.147871 0.894687
vt 0.101489 0.895037
vt 0.109922 0.894932
vt 0.144317 0.894779
vt 0.147184 0.894886
vt 0.144804 0.894929
vt 0.146569 0.895008
vt 0.108426 0.895243
vt 0.145339 0.895016
vt 0.146031 0.895049
vt 0.103378 0.895381
vt 0.106908 0.895433
vt 0.105373 0.895497
vt 0.122385 0.899251
vt 0.076073 0.899709
vt 0.120223 0.900889
vt 0.122887 0.900936
vt 0.078045 0.902072
vt 0.118043 0.902381
vt 0.123514 0.902459
vt 0.154258 0.903083
vt 0.080320 0.904169
vt 0.115849 0.903728
vt 0.124267 0.903822
vt 0.152293 0.904323
vt 0.113640 0.904929
vt 0.125152 0.905029
vt 0.082882 0.905964
vt 0.150495 0.905404
vt 0.111420 0.905986
vt 0.126172 0.906082
vt 0.148838 0.906335
vt 0.085714 0.907421
vt 0.109189 0.906900
vt 0.127330 0.906985
vt 0.147295 0.907126
vt 0.106948 0.907671
vt 0.128632 0.907740
vt 0.145838 0.907783
vt 0.088799 0.908505
vt 0.104700 0.908301
vt 0.130079 0.908351
vt 0.144441 0.908317
vt 0.102445 0.908789
vt 0.143077 0.908734
vt 0.131678 0.908821
vt 0.092120 0.909181
vt 0.141719 0.909044
vt 0.100186 0.909137
vt 0.133430 0.909153
vt 0.140340 0.909255
vt 0.097924 0.909345
vt 0.135341 0.909350
vt 0.095660 0.909414
vt 0.138914 0.909376
vt 0.137413 0.909414
vt 0.135586 0.805379
vt 0.124337 0.805549
vt 0.120032 0.805288
vt 0.115897 0.804900
vt 0.111874 0.804369
vt 0.107907 0.803677
vt 0.146355 0.803858
vt 0.103939 0.802807
vt 0.099913 0.801742
vt 0.095773 0.800465
vt 0.156557 0.801065
vt 0.091462 0.798958
vt 0.086922 0.797204
vt 0.166105 0.797075
vt 0.082099 0.795186
vt 0.076934 0.792887
vt 0.174914 0.791964
vt 0.071370 0.790290
vt 0.116663 0.784895
vt 0.112156 0.784162
vt 0.107658 0.783223
vt 0.103173 0.782079
vt 0.098703 0.780731
vt 0.094252 0.779182
vt 0.089823 0.777433
vt 0.085418 0.775485
vt 0.081040 0.773341
vt 0.076693 0.771002
vt 0.072379 0.768470
vt 0.182903 0.785818
vt 0.125699 0.785688
vt 0.121182 0.785370
vt 0.133716 0.785556
vt 0.141413 0.784429
vt 0.148725 0.782363
vt 0.189980 0.778703
vt 0.155586 0.779415
vt 0.161930 0.775643
vt 0.196059 0.770697
vt 0.167693 0.771102
vt 0.172808 0.765849
vt 0.201054 0.761876
vt 0.177210 0.759942
vt 0.204878 0.752316
vt 0.180833 0.753436
vt 0.183613 0.746389
vt 0.207444 0.742094
vt 0.185482 0.738857
vt 0.208667 0.731286
vt 0.186376 0.730898
vt 0.186246 0.722713
vt 0.208480 0.720493
vt 0.122756 0.707576
vt 0.121841 0.726971
vt 0.071370 0.724591
vt 0.093884 0.706215
vt 0.074374 0.660896
vt 0.185097 0.714942
vt 0.206928 0.710204
vt 0.182979 0.707634
vt 0.095339 0.675359
vt 0.204083 0.700491
vt 0.179940 0.700840
vt 0.176027 0.694609
vt 0.200018 0.691430
vt 0.171289 0.688991
vt 0.194805 0.683093
vt 0.165774 0.684036
vt 0.159531 0.679793
vt 0.188516 0.675556
vt 0.152607 0.676313
vt 0.097972 0.674670
vt 0.100616 0.674016
vt 0.103273 0.673404
vt 0.145052 0.673646
vt 0.105946 0.672841
vt 0.108638 0.672334
vt 0.111351 0.671890
vt 0.136913 0.671840
vt 0.181225 0.668892
vt 0.114089 0.671516
vt 0.116854 0.671220
vt 0.119648 0.671007
vt 0.128238 0.670946
vt 0.122476 0.670887
vt 0.125338 0.670864
vt 0.173003 0.663175
vt 0.079414 0.659035
vt 0.084316 0.657381
vt 0.163923 0.658479
vt 0.089111 0.655931
vt 0.093827 0.654680
vt 0.154057 0.654878
vt 0.098494 0.653623
vt 0.103142 0.652755
vt 0.107799 0.652071
vt 0.143479 0.652445
vt 0.112495 0.651568
vt 0.117260 0.651239
vt 0.122123 0.651081
vt 0.132259 0.651256
vt 0.127113 0.651088
vt 0.072006 0.159847
vt 0.074016 0.149448
vt 0.113275 0.165671
vt 0.110812 0.167775
vt 0.077281 0.139375
vt 0.115969 0.163620
vt 0.081718 0.129672
vt 0.118888 0.161680
vt 0.087277 0.120376
vt 0.122023 0.159899
vt 0.093932 0.111525
vt 0.125374 0.158320
vt 0.101687 0.103159
vt 0.128948 0.156986
vt 0.110570 0.095332
vt 0.132758 0.155945
vt 0.120631 0.088112
vt 0.136828 0.155262
vt 0.131942 0.081591
vt 0.141210 0.155056
vt 0.144597 0.075886
vt 0.145816 0.155269
vt 0.158707 0.071153
vt 0.150687 0.156061
vt 0.185396 0.081181
vt 0.163921 0.159088
vt 0.208379 0.093643
vt 0.176146 0.164539
vt 0.228104 0.107868
vt 0.187132 0.171943
vt 0.244961 0.123350
vt 0.196886 0.180955
vt 0.259301 0.139695
vt 0.205445 0.191343
vt 0.271459 0.156596
vt 0.212854 0.202964
vt 0.281775 0.173811
vt 0.219159 0.215762
vt 0.290619 0.191156
vt 0.224398 0.229758
vt 0.298422 0.208508
vt 0.233572 0.240467
vt 0.305110 0.226133
vt 0.241207 0.251710
vt 0.310567 0.244234
vt 0.247393 0.263531
vt 0.314640 0.262961
vt 0.252161 0.275976
vt 0.317040 0.281824
vt 0.255389 0.288594
vt 0.317628 0.300138
vt 0.257063 0.300790
vt 0.316447 0.317901
vt 0.257342 0.312580
vt 0.313535 0.335070
vt 0.256342 0.323970
vt 0.308929 0.351570
vt 0.254155 0.334959
vt 0.302670 0.367295
vt 0.250848 0.345532
vt 0.294810 0.382117
vt 0.246477 0.355670
vt 0.285418 0.395882
vt 0.241091 0.365352
vt 0.274589 0.408416
vt 0.234734 0.374558
vt 0.262457 0.419523
vt 0.227448 0.383286
vt 0.249212 0.428982
vt 0.219282 0.391554
vt 0.235132 0.436553
vt 0.210285 0.399428
vt 0.226870 0.438584
vt 0.207083 0.397984
vt 0.218816 0.439726
vt 0.203809 0.396402
vt 0.210974 0.440107
vt 0.200443 0.394687
vt 0.203332 0.439825
vt 0.196949 0.392847
vt 0.195865 0.438952
vt 0.193279 0.390887
vt 0.188544 0.437541
vt 0.189386 0.388810
vt 0.181341 0.435632
vt 0.185218 0.386616
vt 0.174229 0.433255
vt 0.180728 0.384303
vt 0.167190 0.430438
vt 0.176823 0.384199
vt 0.160217 0.427148
vt 0.172710 0.383897
vt 0.153321 0.423339
vt 0.168396 0.383399
vt 0.146538 0.418961
vt 0.163913 0.382717
vt 0.128228 0.407486
vt 0.149652 0.369659
vt 0.124680 0.404601
vt 0.145212 0.369020
vt 0.121296 0.401868
vt 0.141107 0.368305
vt 0.118064 0.399258
vt 0.137303 0.367521
vt 0.114972 0.396743
vt 0.133766 0.366677
vt 0.112012 0.394303
vt 0.130471 0.365776
vt 0.109177 0.391919
vt 0.127395 0.364823
vt 0.106459 0.389576
vt 0.124516 0.363821
vt 0.103855 0.387260
vt 0.121818 0.362774
vt 0.101359 0.384960
vt 0.119285 0.361684
vt 0.098969 0.382666
vt 0.116903 0.360552
vt 0.096682 0.380369
vt 0.114662 0.359381
vt 0.094496 0.378063
vt 0.112549 0.358172
vt 0.090869 0.374301
vt 0.108886 0.356291
vt 0.087530 0.370544
vt 0.105693 0.354274
vt 0.084474 0.366736
vt 0.102903 0.352132
vt 0.081703 0.362840
vt 0.100467 0.349871
vt 0.079224 0.358831
vt 0.098350 0.347498
vt 0.077052 0.354696
vt 0.096534 0.345014
vt 0.075200 0.350430
vt 0.095004 0.342423
vt 0.073687 0.346031
vt 0.093748 0.339728
vt 0.072530 0.341503
vt 0.092761 0.336931
vt 0.071750 0.336850
vt 0.092042 0.334030
vt 0.071370 0.332081
vt 0.091592 0.331025
vt 0.071417 0.327204
vt 0.091419 0.327912
vt 0.071915 0.322298
vt 0.091535 0.324754
vt 0.072836 0.317636
vt 0.091954 0.321793
vt 0.074151 0.313219
vt 0.092650 0.319004
vt 0.075832 0.309047
vt 0.093606 0.316364
vt 0.077858 0.305120
vt 0.094809 0.313854
vt 0.080209 0.301440
vt 0.096253 0.311454
vt 0.082865 0.298013
vt 0.097936 0.309150
vt 0.085806 0.294849
vt 0.099859 0.306928
vt 0.089008 0.291959
vt 0.102026 0.304776
vt 0.092438 0.289359
vt 0.104440 0.302681
vt 0.096052 0.287060
vt 0.107105 0.300626
vt 0.099787 0.285071
vt 0.110025 0.298591
vt 0.101678 0.284701
vt 0.111112 0.298042
vt 0.103516 0.284469
vt 0.112203 0.297506
vt 0.105293 0.284368
vt 0.113295 0.296980
vt 0.107003 0.284391
vt 0.114386 0.296458
vt 0.108636 0.284533
vt 0.115475 0.295935
vt 0.110187 0.284788
vt 0.116561 0.295407
vt 0.111646 0.285150
vt 0.117641 0.294868
vt 0.113004 0.285613
vt 0.118713 0.294313
vt 0.114254 0.286172
vt 0.119775 0.293735
vt 0.115387 0.286821
vt 0.120824 0.293128
vt 0.116392 0.287555
vt 0.121856 0.292482
vt 0.117259 0.288367
vt 0.122865 0.291784
vt 0.119400 0.286044
vt 0.134233 0.296672
vt 0.117104 0.274439
vt 0.148362 0.270026
vt 0.108663 0.265559
vt 0.140526 0.247767
vt 0.081211 0.230398
vt 0.111001 0.219777
vt 0.071370 0.170513
vt 0.108601 0.169853
vt 0.116128 0.585276
vt 0.117266 0.585951
vt 0.078100 0.612294
vt 0.077009 0.608244
vt 0.118326 0.586654
vt 0.079256 0.616163
vt 0.119282 0.587338
vt 0.080464 0.619871
vt 0.120139 0.587982
vt 0.081718 0.623441
vt 0.120917 0.588575
vt 0.083018 0.626898
vt 0.121636 0.589119
vt 0.084375 0.630267
vt 0.122321 0.589613
vt 0.085807 0.633575
vt 0.123008 0.590082
vt 0.087342 0.636851
vt 0.123725 0.590534
vt 0.089013 0.640120
vt 0.124514 0.590996
vt 0.090865 0.643406
vt 0.125405 0.591476
vt 0.092945 0.646731
vt 0.126974 0.592254
vt 0.096940 0.647774
vt 0.128425 0.592881
vt 0.100705 0.648590
vt 0.129777 0.593382
vt 0.104260 0.649208
vt 0.131037 0.593750
vt 0.107630 0.649659
vt 0.132229 0.593993
vt 0.110845 0.649968
vt 0.133376 0.594122
vt 0.113942 0.650161
vt 0.134508 0.594140
vt 0.116958 0.650259
vt 0.135655 0.594055
vt 0.119937 0.650281
vt 0.136852 0.593866
vt 0.122918 0.650240
vt 0.138130 0.593572
vt 0.125939 0.650146
vt 0.139535 0.593172
vt 0.129034 0.650003
vt 0.141116 0.592661
vt 0.132229 0.649814
vt 0.143671 0.593729
vt 0.136602 0.649725
vt 0.146038 0.594760
vt 0.140813 0.649516
vt 0.148230 0.595756
vt 0.144873 0.649193
vt 0.150257 0.596722
vt 0.148795 0.648760
vt 0.152127 0.597660
vt 0.152588 0.648221
vt 0.153891 0.598534
vt 0.156264 0.647577
vt 0.155608 0.599298
vt 0.159832 0.646832
vt 0.157279 0.599958
vt 0.163301 0.645984
vt 0.158907 0.600519
vt 0.166680 0.645035
vt 0.160495 0.600989
vt 0.169976 0.643983
vt 0.162046 0.601370
vt 0.173195 0.642826
vt 0.163562 0.601668
vt 0.176342 0.641563
vt 0.166166 0.601819
vt 0.180561 0.639789
vt 0.168568 0.601758
vt 0.184532 0.637891
vt 0.170793 0.601506
vt 0.188291 0.635865
vt 0.172864 0.601078
vt 0.191864 0.633703
vt 0.174796 0.600488
vt 0.195270 0.631401
vt 0.176601 0.599744
vt 0.198521 0.628952
vt 0.178285 0.598855
vt 0.201623 0.626352
vt 0.179851 0.597828
vt 0.204577 0.623599
vt 0.181299 0.596668
vt 0.207382 0.620689
vt 0.182627 0.595377
vt 0.210034 0.617621
vt 0.183832 0.593959
vt 0.212531 0.614393
vt 0.184909 0.592411
vt 0.214867 0.611002
vt 0.186356 0.589675
vt 0.217592 0.606449
vt 0.187377 0.587100
vt 0.219891 0.602022
vt 0.188040 0.584611
vt 0.221849 0.597642
vt 0.188399 0.582132
vt 0.223526 0.593231
vt 0.188492 0.579598
vt 0.224961 0.588723
vt 0.188349 0.576954
vt 0.226169 0.584070
vt 0.187989 0.574162
vt 0.227154 0.579252
vt 0.187449 0.571188
vt 0.227914 0.574269
vt 0.186749 0.568020
vt 0.228449 0.569140
vt 0.185915 0.564661
vt 0.228759 0.563898
vt 0.184964 0.561141
vt 0.228851 0.558589
vt 0.183937 0.557481
vt 0.228738 0.553266
vt 0.177186 0.538439
vt 0.226739 0.533387
vt 0.178844 0.531224
vt 0.226635 0.528104
vt 0.180290 0.526596
vt 0.226775 0.525311
vt 0.181697 0.522484
vt 0.226959 0.522773
vt 0.183089 0.518803
vt 0.227164 0.520455
vt 0.184488 0.515487
vt 0.227373 0.518310
vt 0.185928 0.512499
vt 0.227577 0.516284
vt 0.187403 0.509766
vt 0.227774 0.514316
vt 0.188920 0.507237
vt 0.227962 0.512347
vt 0.190476 0.504902
vt 0.228145 0.510323
vt 0.192064 0.502679
vt 0.228323 0.508201
vt 0.193663 0.500566
vt 0.228495 0.505953
vt 0.195243 0.498556
vt 0.228653 0.503558
vt 0.196769 0.496615
vt 0.228789 0.501010
vt 0.198091 0.494923
vt 0.228851 0.498592
vt 0.199297 0.493385
vt 0.228851 0.496184
vt 0.200410 0.491986
vt 0.228782 0.493781
vt 0.201449 0.490717
vt 0.228638 0.491378
vt 0.202431 0.489568
vt 0.228409 0.488969
vt 0.203363 0.488534
vt 0.228087 0.486552
vt 0.204252 0.487611
vt 0.227658 0.484121
vt 0.205097 0.486798
vt 0.227109 0.481675
vt 0.205896 0.486098
vt 0.226422 0.479211
vt 0.206645 0.485514
vt 0.225574 0.476730
vt 0.207332 0.484991
vt 0.224542 0.474233
vt 0.207950 0.484525
vt 0.223294 0.471724
vt 0.202074 0.478286
vt 0.216185 0.463198
vt 0.201447 0.478300
vt 0.214591 0.460846
vt 0.200777 0.478363
vt 0.212824 0.458576
vt 0.200063 0.478484
vt 0.210879 0.456387
vt 0.199300 0.478675
vt 0.208748 0.454277
vt 0.198483 0.478944
vt 0.206419 0.452246
vt 0.197605 0.479303
vt 0.203873 0.450298
vt 0.196661 0.479765
vt 0.201093 0.448439
vt 0.195642 0.480345
vt 0.198052 0.446677
vt 0.194540 0.481062
vt 0.194726 0.445025
vt 0.193348 0.481939
vt 0.191082 0.443498
vt 0.192061 0.483002
vt 0.187087 0.442118
vt 0.190671 0.484286
vt 0.182704 0.440907
vt 0.188379 0.486205
vt 0.175740 0.442911
vt 0.185194 0.487889
vt 0.169128 0.445310
vt 0.182183 0.489745
vt 0.162866 0.448057
vt 0.179285 0.491745
vt 0.156940 0.451110
vt 0.176628 0.493869
vt 0.151324 0.454446
vt 0.174125 0.496144
vt 0.145982 0.458058
vt 0.171746 0.498607
vt 0.140864 0.461959
vt 0.169456 0.501317
vt 0.135916 0.466188
vt 0.167271 0.504350
vt 0.131079 0.470808
vt 0.165073 0.507805
vt 0.126302 0.475903
vt 0.162801 0.511790
vt 0.121539 0.481573
vt 0.160390 0.516414
vt 0.116760 0.487933
vt 0.129487 0.567490
vt 0.084066 0.540849
vt 0.129157 0.568933
vt 0.082953 0.542922
vt 0.128827 0.570305
vt 0.081940 0.544919
vt 0.128494 0.571608
vt 0.081015 0.546844
vt 0.127765 0.572439
vt 0.080168 0.548705
vt 0.127070 0.573179
vt 0.079386 0.550513
vt 0.126389 0.573837
vt 0.078657 0.552282
vt 0.125661 0.574366
vt 0.077972 0.554030
vt 0.124924 0.574811
vt 0.077318 0.555774
vt 0.124177 0.575184
vt 0.076690 0.557534
vt 0.123415 0.575494
vt 0.076081 0.559326
vt 0.122635 0.575746
vt 0.075491 0.561162
vt 0.121837 0.575963
vt 0.074919 0.563050
vt 0.121080 0.576091
vt 0.074393 0.564900
vt 0.120280 0.576189
vt 0.073879 0.566853
vt 0.119443 0.576252
vt 0.073386 0.568909
vt 0.118586 0.576329
vt 0.072923 0.571069
vt 0.117705 0.576359
vt 0.072502 0.573329
vt 0.116818 0.576396
vt 0.072132 0.575685
vt 0.115916 0.576363
vt 0.071824 0.578133
vt 0.115017 0.576325
vt 0.071587 0.580669
vt 0.114025 0.576157
vt 0.071433 0.583286
vt 0.113056 0.575995
vt 0.071370 0.585981
vt 0.112118 0.575831
vt 0.071409 0.588747
vt 0.111233 0.575653
vt 0.071558 0.591580
vt 0.114945 0.584670
vt 0.076006 0.603995
vt 0.479229 0.497558
vt 0.482108 0.501218
vt 0.465274 0.478007
vt 0.465665 0.479229
vt 0.484592 0.505745
vt 0.464630 0.476585
vt 0.486625 0.511084
vt 0.463752 0.474948
vt 0.488177 0.517171
vt 0.462612 0.472992
vt 0.489239 0.523934
vt 0.461356 0.470738
vt 0.489819 0.531304
vt 0.460003 0.468145
vt 0.489922 0.539223
vt 0.458596 0.465160
vt 0.489524 0.547653
vt 0.457303 0.461764
vt 0.488524 0.556595
vt 0.456114 0.457937
vt 0.486692 0.566097
vt 0.454954 0.453662
vt 0.483614 0.576251
vt 0.453584 0.448862
vt 0.481992 0.586334
vt 0.453280 0.443408
vt 0.479843 0.596755
vt 0.453024 0.436834
vt 0.477124 0.607507
vt 0.452776 0.429930
vt 0.471949 0.599538
vt 0.454188 0.434058
vt 0.467582 0.591711
vt 0.455579 0.437571
vt 0.463918 0.584052
vt 0.456916 0.440705
vt 0.460870 0.576580
vt 0.458178 0.443556
vt 0.458366 0.569314
vt 0.459352 0.446173
vt 0.456348 0.562269
vt 0.460428 0.448587
vt 0.454769 0.555462
vt 0.461403 0.450816
vt 0.453588 0.548911
vt 0.462278 0.452874
vt 0.452776 0.542633
vt 0.463049 0.454762
vt 0.453331 0.536737
vt 0.464194 0.456562
vt 0.454276 0.531087
vt 0.465336 0.458277
vt 0.455574 0.525690
vt 0.466241 0.460090
vt 0.457198 0.520551
vt 0.467123 0.461831
vt 0.459125 0.515677
vt 0.467982 0.463507
vt 0.461338 0.511078
vt 0.468770 0.465149
vt 0.463823 0.506764
vt 0.469533 0.466739
vt 0.466569 0.502748
vt 0.470273 0.468285
vt 0.469567 0.499044
vt 0.470951 0.469821
vt 0.472807 0.495667
vt 0.471605 0.471327
vt 0.476282 0.492633
vt 0.472206 0.472839
vt 0.479983 0.489959
vt 0.472782 0.474338
vt 0.476032 0.494808
vt 0.465781 0.480236
vt 0.483023 0.377338
vt 0.484215 0.375734
vt 0.503696 0.412790
vt 0.499466 0.415736
vt 0.485355 0.374130
vt 0.507555 0.409736
vt 0.486449 0.372557
vt 0.511070 0.406606
vt 0.487600 0.371142
vt 0.514270 0.403424
vt 0.488602 0.369717
vt 0.517178 0.400207
vt 0.489461 0.368288
vt 0.519820 0.396966
vt 0.490182 0.366854
vt 0.522217 0.393711
vt 0.490772 0.365416
vt 0.524393 0.390444
vt 0.491239 0.363970
vt 0.526366 0.387166
vt 0.491588 0.362508
vt 0.528157 0.383874
vt 0.491825 0.361023
vt 0.529781 0.380561
vt 0.491957 0.359505
vt 0.531253 0.377219
vt 0.492233 0.357250
vt 0.532876 0.373127
vt 0.492353 0.354992
vt 0.534297 0.369047
vt 0.492321 0.352724
vt 0.535533 0.364971
vt 0.492137 0.350435
vt 0.536598 0.360890
vt 0.491800 0.348114
vt 0.537506 0.356790
vt 0.491310 0.345745
vt 0.538268 0.352656
vt 0.490662 0.343312
vt 0.538894 0.348470
vt 0.489850 0.340796
vt 0.539390 0.344212
vt 0.488867 0.338178
vt 0.539762 0.339862
vt 0.487703 0.335434
vt 0.540016 0.335397
vt 0.486348 0.332535
vt 0.540155 0.330793
vt 0.484801 0.329423
vt 0.540182 0.326026
vt 0.482912 0.326583
vt 0.540118 0.321297
vt 0.480888 0.323569
vt 0.539975 0.316536
vt 0.478821 0.320307
vt 0.539768 0.311745
vt 0.476751 0.316828
vt 0.539510 0.306922
vt 0.474711 0.313156
vt 0.539212 0.302060
vt 0.472382 0.308535
vt 0.538882 0.297149
vt 0.470096 0.303787
vt 0.538530 0.292176
vt 0.467870 0.298897
vt 0.538162 0.287122
vt 0.465721 0.293848
vt 0.537781 0.281954
vt 0.463663 0.288617
vt 0.537390 0.276629
vt 0.461707 0.283173
vt 0.536988 0.271089
vt 0.460506 0.275389
vt 0.536571 0.265268
vt 0.463113 0.267534
vt 0.535850 0.256930
vt 0.465665 0.259673
vt 0.535110 0.248895
vt 0.467870 0.252115
vt 0.534253 0.241060
vt 0.469770 0.244771
vt 0.533195 0.233341
vt 0.471395 0.237565
vt 0.531861 0.225673
vt 0.472764 0.230427
vt 0.530183 0.218012
vt 0.473898 0.223319
vt 0.528096 0.210345
vt 0.474813 0.216216
vt 0.525538 0.202686
vt 0.475526 0.209105
vt 0.522449 0.195084
vt 0.476058 0.201983
vt 0.518777 0.187627
vt 0.476439 0.194857
vt 0.514478 0.180440
vt 0.476710 0.187736
vt 0.509525 0.173694
vt 0.456473 0.146217
vt 0.483380 0.130156
vt 0.444865 0.143177
vt 0.472320 0.119656
vt 0.418458 0.104262
vt 0.442070 0.082949
vt 0.417126 0.102670
vt 0.438184 0.080156
vt 0.415790 0.101345
vt 0.434285 0.077816
vt 0.414452 0.100246
vt 0.430385 0.075884
vt 0.413113 0.099340
vt 0.426494 0.074322
vt 0.411770 0.098601
vt 0.422614 0.073097
vt 0.410420 0.098004
vt 0.418743 0.072182
vt 0.409058 0.097534
vt 0.414879 0.071560
vt 0.407679 0.097176
vt 0.411019 0.071218
vt 0.406280 0.096922
vt 0.407159 0.071153
vt 0.404858 0.096765
vt 0.403301 0.071365
vt 0.403413 0.096704
vt 0.399448 0.071860
vt 0.401946 0.096735
vt 0.395607 0.072647
vt 0.401067 0.096788
vt 0.392435 0.073501
vt 0.400146 0.096900
vt 0.389256 0.074551
vt 0.399189 0.097072
vt 0.386080 0.075813
vt 0.398202 0.097301
vt 0.382919 0.077303
vt 0.397195 0.097586
vt 0.379793 0.079034
vt 0.396181 0.097921
vt 0.376722 0.081018
vt 0.395172 0.098302
vt 0.373730 0.083263
vt 0.394183 0.098722
vt 0.370843 0.085771
vt 0.393227 0.099170
vt 0.368084 0.088543
vt 0.392320 0.099637
vt 0.365480 0.091578
vt 0.391478 0.100108
vt 0.363055 0.094868
vt 0.390726 0.100564
vt 0.360832 0.098404
vt 0.393829 0.152020
vt 0.358479 0.152310
vt 0.399111 0.168298
vt 0.356288 0.169365
vt 0.401548 0.233795
vt 0.353860 0.232565
vt 0.401183 0.239774
vt 0.351868 0.236079
vt 0.400595 0.245402
vt 0.349801 0.239492
vt 0.399818 0.250697
vt 0.347703 0.242799
vt 0.398875 0.255682
vt 0.345605 0.246011
vt 0.397672 0.260166
vt 0.343527 0.249151
vt 0.396335 0.264361
vt 0.341479 0.252251
vt 0.394877 0.268291
vt 0.339466 0.255355
vt 0.393304 0.271983
vt 0.337491 0.258505
vt 0.391623 0.275459
vt 0.335551 0.261746
vt 0.389842 0.278740
vt 0.333649 0.265116
vt 0.387969 0.281841
vt 0.331789 0.268648
vt 0.386016 0.284772
vt 0.329979 0.272364
vt 0.384034 0.287541
vt 0.328243 0.276228
vt 0.382127 0.290066
vt 0.326629 0.280064
vt 0.380275 0.292367
vt 0.325135 0.283900
vt 0.378473 0.294519
vt 0.323763 0.287771
vt 0.376734 0.296656
vt 0.322513 0.291716
vt 0.375053 0.298829
vt 0.321394 0.295774
vt 0.373423 0.301062
vt 0.320416 0.299990
vt 0.371837 0.303377
vt 0.319600 0.304403
vt 0.370292 0.305794
vt 0.318972 0.309051
vt 0.368787 0.308323
vt 0.318566 0.313966
vt 0.367322 0.310973
vt 0.318428 0.319173
vt 0.365901 0.313741
vt 0.318613 0.324691
vt 0.374732 0.384034
vt 0.339838 0.404747
vt 0.375050 0.393989
vt 0.361266 0.429130
vt 0.463247 0.388791
vt 0.465837 0.429130
vt 0.472082 0.379360
vt 0.486379 0.421739
vt 0.695629 0.452042
vt 0.692318 0.451748
vt 0.687784 0.400312
vt 0.694172 0.401873
vt 0.689140 0.451575
vt 0.681229 0.399132
vt 0.686073 0.451534
vt 0.674499 0.398349
vt 0.683092 0.451639
vt 0.667582 0.397989
vt 0.680176 0.451907
vt 0.660458 0.398086
vt 0.677304 0.452356
vt 0.653107 0.398684
vt 0.674461 0.453011
vt 0.645508 0.399844
vt 0.671635 0.453902
vt 0.637643 0.401640
vt 0.668825 0.455063
vt 0.629498 0.404163
vt 0.666040 0.456536
vt 0.621067 0.407524
vt 0.663302 0.458365
vt 0.612358 0.411854
vt 0.658076 0.463371
vt 0.604936 0.425766
vt 0.654137 0.468568
vt 0.599520 0.439223
vt 0.651275 0.473902
vt 0.595797 0.452287
vt 0.649336 0.479345
vt 0.593551 0.465019
vt 0.648217 0.484879
vt 0.592637 0.477464
vt 0.647848 0.490485
vt 0.592967 0.489643
vt 0.648183 0.496135
vt 0.594486 0.501550
vt 0.649192 0.501788
vt 0.597162 0.513150
vt 0.650849 0.507393
vt 0.600970 0.524386
vt 0.653131 0.512888
vt 0.605883 0.535182
vt 0.656009 0.518204
vt 0.611870 0.545450
vt 0.659450 0.523271
vt 0.618893 0.555091
vt 0.663695 0.528337
vt 0.627241 0.564376
vt 0.668152 0.532660
vt 0.636195 0.572447
vt 0.672756 0.536272
vt 0.645659 0.579343
vt 0.677460 0.539203
vt 0.655560 0.585101
vt 0.682230 0.541480
vt 0.665846 0.589746
vt 0.687046 0.543119
vt 0.676488 0.593295
vt 0.691897 0.544127
vt 0.687473 0.595742
vt 0.696773 0.544495
vt 0.698801 0.597062
vt 0.701669 0.544200
vt 0.710482 0.597195
vt 0.706572 0.543193
vt 0.722528 0.596048
vt 0.711459 0.541406
vt 0.734949 0.593486
vt 0.716285 0.538747
vt 0.747738 0.589324
vt 0.720400 0.535555
vt 0.755420 0.579242
vt 0.723810 0.532010
vt 0.761338 0.569240
vt 0.726602 0.528170
vt 0.765742 0.559403
vt 0.728858 0.524044
vt 0.768841 0.549770
vt 0.730646 0.519611
vt 0.770802 0.540350
vt 0.732021 0.514824
vt 0.771750 0.531145
vt 0.733025 0.509627
vt 0.771774 0.522173
vt 0.733694 0.503960
vt 0.770945 0.513484
vt 0.734069 0.497769
vt 0.769339 0.505183
vt 0.734214 0.491001
vt 0.767069 0.497435
vt 0.734242 0.483605
vt 0.764323 0.490472
vt 0.734366 0.475525
vt 0.761414 0.484592
vt 0.752063 0.443606
vt 0.771774 0.449587
vt 0.751591 0.443821
vt 0.770775 0.446086
vt 0.751079 0.444077
vt 0.769494 0.443010
vt 0.750320 0.444351
vt 0.768009 0.440298
vt 0.749399 0.444658
vt 0.766375 0.437894
vt 0.748350 0.445007
vt 0.764630 0.435745
vt 0.747184 0.445406
vt 0.762794 0.433803
vt 0.745900 0.445863
vt 0.760875 0.432022
vt 0.744484 0.446386
vt 0.758866 0.430360
vt 0.742910 0.446986
vt 0.756750 0.428776
vt 0.741143 0.447681
vt 0.754504 0.427234
vt 0.739136 0.448492
vt 0.752098 0.425694
vt 0.736835 0.449447
vt 0.749495 0.424112
vt 0.735016 0.450500
vt 0.747777 0.422996
vt 0.733104 0.451623
vt 0.746032 0.421868
vt 0.731091 0.452823
vt 0.744249 0.420709
vt 0.730355 0.452848
vt 0.742417 0.419500
vt 0.729520 0.452996
vt 0.740510 0.418234
vt 0.728567 0.453273
vt 0.738501 0.416903
vt 0.727478 0.453693
vt 0.736362 0.415502
vt 0.726226 0.454271
vt 0.734064 0.414026
vt 0.724777 0.455029
vt 0.731576 0.412471
vt 0.723085 0.455998
vt 0.728864 0.410834
vt 0.721086 0.457227
vt 0.725895 0.409110
vt 0.718688 0.458789
vt 0.722632 0.407297
vt 0.699101 0.452438
vt 0.700393 0.403802
vt 0.927304 0.352311
vt 0.926250 0.349309
vt 0.879572 0.348436
vt 0.872045 0.347591
vt 0.925383 0.346296
vt 0.886588 0.347977
vt 0.924646 0.343248
vt 0.893041 0.346430
vt 0.924000 0.340148
vt 0.898901 0.343973
vt 0.923427 0.336988
vt 0.904143 0.340758
vt 0.922916 0.333763
vt 0.908747 0.336910
vt 0.922469 0.330469
vt 0.912690 0.332529
vt 0.922092 0.327105
vt 0.915940 0.327700
vt 0.921798 0.323671
vt 0.918454 0.322499
vt 0.921600 0.320172
vt 0.920175 0.316996
vt 0.921517 0.316622
vt 0.921034 0.311270
vt 0.921577 0.313036
vt 0.920938 0.305417
vt 0.921686 0.309608
vt 0.919933 0.299554
vt 0.921836 0.306314
vt 0.918068 0.293788
vt 0.922030 0.303128
vt 0.915378 0.288211
vt 0.922279 0.300033
vt 0.911884 0.282912
vt 0.922605 0.297016
vt 0.907589 0.277983
vt 0.923038 0.294078
vt 0.902485 0.273534
vt 0.923626 0.291239
vt 0.896551 0.269697
vt 0.924446 0.288540
vt 0.889763 0.266636
vt 0.925664 0.286118
vt 0.882097 0.264547
vt 0.926945 0.283721
vt 0.873535 0.263672
vt 0.927979 0.281450
vt 0.864080 0.264298
vt 0.928630 0.355342
vt 0.864080 0.345194
vt 0.581443 0.393725
vt 0.578094 0.392070
vt 0.589852 0.378437
vt 0.589581 0.379464
vt 0.574915 0.390075
vt 0.590071 0.377153
vt 0.571892 0.387764
vt 0.590280 0.375623
vt 0.569017 0.385159
vt 0.590504 0.373859
vt 0.566282 0.382270
vt 0.590759 0.371866
vt 0.563683 0.379105
vt 0.591052 0.369646
vt 0.561216 0.375662
vt 0.591386 0.367196
vt 0.558882 0.371937
vt 0.591766 0.364507
vt 0.556682 0.367920
vt 0.592205 0.361565
vt 0.554620 0.363597
vt 0.592716 0.358347
vt 0.552702 0.358952
vt 0.593312 0.354819
vt 0.550633 0.350121
vt 0.594490 0.347263
vt 0.548853 0.341076
vt 0.595775 0.339090
vt 0.547321 0.331828
vt 0.597047 0.330443
vt 0.546003 0.322386
vt 0.598255 0.321414
vt 0.544874 0.312751
vt 0.599365 0.312055
vt 0.543915 0.302916
vt 0.600355 0.302388
vt 0.543110 0.292867
vt 0.601208 0.292421
vt 0.542447 0.282578
vt 0.601910 0.282143
vt 0.541916 0.272013
vt 0.602447 0.271535
vt 0.541509 0.261130
vt 0.602807 0.260570
vt 0.541219 0.249874
vt 0.602980 0.249211
vt 0.541043 0.238186
vt 0.602962 0.237420
vt 0.540982 0.226326
vt 0.602773 0.225447
vt 0.541038 0.215015
vt 0.602465 0.213986
vt 0.541202 0.204177
vt 0.601980 0.202970
vt 0.541466 0.193735
vt 0.601288 0.192323
vt 0.541826 0.183608
vt 0.600374 0.181998
vt 0.542280 0.173724
vt 0.599235 0.171961
vt 0.542833 0.164018
vt 0.597878 0.162191
vt 0.543495 0.154442
vt 0.596321 0.152681
vt 0.544280 0.144959
vt 0.594587 0.143451
vt 0.545217 0.135552
vt 0.592714 0.134558
vt 0.546344 0.126214
vt 0.590775 0.126094
vt 0.547721 0.116952
vt 0.588944 0.118195
vt 0.549199 0.112305
vt 0.588068 0.114744
vt 0.550828 0.107855
vt 0.587292 0.111548
vt 0.552607 0.103614
vt 0.586617 0.108617
vt 0.554536 0.099590
vt 0.586024 0.105945
vt 0.556615 0.095792
vt 0.585489 0.103518
vt 0.558848 0.092228
vt 0.584998 0.101323
vt 0.561238 0.088909
vt 0.584540 0.099355
vt 0.563794 0.085842
vt 0.584107 0.097615
vt 0.566525 0.083041
vt 0.583693 0.096109
vt 0.569446 0.080519
vt 0.583292 0.094848
vt 0.572572 0.078294
vt 0.582898 0.093846
vt 0.575924 0.076389
vt 0.582502 0.093121
vt 0.586953 0.072724
vt 0.590995 0.090829
vt 0.590392 0.071889
vt 0.591661 0.091459
vt 0.593949 0.071365
vt 0.592406 0.092212
vt 0.597624 0.071153
vt 0.593220 0.093103
vt 0.601424 0.071260
vt 0.594095 0.094150
vt 0.605357 0.071698
vt 0.595024 0.095373
vt 0.609437 0.072488
vt 0.595998 0.096800
vt 0.613677 0.073660
vt 0.597010 0.098460
vt 0.618095 0.075252
vt 0.598053 0.100390
vt 0.622712 0.077315
vt 0.599114 0.102639
vt 0.627550 0.079913
vt 0.600182 0.105264
vt 0.632633 0.083124
vt 0.601250 0.108375
vt 0.637986 0.087047
vt 0.603412 0.112167
vt 0.647099 0.099764
vt 0.608904 0.122591
vt 0.654746 0.112527
vt 0.613397 0.133179
vt 0.661170 0.125263
vt 0.617131 0.143757
vt 0.666561 0.137961
vt 0.620246 0.154298
vt 0.671062 0.150627
vt 0.622844 0.164819
vt 0.674776 0.163266
vt 0.625002 0.175328
vt 0.677772 0.175856
vt 0.626777 0.185807
vt 0.680100 0.188344
vt 0.628209 0.196199
vt 0.681795 0.200650
vt 0.629314 0.206412
vt 0.682888 0.212667
vt 0.630096 0.216331
vt 0.683413 0.224272
vt 0.630543 0.225819
vt 0.683413 0.235344
vt 0.630626 0.234783
vt 0.682790 0.250069
vt 0.630298 0.247509
vt 0.681543 0.264157
vt 0.629660 0.259644
vt 0.679720 0.277666
vt 0.628720 0.271252
vt 0.677349 0.290655
vt 0.627483 0.282407
vt 0.674453 0.303176
vt 0.625957 0.293178
vt 0.671040 0.315271
vt 0.624148 0.303631
vt 0.667113 0.326969
vt 0.622063 0.313818
vt 0.662670 0.338285
vt 0.619704 0.323775
vt 0.657706 0.349213
vt 0.617071 0.333524
vt 0.652216 0.359728
vt 0.614145 0.343069
vt 0.646202 0.369780
vt 0.610874 0.352402
vt 0.639686 0.379298
vt 0.607197 0.361398
vt 0.636205 0.382387
vt 0.606168 0.363400
vt 0.632658 0.385173
vt 0.605129 0.365368
vt 0.629053 0.387671
vt 0.604080 0.367296
vt 0.625394 0.389888
vt 0.603024 0.369175
vt 0.621685 0.391830
vt 0.601966 0.370993
vt 0.617932 0.393493
vt 0.600908 0.372741
vt 0.614140 0.394872
vt 0.599862 0.374407
vt 0.610315 0.395953
vt 0.598844 0.375974
vt 0.606466 0.396717
vt 0.597874 0.377425
vt 0.602603 0.397140
vt 0.596978 0.378743
vt 0.598738 0.397189
vt 0.596192 0.379913
vt 0.594888 0.396825
vt 0.595563 0.380930
vt 0.584978 0.395002
vt 0.589233 0.380172
vt 0.562688 0.680613
vt 0.562688 0.413208
vt 0.591837 0.413570
vt 0.591837 0.680252
vt 0.568174 0.397989
vt 0.540982 0.407829
vt 0.568174 0.695832
vt 0.540982 0.685993
vt 0.403213 0.665526
vt 0.398635 0.666293
vt 0.399894 0.640977
vt 0.400985 0.641316
vt 0.394003 0.666654
vt 0.398825 0.640556
vt 0.389323 0.666617
vt 0.397781 0.640049
vt 0.384597 0.666178
vt 0.396766 0.639448
vt 0.379825 0.665325
vt 0.395782 0.638742
vt 0.375006 0.664035
vt 0.394829 0.637917
vt 0.370140 0.662273
vt 0.393914 0.636951
vt 0.365231 0.659993
vt 0.393043 0.635819
vt 0.360286 0.657135
vt 0.392233 0.634489
vt 0.355325 0.653627
vt 0.391513 0.632902
vt 0.350371 0.649385
vt 0.390888 0.631118
vt 0.344227 0.641206
vt 0.386917 0.622191
vt 0.338739 0.632569
vt 0.383911 0.613878
vt 0.333948 0.623562
vt 0.381617 0.605926
vt 0.329850 0.614236
vt 0.379892 0.598158
vt 0.326424 0.604619
vt 0.378650 0.590446
vt 0.323646 0.594736
vt 0.377845 0.582705
vt 0.321492 0.584614
vt 0.377466 0.574891
vt 0.319934 0.574285
vt 0.377531 0.567008
vt 0.318936 0.563787
vt 0.378089 0.559114
vt 0.318454 0.553152
vt 0.379228 0.551329
vt 0.318428 0.542395
vt 0.381080 0.543862
vt 0.318786 0.531494
vt 0.378619 0.534993
vt 0.319721 0.519927
vt 0.376753 0.526058
vt 0.321278 0.508906
vt 0.375672 0.517800
vt 0.323505 0.498427
vt 0.375247 0.510107
vt 0.326422 0.488499
vt 0.375374 0.502899
vt 0.330034 0.479136
vt 0.375969 0.496111
vt 0.334342 0.470361
vt 0.376967 0.489690
vt 0.339341 0.462206
vt 0.378321 0.483590
vt 0.345027 0.454718
vt 0.379991 0.477776
vt 0.351391 0.447962
vt 0.381949 0.472220
vt 0.358416 0.442033
vt 0.384167 0.466903
vt 0.366070 0.437063
vt 0.386618 0.461813
vt 0.374288 0.433225
vt 0.389266 0.456942
vt 0.382598 0.430897
vt 0.391928 0.456940
vt 0.390804 0.429930
vt 0.394607 0.457286
vt 0.398817 0.430176
vt 0.397254 0.457964
vt 0.406588 0.431529
vt 0.399846 0.458967
vt 0.414087 0.433936
vt 0.402382 0.460298
vt 0.421288 0.437391
vt 0.404863 0.461975
vt 0.428141 0.441937
vt 0.407282 0.464031
vt 0.434562 0.447648
vt 0.409612 0.466505
vt 0.440408 0.454621
vt 0.411798 0.469433
vt 0.445471 0.462958
vt 0.413746 0.472836
vt 0.449458 0.472749
vt 0.415308 0.476705
vt 0.451976 0.484063
vt 0.416215 0.480969
vt 0.441959 0.548701
vt 0.398266 0.540268
vt 0.443949 0.554013
vt 0.399222 0.548925
vt 0.445824 0.559537
vt 0.399893 0.557023
vt 0.447507 0.565186
vt 0.400445 0.564665
vt 0.448951 0.570905
vt 0.400980 0.571924
vt 0.450131 0.576668
vt 0.401560 0.578858
vt 0.451032 0.582471
vt 0.402225 0.585513
vt 0.451644 0.588330
vt 0.402993 0.591924
vt 0.451962 0.594266
vt 0.403871 0.598109
vt 0.451976 0.600296
vt 0.404842 0.604055
vt 0.451675 0.606431
vt 0.405869 0.609700
vt 0.451043 0.612661
vt 0.406863 0.614910
vt 0.450058 0.618965
vt 0.408051 0.619576
vt 0.448742 0.623515
vt 0.408502 0.622293
vt 0.447190 0.627872
vt 0.408869 0.624672
vt 0.445412 0.632034
vt 0.409161 0.626768
vt 0.443413 0.636000
vt 0.409390 0.628631
vt 0.441199 0.639768
vt 0.409566 0.630300
vt 0.438770 0.643332
vt 0.409697 0.631806
vt 0.436130 0.646685
vt 0.409791 0.633167
vt 0.433278 0.649816
vt 0.409851 0.634396
vt 0.430214 0.652714
vt 0.409884 0.635499
vt 0.426936 0.655363
vt 0.409892 0.636479
vt 0.423441 0.657745
vt 0.409883 0.637330
vt 0.419729 0.659838
vt 0.409860 0.638047
vt 0.407726 0.664338
vt 0.402090 0.641577
vt 0.907381 0.843992
vt 0.906473 0.840367
vt 0.864453 0.839556
vt 0.857249 0.839233
vt 0.905699 0.836763
vt 0.871126 0.838646
vt 0.905011 0.833142
vt 0.877219 0.836715
vt 0.904379 0.829477
vt 0.882705 0.833939
vt 0.903788 0.825750
vt 0.887565 0.830467
vt 0.903238 0.821946
vt 0.891784 0.826424
vt 0.902736 0.818054
vt 0.895343 0.821910
vt 0.902298 0.814065
vt 0.898218 0.817011
vt 0.901944 0.809970
vt 0.900377 0.811807
vt 0.901700 0.805771
vt 0.901775 0.806373
vt 0.901598 0.801474
vt 0.902360 0.800797
vt 0.901688 0.797083
vt 0.902062 0.795182
vt 0.901814 0.792853
vt 0.900889 0.789664
vt 0.901966 0.788745
vt 0.898899 0.784347
vt 0.902147 0.784722
vt 0.896141 0.779321
vt 0.902371 0.780750
vt 0.892654 0.774670
vt 0.902669 0.776801
vt 0.888466 0.770488
vt 0.903083 0.772858
vt 0.883596 0.766884
vt 0.903680 0.768917
vt 0.878061 0.763991
vt 0.904560 0.764994
vt 0.871879 0.761973
vt 0.905956 0.761183
vt 0.865078 0.761029
vt 0.907394 0.757249
vt 0.857701 0.761398
vt 0.908501 0.753263
vt 0.849822 0.763366
vt 0.908501 0.847694
vt 0.849585 0.837431
vt 0.592975 0.661232
vt 0.593015 0.656142
vt 0.647853 0.669921
vt 0.647218 0.671300
vt 0.593210 0.651275
vt 0.648449 0.668781
vt 0.593532 0.646606
vt 0.649012 0.667864
vt 0.593963 0.642105
vt 0.649549 0.667147
vt 0.594493 0.637741
vt 0.650072 0.666606
vt 0.595122 0.633476
vt 0.650596 0.666211
vt 0.595859 0.629272
vt 0.651140 0.665931
vt 0.596723 0.625086
vt 0.651727 0.665736
vt 0.597744 0.620877
vt 0.652384 0.665592
vt 0.598962 0.616602
vt 0.653144 0.665468
vt 0.600424 0.612223
vt 0.653962 0.664397
vt 0.604774 0.609925
vt 0.655353 0.662860
vt 0.608925 0.607969
vt 0.656422 0.661276
vt 0.612896 0.606315
vt 0.656798 0.659747
vt 0.616710 0.604918
vt 0.657183 0.658415
vt 0.620395 0.603738
vt 0.657584 0.657244
vt 0.623984 0.602739
vt 0.658010 0.656203
vt 0.627516 0.601885
vt 0.658476 0.655266
vt 0.631029 0.601150
vt 0.659001 0.654408
vt 0.634561 0.600512
vt 0.659604 0.653611
vt 0.638149 0.599959
vt 0.660301 0.652864
vt 0.641822 0.599485
vt 0.661130 0.652159
vt 0.645605 0.599093
vt 0.662101 0.651493
vt 0.650488 0.598515
vt 0.664132 0.651343
vt 0.655241 0.598155
vt 0.666262 0.651210
vt 0.659867 0.597995
vt 0.668435 0.651087
vt 0.664372 0.598021
vt 0.670620 0.650932
vt 0.668759 0.598220
vt 0.672773 0.650772
vt 0.673034 0.598581
vt 0.674879 0.650602
vt 0.677201 0.599096
vt 0.676930 0.650419
vt 0.681266 0.599758
vt 0.678927 0.650212
vt 0.685236 0.600562
vt 0.680858 0.649987
vt 0.689114 0.601505
vt 0.682722 0.649742
vt 0.692907 0.602585
vt 0.684520 0.649477
vt 0.696619 0.603802
vt 0.686250 0.649192
vt 0.701550 0.605497
vt 0.689091 0.648941
vt 0.706198 0.607364
vt 0.691749 0.648919
vt 0.710604 0.609401
vt 0.694245 0.649106
vt 0.714798 0.611612
vt 0.696595 0.649486
vt 0.718800 0.613997
vt 0.698812 0.650045
vt 0.722624 0.616561
vt 0.700905 0.650772
vt 0.726277 0.619306
vt 0.702878 0.651660
vt 0.729760 0.622232
vt 0.704735 0.652699
vt 0.733072 0.625341
vt 0.706474 0.653886
vt 0.736210 0.628634
vt 0.708093 0.655216
vt 0.739167 0.632111
vt 0.709588 0.656686
vt 0.741940 0.635774
vt 0.710953 0.658297
vt 0.745197 0.640657
vt 0.712748 0.661109
vt 0.747949 0.645429
vt 0.714091 0.663785
vt 0.750299 0.650164
vt 0.715057 0.666398
vt 0.752320 0.654941
vt 0.715707 0.669017
vt 0.754054 0.659826
vt 0.716087 0.671707
vt 0.755522 0.664864
vt 0.716228 0.674519
vt 0.756727 0.670072
vt 0.716149 0.677490
vt 0.757665 0.675446
vt 0.715869 0.680640
vt 0.758331 0.680961
vt 0.715405 0.683979
vt 0.758724 0.686575
vt 0.714780 0.687499
vt 0.758851 0.692236
vt 0.714025 0.691183
vt 0.758725 0.697884
vt 0.713178 0.695004
vt 0.757020 0.718242
vt 0.706455 0.713793
vt 0.756996 0.723711
vt 0.707799 0.721022
vt 0.757189 0.726620
vt 0.709880 0.725669
vt 0.757417 0.729272
vt 0.711825 0.729797
vt 0.757653 0.731706
vt 0.713657 0.733533
vt 0.757879 0.733968
vt 0.715441 0.736926
vt 0.758087 0.736113
vt 0.717204 0.740040
vt 0.758272 0.738199
vt 0.718981 0.742895
vt 0.758434 0.740284
vt 0.720762 0.745570
vt 0.758573 0.742418
vt 0.722553 0.748105
vt 0.758690 0.744639
vt 0.724339 0.750475
vt 0.758781 0.746970
vt 0.726097 0.752734
vt 0.758838 0.749424
vt 0.727795 0.754882
vt 0.758851 0.752001
vt 0.729386 0.756913
vt 0.758766 0.754437
vt 0.730762 0.758647
vt 0.758597 0.756837
vt 0.732009 0.760198
vt 0.758340 0.759204
vt 0.733137 0.761593
vt 0.757989 0.761538
vt 0.734167 0.762840
vt 0.757539 0.763840
vt 0.735097 0.763964
vt 0.756981 0.766110
vt 0.735937 0.764973
vt 0.756309 0.768347
vt 0.736689 0.765872
vt 0.755513 0.770547
vt 0.737367 0.766662
vt 0.754580 0.772708
vt 0.738264 0.767060
vt 0.753495 0.774825
vt 0.739089 0.767410
vt 0.752236 0.776893
vt 0.739837 0.767693
vt 0.750779 0.778901
vt 0.740489 0.767867
vt 0.744239 0.784694
vt 0.735456 0.771445
vt 0.742581 0.786430
vt 0.734895 0.771352
vt 0.740783 0.788062
vt 0.734292 0.771264
vt 0.738843 0.789589
vt 0.733651 0.771166
vt 0.736757 0.791010
vt 0.732963 0.771059
vt 0.734517 0.792320
vt 0.732222 0.770934
vt 0.732115 0.793511
vt 0.731426 0.770785
vt 0.729539 0.794574
vt 0.730560 0.770613
vt 0.726777 0.795495
vt 0.729612 0.770412
vt 0.723816 0.796255
vt 0.728584 0.770185
vt 0.720644 0.796833
vt 0.727449 0.769938
vt 0.717249 0.797203
vt 0.726192 0.769682
vt 0.713622 0.797333
vt 0.724798 0.769436
vt 0.708926 0.796821
vt 0.721397 0.767489
vt 0.704190 0.796030
vt 0.718204 0.765501
vt 0.699454 0.794975
vt 0.715193 0.763487
vt 0.694743 0.793666
vt 0.712342 0.761445
vt 0.690062 0.792109
vt 0.709710 0.759316
vt 0.685401 0.790298
vt 0.707188 0.757105
vt 0.680734 0.788213
vt 0.704744 0.754762
vt 0.676016 0.785815
vt 0.702334 0.752222
vt 0.671194 0.783043
vt 0.699992 0.749367
vt 0.666203 0.779819
vt 0.697566 0.746137
vt 0.660980 0.776044
vt 0.694986 0.742423
vt 0.655460 0.771605
vt 0.692051 0.738137
vt 0.615558 0.727550
vt 0.653770 0.694551
vt 0.614106 0.725913
vt 0.653052 0.694209
vt 0.612753 0.724329
vt 0.652389 0.693973
vt 0.611489 0.722793
vt 0.651776 0.693837
vt 0.610301 0.721301
vt 0.651173 0.693777
vt 0.609177 0.719846
vt 0.650434 0.693671
vt 0.608103 0.718414
vt 0.649981 0.693682
vt 0.607068 0.716993
vt 0.649589 0.693683
vt 0.606061 0.715566
vt 0.649246 0.693665
vt 0.605072 0.714118
vt 0.648947 0.693618
vt 0.604095 0.712632
vt 0.648684 0.693535
vt 0.603128 0.711095
vt 0.648452 0.693409
vt 0.602170 0.709499
vt 0.648248 0.693234
vt 0.601255 0.707931
vt 0.648092 0.693109
vt 0.600336 0.706252
vt 0.647969 0.692890
vt 0.599421 0.704455
vt 0.647879 0.692578
vt 0.598518 0.702539
vt 0.647823 0.692172
vt 0.597635 0.700502
vt 0.647801 0.691676
vt 0.596780 0.698344
vt 0.647816 0.691090
vt 0.595960 0.696068
vt 0.647867 0.690417
vt 0.595183 0.693675
vt 0.647958 0.689661
vt 0.594456 0.691168
vt 0.648089 0.688823
vt 0.593785 0.688550
vt 0.648263 0.687908
vt 0.593177 0.685825
vt 0.648480 0.686921
vt 0.592637 0.682998
vt 0.648743 0.685865
vt 0.593121 0.666565
vt 0.646545 0.672926
vt 0.234479 0.532707
vt 0.232263 0.538491
vt 0.273998 0.455074
vt 0.274937 0.468212
vt 0.229651 0.545040
vt 0.271505 0.440907
vt 0.230457 0.542636
vt 0.261396 0.445860
vt 0.230781 0.540795
vt 0.253086 0.451095
vt 0.230874 0.539395
vt 0.246394 0.456464
vt 0.230912 0.538346
vt 0.241141 0.461850
vt 0.231002 0.537582
vt 0.237141 0.467162
vt 0.231190 0.537064
vt 0.234199 0.472330
vt 0.231471 0.536774
vt 0.232109 0.477303
vt 0.231799 0.536722
vt 0.230660 0.482040
vt 0.232113 0.536924
vt 0.229651 0.486504
vt 0.232972 0.536912
vt 0.230038 0.490653
vt 0.233890 0.536938
vt 0.230857 0.494561
vt 0.234858 0.536998
vt 0.232048 0.498226
vt 0.235870 0.537089
vt 0.233563 0.501644
vt 0.236919 0.537208
vt 0.235361 0.504811
vt 0.238000 0.537356
vt 0.237406 0.507720
vt 0.239106 0.537534
vt 0.239668 0.510364
vt 0.240233 0.537742
vt 0.242122 0.512732
vt 0.241376 0.537983
vt 0.244744 0.514810
vt 0.242531 0.538260
vt 0.247513 0.516580
vt 0.243692 0.538576
vt 0.250407 0.518022
vt 0.244854 0.538934
vt 0.253404 0.519111
vt 0.246016 0.539250
vt 0.256711 0.519971
vt 0.247171 0.539586
vt 0.260097 0.520555
vt 0.248315 0.539945
vt 0.263545 0.520856
vt 0.249445 0.540330
vt 0.267036 0.520865
vt 0.250557 0.540743
vt 0.270552 0.520573
vt 0.251644 0.541189
vt 0.274076 0.519969
vt 0.252699 0.541671
vt 0.277589 0.519039
vt 0.253714 0.542194
vt 0.281071 0.517769
vt 0.254678 0.542764
vt 0.284501 0.516145
vt 0.255580 0.543387
vt 0.287856 0.514152
vt 0.256402 0.544074
vt 0.291112 0.511775
vt 0.257104 0.544846
vt 0.294241 0.508998
vt 0.236149 0.527468
vt 0.274359 0.480260
vt 0.707623 0.141284
vt 0.708937 0.134075
vt 0.724805 0.175079
vt 0.722337 0.175449
vt 0.715169 0.125404
vt 0.730468 0.172708
vt 0.722448 0.117238
vt 0.735805 0.170562
vt 0.730594 0.109670
vt 0.740802 0.168671
vt 0.739447 0.102755
vt 0.745443 0.167047
vt 0.748872 0.096514
vt 0.749720 0.165690
vt 0.758761 0.090950
vt 0.753627 0.164591
vt 0.769032 0.086049
vt 0.757172 0.163735
vt 0.779631 0.081793
vt 0.760367 0.163110
vt 0.790529 0.078168
vt 0.763235 0.162704
vt 0.801728 0.075171
vt 0.765806 0.162511
vt 0.813250 0.072819
vt 0.768114 0.162536
vt 0.825139 0.071153
vt 0.770195 0.162794
vt 0.828609 0.079198
vt 0.771633 0.162991
vt 0.831584 0.087193
vt 0.772943 0.163350
vt 0.834105 0.095146
vt 0.774142 0.163871
vt 0.836199 0.103066
vt 0.775245 0.164558
vt 0.837887 0.110962
vt 0.776261 0.165417
vt 0.839179 0.118839
vt 0.777199 0.166453
vt 0.840078 0.126699
vt 0.778061 0.167668
vt 0.840579 0.134541
vt 0.778848 0.169068
vt 0.840674 0.142360
vt 0.779558 0.170652
vt 0.840350 0.150143
vt 0.780188 0.172419
vt 0.839590 0.157876
vt 0.780733 0.174365
vt 0.838376 0.165536
vt 0.781188 0.176483
vt 0.839381 0.194337
vt 0.782552 0.197442
vt 0.837893 0.199411
vt 0.782461 0.199084
vt 0.836181 0.204324
vt 0.782306 0.200712
vt 0.834256 0.209054
vt 0.782092 0.202308
vt 0.832131 0.213583
vt 0.781874 0.203875
vt 0.829823 0.217894
vt 0.781600 0.205375
vt 0.827352 0.221972
vt 0.781280 0.206793
vt 0.824739 0.225808
vt 0.780926 0.208117
vt 0.822007 0.229394
vt 0.780550 0.209335
vt 0.819180 0.232729
vt 0.780162 0.210439
vt 0.816284 0.235815
vt 0.779774 0.211421
vt 0.813342 0.238659
vt 0.779395 0.212276
vt 0.810377 0.241276
vt 0.779031 0.213004
vt 0.805900 0.245148
vt 0.777381 0.214996
vt 0.801232 0.248635
vt 0.775600 0.216778
vt 0.796357 0.251763
vt 0.773678 0.218377
vt 0.791266 0.254537
vt 0.771601 0.219810
vt 0.785954 0.256952
vt 0.769363 0.221083
vt 0.780423 0.258992
vt 0.766960 0.222199
vt 0.774681 0.260632
vt 0.764392 0.223154
vt 0.768748 0.261845
vt 0.761658 0.223929
vt 0.762645 0.262602
vt 0.758765 0.224515
vt 0.756403 0.262872
vt 0.755720 0.224900
vt 0.750056 0.262627
vt 0.752567 0.225496
vt 0.743647 0.261829
vt 0.749338 0.225906
vt 0.699110 0.251124
vt 0.709132 0.226104
vt 0.684213 0.236578
vt 0.700986 0.229499
vt 0.684213 0.172541
vt 0.706876 0.178600
vt 0.692767 0.156397
vt 0.714647 0.174838
s 0
usemtl マテリアル
f 13/1/1 15/2/1 14/3/1
f 13/1/1 16/4/1 15/2/1
f 12/5/1 16/4/1 13/1/1
f 12/5/1 17/6/1 16/4/1
f 11/7/1 17/6/1 12/5/1
f 11/7/1 18/8/1 17/6/1
f 11/7/1 19/9/1 18/8/1
f 10/10/1 19/9/1 11/7/1
f 10/10/1 20/11/1 19/9/1
f 53/12/1 55/13/1 54/14/1
f 53/12/1 1/15/1 55/13/1
f 9/16/1 20/11/1 10/10/1
f 9/16/1 21/17/1 20/11/1
f 9/16/1 22/18/1 21/17/1
f 8/19/1 22/18/1 9/16/1
f 8/19/1 23/20/1 22/18/1
f 7/21/1 23/20/1 8/19/1
f 7/21/1 24/22/1 23/20/1
f 7/21/1 25/23/1 24/22/1
f 6/24/1 25/23/1 7/21/1
f 6/24/1 26/25/1 25/23/1
f 5/26/1 26/25/1 6/24/1
f 5/26/1 36/27/1 26/25/1
f 36/27/1 35/28/1 26/25/1
f 35/28/1 34/29/1 26/25/1
f 34/29/1 33/30/1 26/25/1
f 33/30/1 32/31/1 26/25/1
f 32/31/1 31/32/1 26/25/1
f 31/32/1 30/33/1 26/25/1
f 30/33/1 29/34/1 26/25/1
f 29/34/1 28/35/1 26/25/1
f 28/35/1 27/36/1 26/25/1
f 4/37/1 38/38/1 5/26/1
f 38/38/1 37/39/1 5/26/1
f 37/39/1 36/27/1 5/26/1
f 3/40/1 40/41/1 4/37/1
f 40/41/1 39/42/1 4/37/1
f 39/42/1 38/38/1 4/37/1
f 3/40/1 41/43/1 40/41/1
f 3/40/1 42/44/1 41/43/1
f 2/45/1 42/44/1 3/40/1
f 2/45/1 43/46/1 42/44/1
f 2/45/1 44/47/1 43/46/1
f 53/12/1 2/45/1 1/15/1
f 53/12/1 48/48/1 2/45/1
f 48/48/1 47/49/1 2/45/1
f 47/49/1 46/50/1 2/45/1
f 46/50/1 45/51/1 2/45/1
f 45/51/1 44/47/1 2/45/1
f 53/12/1 49/52/1 48/48/1
f 53/12/1 50/53/1 49/52/1
f 53/12/1 51/54/1 50/53/1
f 53/12/1 52/55/1 51/54/1
f 153/56/1 155/57/1 154/58/1
f 152/59/1 155/57/1 153/56/1
f 152/59/1 156/60/1 155/57/1
f 151/61/1 156/60/1 152/59/1
f 150/62/1 156/60/1 151/61/1
f 150/62/1 157/63/1 156/60/1
f 149/64/1 157/63/1 150/62/1
f 149/64/1 158/65/1 157/63/1
f 148/66/1 158/65/1 149/64/1
f 147/67/1 158/65/1 148/66/1
f 147/67/1 159/68/1 158/65/1
f 146/69/1 159/68/1 147/67/1
f 146/69/1 160/70/1 159/68/1
f 145/71/1 160/70/1 146/69/1
f 144/72/1 160/70/1 145/71/1
f 144/72/1 161/73/1 160/70/1
f 143/74/1 161/73/1 144/72/1
f 143/74/1 162/75/1 161/73/1
f 142/76/1 162/75/1 143/74/1
f 141/77/1 140/78/1 142/76/1
f 140/78/1 139/79/1 142/76/1
f 139/79/1 138/80/1 142/76/1
f 138/80/1 137/81/1 142/76/1
f 137/81/1 136/82/1 142/76/1
f 136/82/1 135/83/1 142/76/1
f 135/83/1 134/84/1 142/76/1
f 134/84/1 133/85/1 142/76/1
f 133/85/1 132/86/1 142/76/1
f 132/86/1 131/87/1 142/76/1
f 131/87/1 162/75/1 142/76/1
f 131/87/1 130/88/1 162/75/1
f 130/88/1 129/89/1 162/75/1
f 129/89/1 163/90/1 162/75/1
f 129/89/1 128/91/1 163/90/1
f 128/91/1 164/92/1 163/90/1
f 127/93/1 164/92/1 128/91/1
f 126/94/1 164/92/1 127/93/1
f 125/95/1 164/92/1 126/94/1
f 124/96/1 164/92/1 125/95/1
f 123/97/1 164/92/1 124/96/1
f 123/97/1 165/98/1 164/92/1
f 122/99/1 165/98/1 123/97/1
f 121/100/1 165/98/1 122/99/1
f 120/101/1 165/98/1 121/100/1
f 120/101/1 166/102/1 165/98/1
f 119/103/1 166/102/1 120/101/1
f 118/104/1 166/102/1 119/103/1
f 118/104/1 167/105/1 166/102/1
f 117/106/1 167/105/1 118/104/1
f 116/107/1 167/105/1 117/106/1
f 115/108/1 229/109/1 116/107/1
f 229/109/1 167/105/1 116/107/1
f 114/110/1 229/109/1 115/108/1
f 113/111/1 229/109/1 114/110/1
f 112/112/1 229/109/1 113/111/1
f 111/113/1 229/109/1 112/112/1
f 111/113/1 193/114/1 229/109/1
f 228/115/1 167/105/1 229/109/1
f 111/113/1 194/116/1 193/114/1
f 110/117/1 194/116/1 111/113/1
f 110/117/1 195/118/1 194/116/1
f 109/119/1 195/118/1 110/117/1
f 109/119/1 196/120/1 195/118/1
f 108/121/1 196/120/1 109/119/1
f 108/121/1 197/122/1 196/120/1
f 108/121/1 198/123/1 197/122/1
f 107/124/1 198/123/1 108/121/1
f 107/124/1 199/125/1 198/123/1
f 106/126/1 199/125/1 107/124/1
f 106/126/1 200/127/1 199/125/1
f 106/126/1 201/128/1 200/127/1
f 105/129/1 201/128/1 106/126/1
f 105/129/1 202/130/1 201/128/1
f 105/129/1 203/131/1 202/130/1
f 104/132/1 203/131/1 105/129/1
f 104/132/1 204/133/1 203/131/1
f 103/134/1 204/133/1 104/132/1
f 103/134/1 205/135/1 204/133/1
f 103/134/1 206/136/1 205/135/1
f 102/137/1 206/136/1 103/134/1
f 102/137/1 207/138/1 206/136/1
f 102/137/1 208/139/1 207/138/1
f 227/140/1 167/105/1 228/115/1
f 101/141/1 208/139/1 102/137/1
f 226/142/1 167/105/1 227/140/1
f 101/141/1 209/143/1 208/139/1
f 225/144/1 167/105/1 226/142/1
f 190/145/1 192/146/1 191/147/1
f 225/144/1 168/148/1 167/105/1
f 101/141/1 210/149/1 209/143/1
f 189/150/1 192/146/1 190/145/1
f 224/151/1 168/148/1 225/144/1
f 224/151/1 169/152/1 168/148/1
f 188/153/1 192/146/1 189/150/1
f 100/154/1 210/149/1 101/141/1
f 100/154/1 211/155/1 210/149/1
f 224/151/1 170/156/1 169/152/1
f 223/157/1 170/156/1 224/151/1
f 187/158/1 192/146/1 188/153/1
f 223/157/1 171/159/1 170/156/1
f 222/160/1 171/159/1 223/157/1
f 186/161/1 192/146/1 187/158/1
f 100/154/1 212/162/1 211/155/1
f 222/160/1 172/163/1 171/159/1
f 185/164/1 192/146/1 186/161/1
f 221/165/1 172/163/1 222/160/1
f 221/165/1 173/166/1 172/163/1
f 184/167/1 192/146/1 185/164/1
f 100/154/1 213/168/1 212/162/1
f 221/165/1 174/169/1 173/166/1
f 220/170/1 174/169/1 221/165/1
f 183/171/1 192/146/1 184/167/1
f 220/170/1 175/172/1 174/169/1
f 99/173/1 213/168/1 100/154/1
f 182/174/1 192/146/1 183/171/1
f 99/173/1 214/175/1 213/168/1
f 219/176/1 175/172/1 220/170/1
f 219/176/1 176/177/1 175/172/1
f 181/178/1 192/146/1 182/174/1
f 219/176/1 177/179/1 176/177/1
f 180/180/1 192/146/1 181/178/1
f 218/181/1 177/179/1 219/176/1
f 218/181/1 178/182/1 177/179/1
f 179/183/1 192/146/1 180/180/1
f 218/181/1 179/183/1 178/182/1
f 99/173/1 215/184/1 214/175/1
f 218/181/1 192/146/1 179/183/1
f 217/185/1 192/146/1 218/181/1
f 99/173/1 216/186/1 215/184/1
f 216/186/1 192/146/1 217/185/1
f 99/173/1 79/187/1 216/186/1
f 79/187/1 192/146/1 216/186/1
f 98/188/1 79/187/1 99/173/1
f 98/188/1 80/189/1 79/187/1
f 78/190/1 192/146/1 79/187/1
f 97/191/1 80/189/1 98/188/1
f 97/191/1 81/192/1 80/189/1
f 77/193/1 192/146/1 78/190/1
f 77/193/1 56/194/1 192/146/1
f 96/195/1 81/192/1 97/191/1
f 96/195/1 82/196/1 81/192/1
f 76/197/1 56/194/1 77/193/1
f 76/197/1 57/198/1 56/194/1
f 96/195/1 83/199/1 82/196/1
f 75/200/1 57/198/1 76/197/1
f 95/201/1 83/199/1 96/195/1
f 75/200/1 58/202/1 57/198/1
f 95/201/1 84/203/1 83/199/1
f 74/204/1 58/202/1 75/200/1
f 74/204/1 59/205/1 58/202/1
f 94/206/1 84/203/1 95/201/1
f 94/206/1 85/207/1 84/203/1
f 73/208/1 59/205/1 74/204/1
f 73/208/1 60/209/1 59/205/1
f 94/206/1 86/210/1 85/207/1
f 72/211/1 60/209/1 73/208/1
f 72/211/1 61/212/1 60/209/1
f 93/213/1 86/210/1 94/206/1
f 93/213/1 87/214/1 86/210/1
f 71/215/1 61/212/1 72/211/1
f 71/215/1 62/216/1 61/212/1
f 93/213/1 88/217/1 87/214/1
f 71/215/1 63/218/1 62/216/1
f 70/219/1 63/218/1 71/215/1
f 92/220/1 88/217/1 93/213/1
f 70/219/1 64/221/1 63/218/1
f 92/220/1 89/222/1 88/217/1
f 69/223/1 64/221/1 70/219/1
f 69/223/1 65/224/1 64/221/1
f 92/220/1 90/225/1 89/222/1
f 68/226/1 65/224/1 69/223/1
f 91/227/1 90/225/1 92/220/1
f 68/226/1 66/228/1 65/224/1
f 67/229/1 66/228/1 68/226/1
f 264/230/1 266/231/1 265/232/1
f 264/230/1 267/233/1 266/231/1
f 263/234/1 267/233/1 264/230/1
f 263/234/1 268/235/1 267/233/1
f 262/236/1 268/235/1 263/234/1
f 262/236/1 269/237/1 268/235/1
f 261/238/1 269/237/1 262/236/1
f 261/238/1 270/239/1 269/237/1
f 260/240/1 270/239/1 261/238/1
f 260/240/1 271/241/1 270/239/1
f 259/242/1 271/241/1 260/240/1
f 259/242/1 272/243/1 271/241/1
f 258/244/1 315/245/1 259/242/1
f 315/245/1 272/243/1 259/242/1
f 258/244/1 316/246/1 315/245/1
f 314/247/1 272/243/1 315/245/1
f 258/244/1 317/248/1 316/246/1
f 313/249/1 272/243/1 314/247/1
f 258/244/1 318/250/1 317/248/1
f 312/251/1 272/243/1 313/249/1
f 312/251/1 273/252/1 272/243/1
f 258/244/1 319/253/1 318/250/1
f 257/254/1 319/253/1 258/244/1
f 311/255/1 273/252/1 312/251/1
f 257/254/1 320/256/1 319/253/1
f 310/257/1 273/252/1 311/255/1
f 257/254/1 321/258/1 320/256/1
f 309/259/1 273/252/1 310/257/1
f 257/254/1 322/260/1 321/258/1
f 308/261/1 273/252/1 309/259/1
f 256/262/1 322/260/1 257/254/1
f 308/261/1 274/263/1 273/252/1
f 256/262/1 323/264/1 322/260/1
f 307/265/1 274/263/1 308/261/1
f 256/262/1 324/266/1 323/264/1
f 306/267/1 274/263/1 307/265/1
f 255/268/1 324/266/1 256/262/1
f 306/267/1 275/269/1 274/263/1
f 255/268/1 325/270/1 324/266/1
f 305/271/1 275/269/1 306/267/1
f 255/268/1 326/272/1 325/270/1
f 304/273/1 275/269/1 305/271/1
f 254/274/1 326/272/1 255/268/1
f 254/274/1 327/275/1 326/272/1
f 304/273/1 276/276/1 275/269/1
f 328/277/1 276/276/1 304/273/1
f 254/274/1 328/277/1 327/275/1
f 254/274/1 276/276/1 328/277/1
f 253/278/1 276/276/1 254/274/1
f 253/278/1 277/279/1 276/276/1
f 252/280/1 278/281/1 253/278/1
f 278/281/1 277/279/1 253/278/1
f 252/280/1 279/282/1 278/281/1
f 251/283/1 279/282/1 252/280/1
f 251/283/1 280/284/1 279/282/1
f 251/283/1 281/285/1 280/284/1
f 250/286/1 281/285/1 251/283/1
f 250/286/1 282/287/1 281/285/1
f 249/288/1 282/287/1 250/286/1
f 249/288/1 283/289/1 282/287/1
f 301/290/1 303/291/1 302/292/1
f 249/288/1 284/293/1 283/289/1
f 300/294/1 303/291/1 301/290/1
f 299/295/1 303/291/1 300/294/1
f 248/296/1 284/293/1 249/288/1
f 248/296/1 285/297/1 284/293/1
f 298/298/1 303/291/1 299/295/1
f 297/299/1 303/291/1 298/298/1
f 248/296/1 286/300/1 285/297/1
f 296/301/1 303/291/1 297/299/1
f 248/296/1 287/302/1 286/300/1
f 295/303/1 303/291/1 296/301/1
f 247/304/1 287/302/1 248/296/1
f 294/305/1 303/291/1 295/303/1
f 247/304/1 288/306/1 287/302/1
f 293/307/1 303/291/1 294/305/1
f 247/304/1 289/308/1 288/306/1
f 292/309/1 303/291/1 293/307/1
f 291/310/1 303/291/1 292/309/1
f 247/304/1 290/311/1 289/308/1
f 290/311/1 303/291/1 291/310/1
f 247/304/1 303/291/1 290/311/1
f 246/312/1 303/291/1 247/304/1
f 246/312/1 230/313/1 303/291/1
f 245/314/1 230/313/1 246/312/1
f 245/314/1 231/315/1 230/313/1
f 245/314/1 232/316/1 231/315/1
f 244/317/1 232/316/1 245/314/1
f 244/317/1 233/318/1 232/316/1
f 244/317/1 234/319/1 233/318/1
f 243/320/1 234/319/1 244/317/1
f 243/320/1 235/321/1 234/319/1
f 243/320/1 236/322/1 235/321/1
f 242/323/1 236/322/1 243/320/1
f 242/323/1 237/324/1 236/322/1
f 242/323/1 238/325/1 237/324/1
f 242/323/1 239/326/1 238/325/1
f 241/327/1 239/326/1 242/323/1
f 241/327/1 240/328/1 239/326/1
f 329/329/1 331/330/1 330/331/1
f 329/329/1 332/332/1 331/330/1
f 416/333/1 418/334/1 417/335/1
f 416/333/1 419/336/1 418/334/1
f 416/333/1 420/337/1 419/336/1
f 415/338/1 420/337/1 416/333/1
f 415/338/1 421/339/1 420/337/1
f 415/338/1 422/340/1 421/339/1
f 415/338/1 423/341/1 422/340/1
f 414/342/1 423/341/1 415/338/1
f 414/342/1 424/343/1 423/341/1
f 414/342/1 425/344/1 424/343/1
f 414/342/1 426/345/1 425/344/1
f 413/346/1 426/345/1 414/342/1
f 413/346/1 427/347/1 426/345/1
f 413/346/1 428/348/1 427/347/1
f 413/346/1 429/349/1 428/348/1
f 412/350/1 429/349/1 413/346/1
f 412/350/1 342/351/1 429/349/1
f 342/351/1 341/352/1 429/349/1
f 341/352/1 340/353/1 429/349/1
f 340/353/1 339/354/1 429/349/1
f 339/354/1 338/355/1 429/349/1
f 338/355/1 337/356/1 429/349/1
f 337/356/1 336/357/1 429/349/1
f 336/357/1 335/358/1 429/349/1
f 335/358/1 334/359/1 429/349/1
f 334/359/1 333/360/1 429/349/1
f 333/360/1 430/361/1 429/349/1
f 411/362/1 344/363/1 412/350/1
f 344/363/1 343/364/1 412/350/1
f 343/364/1 342/351/1 412/350/1
f 411/362/1 345/365/1 344/363/1
f 411/362/1 346/366/1 345/365/1
f 411/362/1 347/367/1 346/366/1
f 410/368/1 347/367/1 411/362/1
f 410/368/1 348/369/1 347/367/1
f 410/368/1 349/370/1 348/369/1
f 409/371/1 349/370/1 410/368/1
f 409/371/1 350/372/1 349/370/1
f 409/371/1 351/373/1 350/372/1
f 408/374/1 351/373/1 409/371/1
f 408/374/1 352/375/1 351/373/1
f 407/376/1 352/375/1 408/374/1
f 407/376/1 353/377/1 352/375/1
f 407/376/1 354/378/1 353/377/1
f 406/379/1 354/378/1 407/376/1
f 406/379/1 355/380/1 354/378/1
f 405/381/1 355/380/1 406/379/1
f 405/381/1 356/382/1 355/380/1
f 405/381/1 357/383/1 356/382/1
f 404/384/1 357/383/1 405/381/1
f 404/384/1 358/385/1 357/383/1
f 403/386/1 358/385/1 404/384/1
f 403/386/1 359/387/1 358/385/1
f 402/388/1 359/387/1 403/386/1
f 402/388/1 360/389/1 359/387/1
f 401/390/1 360/389/1 402/388/1
f 401/390/1 361/391/1 360/389/1
f 400/392/1 361/391/1 401/390/1
f 400/392/1 362/393/1 361/391/1
f 379/394/1 381/395/1 380/396/1
f 400/392/1 363/397/1 362/393/1
f 378/398/1 381/395/1 379/394/1
f 399/399/1 363/397/1 400/392/1
f 377/400/1 381/395/1 378/398/1
f 399/399/1 364/401/1 363/397/1
f 376/402/1 381/395/1 377/400/1
f 375/403/1 381/395/1 376/402/1
f 399/399/1 365/404/1 364/401/1
f 374/405/1 381/395/1 375/403/1
f 398/406/1 365/404/1 399/399/1
f 373/407/1 381/395/1 374/405/1
f 398/406/1 366/408/1 365/404/1
f 372/409/1 381/395/1 373/407/1
f 371/410/1 381/395/1 372/409/1
f 398/406/1 367/411/1 366/408/1
f 370/412/1 381/395/1 371/410/1
f 369/413/1 381/395/1 370/412/1
f 398/406/1 368/414/1 367/411/1
f 368/414/1 381/395/1 369/413/1
f 398/406/1 381/395/1 368/414/1
f 397/415/1 381/395/1 398/406/1
f 397/415/1 382/416/1 381/395/1
f 396/417/1 382/416/1 397/415/1
f 396/417/1 383/418/1 382/416/1
f 396/417/1 384/419/1 383/418/1
f 396/417/1 385/420/1 384/419/1
f 395/421/1 385/420/1 396/417/1
f 395/421/1 386/422/1 385/420/1
f 395/421/1 387/423/1 386/422/1
f 395/421/1 388/424/1 387/423/1
f 394/425/1 388/424/1 395/421/1
f 394/425/1 389/426/1 388/424/1
f 394/425/1 390/427/1 389/426/1
f 394/425/1 391/428/1 390/427/1
f 393/429/1 391/428/1 394/425/1
f 393/429/1 392/430/1 391/428/1
f 465/431/1 467/432/1 466/433/1
f 465/431/1 468/434/1 467/432/1
f 464/435/1 468/434/1 465/431/1
f 464/435/1 469/436/1 468/434/1
f 463/437/1 469/436/1 464/435/1
f 463/437/1 470/438/1 469/436/1
f 462/439/1 470/438/1 463/437/1
f 462/439/1 471/440/1 470/438/1
f 461/441/1 471/440/1 462/439/1
f 461/441/1 472/442/1 471/440/1
f 460/443/1 472/442/1 461/441/1
f 460/443/1 473/444/1 472/442/1
f 459/445/1 516/446/1 460/443/1
f 516/446/1 473/444/1 460/443/1
f 459/445/1 517/447/1 516/446/1
f 515/448/1 473/444/1 516/446/1
f 459/445/1 518/449/1 517/447/1
f 514/450/1 473/444/1 515/448/1
f 459/445/1 519/451/1 518/449/1
f 513/452/1 473/444/1 514/450/1
f 513/452/1 474/453/1 473/444/1
f 459/445/1 520/454/1 519/451/1
f 458/455/1 520/454/1 459/445/1
f 512/456/1 474/453/1 513/452/1
f 458/455/1 521/457/1 520/454/1
f 511/458/1 474/453/1 512/456/1
f 458/455/1 522/459/1 521/457/1
f 510/460/1 474/453/1 511/458/1
f 458/455/1 523/461/1 522/459/1
f 509/462/1 474/453/1 510/460/1
f 457/463/1 523/461/1 458/455/1
f 509/462/1 475/464/1 474/453/1
f 457/463/1 524/465/1 523/461/1
f 508/466/1 475/464/1 509/462/1
f 457/463/1 525/467/1 524/465/1
f 507/468/1 475/464/1 508/466/1
f 456/469/1 525/467/1 457/463/1
f 507/468/1 476/470/1 475/464/1
f 456/469/1 526/471/1 525/467/1
f 506/472/1 476/470/1 507/468/1
f 456/469/1 527/473/1 526/471/1
f 505/474/1 476/470/1 506/472/1
f 455/475/1 527/473/1 456/469/1
f 455/475/1 528/476/1 527/473/1
f 505/474/1 477/477/1 476/470/1
f 529/478/1 477/477/1 505/474/1
f 455/475/1 529/478/1 528/476/1
f 455/475/1 477/477/1 529/478/1
f 454/479/1 477/477/1 455/475/1
f 454/479/1 478/480/1 477/477/1
f 453/481/1 479/482/1 454/479/1
f 479/482/1 478/480/1 454/479/1
f 453/481/1 480/483/1 479/482/1
f 452/484/1 480/483/1 453/481/1
f 452/484/1 481/485/1 480/483/1
f 452/484/1 482/486/1 481/485/1
f 451/487/1 482/486/1 452/484/1
f 451/487/1 483/488/1 482/486/1
f 450/489/1 483/488/1 451/487/1
f 450/489/1 484/490/1 483/488/1
f 502/491/1 504/492/1 503/493/1
f 450/489/1 485/494/1 484/490/1
f 501/495/1 504/492/1 502/491/1
f 500/496/1 504/492/1 501/495/1
f 449/497/1 485/494/1 450/489/1
f 449/497/1 486/498/1 485/494/1
f 499/499/1 504/492/1 500/496/1
f 498/500/1 504/492/1 499/499/1
f 449/497/1 487/501/1 486/498/1
f 497/502/1 504/492/1 498/500/1
f 449/497/1 488/503/1 487/501/1
f 496/504/1 504/492/1 497/502/1
f 448/505/1 488/503/1 449/497/1
f 495/506/1 504/492/1 496/504/1
f 448/505/1 489/507/1 488/503/1
f 494/508/1 504/492/1 495/506/1
f 448/505/1 490/509/1 489/507/1
f 493/510/1 504/492/1 494/508/1
f 492/511/1 504/492/1 493/510/1
f 448/505/1 491/512/1 490/509/1
f 491/512/1 504/492/1 492/511/1
f 448/505/1 504/492/1 491/512/1
f 447/513/1 504/492/1 448/505/1
f 447/513/1 431/514/1 504/492/1
f 446/515/1 431/514/1 447/513/1
f 446/515/1 432/516/1 431/514/1
f 446/515/1 433/517/1 432/516/1
f 445/518/1 433/517/1 446/515/1
f 445/518/1 434/519/1 433/517/1
f 445/518/1 435/520/1 434/519/1
f 444/521/1 435/520/1 445/518/1
f 444/521/1 436/522/1 435/520/1
f 444/521/1 437/523/1 436/522/1
f 443/524/1 437/523/1 444/521/1
f 443/524/1 438/525/1 437/523/1
f 443/524/1 439/526/1 438/525/1
f 443/524/1 440/527/1 439/526/1
f 442/528/1 440/527/1 443/524/1
f 442/528/1 441/529/1 440/527/1
f 541/530/1 543/531/1 542/532/1
f 565/533/1 567/534/1 566/535/1
f 540/536/1 543/531/1 541/530/1
f 540/536/1 544/537/1 543/531/1
f 564/538/1 567/534/1 565/533/1
f 564/538/1 568/539/1 567/534/1
f 539/540/1 544/537/1 540/536/1
f 539/540/1 545/541/1 544/537/1
f 563/542/1 568/539/1 564/538/1
f 538/543/1 545/541/1 539/540/1
f 538/543/1 546/544/1 545/541/1
f 563/542/1 569/545/1 568/539/1
f 562/546/1 569/545/1 563/542/1
f 537/547/1 546/544/1 538/543/1
f 634/548/1 636/549/1 635/550/1
f 634/548/1 530/551/1 636/549/1
f 537/547/1 547/552/1 546/544/1
f 561/553/1 569/545/1 562/546/1
f 536/554/1 547/552/1 537/547/1
f 561/553/1 570/555/1 569/545/1
f 536/554/1 548/556/1 547/552/1
f 535/557/1 548/556/1 536/554/1
f 560/558/1 570/555/1 561/553/1
f 535/557/1 549/559/1 548/556/1
f 560/558/1 571/560/1 570/555/1
f 534/561/1 549/559/1 535/557/1
f 559/562/1 571/560/1 560/558/1
f 534/561/1 550/563/1 549/559/1
f 533/564/1 550/563/1 534/561/1
f 558/565/1 571/560/1 559/562/1
f 558/565/1 572/566/1 571/560/1
f 533/564/1 551/567/1 550/563/1
f 532/568/1 551/567/1 533/564/1
f 557/569/1 572/566/1 558/565/1
f 532/568/1 552/570/1 551/567/1
f 531/571/1 552/570/1 532/568/1
f 557/569/1 573/572/1 572/566/1
f 556/573/1 573/572/1 557/569/1
f 531/571/1 553/574/1 552/570/1
f 530/551/1 553/574/1 531/571/1
f 555/575/1 573/572/1 556/573/1
f 555/575/1 593/576/1 573/572/1
f 593/576/1 574/577/1 573/572/1
f 634/548/1 632/578/1 530/551/1
f 632/578/1 631/579/1 530/551/1
f 631/579/1 630/580/1 530/551/1
f 630/580/1 629/581/1 530/551/1
f 629/581/1 628/582/1 530/551/1
f 628/582/1 627/583/1 530/551/1
f 627/583/1 626/584/1 530/551/1
f 626/584/1 625/585/1 530/551/1
f 625/585/1 624/586/1 530/551/1
f 624/586/1 623/587/1 530/551/1
f 623/587/1 622/588/1 530/551/1
f 622/588/1 621/589/1 530/551/1
f 621/589/1 553/574/1 530/551/1
f 621/589/1 620/590/1 553/574/1
f 620/590/1 554/591/1 553/574/1
f 554/591/1 594/592/1 555/575/1
f 594/592/1 593/576/1 555/575/1
f 619/593/1 554/591/1 620/590/1
f 592/594/1 574/577/1 593/576/1
f 554/591/1 595/595/1 594/592/1
f 618/596/1 554/591/1 619/593/1
f 591/597/1 574/577/1 592/594/1
f 554/591/1 596/598/1 595/595/1
f 617/599/1 554/591/1 618/596/1
f 590/600/1 574/577/1 591/597/1
f 554/591/1 597/601/1 596/598/1
f 616/602/1 554/591/1 617/599/1
f 616/602/1 597/601/1 554/591/1
f 589/603/1 574/577/1 590/600/1
f 616/602/1 598/604/1 597/601/1
f 589/603/1 575/605/1 574/577/1
f 615/606/1 598/604/1 616/602/1
f 615/606/1 599/607/1 598/604/1
f 588/608/1 575/605/1 589/603/1
f 615/606/1 600/609/1 599/607/1
f 614/610/1 600/609/1 615/606/1
f 587/611/1 575/605/1 588/608/1
f 614/610/1 601/612/1 600/609/1
f 613/613/1 601/612/1 614/610/1
f 586/614/1 575/605/1 587/611/1
f 613/613/1 602/615/1 601/612/1
f 586/614/1 576/616/1 575/605/1
f 612/617/1 602/615/1 613/613/1
f 612/617/1 603/618/1 602/615/1
f 585/619/1 576/616/1 586/614/1
f 612/617/1 604/620/1 603/618/1
f 611/621/1 604/620/1 612/617/1
f 584/622/1 576/616/1 585/619/1
f 611/621/1 605/623/1 604/620/1
f 584/622/1 577/624/1 576/616/1
f 610/625/1 605/623/1 611/621/1
f 634/548/1 633/626/1 632/578/1
f 610/625/1 606/627/1 605/623/1
f 583/628/1 577/624/1 584/622/1
f 609/629/1 606/627/1 610/625/1
f 582/630/1 577/624/1 583/628/1
f 582/630/1 578/631/1 577/624/1
f 608/632/1 606/627/1 609/629/1
f 581/633/1 578/631/1 582/630/1
f 581/633/1 579/634/1 578/631/1
f 607/635/1 606/627/1 608/632/1
f 580/636/1 579/634/1 581/633/1
f 734/637/1 736/638/1 735/639/1
f 733/640/1 736/638/1 734/637/1
f 733/640/1 737/641/1 736/638/1
f 732/642/1 737/641/1 733/640/1
f 731/643/1 737/641/1 732/642/1
f 731/643/1 738/644/1 737/641/1
f 730/645/1 738/644/1 731/643/1
f 730/645/1 739/646/1 738/644/1
f 729/647/1 739/646/1 730/645/1
f 728/648/1 739/646/1 729/647/1
f 728/648/1 740/649/1 739/646/1
f 727/650/1 740/649/1 728/648/1
f 727/650/1 741/651/1 740/649/1
f 726/652/1 741/651/1 727/650/1
f 725/653/1 741/651/1 726/652/1
f 725/653/1 742/654/1 741/651/1
f 724/655/1 742/654/1 725/653/1
f 724/655/1 743/656/1 742/654/1
f 723/657/1 743/656/1 724/655/1
f 722/658/1 721/659/1 723/657/1
f 721/659/1 720/660/1 723/657/1
f 720/660/1 719/661/1 723/657/1
f 719/661/1 718/662/1 723/657/1
f 718/662/1 717/663/1 723/657/1
f 717/663/1 716/664/1 723/657/1
f 716/664/1 715/665/1 723/657/1
f 715/665/1 714/666/1 723/657/1
f 714/666/1 713/667/1 723/657/1
f 713/667/1 712/668/1 723/657/1
f 712/668/1 743/656/1 723/657/1
f 712/668/1 711/669/1 743/656/1
f 711/669/1 710/670/1 743/656/1
f 710/670/1 744/671/1 743/656/1
f 710/670/1 709/672/1 744/671/1
f 709/672/1 745/673/1 744/671/1
f 708/674/1 745/673/1 709/672/1
f 707/675/1 745/673/1 708/674/1
f 706/676/1 745/673/1 707/675/1
f 705/677/1 745/673/1 706/676/1
f 704/678/1 745/673/1 705/677/1
f 704/678/1 746/679/1 745/673/1
f 703/680/1 746/679/1 704/678/1
f 702/681/1 746/679/1 703/680/1
f 701/682/1 746/679/1 702/681/1
f 701/682/1 747/683/1 746/679/1
f 700/684/1 747/683/1 701/682/1
f 699/685/1 747/683/1 700/684/1
f 699/685/1 748/686/1 747/683/1
f 698/687/1 748/686/1 699/685/1
f 697/688/1 748/686/1 698/687/1
f 696/689/1 810/690/1 697/688/1
f 810/690/1 748/686/1 697/688/1
f 695/691/1 810/690/1 696/689/1
f 694/692/1 810/690/1 695/691/1
f 693/693/1 810/690/1 694/692/1
f 692/694/1 810/690/1 693/693/1
f 692/694/1 774/695/1 810/690/1
f 809/696/1 748/686/1 810/690/1
f 692/694/1 775/697/1 774/695/1
f 691/698/1 775/697/1 692/694/1
f 691/698/1 776/699/1 775/697/1
f 690/700/1 776/699/1 691/698/1
f 690/700/1 777/701/1 776/699/1
f 689/702/1 777/701/1 690/700/1
f 689/702/1 778/703/1 777/701/1
f 689/702/1 779/704/1 778/703/1
f 688/705/1 779/704/1 689/702/1
f 688/705/1 780/706/1 779/704/1
f 687/707/1 780/706/1 688/705/1
f 687/707/1 781/708/1 780/706/1
f 687/707/1 782/709/1 781/708/1
f 686/710/1 782/709/1 687/707/1
f 686/710/1 783/711/1 782/709/1
f 686/710/1 784/712/1 783/711/1
f 685/713/1 784/712/1 686/710/1
f 685/713/1 785/714/1 784/712/1
f 684/715/1 785/714/1 685/713/1
f 684/715/1 786/716/1 785/714/1
f 684/715/1 787/717/1 786/716/1
f 683/718/1 787/717/1 684/715/1
f 683/718/1 788/719/1 787/717/1
f 683/718/1 789/720/1 788/719/1
f 808/721/1 748/686/1 809/696/1
f 682/722/1 789/720/1 683/718/1
f 807/723/1 748/686/1 808/721/1
f 682/722/1 790/724/1 789/720/1
f 806/725/1 748/686/1 807/723/1
f 771/726/1 773/727/1 772/728/1
f 806/725/1 749/729/1 748/686/1
f 682/722/1 791/730/1 790/724/1
f 770/731/1 773/727/1 771/726/1
f 805/732/1 749/729/1 806/725/1
f 805/732/1 750/733/1 749/729/1
f 769/734/1 773/727/1 770/731/1
f 681/735/1 791/730/1 682/722/1
f 681/735/1 792/736/1 791/730/1
f 805/732/1 751/737/1 750/733/1
f 804/738/1 751/737/1 805/732/1
f 768/739/1 773/727/1 769/734/1
f 804/738/1 752/740/1 751/737/1
f 803/741/1 752/740/1 804/738/1
f 767/742/1 773/727/1 768/739/1
f 681/735/1 793/743/1 792/736/1
f 803/741/1 753/744/1 752/740/1
f 766/745/1 773/727/1 767/742/1
f 802/746/1 753/744/1 803/741/1
f 802/746/1 754/747/1 753/744/1
f 765/748/1 773/727/1 766/745/1
f 681/735/1 794/749/1 793/743/1
f 802/746/1 755/750/1 754/747/1
f 801/751/1 755/750/1 802/746/1
f 764/752/1 773/727/1 765/748/1
f 801/751/1 756/753/1 755/750/1
f 680/754/1 794/749/1 681/735/1
f 763/755/1 773/727/1 764/752/1
f 680/754/1 795/756/1 794/749/1
f 800/757/1 756/753/1 801/751/1
f 800/757/1 757/758/1 756/753/1
f 762/759/1 773/727/1 763/755/1
f 800/757/1 758/760/1 757/758/1
f 761/761/1 773/727/1 762/759/1
f 799/762/1 758/760/1 800/757/1
f 799/762/1 759/763/1 758/760/1
f 760/764/1 773/727/1 761/761/1
f 799/762/1 760/764/1 759/763/1
f 680/754/1 796/765/1 795/756/1
f 799/762/1 773/727/1 760/764/1
f 798/766/1 773/727/1 799/762/1
f 680/754/1 797/767/1 796/765/1
f 797/767/1 773/727/1 798/766/1
f 680/754/1 660/768/1 797/767/1
f 660/768/1 773/727/1 797/767/1
f 679/769/1 660/768/1 680/754/1
f 679/769/1 661/770/1 660/768/1
f 659/771/1 773/727/1 660/768/1
f 678/772/1 661/770/1 679/769/1
f 678/772/1 662/773/1 661/770/1
f 658/774/1 773/727/1 659/771/1
f 658/774/1 637/775/1 773/727/1
f 677/776/1 662/773/1 678/772/1
f 677/776/1 663/777/1 662/773/1
f 657/778/1 637/775/1 658/774/1
f 657/778/1 638/779/1 637/775/1
f 677/776/1 664/780/1 663/777/1
f 656/781/1 638/779/1 657/778/1
f 676/782/1 664/780/1 677/776/1
f 656/781/1 639/783/1 638/779/1
f 676/782/1 665/784/1 664/780/1
f 655/785/1 639/783/1 656/781/1
f 655/785/1 640/786/1 639/783/1
f 675/787/1 665/784/1 676/782/1
f 675/787/1 666/788/1 665/784/1
f 654/789/1 640/786/1 655/785/1
f 654/789/1 641/790/1 640/786/1
f 675/787/1 667/791/1 666/788/1
f 653/792/1 641/790/1 654/789/1
f 653/792/1 642/793/1 641/790/1
f 674/794/1 667/791/1 675/787/1
f 674/794/1 668/795/1 667/791/1
f 652/796/1 642/793/1 653/792/1
f 652/796/1 643/797/1 642/793/1
f 674/794/1 669/798/1 668/795/1
f 652/796/1 644/799/1 643/797/1
f 651/800/1 644/799/1 652/796/1
f 673/801/1 669/798/1 674/794/1
f 651/800/1 645/802/1 644/799/1
f 673/801/1 670/803/1 669/798/1
f 650/804/1 645/802/1 651/800/1
f 650/804/1 646/805/1 645/802/1
f 673/801/1 671/806/1 670/803/1
f 649/807/1 646/805/1 650/804/1
f 672/808/1 671/806/1 673/801/1
f 649/807/1 647/809/1 646/805/1
f 648/810/1 647/809/1 649/807/1
f 845/811/1 847/812/1 846/813/1
f 845/811/1 848/814/1 847/812/1
f 845/811/1 849/815/1 848/814/1
f 845/811/1 850/816/1 849/815/1
f 844/817/1 850/816/1 845/811/1
f 844/817/1 851/818/1 850/816/1
f 844/817/1 852/819/1 851/818/1
f 844/817/1 853/820/1 852/819/1
f 843/821/1 853/820/1 844/817/1
f 843/821/1 854/822/1 853/820/1
f 843/821/1 855/823/1 854/822/1
f 842/824/1 855/823/1 843/821/1
f 842/824/1 856/825/1 855/823/1
f 842/824/1 857/826/1 856/825/1
f 841/827/1 857/826/1 842/824/1
f 841/827/1 858/828/1 857/826/1
f 841/827/1 869/829/1 858/828/1
f 869/829/1 868/830/1 858/828/1
f 868/830/1 867/831/1 858/828/1
f 867/831/1 866/832/1 858/828/1
f 866/832/1 865/833/1 858/828/1
f 865/833/1 864/834/1 858/828/1
f 864/834/1 863/835/1 858/828/1
f 863/835/1 862/836/1 858/828/1
f 862/836/1 861/837/1 858/828/1
f 861/837/1 860/838/1 858/828/1
f 860/838/1 859/839/1 858/828/1
f 840/840/1 871/841/1 841/827/1
f 871/841/1 870/842/1 841/827/1
f 870/842/1 869/829/1 841/827/1
f 840/840/1 872/843/1 871/841/1
f 840/840/1 873/844/1 872/843/1
f 840/840/1 874/845/1 873/844/1
f 839/846/1 874/845/1 840/840/1
f 839/846/1 875/847/1 874/845/1
f 839/846/1 876/848/1 875/847/1
f 838/849/1 876/848/1 839/846/1
f 838/849/1 877/850/1 876/848/1
f 838/849/1 878/851/1 877/850/1
f 837/852/1 878/851/1 838/849/1
f 837/852/1 879/853/1 878/851/1
f 836/854/1 879/853/1 837/852/1
f 836/854/1 880/855/1 879/853/1
f 836/854/1 881/856/1 880/855/1
f 835/857/1 881/856/1 836/854/1
f 835/857/1 882/858/1 881/856/1
f 834/859/1 882/858/1 835/857/1
f 834/859/1 883/860/1 882/858/1
f 834/859/1 884/861/1 883/860/1
f 833/862/1 884/861/1 834/859/1
f 909/863/1 911/864/1 910/865/1
f 909/863/1 908/866/1 911/864/1
f 908/866/1 912/867/1 911/864/1
f 833/862/1 885/868/1 884/861/1
f 832/869/1 885/868/1 833/862/1
f 832/869/1 886/870/1 885/868/1
f 907/871/1 912/867/1 908/866/1
f 831/872/1 886/870/1 832/869/1
f 831/872/1 887/873/1 886/870/1
f 831/872/1 888/874/1 887/873/1
f 830/875/1 888/874/1 831/872/1
f 830/875/1 889/876/1 888/874/1
f 829/877/1 889/876/1 830/875/1
f 829/877/1 890/878/1 889/876/1
f 829/877/1 891/879/1 890/878/1
f 828/880/1 891/879/1 829/877/1
f 828/880/1 892/881/1 891/879/1
f 906/882/1 912/867/1 907/871/1
f 905/883/1 912/867/1 906/882/1
f 904/884/1 912/867/1 905/883/1
f 828/880/1 893/885/1 892/881/1
f 903/886/1 912/867/1 904/884/1
f 902/887/1 912/867/1 903/886/1
f 901/888/1 912/867/1 902/887/1
f 828/880/1 894/889/1 893/885/1
f 827/890/1 894/889/1 828/880/1
f 900/891/1 912/867/1 901/888/1
f 899/892/1 912/867/1 900/891/1
f 898/893/1 912/867/1 899/892/1
f 827/890/1 895/894/1 894/889/1
f 897/895/1 912/867/1 898/893/1
f 896/896/1 912/867/1 897/895/1
f 895/894/1 912/867/1 896/896/1
f 827/890/1 912/867/1 895/894/1
f 826/897/1 912/867/1 827/890/1
f 826/897/1 811/898/1 912/867/1
f 826/897/1 812/899/1 811/898/1
f 825/900/1 812/899/1 826/897/1
f 825/900/1 813/901/1 812/899/1
f 825/900/1 814/902/1 813/901/1
f 824/903/1 814/902/1 825/900/1
f 824/903/1 815/904/1 814/902/1
f 824/903/1 816/905/1 815/904/1
f 824/903/1 817/906/1 816/905/1
f 823/907/1 817/906/1 824/903/1
f 823/907/1 818/908/1 817/906/1
f 823/907/1 819/909/1 818/908/1
f 823/907/1 820/910/1 819/909/1
f 822/911/1 820/910/1 823/907/1
f 822/911/1 821/912/1 820/910/1
f 925/913/2 926/914/2 927/915/2
f 925/913/2 927/915/2 928/916/2
f 924/917/2 925/913/2 928/916/2
f 924/917/2 928/916/2 929/918/2
f 923/919/2 924/917/2 929/918/2
f 923/919/2 929/918/2 930/920/2
f 923/919/2 930/920/2 931/921/2
f 922/922/2 923/919/2 931/921/2
f 922/922/2 931/921/2 932/923/2
f 965/924/2 966/925/2 967/926/2
f 965/924/2 967/926/2 913/927/2
f 921/928/2 922/922/2 932/923/2
f 921/928/2 932/923/2 933/929/2
f 921/928/2 933/929/2 934/930/2
f 920/931/2 921/928/2 934/930/2
f 920/931/2 934/930/2 935/932/2
f 919/933/2 920/931/2 935/932/2
f 919/933/2 935/932/2 936/934/2
f 919/933/2 936/934/2 937/935/2
f 918/936/2 919/933/2 937/935/2
f 918/936/2 937/935/2 938/937/2
f 917/938/2 918/936/2 938/937/2
f 917/938/2 938/937/2 948/939/2
f 948/939/2 938/937/2 947/940/2
f 947/940/2 938/937/2 946/941/2
f 946/941/2 938/937/2 945/942/2
f 945/942/2 938/937/2 944/943/2
f 944/943/2 938/937/2 943/944/2
f 943/944/2 938/937/2 942/945/2
f 942/945/2 938/937/2 941/946/2
f 941/946/2 938/937/2 940/947/2
f 940/947/2 938/937/2 939/948/2
f 916/949/2 917/938/2 950/950/2
f 950/950/2 917/938/2 949/951/2
f 949/951/2 917/938/2 948/939/2
f 915/952/2 916/949/2 952/953/2
f 952/953/2 916/949/2 951/954/2
f 951/954/2 916/949/2 950/950/2
f 915/952/2 952/953/2 953/955/2
f 915/952/2 953/955/2 954/956/2
f 914/957/2 915/952/2 954/956/2
f 914/957/2 954/956/2 955/958/2
f 914/957/2 955/958/2 956/959/2
f 965/924/2 913/927/2 914/957/2
f 965/924/2 914/957/2 960/960/2
f 960/960/2 914/957/2 959/961/2
f 959/961/2 914/957/2 958/962/2
f 958/962/2 914/957/2 957/963/2
f 957/963/2 914/957/2 956/959/2
f 965/924/2 960/960/2 961/964/2
f 965/924/2 961/964/2 962/965/2
f 965/924/2 962/965/2 963/966/2
f 965/924/2 963/966/2 964/967/2
f 1065/968/2 1066/969/2 1067/970/2
f 1064/971/2 1065/968/2 1067/970/2
f 1064/971/2 1067/970/2 1068/972/2
f 1063/973/2 1064/971/2 1068/972/2
f 1062/974/2 1063/973/2 1068/972/2
f 1062/974/2 1068/972/2 1069/975/2
f 1061/976/2 1062/974/2 1069/975/2
f 1061/976/2 1069/975/2 1070/977/2
f 1060/978/2 1061/976/2 1070/977/2
f 1059/979/2 1060/978/2 1070/977/2
f 1059/979/2 1070/977/2 1071/980/2
f 1058/981/2 1059/979/2 1071/980/2
f 1058/981/2 1071/980/2 1072/982/2
f 1057/983/2 1058/981/2 1072/982/2
f 1056/984/2 1057/983/2 1072/982/2
f 1056/984/2 1072/982/2 1073/985/2
f 1055/986/2 1056/984/2 1073/985/2
f 1055/986/2 1073/985/2 1074/987/2
f 1054/988/2 1055/986/2 1074/987/2
f 1053/989/2 1054/988/2 1052/990/2
f 1052/990/2 1054/988/2 1051/991/2
f 1051/991/2 1054/988/2 1050/992/2
f 1050/992/2 1054/988/2 1049/993/2
f 1049/993/2 1054/988/2 1048/994/2
f 1048/994/2 1054/988/2 1047/995/2
f 1047/995/2 1054/988/2 1046/996/2
f 1046/996/2 1054/988/2 1045/997/2
f 1045/997/2 1054/988/2 1044/998/2
f 1044/998/2 1054/988/2 1043/999/2
f 1043/999/2 1054/988/2 1074/987/2
f 1043/999/2 1074/987/2 1042/1000/2
f 1042/1000/2 1074/987/2 1041/1001/2
f 1041/1001/2 1074/987/2 1075/1002/2
f 1041/1001/2 1075/1002/2 1040/1003/2
f 1040/1003/2 1075/1002/2 1076/1004/2
f 1039/1005/2 1040/1003/2 1076/1004/2
f 1038/1006/2 1039/1005/2 1076/1004/2
f 1037/1007/2 1038/1006/2 1076/1004/2
f 1036/1008/2 1037/1007/2 1076/1004/2
f 1035/1009/2 1036/1008/2 1076/1004/2
f 1035/1009/2 1076/1004/2 1077/1010/2
f 1034/1011/2 1035/1009/2 1077/1010/2
f 1033/1012/2 1034/1011/2 1077/1010/2
f 1032/1013/2 1033/1012/2 1077/1010/2
f 1032/1013/2 1077/1010/2 1078/1014/2
f 1031/1015/2 1032/1013/2 1078/1014/2
f 1030/1016/2 1031/1015/2 1078/1014/2
f 1030/1016/2 1078/1014/2 1079/1017/2
f 1029/1018/2 1030/1016/2 1079/1017/2
f 1028/1019/2 1029/1018/2 1079/1017/2
f 1027/1020/2 1028/1019/2 1141/1021/2
f 1141/1021/2 1028/1019/2 1079/1017/2
f 1026/1022/2 1027/1020/2 1141/1021/2
f 1025/1023/2 1026/1022/2 1141/1021/2
f 1024/1024/2 1025/1023/2 1141/1021/2
f 1023/1025/2 1024/1024/2 1141/1021/2
f 1023/1025/2 1141/1021/2 1105/1026/2
f 1140/1027/2 1141/1021/2 1079/1017/2
f 1023/1025/2 1105/1026/2 1106/1028/2
f 1022/1029/2 1023/1025/2 1106/1028/2
f 1022/1029/2 1106/1028/2 1107/1030/2
f 1021/1031/2 1022/1029/2 1107/1030/2
f 1021/1031/2 1107/1030/2 1108/1032/2
f 1020/1033/2 1021/1031/2 1108/1032/2
f 1020/1033/2 1108/1032/2 1109/1034/2
f 1020/1033/2 1109/1034/2 1110/1035/2
f 1019/1036/2 1020/1033/2 1110/1035/2
f 1019/1036/2 1110/1035/2 1111/1037/2
f 1018/1038/2 1019/1036/2 1111/1037/2
f 1018/1038/2 1111/1037/2 1112/1039/2
f 1018/1038/2 1112/1039/2 1113/1040/2
f 1017/1041/2 1018/1038/2 1113/1040/2
f 1017/1041/2 1113/1040/2 1114/1042/2
f 1017/1041/2 1114/1042/2 1115/1043/2
f 1016/1044/2 1017/1041/2 1115/1043/2
f 1016/1044/2 1115/1043/2 1116/1045/2
f 1015/1046/2 1016/1044/2 1116/1045/2
f 1015/1046/2 1116/1045/2 1117/1047/2
f 1015/1046/2 1117/1047/2 1118/1048/2
f 1014/1049/2 1015/1046/2 1118/1048/2
f 1014/1049/2 1118/1048/2 1119/1050/2
f 1014/1049/2 1119/1050/2 1120/1051/2
f 1139/1052/2 1140/1027/2 1079/1017/2
f 1013/1053/2 1014/1049/2 1120/1051/2
f 1138/1054/2 1139/1052/2 1079/1017/2
f 1013/1053/2 1120/1051/2 1121/1055/2
f 1137/1056/2 1138/1054/2 1079/1017/2
f 1102/1057/2 1103/1058/2 1104/1059/2
f 1137/1056/2 1079/1017/2 1080/1060/2
f 1013/1053/2 1121/1055/2 1122/1061/2
f 1101/1062/2 1102/1057/2 1104/1059/2
f 1136/1063/2 1137/1056/2 1080/1060/2
f 1136/1063/2 1080/1060/2 1081/1064/2
f 1100/1065/2 1101/1062/2 1104/1059/2
f 1012/1066/2 1013/1053/2 1122/1061/2
f 1012/1066/2 1122/1061/2 1123/1067/2
f 1136/1063/2 1081/1064/2 1082/1068/2
f 1135/1069/2 1136/1063/2 1082/1068/2
f 1099/1070/2 1100/1065/2 1104/1059/2
f 1135/1069/2 1082/1068/2 1083/1071/2
f 1134/1072/2 1135/1069/2 1083/1071/2
f 1098/1073/2 1099/1070/2 1104/1059/2
f 1012/1066/2 1123/1067/2 1124/1074/2
f 1134/1072/2 1083/1071/2 1084/1075/2
f 1097/1076/2 1098/1073/2 1104/1059/2
f 1133/1077/2 1134/1072/2 1084/1075/2
f 1133/1077/2 1084/1075/2 1085/1078/2
f 1096/1079/2 1097/1076/2 1104/1059/2
f 1012/1066/2 1124/1074/2 1125/1080/2
f 1133/1077/2 1085/1078/2 1086/1081/2
f 1132/1082/2 1133/1077/2 1086/1081/2
f 1095/1083/2 1096/1079/2 1104/1059/2
f 1132/1082/2 1086/1081/2 1087/1084/2
f 1011/1085/2 1012/1066/2 1125/1080/2
f 1094/1086/2 1095/1083/2 1104/1059/2
f 1011/1085/2 1125/1080/2 1126/1087/2
f 1131/1088/2 1132/1082/2 1087/1084/2
f 1131/1088/2 1087/1084/2 1088/1089/2
f 1093/1090/2 1094/1086/2 1104/1059/2
f 1131/1088/2 1088/1089/2 1089/1091/2
f 1092/1092/2 1093/1090/2 1104/1059/2
f 1130/1093/2 1131/1088/2 1089/1091/2
f 1130/1093/2 1089/1091/2 1090/1094/2
f 1091/1095/2 1092/1092/2 1104/1059/2
f 1130/1093/2 1090/1094/2 1091/1095/2
f 1011/1085/2 1126/1087/2 1127/1096/2
f 1130/1093/2 1091/1095/2 1104/1059/2
f 1129/1097/2 1130/1093/2 1104/1059/2
f 1011/1085/2 1127/1096/2 1128/1098/2
f 1128/1098/2 1129/1097/2 1104/1059/2
f 1011/1085/2 1128/1098/2 991/1099/2
f 991/1099/2 1128/1098/2 1104/1059/2
f 1010/1100/2 1011/1085/2 991/1099/2
f 1010/1100/2 991/1099/2 992/1101/2
f 990/1102/2 991/1099/2 1104/1059/2
f 1009/1103/2 1010/1100/2 992/1101/2
f 1009/1103/2 992/1101/2 993/1104/2
f 989/1105/2 990/1102/2 1104/1059/2
f 989/1105/2 1104/1059/2 968/1106/2
f 1008/1107/2 1009/1103/2 993/1104/2
f 1008/1107/2 993/1104/2 994/1108/2
f 988/1109/2 989/1105/2 968/1106/2
f 988/1109/2 968/1106/2 969/1110/2
f 1008/1107/2 994/1108/2 995/1111/2
f 987/1112/2 988/1109/2 969/1110/2
f 1007/1113/2 1008/1107/2 995/1111/2
f 987/1112/2 969/1110/2 970/1114/2
f 1007/1113/2 995/1111/2 996/1115/2
f 986/1116/2 987/1112/2 970/1114/2
f 986/1116/2 970/1114/2 971/1117/2
f 1006/1118/2 1007/1113/2 996/1115/2
f 1006/1118/2 996/1115/2 997/1119/2
f 985/1120/2 986/1116/2 971/1117/2
f 985/1120/2 971/1117/2 972/1121/2
f 1006/1118/2 997/1119/2 998/1122/2
f 984/1123/2 985/1120/2 972/1121/2
f 984/1123/2 972/1121/2 973/1124/2
f 1005/1125/2 1006/1118/2 998/1122/2
f 1005/1125/2 998/1122/2 999/1126/2
f 983/1127/2 984/1123/2 973/1124/2
f 983/1127/2 973/1124/2 974/1128/2
f 1005/1125/2 999/1126/2 1000/1129/2
f 983/1127/2 974/1128/2 975/1130/2
f 982/1131/2 983/1127/2 975/1130/2
f 1004/1132/2 1005/1125/2 1000/1129/2
f 982/1131/2 975/1130/2 976/1133/2
f 1004/1132/2 1000/1129/2 1001/1134/2
f 981/1135/2 982/1131/2 976/1133/2
f 981/1135/2 976/1133/2 977/1136/2
f 1004/1132/2 1001/1134/2 1002/1137/2
f 980/1138/2 981/1135/2 977/1136/2
f 1003/1139/2 1004/1132/2 1002/1137/2
f 980/1138/2 977/1136/2 978/1140/2
f 979/1141/2 980/1138/2 978/1140/2
f 1176/1142/2 1177/1143/2 1178/1144/2
f 1176/1142/2 1178/1144/2 1179/1145/2
f 1175/1146/2 1176/1142/2 1179/1145/2
f 1175/1146/2 1179/1145/2 1180/1147/2
f 1174/1148/2 1175/1146/2 1180/1147/2
f 1174/1148/2 1180/1147/2 1181/1149/2
f 1173/1150/2 1174/1148/2 1181/1149/2
f 1173/1150/2 1181/1149/2 1182/1151/2
f 1172/1152/2 1173/1150/2 1182/1151/2
f 1172/1152/2 1182/1151/2 1183/1153/2
f 1171/1154/2 1172/1152/2 1183/1153/2
f 1171/1154/2 1183/1153/2 1184/1155/2
f 1170/1156/2 1171/1154/2 1227/1157/2
f 1227/1157/2 1171/1154/2 1184/1155/2
f 1170/1156/2 1227/1157/2 1228/1158/2
f 1226/1159/2 1227/1157/2 1184/1155/2
f 1170/1156/2 1228/1158/2 1229/1160/2
f 1225/1161/2 1226/1159/2 1184/1155/2
f 1170/1156/2 1229/1160/2 1230/1162/2
f 1224/1163/2 1225/1161/2 1184/1155/2
f 1224/1163/2 1184/1155/2 1185/1164/2
f 1170/1156/2 1230/1162/2 1231/1165/2
f 1169/1166/2 1170/1156/2 1231/1165/2
f 1223/1167/2 1224/1163/2 1185/1164/2
f 1169/1166/2 1231/1165/2 1232/1168/2
f 1222/1169/2 1223/1167/2 1185/1164/2
f 1169/1166/2 1232/1168/2 1233/1170/2
f 1221/1171/2 1222/1169/2 1185/1164/2
f 1169/1166/2 1233/1170/2 1234/1172/2
f 1220/1173/2 1221/1171/2 1185/1164/2
f 1168/1174/2 1169/1166/2 1234/1172/2
f 1220/1173/2 1185/1164/2 1186/1175/2
f 1168/1174/2 1234/1172/2 1235/1176/2
f 1219/1177/2 1220/1173/2 1186/1175/2
f 1168/1174/2 1235/1176/2 1236/1178/2
f 1218/1179/2 1219/1177/2 1186/1175/2
f 1167/1180/2 1168/1174/2 1236/1178/2
f 1218/1179/2 1186/1175/2 1187/1181/2
f 1167/1180/2 1236/1178/2 1237/1182/2
f 1217/1183/2 1218/1179/2 1187/1181/2
f 1167/1180/2 1237/1182/2 1238/1184/2
f 1216/1185/2 1217/1183/2 1187/1181/2
f 1166/1186/2 1167/1180/2 1238/1184/2
f 1166/1186/2 1238/1184/2 1239/1187/2
f 1216/1185/2 1187/1181/2 1188/1188/2
f 1240/1189/2 1216/1185/2 1188/1188/2
f 1166/1186/2 1239/1187/2 1240/1189/2
f 1166/1186/2 1240/1189/2 1188/1188/2
f 1165/1190/2 1166/1186/2 1188/1188/2
f 1165/1190/2 1188/1188/2 1189/1191/2
f 1164/1192/2 1165/1190/2 1190/1193/2
f 1190/1193/2 1165/1190/2 1189/1191/2
f 1164/1192/2 1190/1193/2 1191/1194/2
f 1163/1195/2 1164/1192/2 1191/1194/2
f 1163/1195/2 1191/1194/2 1192/1196/2
f 1163/1195/2 1192/1196/2 1193/1197/2
f 1162/1198/2 1163/1195/2 1193/1197/2
f 1162/1198/2 1193/1197/2 1194/1199/2
f 1161/1200/2 1162/1198/2 1194/1199/2
f 1161/1200/2 1194/1199/2 1195/1201/2
f 1213/1202/2 1214/1203/2 1215/1204/2
f 1161/1200/2 1195/1201/2 1196/1205/2
f 1212/1206/2 1213/1202/2 1215/1204/2
f 1211/1207/2 1212/1206/2 1215/1204/2
f 1160/1208/2 1161/1200/2 1196/1205/2
f 1160/1208/2 1196/1205/2 1197/1209/2
f 1210/1210/2 1211/1207/2 1215/1204/2
f 1209/1211/2 1210/1210/2 1215/1204/2
f 1160/1208/2 1197/1209/2 1198/1212/2
f 1208/1213/2 1209/1211/2 1215/1204/2
f 1160/1208/2 1198/1212/2 1199/1214/2
f 1207/1215/2 1208/1213/2 1215/1204/2
f 1159/1216/2 1160/1208/2 1199/1214/2
f 1206/1217/2 1207/1215/2 1215/1204/2
f 1159/1216/2 1199/1214/2 1200/1218/2
f 1205/1219/2 1206/1217/2 1215/1204/2
f 1159/1216/2 1200/1218/2 1201/1220/2
f 1204/1221/2 1205/1219/2 1215/1204/2
f 1203/1222/2 1204/1221/2 1215/1204/2
f 1159/1216/2 1201/1220/2 1202/1223/2
f 1202/1223/2 1203/1222/2 1215/1204/2
f 1159/1216/2 1202/1223/2 1215/1204/2
f 1158/1224/2 1159/1216/2 1215/1204/2
f 1158/1224/2 1215/1204/2 1142/1225/2
f 1157/1226/2 1158/1224/2 1142/1225/2
f 1157/1226/2 1142/1225/2 1143/1227/2
f 1157/1226/2 1143/1227/2 1144/1228/2
f 1156/1229/2 1157/1226/2 1144/1228/2
f 1156/1229/2 1144/1228/2 1145/1230/2
f 1156/1229/2 1145/1230/2 1146/1231/2
f 1155/1232/2 1156/1229/2 1146/1231/2
f 1155/1232/2 1146/1231/2 1147/1233/2
f 1155/1232/2 1147/1233/2 1148/1234/2
f 1154/1235/2 1155/1232/2 1148/1234/2
f 1154/1235/2 1148/1234/2 1149/1236/2
f 1154/1235/2 1149/1236/2 1150/1237/2
f 1154/1235/2 1150/1237/2 1151/1238/2
f 1153/1239/2 1154/1235/2 1151/1238/2
f 1153/1239/2 1151/1238/2 1152/1240/2
f 1241/1241/2 1242/1242/2 1243/1243/2
f 1241/1241/2 1243/1243/2 1244/1244/2
f 1328/1245/2 1329/1246/2 1330/1247/2
f 1328/1245/2 1330/1247/2 1331/1248/2
f 1328/1245/2 1331/1248/2 1332/1249/2
f 1327/1250/2 1328/1245/2 1332/1249/2
f 1327/1250/2 1332/1249/2 1333/1251/2
f 1327/1250/2 1333/1251/2 1334/1252/2
f 1327/1250/2 1334/1252/2 1335/1253/2
f 1326/1254/2 1327/1250/2 1335/1253/2
f 1326/1254/2 1335/1253/2 1336/1255/2
f 1326/1254/2 1336/1255/2 1337/1256/2
f 1326/1254/2 1337/1256/2 1338/1257/2
f 1325/1258/2 1326/1254/2 1338/1257/2
f 1325/1258/2 1338/1257/2 1339/1259/2
f 1325/1258/2 1339/1259/2 1340/1260/2
f 1325/1258/2 1340/1260/2 1341/1261/2
f 1324/1262/2 1325/1258/2 1341/1261/2
f 1324/1262/2 1341/1261/2 1254/1263/2
f 1254/1263/2 1341/1261/2 1253/1264/2
f 1253/1264/2 1341/1261/2 1252/1265/2
f 1252/1265/2 1341/1261/2 1251/1266/2
f 1251/1266/2 1341/1261/2 1250/1267/2
f 1250/1267/2 1341/1261/2 1249/1268/2
f 1249/1268/2 1341/1261/2 1248/1269/2
f 1248/1269/2 1341/1261/2 1247/1270/2
f 1247/1270/2 1341/1261/2 1246/1271/2
f 1246/1271/2 1341/1261/2 1245/1272/2
f 1245/1272/2 1341/1261/2 1342/1273/2
f 1323/1274/2 1324/1262/2 1256/1275/2
f 1256/1275/2 1324/1262/2 1255/1276/2
f 1255/1276/2 1324/1262/2 1254/1263/2
f 1323/1274/2 1256/1275/2 1257/1277/2
f 1323/1274/2 1257/1277/2 1258/1278/2
f 1323/1274/2 1258/1278/2 1259/1279/2
f 1322/1280/2 1323/1274/2 1259/1279/2
f 1322/1280/2 1259/1279/2 1260/1281/2
f 1322/1280/2 1260/1281/2 1261/1282/2
f 1321/1283/2 1322/1280/2 1261/1282/2
f 1321/1283/2 1261/1282/2 1262/1284/2
f 1321/1283/2 1262/1284/2 1263/1285/2
f 1320/1286/2 1321/1283/2 1263/1285/2
f 1320/1286/2 1263/1285/2 1264/1287/2
f 1319/1288/2 1320/1286/2 1264/1287/2
f 1319/1288/2 1264/1287/2 1265/1289/2
f 1319/1288/2 1265/1289/2 1266/1290/2
f 1318/1291/2 1319/1288/2 1266/1290/2
f 1318/1291/2 1266/1290/2 1267/1292/2
f 1317/1293/2 1318/1291/2 1267/1292/2
f 1317/1293/2 1267/1292/2 1268/1294/2
f 1317/1293/2 1268/1294/2 1269/1295/2
f 1316/1296/2 1317/1293/2 1269/1295/2
f 1316/1296/2 1269/1295/2 1270/1297/2
f 1315/1298/2 1316/1296/2 1270/1297/2
f 1315/1298/2 1270/1297/2 1271/1299/2
f 1314/1300/2 1315/1298/2 1271/1299/2
f 1314/1300/2 1271/1299/2 1272/1301/2
f 1313/1302/2 1314/1300/2 1272/1301/2
f 1313/1302/2 1272/1301/2 1273/1303/2
f 1312/1304/2 1313/1302/2 1273/1303/2
f 1312/1304/2 1273/1303/2 1274/1305/2
f 1291/1306/2 1292/1307/2 1293/1308/2
f 1312/1304/2 1274/1305/2 1275/1309/2
f 1290/1310/2 1291/1306/2 1293/1308/2
f 1311/1311/2 1312/1304/2 1275/1309/2
f 1289/1312/2 1290/1310/2 1293/1308/2
f 1311/1311/2 1275/1309/2 1276/1313/2
f 1288/1314/2 1289/1312/2 1293/1308/2
f 1287/1315/2 1288/1314/2 1293/1308/2
f 1311/1311/2 1276/1313/2 1277/1316/2
f 1286/1317/2 1287/1315/2 1293/1308/2
f 1310/1318/2 1311/1311/2 1277/1316/2
f 1285/1319/2 1286/1317/2 1293/1308/2
f 1310/1318/2 1277/1316/2 1278/1320/2
f 1284/1321/2 1285/1319/2 1293/1308/2
f 1283/1322/2 1284/1321/2 1293/1308/2
f 1310/1318/2 1278/1320/2 1279/1323/2
f 1282/1324/2 1283/1322/2 1293/1308/2
f 1281/1325/2 1282/1324/2 1293/1308/2
f 1310/1318/2 1279/1323/2 1280/1326/2
f 1280/1326/2 1281/1325/2 1293/1308/2
f 1310/1318/2 1280/1326/2 1293/1308/2
f 1309/1327/2 1310/1318/2 1293/1308/2
f 1309/1327/2 1293/1308/2 1294/1328/2
f 1308/1329/2 1309/1327/2 1294/1328/2
f 1308/1329/2 1294/1328/2 1295/1330/2
f 1308/1329/2 1295/1330/2 1296/1331/2
f 1308/1329/2 1296/1331/2 1297/1332/2
f 1307/1333/2 1308/1329/2 1297/1332/2
f 1307/1333/2 1297/1332/2 1298/1334/2
f 1307/1333/2 1298/1334/2 1299/1335/2
f 1307/1333/2 1299/1335/2 1300/1336/2
f 1306/1337/2 1307/1333/2 1300/1336/2
f 1306/1337/2 1300/1336/2 1301/1338/2
f 1306/1337/2 1301/1338/2 1302/1339/2
f 1306/1337/2 1302/1339/2 1303/1340/2
f 1305/1341/2 1306/1337/2 1303/1340/2
f 1305/1341/2 1303/1340/2 1304/1342/2
f 1377/1343/2 1378/1344/2 1379/1345/2
f 1377/1343/2 1379/1345/2 1380/1346/2
f 1376/1347/2 1377/1343/2 1380/1346/2
f 1376/1347/2 1380/1346/2 1381/1348/2
f 1375/1349/2 1376/1347/2 1381/1348/2
f 1375/1349/2 1381/1348/2 1382/1350/2
f 1374/1351/2 1375/1349/2 1382/1350/2
f 1374/1351/2 1382/1350/2 1383/1352/2
f 1373/1353/2 1374/1351/2 1383/1352/2
f 1373/1353/2 1383/1352/2 1384/1354/2
f 1372/1355/2 1373/1353/2 1384/1354/2
f 1372/1355/2 1384/1354/2 1385/1356/2
f 1371/1357/2 1372/1355/2 1428/1358/2
f 1428/1358/2 1372/1355/2 1385/1356/2
f 1371/1357/2 1428/1358/2 1429/1359/2
f 1427/1360/2 1428/1358/2 1385/1356/2
f 1371/1357/2 1429/1359/2 1430/1361/2
f 1426/1362/2 1427/1360/2 1385/1356/2
f 1371/1357/2 1430/1361/2 1431/1363/2
f 1425/1364/2 1426/1362/2 1385/1356/2
f 1425/1364/2 1385/1356/2 1386/1365/2
f 1371/1357/2 1431/1363/2 1432/1366/2
f 1370/1367/2 1371/1357/2 1432/1366/2
f 1424/1368/2 1425/1364/2 1386/1365/2
f 1370/1367/2 1432/1366/2 1433/1369/2
f 1423/1370/2 1424/1368/2 1386/1365/2
f 1370/1367/2 1433/1369/2 1434/1371/2
f 1422/1372/2 1423/1370/2 1386/1365/2
f 1370/1367/2 1434/1371/2 1435/1373/2
f 1421/1374/2 1422/1372/2 1386/1365/2
f 1369/1375/2 1370/1367/2 1435/1373/2
f 1421/1374/2 1386/1365/2 1387/1376/2
f 1369/1375/2 1435/1373/2 1436/1377/2
f 1420/1378/2 1421/1374/2 1387/1376/2
f 1369/1375/2 1436/1377/2 1437/1379/2
f 1419/1380/2 1420/1378/2 1387/1376/2
f 1368/1381/2 1369/1375/2 1437/1379/2
f 1419/1380/2 1387/1376/2 1388/1382/2
f 1368/1381/2 1437/1379/2 1438/1383/2
f 1418/1384/2 1419/1380/2 1388/1382/2
f 1368/1381/2 1438/1383/2 1439/1385/2
f 1417/1386/2 1418/1384/2 1388/1382/2
f 1367/1387/2 1368/1381/2 1439/1385/2
f 1367/1387/2 1439/1385/2 1440/1388/2
f 1417/1386/2 1388/1382/2 1389/1389/2
f 1441/1390/2 1417/1386/2 1389/1389/2
f 1367/1387/2 1440/1388/2 1441/1390/2
f 1367/1387/2 1441/1390/2 1389/1389/2
f 1366/1391/2 1367/1387/2 1389/1389/2
f 1366/1391/2 1389/1389/2 1390/1392/2
f 1365/1393/2 1366/1391/2 1391/1394/2
f 1391/1394/2 1366/1391/2 1390/1392/2
f 1365/1393/2 1391/1394/2 1392/1395/2
f 1364/1396/2 1365/1393/2 1392/1395/2
f 1364/1396/2 1392/1395/2 1393/1397/2
f 1364/1396/2 1393/1397/2 1394/1398/2
f 1363/1399/2 1364/1396/2 1394/1398/2
f 1363/1399/2 1394/1398/2 1395/1400/2
f 1362/1401/2 1363/1399/2 1395/1400/2
f 1362/1401/2 1395/1400/2 1396/1402/2
f 1414/1403/2 1415/1404/2 1416/1405/2
f 1362/1401/2 1396/1402/2 1397/1406/2
f 1413/1407/2 1414/1403/2 1416/1405/2
f 1412/1408/2 1413/1407/2 1416/1405/2
f 1361/1409/2 1362/1401/2 1397/1406/2
f 1361/1409/2 1397/1406/2 1398/1410/2
f 1411/1411/2 1412/1408/2 1416/1405/2
f 1410/1412/2 1411/1411/2 1416/1405/2
f 1361/1409/2 1398/1410/2 1399/1413/2
f 1409/1414/2 1410/1412/2 1416/1405/2
f 1361/1409/2 1399/1413/2 1400/1415/2
f 1408/1416/2 1409/1414/2 1416/1405/2
f 1360/1417/2 1361/1409/2 1400/1415/2
f 1407/1418/2 1408/1416/2 1416/1405/2
f 1360/1417/2 1400/1415/2 1401/1419/2
f 1406/1420/2 1407/1418/2 1416/1405/2
f 1360/1417/2 1401/1419/2 1402/1421/2
f 1405/1422/2 1406/1420/2 1416/1405/2
f 1404/1423/2 1405/1422/2 1416/1405/2
f 1360/1417/2 1402/1421/2 1403/1424/2
f 1403/1424/2 1404/1423/2 1416/1405/2
f 1360/1417/2 1403/1424/2 1416/1405/2
f 1359/1425/2 1360/1417/2 1416/1405/2
f 1359/1425/2 1416/1405/2 1343/1426/2
f 1358/1427/2 1359/1425/2 1343/1426/2
f 1358/1427/2 1343/1426/2 1344/1428/2
f 1358/1427/2 1344/1428/2 1345/1429/2
f 1357/1430/2 1358/1427/2 1345/1429/2
f 1357/1430/2 1345/1429/2 1346/1431/2
f 1357/1430/2 1346/1431/2 1347/1432/2
f 1356/1433/2 1357/1430/2 1347/1432/2
f 1356/1433/2 1347/1432/2 1348/1434/2
f 1356/1433/2 1348/1434/2 1349/1435/2
f 1355/1436/2 1356/1433/2 1349/1435/2
f 1355/1436/2 1349/1435/2 1350/1437/2
f 1355/1436/2 1350/1437/2 1351/1438/2
f 1355/1436/2 1351/1438/2 1352/1439/2
f 1354/1440/2 1355/1436/2 1352/1439/2
f 1354/1440/2 1352/1439/2 1353/1441/2
f 1453/1442/2 1454/1443/2 1455/1444/2
f 1477/1445/2 1478/1446/2 1479/1447/2
f 1452/1448/2 1453/1442/2 1455/1444/2
f 1452/1448/2 1455/1444/2 1456/1449/2
f 1476/1450/2 1477/1445/2 1479/1447/2
f 1476/1450/2 1479/1447/2 1480/1451/2
f 1451/1452/2 1452/1448/2 1456/1449/2
f 1451/1452/2 1456/1449/2 1457/1453/2
f 1475/1454/2 1476/1450/2 1480/1451/2
f 1450/1455/2 1451/1452/2 1457/1453/2
f 1450/1455/2 1457/1453/2 1458/1456/2
f 1475/1454/2 1480/1451/2 1481/1457/2
f 1474/1458/2 1475/1454/2 1481/1457/2
f 1449/1459/2 1450/1455/2 1458/1456/2
f 1546/1460/2 1547/1461/2 1548/1462/2
f 1546/1460/2 1548/1462/2 1442/1463/2
f 1449/1459/2 1458/1456/2 1459/1464/2
f 1473/1465/2 1474/1458/2 1481/1457/2
f 1448/1466/2 1449/1459/2 1459/1464/2
f 1473/1465/2 1481/1457/2 1482/1467/2
f 1448/1466/2 1459/1464/2 1460/1468/2
f 1447/1469/2 1448/1466/2 1460/1468/2
f 1472/1470/2 1473/1465/2 1482/1467/2
f 1447/1469/2 1460/1468/2 1461/1471/2
f 1472/1470/2 1482/1467/2 1483/1472/2
f 1446/1473/2 1447/1469/2 1461/1471/2
f 1471/1474/2 1472/1470/2 1483/1472/2
f 1446/1473/2 1461/1471/2 1462/1475/2
f 1445/1476/2 1446/1473/2 1462/1475/2
f 1470/1477/2 1471/1474/2 1483/1472/2
f 1470/1477/2 1483/1472/2 1484/1478/2
f 1445/1476/2 1462/1475/2 1463/1479/2
f 1444/1480/2 1445/1476/2 1463/1479/2
f 1469/1481/2 1470/1477/2 1484/1478/2
f 1444/1480/2 1463/1479/2 1464/1482/2
f 1443/1483/2 1444/1480/2 1464/1482/2
f 1469/1481/2 1484/1478/2 1485/1484/2
f 1468/1485/2 1469/1481/2 1485/1484/2
f 1443/1483/2 1464/1482/2 1465/1486/2
f 1442/1463/2 1443/1483/2 1465/1486/2
f 1467/1487/2 1468/1485/2 1485/1484/2
f 1467/1487/2 1485/1484/2 1505/1488/2
f 1505/1488/2 1485/1484/2 1486/1489/2
f 1546/1460/2 1442/1463/2 1544/1490/2
f 1544/1490/2 1442/1463/2 1543/1491/2
f 1543/1491/2 1442/1463/2 1542/1492/2
f 1542/1492/2 1442/1463/2 1541/1493/2
f 1541/1493/2 1442/1463/2 1540/1494/2
f 1540/1494/2 1442/1463/2 1539/1495/2
f 1539/1495/2 1442/1463/2 1538/1496/2
f 1538/1496/2 1442/1463/2 1537/1497/2
f 1537/1497/2 1442/1463/2 1536/1498/2
f 1536/1498/2 1442/1463/2 1535/1499/2
f 1535/1499/2 1442/1463/2 1534/1500/2
f 1534/1500/2 1442/1463/2 1533/1501/2
f 1533/1501/2 1442/1463/2 1465/1486/2
f 1533/1501/2 1465/1486/2 1532/1502/2
f 1532/1502/2 1465/1486/2 1466/1503/2
f 1466/1503/2 1467/1487/2 1506/1504/2
f 1506/1504/2 1467/1487/2 1505/1488/2
f 1531/1505/2 1532/1502/2 1466/1503/2
f 1504/1506/2 1505/1488/2 1486/1489/2
f 1466/1503/2 1506/1504/2 1507/1507/2
f 1530/1508/2 1531/1505/2 1466/1503/2
f 1503/1509/2 1504/1506/2 1486/1489/2
f 1466/1503/2 1507/1507/2 1508/1510/2
f 1529/1511/2 1530/1508/2 1466/1503/2
f 1502/1512/2 1503/1509/2 1486/1489/2
f 1466/1503/2 1508/1510/2 1509/1513/2
f 1528/1514/2 1529/1511/2 1466/1503/2
f 1528/1514/2 1466/1503/2 1509/1513/2
f 1501/1515/2 1502/1512/2 1486/1489/2
f 1528/1514/2 1509/1513/2 1510/1516/2
f 1501/1515/2 1486/1489/2 1487/1517/2
f 1527/1518/2 1528/1514/2 1510/1516/2
f 1527/1518/2 1510/1516/2 1511/1519/2
f 1500/1520/2 1501/1515/2 1487/1517/2
f 1527/1518/2 1511/1519/2 1512/1521/2
f 1526/1522/2 1527/1518/2 1512/1521/2
f 1499/1523/2 1500/1520/2 1487/1517/2
f 1526/1522/2 1512/1521/2 1513/1524/2
f 1525/1525/2 1526/1522/2 1513/1524/2
f 1498/1526/2 1499/1523/2 1487/1517/2
f 1525/1525/2 1513/1524/2 1514/1527/2
f 1498/1526/2 1487/1517/2 1488/1528/2
f 1524/1529/2 1525/1525/2 1514/1527/2
f 1524/1529/2 1514/1527/2 1515/1530/2
f 1497/1531/2 1498/1526/2 1488/1528/2
f 1524/1529/2 1515/1530/2 1516/1532/2
f 1523/1533/2 1524/1529/2 1516/1532/2
f 1496/1534/2 1497/1531/2 1488/1528/2
f 1523/1533/2 1516/1532/2 1517/1535/2
f 1496/1534/2 1488/1528/2 1489/1536/2
f 1522/1537/2 1523/1533/2 1517/1535/2
f 1546/1460/2 1544/1490/2 1545/1538/2
f 1522/1537/2 1517/1535/2 1518/1539/2
f 1495/1540/2 1496/1534/2 1489/1536/2
f 1521/1541/2 1522/1537/2 1518/1539/2
f 1494/1542/2 1495/1540/2 1489/1536/2
f 1494/1542/2 1489/1536/2 1490/1543/2
f 1520/1544/2 1521/1541/2 1518/1539/2
f 1493/1545/2 1494/1542/2 1490/1543/2
f 1493/1545/2 1490/1543/2 1491/1546/2
f 1519/1547/2 1520/1544/2 1518/1539/2
f 1492/1548/2 1493/1545/2 1491/1546/2
f 1646/1549/2 1647/1550/2 1648/1551/2
f 1645/1552/2 1646/1549/2 1648/1551/2
f 1645/1552/2 1648/1551/2 1649/1553/2
f 1644/1554/2 1645/1552/2 1649/1553/2
f 1643/1555/2 1644/1554/2 1649/1553/2
f 1643/1555/2 1649/1553/2 1650/1556/2
f 1642/1557/2 1643/1555/2 1650/1556/2
f 1642/1557/2 1650/1556/2 1651/1558/2
f 1641/1559/2 1642/1557/2 1651/1558/2
f 1640/1560/2 1641/1559/2 1651/1558/2
f 1640/1560/2 1651/1558/2 1652/1561/2
f 1639/1562/2 1640/1560/2 1652/1561/2
f 1639/1562/2 1652/1561/2 1653/1563/2
f 1638/1564/2 1639/1562/2 1653/1563/2
f 1637/1565/2 1638/1564/2 1653/1563/2
f 1637/1565/2 1653/1563/2 1654/1566/2
f 1636/1567/2 1637/1565/2 1654/1566/2
f 1636/1567/2 1654/1566/2 1655/1568/2
f 1635/1569/2 1636/1567/2 1655/1568/2
f 1634/1570/2 1635/1569/2 1633/1571/2
f 1633/1571/2 1635/1569/2 1632/1572/2
f 1632/1572/2 1635/1569/2 1631/1573/2
f 1631/1573/2 1635/1569/2 1630/1574/2
f 1630/1574/2 1635/1569/2 1629/1575/2
f 1629/1575/2 1635/1569/2 1628/1576/2
f 1628/1576/2 1635/1569/2 1627/1577/2
f 1627/1577/2 1635/1569/2 1626/1578/2
f 1626/1578/2 1635/1569/2 1625/1579/2
f 1625/1579/2 1635/1569/2 1624/1580/2
f 1624/1580/2 1635/1569/2 1655/1568/2
f 1624/1580/2 1655/1568/2 1623/1581/2
f 1623/1581/2 1655/1568/2 1622/1582/2
f 1622/1582/2 1655/1568/2 1656/1583/2
f 1622/1582/2 1656/1583/2 1621/1584/2
f 1621/1584/2 1656/1583/2 1657/1585/2
f 1620/1586/2 1621/1584/2 1657/1585/2
f 1619/1587/2 1620/1586/2 1657/1585/2
f 1618/1588/2 1619/1587/2 1657/1585/2
f 1617/1589/2 1618/1588/2 1657/1585/2
f 1616/1590/2 1617/1589/2 1657/1585/2
f 1616/1590/2 1657/1585/2 1658/1591/2
f 1615/1592/2 1616/1590/2 1658/1591/2
f 1614/1593/2 1615/1592/2 1658/1591/2
f 1613/1594/2 1614/1593/2 1658/1591/2
f 1613/1594/2 1658/1591/2 1659/1595/2
f 1612/1596/2 1613/1594/2 1659/1595/2
f 1611/1597/2 1612/1596/2 1659/1595/2
f 1611/1597/2 1659/1595/2 1660/1598/2
f 1610/1599/2 1611/1597/2 1660/1598/2
f 1609/1600/2 1610/1599/2 1660/1598/2
f 1608/1601/2 1609/1600/2 1722/1602/2
f 1722/1602/2 1609/1600/2 1660/1598/2
f 1607/1603/2 1608/1601/2 1722/1602/2
f 1606/1604/2 1607/1603/2 1722/1602/2
f 1605/1605/2 1606/1604/2 1722/1602/2
f 1604/1606/2 1605/1605/2 1722/1602/2
f 1604/1606/2 1722/1602/2 1686/1607/2
f 1721/1608/2 1722/1602/2 1660/1598/2
f 1604/1606/2 1686/1607/2 1687/1609/2
f 1603/1610/2 1604/1606/2 1687/1609/2
f 1603/1610/2 1687/1609/2 1688/1611/2
f 1602/1612/2 1603/1610/2 1688/1611/2
f 1602/1612/2 1688/1611/2 1689/1613/2
f 1601/1614/2 1602/1612/2 1689/1613/2
f 1601/1614/2 1689/1613/2 1690/1615/2
f 1601/1614/2 1690/1615/2 1691/1616/2
f 1600/1617/2 1601/1614/2 1691/1616/2
f 1600/1617/2 1691/1616/2 1692/1618/2
f 1599/1619/2 1600/1617/2 1692/1618/2
f 1599/1619/2 1692/1618/2 1693/1620/2
f 1599/1619/2 1693/1620/2 1694/1621/2
f 1598/1622/2 1599/1619/2 1694/1621/2
f 1598/1622/2 1694/1621/2 1695/1623/2
f 1598/1622/2 1695/1623/2 1696/1624/2
f 1597/1625/2 1598/1622/2 1696/1624/2
f 1597/1625/2 1696/1624/2 1697/1626/2
f 1596/1627/2 1597/1625/2 1697/1626/2
f 1596/1627/2 1697/1626/2 1698/1628/2
f 1596/1627/2 1698/1628/2 1699/1629/2
f 1595/1630/2 1596/1627/2 1699/1629/2
f 1595/1630/2 1699/1629/2 1700/1631/2
f 1595/1630/2 1700/1631/2 1701/1632/2
f 1720/1633/2 1721/1608/2 1660/1598/2
f 1594/1634/2 1595/1630/2 1701/1632/2
f 1719/1635/2 1720/1633/2 1660/1598/2
f 1594/1634/2 1701/1632/2 1702/1636/2
f 1718/1637/2 1719/1635/2 1660/1598/2
f 1683/1638/2 1684/1639/2 1685/1640/2
f 1718/1637/2 1660/1598/2 1661/1641/2
f 1594/1634/2 1702/1636/2 1703/1642/2
f 1682/1643/2 1683/1638/2 1685/1640/2
f 1717/1644/2 1718/1637/2 1661/1641/2
f 1717/1644/2 1661/1641/2 1662/1645/2
f 1681/1646/2 1682/1643/2 1685/1640/2
f 1593/1647/2 1594/1634/2 1703/1642/2
f 1593/1647/2 1703/1642/2 1704/1648/2
f 1717/1644/2 1662/1645/2 1663/1649/2
f 1716/1650/2 1717/1644/2 1663/1649/2
f 1680/1651/2 1681/1646/2 1685/1640/2
f 1716/1650/2 1663/1649/2 1664/1652/2
f 1715/1653/2 1716/1650/2 1664/1652/2
f 1679/1654/2 1680/1651/2 1685/1640/2
f 1593/1647/2 1704/1648/2 1705/1655/2
f 1715/1653/2 1664/1652/2 1665/1656/2
f 1678/1657/2 1679/1654/2 1685/1640/2
f 1714/1658/2 1715/1653/2 1665/1656/2
f 1714/1658/2 1665/1656/2 1666/1659/2
f 1677/1660/2 1678/1657/2 1685/1640/2
f 1593/1647/2 1705/1655/2 1706/1661/2
f 1714/1658/2 1666/1659/2 1667/1662/2
f 1713/1663/2 1714/1658/2 1667/1662/2
f 1676/1664/2 1677/1660/2 1685/1640/2
f 1713/1663/2 1667/1662/2 1668/1665/2
f 1592/1666/2 1593/1647/2 1706/1661/2
f 1675/1667/2 1676/1664/2 1685/1640/2
f 1592/1666/2 1706/1661/2 1707/1668/2
f 1712/1669/2 1713/1663/2 1668/1665/2
f 1712/1669/2 1668/1665/2 1669/1670/2
f 1674/1671/2 1675/1667/2 1685/1640/2
f 1712/1669/2 1669/1670/2 1670/1672/2
f 1673/1673/2 1674/1671/2 1685/1640/2
f 1711/1674/2 1712/1669/2 1670/1672/2
f 1711/1674/2 1670/1672/2 1671/1675/2
f 1672/1676/2 1673/1673/2 1685/1640/2
f 1711/1674/2 1671/1675/2 1672/1676/2
f 1592/1666/2 1707/1668/2 1708/1677/2
f 1711/1674/2 1672/1676/2 1685/1640/2
f 1710/1678/2 1711/1674/2 1685/1640/2
f 1592/1666/2 1708/1677/2 1709/1679/2
f 1709/1679/2 1710/1678/2 1685/1640/2
f 1592/1666/2 1709/1679/2 1572/1680/2
f 1572/1680/2 1709/1679/2 1685/1640/2
f 1591/1681/2 1592/1666/2 1572/1680/2
f 1591/1681/2 1572/1680/2 1573/1682/2
f 1571/1683/2 1572/1680/2 1685/1640/2
f 1590/1684/2 1591/1681/2 1573/1682/2
f 1590/1684/2 1573/1682/2 1574/1685/2
f 1570/1686/2 1571/1683/2 1685/1640/2
f 1570/1686/2 1685/1640/2 1549/1687/2
f 1589/1688/2 1590/1684/2 1574/1685/2
f 1589/1688/2 1574/1685/2 1575/1689/2
f 1569/1690/2 1570/1686/2 1549/1687/2
f 1569/1690/2 1549/1687/2 1550/1691/2
f 1589/1688/2 1575/1689/2 1576/1692/2
f 1568/1693/2 1569/1690/2 1550/1691/2
f 1588/1694/2 1589/1688/2 1576/1692/2
f 1568/1693/2 1550/1691/2 1551/1695/2
f 1588/1694/2 1576/1692/2 1577/1696/2
f 1567/1697/2 1568/1693/2 1551/1695/2
f 1567/1697/2 1551/1695/2 1552/1698/2
f 1587/1699/2 1588/1694/2 1577/1696/2
f 1587/1699/2 1577/1696/2 1578/1700/2
f 1566/1701/2 1567/1697/2 1552/1698/2
f 1566/1701/2 1552/1698/2 1553/1702/2
f 1587/1699/2 1578/1700/2 1579/1703/2
f 1565/1704/2 1566/1701/2 1553/1702/2
f 1565/1704/2 1553/1702/2 1554/1705/2
f 1586/1706/2 1587/1699/2 1579/1703/2
f 1586/1706/2 1579/1703/2 1580/1707/2
f 1564/1708/2 1565/1704/2 1554/1705/2
f 1564/1708/2 1554/1705/2 1555/1709/2
f 1586/1706/2 1580/1707/2 1581/1710/2
f 1564/1708/2 1555/1709/2 1556/1711/2
f 1563/1712/2 1564/1708/2 1556/1711/2
f 1585/1713/2 1586/1706/2 1581/1710/2
f 1563/1712/2 1556/1711/2 1557/1714/2
f 1585/1713/2 1581/1710/2 1582/1715/2
f 1562/1716/2 1563/1712/2 1557/1714/2
f 1562/1716/2 1557/1714/2 1558/1717/2
f 1585/1713/2 1582/1715/2 1583/1718/2
f 1561/1719/2 1562/1716/2 1558/1717/2
f 1584/1720/2 1585/1713/2 1583/1718/2
f 1561/1719/2 1558/1717/2 1559/1721/2
f 1560/1722/2 1561/1719/2 1559/1721/2
f 1757/1723/2 1758/1724/2 1759/1725/2
f 1757/1723/2 1759/1725/2 1760/1726/2
f 1757/1723/2 1760/1726/2 1761/1727/2
f 1757/1723/2 1761/1727/2 1762/1728/2
f 1756/1729/2 1757/1723/2 1762/1728/2
f 1756/1729/2 1762/1728/2 1763/1730/2
f 1756/1729/2 1763/1730/2 1764/1731/2
f 1756/1729/2 1764/1731/2 1765/1732/2
f 1755/1733/2 1756/1729/2 1765/1732/2
f 1755/1733/2 1765/1732/2 1766/1734/2
f 1755/1733/2 1766/1734/2 1767/1735/2
f 1754/1736/2 1755/1733/2 1767/1735/2
f 1754/1736/2 1767/1735/2 1768/1737/2
f 1754/1736/2 1768/1737/2 1769/1738/2
f 1753/1739/2 1754/1736/2 1769/1738/2
f 1753/1739/2 1769/1738/2 1770/1740/2
f 1753/1739/2 1770/1740/2 1781/1741/2
f 1781/1741/2 1770/1740/2 1780/1742/2
f 1780/1742/2 1770/1740/2 1779/1743/2
f 1779/1743/2 1770/1740/2 1778/1744/2
f 1778/1744/2 1770/1740/2 1777/1745/2
f 1777/1745/2 1770/1740/2 1776/1746/2
f 1776/1746/2 1770/1740/2 1775/1747/2
f 1775/1747/2 1770/1740/2 1774/1748/2
f 1774/1748/2 1770/1740/2 1773/1749/2
f 1773/1749/2 1770/1740/2 1772/1750/2
f 1772/1750/2 1770/1740/2 1771/1751/2
f 1752/1752/2 1753/1739/2 1783/1753/2
f 1783/1753/2 1753/1739/2 1782/1754/2
f 1782/1754/2 1753/1739/2 1781/1741/2
f 1752/1752/2 1783/1753/2 1784/1755/2
f 1752/1752/2 1784/1755/2 1785/1756/2
f 1752/1752/2 1785/1756/2 1786/1757/2
f 1751/1758/2 1752/1752/2 1786/1757/2
f 1751/1758/2 1786/1757/2 1787/1759/2
f 1751/1758/2 1787/1759/2 1788/1760/2
f 1750/1761/2 1751/1758/2 1788/1760/2
f 1750/1761/2 1788/1760/2 1789/1762/2
f 1750/1761/2 1789/1762/2 1790/1763/2
f 1749/1764/2 1750/1761/2 1790/1763/2
f 1749/1764/2 1790/1763/2 1791/1765/2
f 1748/1766/2 1749/1764/2 1791/1765/2
f 1748/1766/2 1791/1765/2 1792/1767/2
f 1748/1766/2 1792/1767/2 1793/1768/2
f 1747/1769/2 1748/1766/2 1793/1768/2
f 1747/1769/2 1793/1768/2 1794/1770/2
f 1746/1771/2 1747/1769/2 1794/1770/2
f 1746/1771/2 1794/1770/2 1795/1772/2
f 1746/1771/2 1795/1772/2 1796/1773/2
f 1745/1774/2 1746/1771/2 1796/1773/2
f 1821/1775/2 1822/1776/2 1823/1777/2
f 1821/1775/2 1823/1777/2 1820/1778/2
f 1820/1778/2 1823/1777/2 1824/1779/2
f 1745/1774/2 1796/1773/2 1797/1780/2
f 1744/1781/2 1745/1774/2 1797/1780/2
f 1744/1781/2 1797/1780/2 1798/1782/2
f 1819/1783/2 1820/1778/2 1824/1779/2
f 1743/1784/2 1744/1781/2 1798/1782/2
f 1743/1784/2 1798/1782/2 1799/1785/2
f 1743/1784/2 1799/1785/2 1800/1786/2
f 1742/1787/2 1743/1784/2 1800/1786/2
f 1742/1787/2 1800/1786/2 1801/1788/2
f 1741/1789/2 1742/1787/2 1801/1788/2
f 1741/1789/2 1801/1788/2 1802/1790/2
f 1741/1789/2 1802/1790/2 1803/1791/2
f 1740/1792/2 1741/1789/2 1803/1791/2
f 1740/1792/2 1803/1791/2 1804/1793/2
f 1818/1794/2 1819/1783/2 1824/1779/2
f 1817/1795/2 1818/1794/2 1824/1779/2
f 1816/1796/2 1817/1795/2 1824/1779/2
f 1740/1792/2 1804/1793/2 1805/1797/2
f 1815/1798/2 1816/1796/2 1824/1779/2
f 1814/1799/2 1815/1798/2 1824/1779/2
f 1813/1800/2 1814/1799/2 1824/1779/2
f 1740/1792/2 1805/1797/2 1806/1801/2
f 1739/1802/2 1740/1792/2 1806/1801/2
f 1812/1803/2 1813/1800/2 1824/1779/2
f 1811/1804/2 1812/1803/2 1824/1779/2
f 1810/1805/2 1811/1804/2 1824/1779/2
f 1739/1802/2 1806/1801/2 1807/1806/2
f 1809/1807/2 1810/1805/2 1824/1779/2
f 1808/1808/2 1809/1807/2 1824/1779/2
f 1807/1806/2 1808/1808/2 1824/1779/2
f 1739/1802/2 1807/1806/2 1824/1779/2
f 1738/1809/2 1739/1802/2 1824/1779/2
f 1738/1809/2 1824/1779/2 1723/1810/2
f 1738/1809/2 1723/1810/2 1724/1811/2
f 1737/1812/2 1738/1809/2 1724/1811/2
f 1737/1812/2 1724/1811/2 1725/1813/2
f 1737/1812/2 1725/1813/2 1726/1814/2
f 1736/1815/2 1737/1812/2 1726/1814/2
f 1736/1815/2 1726/1814/2 1727/1816/2
f 1736/1815/2 1727/1816/2 1728/1817/2
f 1736/1815/2 1728/1817/2 1729/1818/2
f 1735/1819/2 1736/1815/2 1729/1818/2
f 1735/1819/2 1729/1818/2 1730/1820/2
f 1735/1819/2 1730/1820/2 1731/1821/2
f 1735/1819/2 1731/1821/2 1732/1822/2
f 1734/1823/2 1735/1819/2 1732/1822/2
f 1734/1823/2 1732/1822/2 1733/1824/2
s 1
f 1826/1825/3 1828/1826/4 1827/1827/4 1825/1828/3
f 1828/1826/4 1830/1829/5 1829/1830/5 1827/1827/4
f 1830/1829/5 1832/1831/6 1831/1832/6 1829/1830/5
f 1832/1831/6 1834/1833/7 1833/1834/7 1831/1832/6
f 1834/1833/7 1836/1835/8 1835/1836/8 1833/1834/7
f 1836/1835/8 1838/1837/9 1837/1838/9 1835/1836/8
f 1838/1837/9 1840/1839/10 1839/1840/10 1837/1838/9
f 1840/1839/10 1842/1841/11 1841/1842/11 1839/1840/10
f 1842/1841/11 1844/1843/12 1843/1844/12 1841/1842/11
f 1844/1843/12 1846/1845/13 1845/1846/13 1843/1844/12
f 1846/1845/13 1848/1847/14 1847/1848/14 1845/1846/13
f 1848/1847/14 1850/1849/15 1849/1850/15 1847/1848/14
f 1850/1849/15 1852/1851/16 1851/1852/16 1849/1850/15
f 1852/1851/16 1854/1853/17 1853/1854/17 1851/1852/16
f 1854/1853/17 1856/1855/18 1855/1856/18 1853/1854/17
f 1856/1855/18 1858/1857/19 1857/1858/19 1855/1856/18
f 1858/1857/19 1860/1859/20 1859/1860/20 1857/1858/19
f 1860/1859/20 1862/1861/21 1861/1862/21 1859/1860/20
f 1862/1861/21 1864/1863/22 1863/1864/22 1861/1862/21
f 1864/1863/22 1866/1865/23 1865/1866/23 1863/1864/22
f 1866/1865/23 1868/1867/24 1867/1868/24 1865/1866/23
f 1868/1867/24 1870/1869/25 1869/1870/25 1867/1868/24
f 1870/1869/25 1872/1871/26 1871/1872/26 1869/1870/25
f 1872/1871/26 1874/1873/27 1873/1874/27 1871/1872/26
f 1874/1873/27 1876/1875/28 1875/1876/28 1873/1874/27
f 1876/1875/28 1878/1877/29 1877/1878/29 1875/1876/28
f 1878/1877/29 1880/1879/30 1879/1880/30 1877/1878/29
f 1880/1879/30 1882/1881/31 1881/1882/31 1879/1880/30
f 1882/1881/31 1884/1883/32 1883/1884/32 1881/1882/31
f 1884/1883/32 1886/1885/33 1885/1886/33 1883/1884/32
f 1886/1885/33 1888/1887/34 1887/1888/34 1885/1886/33
f 1888/1887/34 1890/1889/35 1889/1890/35 1887/1888/34
f 1890/1889/35 1892/1891/36 1891/1892/36 1889/1890/35
f 1892/1891/36 1894/1893/37 1893/1894/37 1891/1892/36
f 1894/1893/37 1896/1895/38 1895/1896/38 1893/1894/37
f 1896/1895/38 1898/1897/39 1897/1898/39 1895/1896/38
f 1898/1897/39 1900/1899/40 1899/1900/40 1897/1898/39
f 1900/1899/40 1902/1901/41 1901/1902/41 1899/1900/40
f 1902/1901/41 1904/1903/42 1903/1904/42 1901/1902/41
f 1904/1903/42 1906/1905/43 1905/1906/43 1903/1904/42
f 1906/1905/43 1908/1907/44 1907/1908/44 1905/1906/43
f 1908/1907/44 1910/1909/45 1909/1910/45 1907/1908/44
f 1910/1909/45 1912/1911/46 1911/1912/46 1909/1910/45
f 1912/1911/46 1914/1913/47 1913/1914/47 1911/1912/46
f 1914/1913/47 1916/1915/48 1915/1916/48 1913/1914/47
f 1916/1915/48 1918/1917/49 1917/1918/49 1915/1916/48
f 1918/1917/49 1920/1919/50 1919/1920/50 1917/1918/49
f 1920/1919/50 1922/1921/51 1921/1922/51 1919/1920/50
f 1922/1921/51 1924/1923/52 1923/1924/52 1921/1922/51
f 1924/1923/52 1926/1925/53 1925/1926/53 1923/1924/52
f 1926/1925/53 1928/1927/54 1927/1928/54 1925/1926/53
f 1928/1927/54 1930/1929/55 1929/1930/55 1927/1928/54
f 1930/1929/55 1932/1931/56 1931/1932/56 1929/1930/55
f 1932/1931/56 1934/1933/57 1933/1934/57 1931/1932/56
f 1934/1933/57 1936/1935/58 1935/1936/58 1933/1934/57
f 1936/1935/58 1938/1937/59 1937/1938/59 1935/1936/58
f 1938/1937/59 1940/1939/60 1939/1940/60 1937/1938/59
f 1940/1939/60 1942/1941/61 1941/1942/61 1939/1940/60
f 1942/1941/61 1944/1943/62 1943/1944/62 1941/1942/61
f 1944/1943/62 1946/1945/63 1945/1946/63 1943/1944/62
f 1946/1945/63 1948/1947/64 1947/1948/64 1945/1946/63
f 1948/1947/64 1950/1949/65 1949/1950/65 1947/1948/64
f 1950/1949/65 1952/1951/66 1951/1952/66 1949/1950/65
f 1952/1951/66 1954/1953/67 1953/1954/67 1951/1952/66
f 1954/1953/67 1956/1955/68 1955/1956/68 1953/1954/67
f 1956/1955/68 1958/1957/69 1957/1958/69 1955/1956/68
f 1958/1957/69 1960/1959/70 1959/1960/70 1957/1958/69
f 1960/1959/70 1962/1961/71 1961/1962/71 1959/1960/70
f 1962/1961/71 1964/1963/72 1963/1964/72 1961/1962/71
f 1964/1963/72 1966/1965/73 1965/1966/73 1963/1964/72
f 1966/1965/73 1968/1967/74 1967/1968/74 1965/1966/73
f 1968/1967/74 1970/1969/75 1969/1970/75 1967/1968/74
f 1970/1969/75 1972/1971/76 1971/1972/76 1969/1970/75
f 1972/1971/76 1974/1973/77 1973/1974/77 1971/1972/76
f 1974/1973/77 1976/1975/78 1975/1976/78 1973/1974/77
f 1976/1975/78 1978/1977/79 1977/1978/79 1975/1976/78
f 1978/1977/79 1980/1979/80 1979/1980/80 1977/1978/79
f 1980/1979/80 1982/1981/81 1981/1982/81 1979/1980/80
f 1982/1981/81 1984/1983/82 1983/1984/82 1981/1982/81
f 1984/1983/82 1986/1985/83 1985/1986/83 1983/1984/82
f 1986/1985/83 1988/1987/84 1987/1988/84 1985/1986/83
f 1988/1987/84 1990/1989/85 1989/1990/85 1987/1988/84
f 1990/1989/85 1992/1991/86 1991/1992/86 1989/1990/85
f 1992/1991/86 1994/1993/87 1993/1994/87 1991/1992/86
f 1994/1993/87 1996/1995/88 1995/1996/88 1993/1994/87
f 1996/1995/88 1998/1997/89 1997/1998/89 1995/1996/88
f 1998/1997/89 2000/1999/90 1999/2000/90 1997/1998/89
f 2000/1999/90 2002/2001/91 2001/2002/91 1999/2000/90
f 2002/2001/91 2004/2003/92 2003/2004/92 2001/2002/91
f 2004/2003/92 2006/2005/93 2005/2006/93 2003/2004/92
f 2006/2005/93 2008/2007/94 2007/2008/94 2005/2006/93
f 2008/2007/94 2010/2009/95 2009/2010/95 2007/2008/94
f 2010/2009/95 2012/2011/96 2011/2012/96 2009/2010/95
f 2012/2011/96 2014/2013/97 2013/2014/97 2011/2012/96
f 2014/2013/97 2016/2015/98 2015/2016/98 2013/2014/97
f 2016/2015/98 2018/2017/99 2017/2018/99 2015/2016/98
f 2018/2017/99 2020/2019/100 2019/2020/100 2017/2018/99
f 2020/2019/100 2022/2021/100 2021/2022/100 2019/2020/100
f 2022/2021/100 2024/2023/101 2023/2024/101 2021/2022/100
f 2024/2023/101 2026/2025/102 2025/2026/102 2023/2024/101
f 2026/2025/102 2028/2027/103 2027/2028/103 2025/2026/102
f 2028/2027/103 1826/1825/3 1825/1828/3 2027/2028/103
f 2030/2029/104 2032/2030/105 2031/2031/105 2029/2032/104
f 2032/2030/105 2034/2033/106 2033/2034/106 2031/2031/105
f 2034/2033/106 2036/2035/107 2035/2036/107 2033/2034/106
f 2036/2035/107 2038/2037/108 2037/2038/108 2035/2036/107
f 2038/2037/108 2040/2039/109 2039/2040/109 2037/2038/108
f 2040/2039/109 2042/2041/110 2041/2042/110 2039/2040/109
f 2042/2041/110 2044/2043/111 2043/2044/111 2041/2042/110
f 2044/2043/111 2046/2045/112 2045/2046/112 2043/2044/111
f 2046/2045/112 2048/2047/113 2047/2048/113 2045/2046/112
f 2048/2047/113 2050/2049/114 2049/2050/114 2047/2048/113
f 2050/2049/114 2052/2051/115 2051/2052/115 2049/2050/114
f 2052/2051/115 2054/2053/116 2053/2054/116 2051/2052/115
f 2054/2053/116 2056/2055/117 2055/2056/117 2053/2054/116
f 2056/2055/117 2058/2057/118 2057/2058/118 2055/2056/117
f 2058/2057/118 2060/2059/119 2059/2060/119 2057/2058/118
f 2060/2059/119 2062/2061/120 2061/2062/120 2059/2060/119
f 2062/2061/120 2064/2063/121 2063/2064/121 2061/2062/120
f 2064/2063/121 2066/2065/122 2065/2066/122 2063/2064/121
f 2066/2065/122 2068/2067/123 2067/2068/123 2065/2066/122
f 2068/2067/123 2070/2069/124 2069/2070/124 2067/2068/123
f 2070/2069/124 2072/2071/125 2071/2072/125 2069/2070/124
f 2072/2071/125 2074/2073/126 2073/2074/126 2071/2072/125
f 2074/2073/126 2076/2075/127 2075/2076/127 2073/2074/126
f 2076/2075/127 2078/2077/128 2077/2078/128 2075/2076/127
f 2078/2077/128 2080/2079/129 2079/2080/129 2077/2078/128
f 2080/2079/129 2082/2081/130 2081/2082/130 2079/2080/129
f 2082/2081/130 2084/2083/131 2083/2084/131 2081/2082/130
f 2084/2083/131 2086/2085/132 2085/2086/132 2083/2084/131
f 2086/2085/132 2088/2087/133 2087/2088/133 2085/2086/132
f 2088/2087/133 2090/2089/134 2089/2090/134 2087/2088/133
f 2090/2089/134 2092/2091/135 2091/2092/135 2089/2090/134
f 2092/2091/135 2094/2093/136 2093/2094/136 2091/2092/135
f 2094/2093/136 2096/2095/137 2095/2096/137 2093/2094/136
f 2096/2095/137 2098/2097/138 2097/2098/138 2095/2096/137
f 2098/2097/138 2100/2099/139 2099/2100/139 2097/2098/138
f 2100/2099/139 2102/2101/140 2101/2102/140 2099/2100/139
f 2102/2101/140 2104/2103/141 2103/2104/141 2101/2102/140
f 2104/2103/141 2106/2105/142 2105/2106/142 2103/2104/141
f 2106/2105/142 2108/2107/143 2107/2108/143 2105/2106/142
f 2108/2107/143 2110/2109/144 2109/2110/144 2107/2108/143
f 2110/2109/144 2112/2111/145 2111/2112/145 2109/2110/144
f 2112/2111/145 2114/2113/146 2113/2114/146 2111/2112/145
f 2114/2113/146 2116/2115/147 2115/2116/147 2113/2114/146
f 2116/2115/147 2118/2117/148 2117/2118/148 2115/2116/147
f 2118/2117/148 2120/2119/149 2119/2120/149 2117/2118/148
f 2120/2119/149 2122/2121/150 2121/2122/150 2119/2120/149
f 2122/2121/150 2124/2123/151 2123/2124/151 2121/2122/150
f 2124/2123/151 2126/2125/152 2125/2126/152 2123/2124/151
f 2126/2125/152 2128/2127/153 2127/2128/153 2125/2126/152
f 2128/2127/153 2130/2129/154 2129/2130/154 2127/2128/153
f 2130/2129/154 2132/2131/155 2131/2132/155 2129/2130/154
f 2132/2131/155 2134/2133/156 2133/2134/156 2131/2132/155
f 2134/2133/156 2136/2135/157 2135/2136/157 2133/2134/156
f 2136/2135/157 2138/2137/158 2137/2138/158 2135/2136/157
f 2138/2137/158 2140/2139/159 2139/2140/159 2137/2138/158
f 2140/2139/159 2142/2141/160 2141/2142/160 2139/2140/159
f 2142/2141/160 2144/2143/161 2143/2144/161 2141/2142/160
f 2144/2143/161 2146/2145/162 2145/2146/162 2143/2144/161
f 2146/2145/162 2148/2147/163 2147/2148/163 2145/2146/162
f 2148/2147/163 2150/2149/164 2149/2150/164 2147/2148/163
f 2150/2149/164 2152/2151/165 2151/2152/165 2149/2150/164
f 2152/2151/165 2154/2153/166 2153/2154/166 2151/2152/165
f 2154/2153/166 2156/2155/167 2155/2156/167 2153/2154/166
f 2156/2155/167 2158/2157/168 2157/2158/168 2155/2156/167
f 2158/2157/168 2160/2159/169 2159/2160/169 2157/2158/168
f 2160/2159/169 2162/2161/170 2161/2162/170 2159/2160/169
f 2162/2161/170 2164/2163/171 2163/2164/171 2161/2162/170
f 2164/2163/171 2166/2165/172 2165/2166/172 2163/2164/171
f 2166/2165/172 2168/2167/173 2167/2168/173 2165/2166/172
f 2168/2167/173 2170/2169/174 2169/2170/174 2167/2168/173
f 2170/2169/174 2172/2171/175 2171/2172/175 2169/2170/174
f 2172/2171/175 2174/2173/176 2173/2174/176 2171/2172/175
f 2174/2173/176 2176/2175/177 2175/2176/177 2173/2174/176
f 2176/2175/177 2178/2177/178 2177/2178/178 2175/2176/177
f 2178/2177/178 2180/2179/179 2179/2180/179 2177/2178/178
f 2180/2179/179 2182/2181/180 2181/2182/180 2179/2180/179
f 2182/2181/180 2184/2183/181 2183/2184/181 2181/2182/180
f 2184/2183/181 2186/2185/182 2185/2186/182 2183/2184/181
f 2186/2185/182 2188/2187/183 2187/2188/183 2185/2186/182
f 2188/2187/183 2190/2189/184 2189/2190/184 2187/2188/183
f 2190/2189/184 2192/2191/185 2191/2192/185 2189/2190/184
f 2192/2191/185 2194/2193/186 2193/2194/186 2191/2192/185
f 2194/2193/186 2196/2195/187 2195/2196/187 2193/2194/186
f 2196/2195/187 2198/2197/188 2197/2198/188 2195/2196/187
f 2198/2197/188 2200/2199/189 2199/2200/189 2197/2198/188
f 2200/2199/189 2202/2201/190 2201/2202/190 2199/2200/189
f 2202/2201/190 2204/2203/191 2203/2204/191 2201/2202/190
f 2204/2203/191 2206/2205/192 2205/2206/192 2203/2204/191
f 2206/2205/192 2208/2207/193 2207/2208/193 2205/2206/192
f 2208/2207/193 2210/2209/194 2209/2210/194 2207/2208/193
f 2210/2209/194 2212/2211/195 2211/2212/195 2209/2210/194
f 2212/2211/195 2214/2213/196 2213/2214/196 2211/2212/195
f 2214/2213/196 2216/2215/197 2215/2216/197 2213/2214/196
f 2216/2215/197 2218/2217/198 2217/2218/198 2215/2216/197
f 2218/2217/198 2220/2219/199 2219/2220/199 2217/2218/198
f 2220/2219/199 2222/2221/200 2221/2222/200 2219/2220/199
f 2222/2221/200 2224/2223/201 2223/2224/201 2221/2222/200
f 2224/2223/201 2226/2225/202 2225/2226/202 2223/2224/201
f 2226/2225/202 2228/2227/203 2227/2228/203 2225/2226/202
f 2228/2227/203 2230/2229/204 2229/2230/204 2227/2228/203
f 2230/2229/204 2232/2231/205 2231/2232/205 2229/2230/204
f 2232/2231/205 2234/2233/206 2233/2234/206 2231/2232/205
f 2234/2233/206 2236/2235/207 2235/2236/207 2233/2234/206
f 2236/2235/207 2238/2237/208 2237/2238/208 2235/2236/207
f 2238/2237/208 2240/2239/209 2239/2240/209 2237/2238/208
f 2240/2239/209 2242/2241/210 2241/2242/210 2239/2240/209
f 2242/2241/210 2244/2243/211 2243/2244/211 2241/2242/210
f 2244/2243/211 2246/2245/212 2245/2246/212 2243/2244/211
f 2246/2245/212 2248/2247/213 2247/2248/213 2245/2246/212
f 2248/2247/213 2250/2249/214 2249/2250/214 2247/2248/213
f 2250/2249/214 2252/2251/215 2251/2252/215 2249/2250/214
f 2252/2251/215 2254/2253/216 2253/2254/216 2251/2252/215
f 2254/2253/216 2256/2255/217 2255/2256/217 2253/2254/216
f 2256/2255/217 2258/2257/218 2257/2258/218 2255/2256/217
f 2258/2257/218 2260/2259/219 2259/2260/219 2257/2258/218
f 2260/2259/219 2262/2261/220 2261/2262/220 2259/2260/219
f 2262/2261/220 2264/2263/221 2263/2264/221 2261/2262/220
f 2264/2263/221 2266/2265/222 2265/2266/222 2263/2264/221
f 2266/2265/222 2268/2267/223 2267/2268/223 2265/2266/222
f 2268/2267/223 2270/2269/224 2269/2270/224 2267/2268/223
f 2270/2269/224 2272/2271/225 2271/2272/225 2269/2270/224
f 2272/2271/225 2274/2273/226 2273/2274/226 2271/2272/225
f 2274/2273/226 2276/2275/227 2275/2276/227 2273/2274/226
f 2276/2275/227 2278/2277/228 2277/2278/228 2275/2276/227
f 2278/2277/228 2280/2279/229 2279/2280/229 2277/2278/228
f 2280/2279/229 2282/2281/230 2281/2282/230 2279/2280/229
f 2282/2281/230 2284/2283/231 2283/2284/231 2281/2282/230
f 2284/2283/231 2286/2285/232 2285/2286/232 2283/2284/231
f 2286/2285/232 2288/2287/233 2287/2288/233 2285/2286/232
f 2288/2287/233 2290/2289/234 2289/2290/234 2287/2288/233
f 2290/2289/234 2292/2291/235 2291/2292/235 2289/2290/234
f 2292/2291/235 2294/2293/236 2293/2294/236 2291/2292/235
f 2294/2293/236 2296/2295/237 2295/2296/237 2293/2294/236
f 2296/2295/237 2298/2297/238 2297/2298/238 2295/2296/237
f 2298/2297/238 2300/2299/239 2299/2300/239 2297/2298/238
f 2300/2299/239 2302/2301/240 2301/2302/240 2299/2300/239
f 2302/2301/240 2030/2029/104 2029/2032/104 2301/2302/240
f 2304/2303/241 2306/2304/242 2305/2305/242 2303/2306/241
f 2306/2304/242 2308/2307/243 2307/2308/243 2305/2305/242
f 2308/2307/243 2310/2309/244 2309/2310/244 2307/2308/243
f 2310/2309/244 2312/2311/245 2311/2312/245 2309/2310/244
f 2312/2311/245 2314/2313/246 2313/2314/246 2311/2312/245
f 2314/2313/246 2316/2315/247 2315/2316/247 2313/2314/246
f 2316/2315/247 2318/2317/248 2317/2318/248 2315/2316/247
f 2318/2317/248 2320/2319/249 2319/2320/249 2317/2318/248
f 2320/2319/249 2322/2321/250 2321/2322/250 2319/2320/249
f 2322/2321/250 2324/2323/251 2323/2324/251 2321/2322/250
f 2324/2323/251 2326/2325/252 2325/2326/252 2323/2324/251
f 2326/2325/252 2328/2327/253 2327/2328/253 2325/2326/252
f 2328/2327/253 2330/2329/254 2329/2330/254 2327/2328/253
f 2330/2329/254 2332/2331/255 2331/2332/255 2329/2330/254
f 2332/2331/255 2334/2333/256 2333/2334/256 2331/2332/255
f 2334/2333/256 2336/2335/257 2335/2336/257 2333/2334/256
f 2336/2335/257 2338/2337/258 2337/2338/258 2335/2336/257
f 2338/2337/258 2340/2339/259 2339/2340/259 2337/2338/258
f 2340/2339/259 2342/2341/260 2341/2342/260 2339/2340/259
f 2342/2341/260 2344/2343/261 2343/2344/261 2341/2342/260
f 2344/2343/261 2346/2345/262 2345/2346/262 2343/2344/261
f 2346/2345/262 2348/2347/263 2347/2348/263 2345/2346/262
f 2348/2347/263 2350/2349/264 2349/2350/264 2347/2348/263
f 2350/2349/264 2352/2351/265 2351/2352/265 2349/2350/264
f 2352/2351/265 2354/2353/266 2353/2354/266 2351/2352/265
f 2354/2353/266 2356/2355/267 2355/2356/267 2353/2354/266
f 2356/2355/267 2358/2357/268 2357/2358/268 2355/2356/267
f 2358/2357/268 2360/2359/269 2359/2360/269 2357/2358/268
f 2360/2359/269 2362/2361/270 2361/2362/270 2359/2360/269
f 2362/2361/270 2364/2363/271 2363/2364/271 2361/2362/270
f 2364/2363/271 2366/2365/272 2365/2366/272 2363/2364/271
f 2366/2365/272 2368/2367/273 2367/2368/273 2365/2366/272
f 2368/2367/273 2370/2369/274 2369/2370/274 2367/2368/273
f 2370/2369/274 2372/2371/275 2371/2372/275 2369/2370/274
f 2372/2371/275 2374/2373/276 2373/2374/276 2371/2372/275
f 2374/2373/276 2376/2375/277 2375/2376/277 2373/2374/276
f 2376/2375/277 2304/2303/241 2303/2306/241 2375/2376/277
f 2378/2377/278 2380/2378/279 2379/2379/279 2377/2380/278
f 2380/2378/279 2382/2381/280 2381/2382/280 2379/2379/279
f 2382/2381/280 2384/2383/281 2383/2384/281 2381/2382/280
f 2384/2383/281 2386/2385/282 2385/2386/282 2383/2384/281
f 2386/2385/282 2388/2387/283 2387/2388/283 2385/2386/282
f 2388/2387/283 2390/2389/284 2389/2390/284 2387/2388/283
f 2390/2389/284 2392/2391/285 2391/2392/285 2389/2390/284
f 2392/2391/285 2394/2393/286 2393/2394/286 2391/2392/285
f 2394/2393/286 2396/2395/287 2395/2396/287 2393/2394/286
f 2396/2395/287 2398/2397/288 2397/2398/288 2395/2396/287
f 2398/2397/288 2400/2399/289 2399/2400/289 2397/2398/288
f 2400/2399/289 2402/2401/290 2401/2402/290 2399/2400/289
f 2402/2401/290 2404/2403/291 2403/2404/291 2401/2402/290
f 2404/2403/291 2406/2405/292 2405/2406/292 2403/2404/291
f 2406/2405/292 2408/2407/293 2407/2408/293 2405/2406/292
f 2408/2407/293 2410/2409/294 2409/2410/294 2407/2408/293
f 2410/2409/294 2412/2411/295 2411/2412/295 2409/2410/294
f 2412/2411/295 2414/2413/296 2413/2414/296 2411/2412/295
f 2414/2413/296 2416/2415/297 2415/2416/297 2413/2414/296
f 2416/2415/297 2418/2417/298 2417/2418/298 2415/2416/297
f 2418/2417/298 2420/2419/299 2419/2420/299 2417/2418/298
f 2420/2419/299 2422/2421/300 2421/2422/300 2419/2420/299
f 2422/2421/300 2424/2423/301 2423/2424/301 2421/2422/300
f 2424/2423/301 2426/2425/302 2425/2426/302 2423/2424/301
f 2426/2425/302 2428/2427/303 2427/2428/303 2425/2426/302
f 2428/2427/303 2430/2429/304 2429/2430/304 2427/2428/303
f 2430/2429/304 2432/2431/305 2431/2432/305 2429/2430/304
f 2432/2431/305 2434/2433/306 2433/2434/306 2431/2432/305
f 2434/2433/306 2436/2435/307 2435/2436/307 2433/2434/306
f 2436/2435/307 2438/2437/308 2437/2438/308 2435/2436/307
f 2438/2437/308 2440/2439/309 2439/2440/309 2437/2438/308
f 2440/2439/309 2442/2441/310 2441/2442/310 2439/2440/309
f 2442/2441/310 2444/2443/311 2443/2444/311 2441/2442/310
f 2444/2443/311 2446/2445/312 2445/2446/312 2443/2444/311
f 2446/2445/312 2448/2447/313 2447/2448/313 2445/2446/312
f 2448/2447/313 2450/2449/202 2449/2450/202 2447/2448/313
f 2450/2449/202 2452/2451/314 2451/2452/314 2449/2450/202
f 2452/2451/314 2454/2453/315 2453/2454/315 2451/2452/314
f 2454/2453/315 2456/2455/316 2455/2456/316 2453/2454/315
f 2456/2455/316 2458/2457/317 2457/2458/317 2455/2456/316
f 2458/2457/317 2460/2459/318 2459/2460/318 2457/2458/317
f 2460/2459/318 2462/2461/319 2461/2462/319 2459/2460/318
f 2462/2461/319 2464/2463/320 2463/2464/320 2461/2462/319
f 2464/2463/320 2466/2465/321 2465/2466/321 2463/2464/320
f 2466/2465/321 2468/2467/322 2467/2468/322 2465/2466/321
f 2468/2467/322 2470/2469/323 2469/2470/323 2467/2468/322
f 2470/2469/323 2472/2471/324 2471/2472/324 2469/2470/323
f 2472/2471/324 2474/2473/325 2473/2474/325 2471/2472/324
f 2474/2473/325 2476/2475/326 2475/2476/326 2473/2474/325
f 2476/2475/326 2478/2477/100 2477/2478/100 2475/2476/326
f 2478/2477/100 2480/2479/327 2479/2480/327 2477/2478/100
f 2480/2479/327 2482/2481/328 2481/2482/328 2479/2480/327
f 2482/2481/328 2484/2483/329 2483/2484/329 2481/2482/328
f 2484/2483/329 2486/2485/330 2485/2486/330 2483/2484/329
f 2486/2485/330 2488/2487/331 2487/2488/331 2485/2486/330
f 2488/2487/331 2490/2489/332 2489/2490/332 2487/2488/331
f 2490/2489/332 2492/2491/333 2491/2492/333 2489/2490/332
f 2492/2491/333 2494/2493/334 2493/2494/334 2491/2492/333
f 2494/2493/334 2496/2495/335 2495/2496/335 2493/2494/334
f 2496/2495/335 2498/2497/336 2497/2498/336 2495/2496/335
f 2498/2497/336 2500/2499/337 2499/2500/337 2497/2498/336
f 2500/2499/337 2502/2501/338 2501/2502/338 2499/2500/337
f 2502/2501/338 2504/2503/339 2503/2504/339 2501/2502/338
f 2504/2503/339 2506/2505/340 2505/2506/340 2503/2504/339
f 2506/2505/340 2508/2507/341 2507/2508/341 2505/2506/340
f 2508/2507/341 2510/2509/342 2509/2510/342 2507/2508/341
f 2510/2509/342 2512/2511/343 2511/2512/343 2509/2510/342
f 2512/2511/343 2514/2513/344 2513/2514/344 2511/2512/343
f 2514/2513/344 2516/2515/345 2515/2516/345 2513/2514/344
f 2516/2515/345 2518/2517/346 2517/2518/346 2515/2516/345
f 2518/2517/346 2520/2519/347 2519/2520/347 2517/2518/346
f 2520/2519/347 2522/2521/348 2521/2522/348 2519/2520/347
f 2522/2521/348 2524/2523/349 2523/2524/349 2521/2522/348
f 2524/2523/349 2526/2525/350 2525/2526/350 2523/2524/349
f 2526/2525/350 2528/2527/351 2527/2528/351 2525/2526/350
f 2528/2527/351 2530/2529/326 2529/2530/326 2527/2528/351
f 2530/2529/326 2532/2531/100 2531/2532/100 2529/2530/326
f 2532/2531/100 2534/2533/352 2533/2534/352 2531/2532/100
f 2534/2533/352 2536/2535/166 2535/2536/166 2533/2534/352
f 2536/2535/166 2538/2537/353 2537/2538/353 2535/2536/166
f 2538/2537/353 2540/2539/354 2539/2540/354 2537/2538/353
f 2540/2539/354 2542/2541/355 2541/2542/355 2539/2540/354
f 2542/2541/355 2544/2543/356 2543/2544/356 2541/2542/355
f 2544/2543/356 2546/2545/357 2545/2546/357 2543/2544/356
f 2546/2545/357 2548/2547/358 2547/2548/358 2545/2546/357
f 2548/2547/358 2550/2549/359 2549/2550/359 2547/2548/358
f 2550/2549/359 2552/2551/360 2551/2552/360 2549/2550/359
f 2552/2551/360 2554/2553/361 2553/2554/361 2551/2552/360
f 2554/2553/361 2556/2555/362 2555/2556/362 2553/2554/361
f 2556/2555/362 2558/2557/363 2557/2558/363 2555/2556/362
f 2558/2557/363 2560/2559/364 2559/2560/364 2557/2558/363
f 2560/2559/364 2562/2561/365 2561/2562/365 2559/2560/364
f 2562/2561/365 2564/2563/366 2563/2564/366 2561/2562/365
f 2564/2563/366 2566/2565/367 2565/2566/367 2563/2564/366
f 2566/2565/367 2568/2567/368 2567/2568/368 2565/2566/367
f 2568/2567/368 2570/2569/369 2569/2570/369 2567/2568/368
f 2570/2569/369 2572/2571/370 2571/2572/370 2569/2570/369
f 2572/2571/370 2574/2573/371 2573/2574/371 2571/2572/370
f 2574/2573/371 2576/2575/372 2575/2576/372 2573/2574/371
f 2576/2575/372 2578/2577/373 2577/2578/373 2575/2576/372
f 2578/2577/373 2580/2579/374 2579/2580/374 2577/2578/373
f 2580/2579/374 2582/2581/375 2581/2582/375 2579/2580/374
f 2582/2581/375 2584/2583/326 2583/2584/326 2581/2582/375
f 2584/2583/326 2586/2585/100 2585/2586/100 2583/2584/326
f 2586/2585/100 2588/2587/101 2587/2588/101 2585/2586/100
f 2588/2587/101 2590/2589/102 2589/2590/102 2587/2588/101
f 2590/2589/102 2378/2377/278 2377/2380/278 2589/2590/102
f 2592/2591/376 2594/2592/377 2593/2593/377 2591/2594/376
f 2594/2592/377 2596/2595/378 2595/2596/378 2593/2593/377
f 2596/2595/378 2598/2597/379 2597/2598/379 2595/2596/378
f 2598/2597/379 2600/2599/380 2599/2600/380 2597/2598/379
f 2600/2599/380 2602/2601/381 2601/2602/381 2599/2600/380
f 2602/2601/381 2604/2603/382 2603/2604/382 2601/2602/381
f 2604/2603/382 2606/2605/383 2605/2606/383 2603/2604/382
f 2606/2605/383 2608/2607/384 2607/2608/384 2605/2606/383
f 2608/2607/384 2610/2609/385 2609/2610/385 2607/2608/384
f 2610/2609/385 2612/2611/386 2611/2612/386 2609/2610/385
f 2612/2611/386 2614/2613/387 2613/2614/387 2611/2612/386
f 2614/2613/387 2616/2615/388 2615/2616/388 2613/2614/387
f 2616/2615/388 2618/2617/389 2617/2618/389 2615/2616/388
f 2618/2617/389 2620/2619/390 2619/2620/390 2617/2618/389
f 2620/2619/390 2622/2621/391 2621/2622/391 2619/2620/390
f 2622/2621/391 2624/2623/392 2623/2624/392 2621/2622/391
f 2624/2623/392 2626/2625/393 2625/2626/393 2623/2624/392
f 2626/2625/393 2628/2627/394 2627/2628/394 2625/2626/393
f 2628/2627/394 2630/2629/395 2629/2630/395 2627/2628/394
f 2630/2629/395 2632/2631/396 2631/2632/396 2629/2630/395
f 2632/2631/396 2634/2633/397 2633/2634/397 2631/2632/396
f 2634/2633/397 2636/2635/398 2635/2636/398 2633/2634/397
f 2636/2635/398 2638/2637/399 2637/2638/399 2635/2636/398
f 2638/2637/399 2640/2639/400 2639/2640/400 2637/2638/399
f 2640/2639/400 2642/2641/401 2641/2642/401 2639/2640/400
f 2642/2641/401 2644/2643/402 2643/2644/402 2641/2642/401
f 2644/2643/402 2646/2645/403 2645/2646/403 2643/2644/402
f 2646/2645/403 2648/2647/404 2647/2648/404 2645/2646/403
f 2648/2647/404 2650/2649/405 2649/2650/405 2647/2648/404
f 2650/2649/405 2652/2651/406 2651/2652/406 2649/2650/405
f 2652/2651/406 2654/2653/283 2653/2654/283 2651/2652/406
f 2654/2653/283 2656/2655/407 2655/2656/407 2653/2654/283
f 2656/2655/407 2658/2657/408 2657/2658/408 2655/2656/407
f 2658/2657/408 2660/2659/409 2659/2660/409 2657/2658/408
f 2660/2659/409 2662/2661/410 2661/2662/410 2659/2660/409
f 2662/2661/410 2664/2663/411 2663/2664/411 2661/2662/410
f 2664/2663/411 2666/2665/412 2665/2666/412 2663/2664/411
f 2666/2665/412 2668/2667/413 2667/2668/413 2665/2666/412
f 2668/2667/413 2670/2669/414 2669/2670/414 2667/2668/413
f 2670/2669/414 2672/2671/415 2671/2672/415 2669/2670/414
f 2672/2671/415 2674/2673/416 2673/2674/416 2671/2672/415
f 2674/2673/416 2676/2675/417 2675/2676/417 2673/2674/416
f 2676/2675/417 2678/2677/418 2677/2678/418 2675/2676/417
f 2678/2677/418 2680/2679/419 2679/2680/419 2677/2678/418
f 2680/2679/419 2682/2681/420 2681/2682/420 2679/2680/419
f 2682/2681/420 2684/2683/421 2683/2684/421 2681/2682/420
f 2684/2683/421 2686/2685/422 2685/2686/422 2683/2684/421
f 2686/2685/422 2688/2687/423 2687/2688/423 2685/2686/422
f 2688/2687/423 2690/2689/424 2689/2690/424 2687/2688/423
f 2690/2689/424 2692/2691/425 2691/2692/425 2689/2690/424
f 2692/2691/425 2694/2693/426 2693/2694/426 2691/2692/425
f 2694/2693/426 2696/2695/427 2695/2696/427 2693/2694/426
f 2696/2695/427 2698/2697/428 2697/2698/428 2695/2696/427
f 2698/2697/428 2700/2699/429 2699/2700/429 2697/2698/428
f 2700/2699/429 2702/2701/430 2701/2702/430 2699/2700/429
f 2702/2701/430 2704/2703/431 2703/2704/431 2701/2702/430
f 2704/2703/431 2706/2705/432 2705/2706/432 2703/2704/431
f 2706/2705/432 2708/2707/433 2707/2708/433 2705/2706/432
f 2708/2707/433 2710/2709/434 2709/2710/434 2707/2708/433
f 2710/2709/434 2712/2711/435 2711/2712/435 2709/2710/434
f 2712/2711/435 2714/2713/436 2713/2714/436 2711/2712/435
f 2714/2713/436 2716/2715/437 2715/2716/437 2713/2714/436
f 2716/2715/437 2718/2717/438 2717/2718/438 2715/2716/437
f 2718/2717/438 2720/2719/439 2719/2720/439 2717/2718/438
f 2720/2719/439 2722/2721/440 2721/2722/440 2719/2720/439
f 2722/2721/440 2724/2723/441 2723/2724/441 2721/2722/440
f 2724/2723/441 2726/2725/442 2725/2726/442 2723/2724/441
f 2726/2725/442 2728/2727/443 2727/2728/443 2725/2726/442
f 2728/2727/443 2730/2729/444 2729/2730/444 2727/2728/443
f 2730/2729/444 2732/2731/445 2731/2732/445 2729/2730/444
f 2732/2731/445 2734/2733/446 2733/2734/446 2731/2732/445
f 2734/2733/446 2736/2735/447 2735/2736/447 2733/2734/446
f 2736/2735/447 2738/2737/448 2737/2738/448 2735/2736/447
f 2738/2737/448 2592/2591/376 2591/2594/376 2737/2738/448
f 2740/2739/449 2742/2740/450 2741/2741/450 2739/2742/449
f 2742/2740/450 2744/2743/451 2743/2744/451 2741/2741/450
f 2744/2743/451 2746/2745/452 2745/2746/452 2743/2744/451
f 2746/2745/452 2748/2747/453 2747/2748/453 2745/2746/452
f 2748/2747/453 2750/2749/454 2749/2750/454 2747/2748/453
f 2750/2749/454 2752/2751/455 2751/2752/455 2749/2750/454
f 2752/2751/455 2754/2753/456 2753/2754/456 2751/2752/455
f 2754/2753/456 2756/2755/457 2755/2756/457 2753/2754/456
f 2756/2755/457 2758/2757/458 2757/2758/458 2755/2756/457
f 2758/2757/458 2760/2759/459 2759/2760/459 2757/2758/458
f 2760/2759/459 2762/2761/460 2761/2762/460 2759/2760/459
f 2762/2761/460 2764/2763/461 2763/2764/461 2761/2762/460
f 2764/2763/461 2766/2765/462 2765/2766/462 2763/2764/461
f 2766/2765/462 2768/2767/463 2767/2768/463 2765/2766/462
f 2768/2767/463 2770/2769/464 2769/2770/464 2767/2768/463
f 2770/2769/464 2772/2771/465 2771/2772/465 2769/2770/464
f 2772/2771/465 2774/2773/466 2773/2774/466 2771/2772/465
f 2774/2773/466 2776/2775/467 2775/2776/467 2773/2774/466
f 2776/2775/467 2778/2777/468 2777/2778/468 2775/2776/467
f 2778/2777/468 2780/2779/469 2779/2780/469 2777/2778/468
f 2780/2779/469 2782/2781/470 2781/2782/470 2779/2780/469
f 2782/2781/470 2784/2783/471 2783/2784/471 2781/2782/470
f 2784/2783/471 2786/2785/472 2785/2786/472 2783/2784/471
f 2786/2785/472 2788/2787/473 2787/2788/473 2785/2786/472
f 2788/2787/473 2740/2739/449 2739/2742/449 2787/2788/473
f 2790/2789/474 2792/2790/475 2791/2791/475 2789/2792/474
f 2792/2790/475 2794/2793/476 2793/2794/476 2791/2791/475
f 2794/2793/476 2796/2795/477 2795/2796/477 2793/2794/476
f 2796/2795/477 2798/2797/478 2797/2798/478 2795/2796/477
f 2798/2797/478 2800/2799/479 2799/2800/479 2797/2798/478
f 2800/2799/479 2802/2801/480 2801/2802/480 2799/2800/479
f 2802/2801/480 2804/2803/481 2803/2804/481 2801/2802/480
f 2804/2803/481 2806/2805/482 2805/2806/482 2803/2804/481
f 2806/2805/482 2808/2807/483 2807/2808/483 2805/2806/482
f 2808/2807/483 2810/2809/484 2809/2810/484 2807/2808/483
f 2810/2809/484 2812/2811/485 2811/2812/485 2809/2810/484
f 2812/2811/485 2814/2813/486 2813/2814/486 2811/2812/485
f 2814/2813/486 2816/2815/487 2815/2816/487 2813/2814/486
f 2816/2815/487 2818/2817/488 2817/2818/488 2815/2816/487
f 2818/2817/488 2820/2819/489 2819/2820/489 2817/2818/488
f 2820/2819/489 2822/2821/490 2821/2822/490 2819/2820/489
f 2822/2821/490 2824/2823/491 2823/2824/491 2821/2822/490
f 2824/2823/491 2826/2825/492 2825/2826/492 2823/2824/491
f 2826/2825/492 2828/2827/493 2827/2828/493 2825/2826/492
f 2828/2827/493 2830/2829/494 2829/2830/494 2827/2828/493
f 2830/2829/494 2832/2831/495 2831/2832/495 2829/2830/494
f 2832/2831/495 2834/2833/496 2833/2834/496 2831/2832/495
f 2834/2833/496 2836/2835/497 2835/2836/497 2833/2834/496
f 2836/2835/497 2838/2837/498 2837/2838/498 2835/2836/497
f 2838/2837/498 2840/2839/499 2839/2840/499 2837/2838/498
f 2840/2839/499 2842/2841/500 2841/2842/500 2839/2840/499
f 2842/2841/500 2844/2843/501 2843/2844/501 2841/2842/500
f 2844/2843/501 2846/2845/502 2845/2846/502 2843/2844/501
f 2846/2845/502 2848/2847/503 2847/2848/503 2845/2846/502
f 2848/2847/503 2850/2849/504 2849/2850/504 2847/2848/503
f 2850/2849/504 2852/2851/505 2851/2852/505 2849/2850/504
f 2852/2851/505 2854/2853/506 2853/2854/506 2851/2852/505
f 2854/2853/506 2856/2855/507 2855/2856/507 2853/2854/506
f 2856/2855/507 2858/2857/508 2857/2858/508 2855/2856/507
f 2858/2857/508 2860/2859/509 2859/2860/509 2857/2858/508
f 2860/2859/509 2862/2861/510 2861/2862/510 2859/2860/509
f 2862/2861/510 2864/2863/511 2863/2864/511 2861/2862/510
f 2864/2863/511 2866/2865/512 2865/2866/512 2863/2864/511
f 2866/2865/512 2868/2867/513 2867/2868/513 2865/2866/512
f 2868/2867/513 2870/2869/514 2869/2870/514 2867/2868/513
f 2870/2869/514 2872/2871/515 2871/2872/515 2869/2870/514
f 2872/2871/515 2874/2873/516 2873/2874/516 2871/2872/515
f 2874/2873/516 2876/2875/517 2875/2876/517 2873/2874/516
f 2876/2875/517 2878/2877/518 2877/2878/518 2875/2876/517
f 2878/2877/518 2880/2879/519 2879/2880/519 2877/2878/518
f 2880/2879/519 2882/2881/520 2881/2882/520 2879/2880/519
f 2882/2881/520 2884/2883/521 2883/2884/521 2881/2882/520
f 2884/2883/521 2886/2885/522 2885/2886/522 2883/2884/521
f 2886/2885/522 2888/2887/523 2887/2888/523 2885/2886/522
f 2888/2887/523 2890/2889/524 2889/2890/524 2887/2888/523
f 2890/2889/524 2892/2891/525 2891/2892/525 2889/2890/524
f 2892/2891/525 2894/2893/526 2893/2894/526 2891/2892/525
f 2894/2893/526 2896/2895/527 2895/2896/527 2893/2894/526
f 2896/2895/527 2898/2897/528 2897/2898/528 2895/2896/527
f 2898/2897/528 2900/2899/529 2899/2900/529 2897/2898/528
f 2900/2899/529 2902/2901/530 2901/2902/530 2899/2900/529
f 2902/2901/530 2904/2903/531 2903/2904/531 2901/2902/530
f 2904/2903/531 2906/2905/532 2905/2906/532 2903/2904/531
f 2906/2905/532 2908/2907/533 2907/2908/533 2905/2906/532
f 2908/2907/533 2910/2909/534 2909/2910/534 2907/2908/533
f 2910/2909/534 2912/2911/140 2911/2912/140 2909/2910/534
f 2912/2911/140 2914/2913/535 2913/2914/535 2911/2912/140
f 2914/2913/535 2916/2915/536 2915/2916/536 2913/2914/535
f 2916/2915/536 2918/2917/537 2917/2918/537 2915/2916/536
f 2918/2917/537 2920/2919/538 2919/2920/538 2917/2918/537
f 2920/2919/538 2922/2921/539 2921/2922/539 2919/2920/538
f 2922/2921/539 2924/2923/540 2923/2924/540 2921/2922/539
f 2924/2923/540 2926/2925/541 2925/2926/541 2923/2924/540
f 2926/2925/541 2928/2927/542 2927/2928/542 2925/2926/541
f 2928/2927/542 2930/2929/543 2929/2930/543 2927/2928/542
f 2930/2929/543 2932/2931/544 2931/2932/544 2929/2930/543
f 2932/2931/544 2934/2933/545 2933/2934/545 2931/2932/544
f 2934/2933/545 2936/2935/546 2935/2936/546 2933/2934/545
f 2936/2935/546 2938/2937/547 2937/2938/547 2935/2936/546
f 2938/2937/547 2940/2939/548 2939/2940/548 2937/2938/547
f 2940/2939/548 2942/2941/549 2941/2942/549 2939/2940/548
f 2942/2941/549 2944/2943/550 2943/2944/550 2941/2942/549
f 2944/2943/550 2946/2945/551 2945/2946/551 2943/2944/550
f 2946/2945/551 2948/2947/552 2947/2948/552 2945/2946/551
f 2948/2947/552 2950/2949/553 2949/2950/553 2947/2948/552
f 2950/2949/553 2952/2951/554 2951/2952/554 2949/2950/553
f 2952/2951/554 2954/2953/555 2953/2954/555 2951/2952/554
f 2954/2953/555 2956/2955/556 2955/2956/556 2953/2954/555
f 2956/2955/556 2958/2957/557 2957/2958/557 2955/2956/556
f 2958/2957/557 2960/2959/558 2959/2960/558 2957/2958/557
f 2960/2959/558 2962/2961/559 2961/2962/559 2959/2960/558
f 2962/2961/559 2964/2963/560 2963/2964/560 2961/2962/559
f 2964/2963/560 2966/2965/561 2965/2966/561 2963/2964/560
f 2966/2965/561 2968/2967/562 2967/2968/562 2965/2966/561
f 2968/2967/562 2970/2969/563 2969/2970/563 2967/2968/562
f 2970/2969/563 2972/2971/564 2971/2972/564 2969/2970/563
f 2972/2971/564 2974/2973/565 2973/2974/565 2971/2972/564
f 2974/2973/565 2976/2975/566 2975/2976/566 2973/2974/565
f 2976/2975/566 2978/2977/567 2977/2978/567 2975/2976/566
f 2978/2977/567 2980/2979/568 2979/2980/568 2977/2978/567
f 2980/2979/568 2982/2981/569 2981/2982/569 2979/2980/568
f 2982/2981/569 2984/2983/570 2983/2984/570 2981/2982/569
f 2984/2983/570 2790/2789/474 2789/2792/474 2983/2984/570
f 2986/2985/100 2988/2986/101 2987/2987/101 2985/2988/100
f 2988/2986/101 2990/2989/102 2989/2990/102 2987/2987/101
f 2990/2989/102 2992/2991/326 2991/2992/326 2989/2990/102
f 2992/2991/326 2986/2985/100 2985/2988/100 2991/2992/326
f 2994/2993/376 2996/2994/377 2995/2995/377 2993/2996/376
f 2996/2994/377 2998/2997/378 2997/2998/378 2995/2995/377
f 2998/2997/378 3000/2999/379 2999/3000/379 2997/2998/378
f 3000/2999/379 3002/3001/380 3001/3002/380 2999/3000/379
f 3002/3001/380 3004/3003/381 3003/3004/381 3001/3002/380
f 3004/3003/381 3006/3005/382 3005/3006/382 3003/3004/381
f 3006/3005/382 3008/3007/383 3007/3008/383 3005/3006/382
f 3008/3007/383 3010/3009/384 3009/3010/384 3007/3008/383
f 3010/3009/384 3012/3011/385 3011/3012/385 3009/3010/384
f 3012/3011/385 3014/3013/386 3013/3014/386 3011/3012/385
f 3014/3013/386 3016/3015/387 3015/3016/387 3013/3014/386
f 3016/3015/387 3018/3017/388 3017/3018/388 3015/3016/387
f 3018/3017/388 3020/3019/389 3019/3020/389 3017/3018/388
f 3020/3019/389 3022/3021/390 3021/3022/390 3019/3020/389
f 3022/3021/390 3024/3023/391 3023/3024/391 3021/3022/390
f 3024/3023/391 3026/3025/392 3025/3026/392 3023/3024/391
f 3026/3025/392 3028/3027/393 3027/3028/393 3025/3026/392
f 3028/3027/393 3030/3029/394 3029/3030/394 3027/3028/393
f 3030/3029/394 3032/3031/395 3031/3032/395 3029/3030/394
f 3032/3031/395 3034/3033/396 3033/3034/396 3031/3032/395
f 3034/3033/396 3036/3035/397 3035/3036/397 3033/3034/396
f 3036/3035/397 3038/3037/398 3037/3038/398 3035/3036/397
f 3038/3037/398 3040/3039/399 3039/3040/399 3037/3038/398
f 3040/3039/399 3042/3041/400 3041/3042/400 3039/3040/399
f 3042/3041/400 3044/3043/401 3043/3044/401 3041/3042/400
f 3044/3043/401 3046/3045/402 3045/3046/402 3043/3044/401
f 3046/3045/402 3048/3047/403 3047/3048/403 3045/3046/402
f 3048/3047/403 3050/3049/404 3049/3050/404 3047/3048/403
f 3050/3049/404 3052/3051/405 3051/3052/405 3049/3050/404
f 3052/3051/405 3054/3053/406 3053/3054/406 3051/3052/405
f 3054/3053/406 3056/3055/283 3055/3056/283 3053/3054/406
f 3056/3055/283 3058/3057/407 3057/3058/407 3055/3056/283
f 3058/3057/407 3060/3059/408 3059/3060/408 3057/3058/407
f 3060/3059/408 3062/3061/409 3061/3062/409 3059/3060/408
f 3062/3061/409 3064/3063/410 3063/3064/410 3061/3062/409
f 3064/3063/410 3066/3065/411 3065/3066/411 3063/3064/410
f 3066/3065/411 3068/3067/412 3067/3068/412 3065/3066/411
f 3068/3067/412 3070/3069/413 3069/3070/413 3067/3068/412
f 3070/3069/413 3072/3071/414 3071/3072/414 3069/3070/413
f 3072/3071/414 3074/3073/415 3073/3074/415 3071/3072/414
f 3074/3073/415 3076/3075/416 3075/3076/416 3073/3074/415
f 3076/3075/416 3078/3077/417 3077/3078/417 3075/3076/416
f 3078/3077/417 3080/3079/418 3079/3080/418 3077/3078/417
f 3080/3079/418 3082/3081/419 3081/3082/419 3079/3080/418
f 3082/3081/419 3084/3083/420 3083/3084/420 3081/3082/419
f 3084/3083/420 3086/3085/421 3085/3086/421 3083/3084/420
f 3086/3085/421 3088/3087/422 3087/3088/422 3085/3086/421
f 3088/3087/422 3090/3089/423 3089/3090/423 3087/3088/422
f 3090/3089/423 3092/3091/424 3091/3092/424 3089/3090/423
f 3092/3091/424 3094/3093/425 3093/3094/425 3091/3092/424
f 3094/3093/425 3096/3095/426 3095/3096/426 3093/3094/425
f 3096/3095/426 3098/3097/427 3097/3098/427 3095/3096/426
f 3098/3097/427 3100/3099/428 3099/3100/428 3097/3098/427
f 3100/3099/428 3102/3101/429 3101/3102/429 3099/3100/428
f 3102/3101/429 3104/3103/430 3103/3104/430 3101/3102/429
f 3104/3103/430 3106/3105/431 3105/3106/431 3103/3104/430
f 3106/3105/431 3108/3107/432 3107/3108/432 3105/3106/431
f 3108/3107/432 3110/3109/433 3109/3110/433 3107/3108/432
f 3110/3109/433 3112/3111/434 3111/3112/434 3109/3110/433
f 3112/3111/434 3114/3113/435 3113/3114/435 3111/3112/434
f 3114/3113/435 3116/3115/436 3115/3116/436 3113/3114/435
f 3116/3115/436 3118/3117/437 3117/3118/437 3115/3116/436
f 3118/3117/437 3120/3119/438 3119/3120/438 3117/3118/437
f 3120/3119/438 3122/3121/439 3121/3122/439 3119/3120/438
f 3122/3121/439 3124/3123/440 3123/3124/440 3121/3122/439
f 3124/3123/440 3126/3125/441 3125/3126/441 3123/3124/440
f 3126/3125/441 3128/3127/442 3127/3128/442 3125/3126/441
f 3128/3127/442 3130/3129/443 3129/3130/443 3127/3128/442
f 3130/3129/443 3132/3131/444 3131/3132/444 3129/3130/443
f 3132/3131/444 3134/3133/445 3133/3134/445 3131/3132/444
f 3134/3133/445 3136/3135/446 3135/3136/446 3133/3134/445
f 3136/3135/446 3138/3137/447 3137/3138/447 3135/3136/446
f 3138/3137/447 3140/3139/448 3139/3140/448 3137/3138/447
f 3140/3139/448 2994/2993/376 2993/2996/376 3139/3140/448
f 3142/3141/449 3144/3142/450 3143/3143/450 3141/3144/449
f 3144/3142/450 3146/3145/451 3145/3146/451 3143/3143/450
f 3146/3145/451 3148/3147/452 3147/3148/452 3145/3146/451
f 3148/3147/452 3150/3149/453 3149/3150/453 3147/3148/452
f 3150/3149/453 3152/3151/454 3151/3152/454 3149/3150/453
f 3152/3151/454 3154/3153/455 3153/3154/455 3151/3152/454
f 3154/3153/455 3156/3155/456 3155/3156/456 3153/3154/455
f 3156/3155/456 3158/3157/457 3157/3158/457 3155/3156/456
f 3158/3157/457 3160/3159/458 3159/3160/458 3157/3158/457
f 3160/3159/458 3162/3161/459 3161/3162/459 3159/3160/458
f 3162/3161/459 3164/3163/460 3163/3164/460 3161/3162/459
f 3164/3163/460 3166/3165/461 3165/3166/461 3163/3164/460
f 3166/3165/461 3168/3167/462 3167/3168/462 3165/3166/461
f 3168/3167/462 3170/3169/463 3169/3170/463 3167/3168/462
f 3170/3169/463 3172/3171/464 3171/3172/464 3169/3170/463
f 3172/3171/464 3174/3173/465 3173/3174/465 3171/3172/464
f 3174/3173/465 3176/3175/466 3175/3176/466 3173/3174/465
f 3176/3175/466 3178/3177/467 3177/3178/467 3175/3176/466
f 3178/3177/467 3180/3179/468 3179/3180/468 3177/3178/467
f 3180/3179/468 3182/3181/469 3181/3182/469 3179/3180/468
f 3182/3181/469 3184/3183/470 3183/3184/470 3181/3182/469
f 3184/3183/470 3186/3185/471 3185/3186/471 3183/3184/470
f 3186/3185/471 3188/3187/472 3187/3188/472 3185/3186/471
f 3188/3187/472 3190/3189/473 3189/3190/473 3187/3188/472
f 3190/3189/473 3142/3141/449 3141/3144/449 3189/3190/473
f 3192/3191/104 3194/3192/105 3193/3193/105 3191/3194/104
f 3194/3192/105 3196/3195/106 3195/3196/106 3193/3193/105
f 3196/3195/106 3198/3197/107 3197/3198/107 3195/3196/106
f 3198/3197/107 3200/3199/108 3199/3200/108 3197/3198/107
f 3200/3199/108 3202/3201/109 3201/3202/109 3199/3200/108
f 3202/3201/109 3204/3203/110 3203/3204/110 3201/3202/109
f 3204/3203/110 3206/3205/111 3205/3206/111 3203/3204/110
f 3206/3205/111 3208/3207/571 3207/3208/571 3205/3206/111
f 3208/3207/571 3210/3209/113 3209/3210/113 3207/3208/571
f 3210/3209/113 3212/3211/114 3211/3212/114 3209/3210/113
f 3212/3211/114 3214/3213/115 3213/3214/115 3211/3212/114
f 3214/3213/115 3216/3215/116 3215/3216/116 3213/3214/115
f 3216/3215/116 3218/3217/117 3217/3218/117 3215/3216/116
f 3218/3217/117 3220/3219/118 3219/3220/118 3217/3218/117
f 3220/3219/118 3222/3221/119 3221/3222/119 3219/3220/118
f 3222/3221/119 3224/3223/120 3223/3224/120 3221/3222/119
f 3224/3223/120 3226/3225/121 3225/3226/121 3223/3224/120
f 3226/3225/121 3228/3227/122 3227/3228/122 3225/3226/121
f 3228/3227/122 3230/3229/123 3229/3230/123 3227/3228/122
f 3230/3229/123 3232/3231/124 3231/3232/124 3229/3230/123
f 3232/3231/124 3234/3233/125 3233/3234/125 3231/3232/124
f 3234/3233/125 3236/3235/126 3235/3236/126 3233/3234/125
f 3236/3235/126 3238/3237/127 3237/3238/127 3235/3236/126
f 3238/3237/127 3240/3239/128 3239/3240/128 3237/3238/127
f 3240/3239/128 3242/3241/129 3241/3242/129 3239/3240/128
f 3242/3241/129 3244/3243/130 3243/3244/130 3241/3242/129
f 3244/3243/130 3246/3245/131 3245/3246/131 3243/3244/130
f 3246/3245/131 3248/3247/132 3247/3248/132 3245/3246/131
f 3248/3247/132 3250/3249/133 3249/3250/133 3247/3248/132
f 3250/3249/133 3252/3251/134 3251/3252/134 3249/3250/133
f 3252/3251/134 3254/3253/135 3253/3254/135 3251/3252/134
f 3254/3253/135 3256/3255/136 3255/3256/136 3253/3254/135
f 3256/3255/136 3258/3257/137 3257/3258/137 3255/3256/136
f 3258/3257/137 3260/3259/138 3259/3260/138 3257/3258/137
f 3260/3259/138 3262/3261/139 3261/3262/139 3259/3260/138
f 3262/3261/139 3264/3263/140 3263/3264/140 3261/3262/139
f 3264/3263/140 3266/3265/141 3265/3266/141 3263/3264/140
f 3266/3265/141 3268/3267/142 3267/3268/142 3265/3266/141
f 3268/3267/142 3270/3269/143 3269/3270/143 3267/3268/142
f 3270/3269/143 3272/3271/144 3271/3272/144 3269/3270/143
f 3272/3271/144 3274/3273/145 3273/3274/145 3271/3272/144
f 3274/3273/145 3276/3275/146 3275/3276/146 3273/3274/145
f 3276/3275/146 3278/3277/147 3277/3278/147 3275/3276/146
f 3278/3277/147 3280/3279/148 3279/3280/148 3277/3278/147
f 3280/3279/148 3282/3281/149 3281/3282/149 3279/3280/148
f 3282/3281/149 3284/3283/150 3283/3284/150 3281/3282/149
f 3284/3283/150 3286/3285/151 3285/3286/151 3283/3284/150
f 3286/3285/151 3288/3287/152 3287/3288/152 3285/3286/151
f 3288/3287/152 3290/3289/153 3289/3290/153 3287/3288/152
f 3290/3289/153 3292/3291/154 3291/3292/154 3289/3290/153
f 3292/3291/154 3294/3293/155 3293/3294/155 3291/3292/154
f 3294/3293/155 3296/3295/156 3295/3296/156 3293/3294/155
f 3296/3295/156 3298/3297/157 3297/3298/157 3295/3296/156
f 3298/3297/157 3300/3299/158 3299/3300/158 3297/3298/157
f 3300/3299/158 3302/3301/159 3301/3302/159 3299/3300/158
f 3302/3301/159 3304/3303/160 3303/3304/160 3301/3302/159
f 3304/3303/160 3306/3305/161 3305/3306/161 3303/3304/160
f 3306/3305/161 3308/3307/162 3307/3308/162 3305/3306/161
f 3308/3307/162 3310/3309/163 3309/3310/163 3307/3308/162
f 3310/3309/163 3312/3311/164 3311/3312/164 3309/3310/163
f 3312/3311/164 3314/3313/165 3313/3314/165 3311/3312/164
f 3314/3313/165 3316/3315/166 3315/3316/166 3313/3314/165
f 3316/3315/166 3318/3317/167 3317/3318/167 3315/3316/166
f 3318/3317/167 3320/3319/168 3319/3320/168 3317/3318/167
f 3320/3319/168 3322/3321/572 3321/3322/572 3319/3320/168
f 3322/3321/572 3324/3323/170 3323/3324/170 3321/3322/572
f 3324/3323/170 3326/3325/573 3325/3326/573 3323/3324/170
f 3326/3325/573 3328/3327/172 3327/3328/172 3325/3326/573
f 3328/3327/172 3330/3329/173 3329/3330/173 3327/3328/172
f 3330/3329/173 3332/3331/174 3331/3332/174 3329/3330/173
f 3332/3331/174 3334/3333/175 3333/3334/175 3331/3332/174
f 3334/3333/175 3336/3335/176 3335/3336/176 3333/3334/175
f 3336/3335/176 3338/3337/177 3337/3338/177 3335/3336/176
f 3338/3337/177 3340/3339/178 3339/3340/178 3337/3338/177
f 3340/3339/178 3342/3341/179 3341/3342/179 3339/3340/178
f 3342/3341/179 3344/3343/180 3343/3344/180 3341/3342/179
f 3344/3343/180 3346/3345/181 3345/3346/181 3343/3344/180
f 3346/3345/181 3348/3347/182 3347/3348/182 3345/3346/181
f 3348/3347/182 3350/3349/183 3349/3350/183 3347/3348/182
f 3350/3349/183 3352/3351/184 3351/3352/184 3349/3350/183
f 3352/3351/184 3354/3353/185 3353/3354/185 3351/3352/184
f 3354/3353/185 3356/3355/574 3355/3356/574 3353/3354/185
f 3356/3355/574 3358/3357/187 3357/3358/187 3355/3356/574
f 3358/3357/187 3360/3359/188 3359/3360/188 3357/3358/187
f 3360/3359/188 3362/3361/189 3361/3362/189 3359/3360/188
f 3362/3361/189 3364/3363/190 3363/3364/190 3361/3362/189
f 3364/3363/190 3366/3365/191 3365/3366/191 3363/3364/190
f 3366/3365/191 3368/3367/192 3367/3368/192 3365/3366/191
f 3368/3367/192 3370/3369/193 3369/3370/193 3367/3368/192
f 3370/3369/193 3372/3371/194 3371/3372/194 3369/3370/193
f 3372/3371/194 3374/3373/195 3373/3374/195 3371/3372/194
f 3374/3373/195 3376/3375/196 3375/3376/196 3373/3374/195
f 3376/3375/196 3378/3377/197 3377/3378/197 3375/3376/196
f 3378/3377/197 3380/3379/198 3379/3380/198 3377/3378/197
f 3380/3379/198 3382/3381/199 3381/3382/199 3379/3380/198
f 3382/3381/199 3384/3383/200 3383/3384/200 3381/3382/199
f 3384/3383/200 3386/3385/201 3385/3386/201 3383/3384/200
f 3386/3385/201 3388/3387/202 3387/3388/202 3385/3386/201
f 3388/3387/202 3390/3389/203 3389/3390/203 3387/3388/202
f 3390/3389/203 3392/3391/204 3391/3392/204 3389/3390/203
f 3392/3391/204 3394/3393/205 3393/3394/205 3391/3392/204
f 3394/3393/205 3396/3395/206 3395/3396/206 3393/3394/205
f 3396/3395/206 3398/3397/207 3397/3398/207 3395/3396/206
f 3398/3397/207 3400/3399/208 3399/3400/208 3397/3398/207
f 3400/3399/208 3402/3401/209 3401/3402/209 3399/3400/208
f 3402/3401/209 3404/3403/210 3403/3404/210 3401/3402/209
f 3404/3403/210 3406/3405/211 3405/3406/211 3403/3404/210
f 3406/3405/211 3408/3407/212 3407/3408/212 3405/3406/211
f 3408/3407/212 3410/3409/213 3409/3410/213 3407/3408/212
f 3410/3409/213 3412/3411/214 3411/3412/214 3409/3410/213
f 3412/3411/214 3414/3413/215 3413/3414/215 3411/3412/214
f 3414/3413/215 3416/3415/216 3415/3416/216 3413/3414/215
f 3416/3415/216 3418/3417/575 3417/3418/575 3415/3416/216
f 3418/3417/575 3420/3419/576 3419/3420/576 3417/3418/575
f 3420/3419/576 3422/3421/577 3421/3422/577 3419/3420/576
f 3422/3421/577 3424/3423/220 3423/3424/220 3421/3422/577
f 3424/3423/220 3426/3425/221 3425/3426/221 3423/3424/220
f 3426/3425/221 3428/3427/222 3427/3428/222 3425/3426/221
f 3428/3427/222 3430/3429/223 3429/3430/223 3427/3428/222
f 3430/3429/223 3432/3431/578 3431/3432/578 3429/3430/223
f 3432/3431/578 3434/3433/225 3433/3434/225 3431/3432/578
f 3434/3433/225 3436/3435/226 3435/3436/226 3433/3434/225
f 3436/3435/226 3438/3437/227 3437/3438/227 3435/3436/226
f 3438/3437/227 3440/3439/228 3439/3440/228 3437/3438/227
f 3440/3439/228 3442/3441/229 3441/3442/229 3439/3440/228
f 3442/3441/229 3444/3443/230 3443/3444/230 3441/3442/229
f 3444/3443/230 3446/3445/231 3445/3446/231 3443/3444/230
f 3446/3445/231 3448/3447/232 3447/3448/232 3445/3446/231
f 3448/3447/232 3450/3449/233 3449/3450/233 3447/3448/232
f 3450/3449/233 3452/3451/579 3451/3452/579 3449/3450/233
f 3452/3451/579 3454/3453/235 3453/3454/235 3451/3452/579
f 3454/3453/235 3456/3455/236 3455/3456/236 3453/3454/235
f 3456/3455/236 3458/3457/237 3457/3458/237 3455/3456/236
f 3458/3457/237 3460/3459/580 3459/3460/580 3457/3458/237
f 3460/3459/580 3462/3461/239 3461/3462/239 3459/3460/580
f 3462/3461/239 3464/3463/240 3463/3464/240 3461/3462/239
f 3464/3463/240 3192/3191/104 3191/3194/104 3463/3464/240
f 3466/3465/241 3468/3466/242 3467/3467/242 3465/3468/241
f 3468/3466/242 3470/3469/243 3469/3470/243 3467/3467/242
f 3470/3469/243 3472/3471/244 3471/3472/244 3469/3470/243
f 3472/3471/244 3474/3473/245 3473/3474/245 3471/3472/244
f 3474/3473/245 3476/3475/246 3475/3476/246 3473/3474/245
f 3476/3475/246 3478/3477/247 3477/3478/247 3475/3476/246
f 3478/3477/247 3480/3479/248 3479/3480/248 3477/3478/247
f 3480/3479/248 3482/3481/249 3481/3482/249 3479/3480/248
f 3482/3481/249 3484/3483/250 3483/3484/250 3481/3482/249
f 3484/3483/250 3486/3485/251 3485/3486/251 3483/3484/250
f 3486/3485/251 3488/3487/252 3487/3488/252 3485/3486/251
f 3488/3487/252 3490/3489/253 3489/3490/253 3487/3488/252
f 3490/3489/253 3492/3491/581 3491/3492/581 3489/3490/253
f 3492/3491/581 3494/3493/255 3493/3494/255 3491/3492/581
f 3494/3493/255 3496/3495/256 3495/3496/256 3493/3494/255
f 3496/3495/256 3498/3497/257 3497/3498/257 3495/3496/256
f 3498/3497/257 3500/3499/258 3499/3500/258 3497/3498/257
f 3500/3499/258 3502/3501/259 3501/3502/259 3499/3500/258
f 3502/3501/259 3504/3503/260 3503/3504/260 3501/3502/259
f 3504/3503/260 3506/3505/261 3505/3506/261 3503/3504/260
f 3506/3505/261 3508/3507/262 3507/3508/262 3505/3506/261
f 3508/3507/262 3510/3509/263 3509/3510/263 3507/3508/262
f 3510/3509/263 3512/3511/264 3511/3512/264 3509/3510/263
f 3512/3511/264 3514/3513/265 3513/3514/265 3511/3512/264
f 3514/3513/265 3516/3515/266 3515/3516/266 3513/3514/265
f 3516/3515/266 3518/3517/267 3517/3518/267 3515/3516/266
f 3518/3517/267 3520/3519/268 3519/3520/268 3517/3518/267
f 3520/3519/268 3522/3521/269 3521/3522/269 3519/3520/268
f 3522/3521/269 3524/3523/270 3523/3524/270 3521/3522/269
f 3524/3523/270 3526/3525/271 3525/3526/271 3523/3524/270
f 3526/3525/271 3528/3527/272 3527/3528/272 3525/3526/271
f 3528/3527/272 3530/3529/273 3529/3530/273 3527/3528/272
f 3530/3529/273 3532/3531/274 3531/3532/274 3529/3530/273
f 3532/3531/274 3534/3533/275 3533/3534/275 3531/3532/274
f 3534/3533/275 3536/3535/276 3535/3536/276 3533/3534/275
f 3536/3535/276 3538/3537/277 3537/3538/277 3535/3536/276
f 3538/3537/277 3466/3465/241 3465/3468/241 3537/3538/277
f 3540/3539/102 3542/3540/582 3541/3541/582 3539/3542/102
f 3542/3540/582 3544/3543/583 3543/3544/583 3541/3541/582
f 3544/3543/583 3546/3545/584 3545/3546/584 3543/3544/583
f 3546/3545/584 3548/3547/585 3547/3548/585 3545/3546/584
f 3548/3547/585 3550/3549/586 3549/3550/586 3547/3548/585
f 3550/3549/586 3552/3551/587 3551/3552/587 3549/3550/586
f 3552/3551/587 3554/3553/588 3553/3554/588 3551/3552/587
f 3554/3553/588 3556/3555/589 3555/3556/589 3553/3554/588
f 3556/3555/589 3558/3557/590 3557/3558/590 3555/3556/589
f 3558/3557/590 3560/3559/591 3559/3560/591 3557/3558/590
f 3560/3559/591 3562/3561/592 3561/3562/592 3559/3560/591
f 3562/3561/592 3564/3563/593 3563/3564/593 3561/3562/592
f 3564/3563/593 3566/3565/594 3565/3566/594 3563/3564/593
f 3566/3565/594 3568/3567/595 3567/3568/595 3565/3566/594
f 3568/3567/595 3570/3569/596 3569/3570/596 3567/3568/595
f 3570/3569/596 3572/3571/597 3571/3572/597 3569/3570/596
f 3572/3571/597 3574/3573/598 3573/3574/598 3571/3572/597
f 3574/3573/598 3576/3575/599 3575/3576/599 3573/3574/598
f 3576/3575/599 3578/3577/600 3577/3578/600 3575/3576/599
f 3578/3577/600 3580/3579/601 3579/3580/601 3577/3578/600
f 3580/3579/601 3582/3581/602 3581/3582/602 3579/3580/601
f 3582/3581/602 3584/3583/603 3583/3584/603 3581/3582/602
f 3584/3583/603 3586/3585/604 3585/3586/604 3583/3584/603
f 3586/3585/604 3588/3587/605 3587/3588/605 3585/3586/604
f 3588/3587/605 3590/3589/606 3589/3590/606 3587/3588/605
f 3590/3589/606 3592/3591/607 3591/3592/607 3589/3590/606
f 3592/3591/607 3594/3593/608 3593/3594/608 3591/3592/607
f 3594/3593/608 3596/3595/609 3595/3596/609 3593/3594/608
f 3596/3595/609 3598/3597/610 3597/3598/610 3595/3596/609
f 3598/3597/610 3600/3599/611 3599/3600/611 3597/3598/610
f 3600/3599/611 3602/3601/612 3601/3602/612 3599/3600/611
f 3602/3601/612 3604/3603/613 3603/3604/613 3601/3602/612
f 3604/3603/613 3606/3605/614 3605/3606/614 3603/3604/613
f 3606/3605/614 3608/3607/615 3607/3608/615 3605/3606/614
f 3608/3607/615 3610/3609/616 3609/3610/616 3607/3608/615
f 3610/3609/616 3612/3611/617 3611/3612/617 3609/3610/616
f 3612/3611/617 3614/3613/618 3613/3614/618 3611/3612/617
f 3614/3613/618 3616/3615/619 3615/3616/619 3613/3614/618
f 3616/3615/619 3618/3617/620 3617/3618/620 3615/3616/619
f 3618/3617/620 3620/3619/621 3619/3620/621 3617/3618/620
f 3620/3619/621 3622/3621/622 3621/3622/622 3619/3620/621
f 3622/3621/622 3624/3623/623 3623/3624/623 3621/3622/622
f 3624/3623/623 3626/3625/624 3625/3626/624 3623/3624/623
f 3626/3625/624 3628/3627/625 3627/3628/625 3625/3626/624
f 3628/3627/625 3630/3629/626 3629/3630/626 3627/3628/625
f 3630/3629/626 3632/3631/627 3631/3632/627 3629/3630/626
f 3632/3631/627 3634/3633/628 3633/3634/628 3631/3632/627
f 3634/3633/628 3636/3635/629 3635/3636/629 3633/3634/628
f 3636/3635/629 3638/3637/630 3637/3638/630 3635/3636/629
f 3638/3637/630 3640/3639/631 3639/3640/631 3637/3638/630
f 3640/3639/631 3642/3641/326 3641/3642/326 3639/3640/631
f 3642/3641/326 3644/3643/100 3643/3644/100 3641/3642/326
f 3644/3643/100 3646/3645/101 3645/3646/101 3643/3644/100
f 3646/3645/101 3648/3647/102 3647/3648/102 3645/3646/101
f 3648/3647/102 3540/3539/102 3539/3542/102 3647/3648/102
